ngram_ids,count,smoothed_count
"(9, 93)",858,858.01
"(101, 88)",665,665.01
"(11, 4)",556,556.01
"(89, 88)",333,333.01
"(11, 34)",322,322.01
"(6, 72)",255,255.01
"(270, 4)",243,243.01
"(9, 193)",240,240.01
"(102, 88)",230,230.01
"(11, 141)",217,217.01
"(11, 232)",212,212.01
"(350, 184)",196,196.01
"(9, 34)",184,184.01
"(9, 88)",174,174.01
"(232, 117)",164,164.01
"(258, 88)",163,163.01
"(9, 147)",148,148.01
"(4, 34)",147,147.01
"(6, 73)",139,139.01
"(93, 88)",137,137.01
"(96, 88)",134,134.01
"(109, 117)",134,134.01
"(492, 574)",134,134.01
"(101, 54)",130,130.01
"(102, 114)",127,127.01
"(9, 191)",123,123.01
"(34, 181)",120,120.01
"(9, 98)",118,118.01
"(147, 54)",117,117.01
"(117, 54)",116,116.01
"(127, 34)",113,113.01
"(34, 117)",111,111.01
"(421, 4)",110,110.01
"(203, 88)",109,109.01
"(127, 88)",107,107.01
"(11, 223)",105,105.01
"(89, 54)",105,105.01
"(34, 136)",104,104.01
"(11, 297)",103,103.01
"(9, 142)",98,98.01
"(109, 11)",98,98.01
"(116, 136)",93,93.01
"(9, 4)",92,92.01
"(136, 268)",90,90.01
"(93, 34)",86,86.01
"(109, 106)",85,85.01
"(34, 167)",84,84.01
"(11, 356)",84,84.01
"(142, 88)",82,82.01
"(11, 420)",82,82.01
"(101, 166)",81,81.01
"(109, 9)",81,81.01
"(11, 317)",81,81.01
"(98, 34)",81,81.01
"(147, 88)",81,81.01
"(72, 9)",80,80.01
"(191, 34)",78,78.01
"(9, 116)",77,77.01
"(117, 88)",77,77.01
"(9, 127)",77,77.01
"(34, 213)",76,76.01
"(72, 101)",75,75.01
"(11, 26)",75,75.01
"(267, 88)",74,74.01
"(94, 88)",74,74.01
"(127, 109)",74,74.01
"(9, 54)",74,74.01
"(172, 11)",72,72.01
"(462, 416)",71,71.01
"(184, 97)",71,71.01
"(127, 116)",71,71.01
"(181, 268)",70,70.01
"(89, 135)",70,70.01
"(101, 188)",67,67.01
"(9, 149)",67,67.01
"(101, 135)",65,65.01
"(34, 6)",64,64.01
"(9, 89)",64,64.01
"(4, 232)",63,63.01
"(232, 106)",63,63.01
"(171, 101)",63,63.01
"(11, 409)",62,62.01
"(654, 9)",62,62.01
"(127, 97)",61,61.01
"(89, 6)",60,60.01
"(219, 117)",60,60.01
"(116, 160)",60,60.01
"(416, 9)",59,59.01
"(101, 109)",58,58.01
"(101, 190)",58,58.01
"(237, 88)",58,58.01
"(106, 54)",57,57.01
"(93, 54)",56,56.01
"(191, 116)",55,55.01
"(161, 101)",55,55.01
"(9, 449)",55,55.01
"(608, 11)",55,55.01
"(34, 372)",54,54.01
"(88, 300)",53,53.01
"(88, 939)",53,53.01
"(11, 436)",53,53.01
"(113, 9)",53,53.01
"(584, 88)",53,53.01
"(101, 241)",52,52.01
"(271, 54)",52,52.01
"(172, 9)",51,51.01
"(98, 54)",51,51.01
"(9, 968)",51,51.01
"(4, 654)",51,51.01
"(102, 54)",50,50.01
"(72, 11)",50,50.01
"(9, 109)",50,50.01
"(88, 720)",49,49.01
"(9, 97)",49,49.01
"(4, 409)",49,49.01
"(9, 1086)",49,49.01
"(190, 11)",48,48.01
"(508, 54)",47,47.01
"(117, 163)",47,47.01
"(11, 336)",46,46.01
"(9, 289)",46,46.01
"(11, 606)",46,46.01
"(1128, 10)",45,45.01
"(102, 113)",45,45.01
"(93, 127)",45,45.01
"(97, 117)",45,45.01
"(968, 9)",44,44.01
"(190, 9)",44,44.01
"(213, 163)",44,44.01
"(113, 11)",44,44.01
"(88, 823)",44,44.01
"(9, 102)",44,44.01
"(810, 10)",43,43.01
"(9, 292)",43,43.01
"(458, 6)",43,43.01
"(9, 104)",43,43.01
"(523, 9)",42,42.01
"(184, 34)",42,42.01
"(4, 460)",42,42.01
"(6, 105)",41,41.01
"(89, 188)",41,41.01
"(437, 88)",41,41.01
"(11, 460)",41,41.01
"(310, 9)",41,41.01
"(34, 263)",41,41.01
"(9, 101)",40,40.01
"(93, 135)",40,40.01
"(4, 297)",40,40.01
"(97, 11)",40,40.01
"(11, 668)",40,40.01
"(356, 117)",40,40.01
"(101, 172)",39,39.01
"(102, 245)",39,39.01
"(462, 523)",39,39.01
"(142, 54)",39,39.01
"(34, 281)",39,39.01
"(319, 88)",39,39.01
"(88, 462)",39,39.01
"(98, 102)",38,38.01
"(553, 102)",38,38.01
"(93, 404)",38,38.01
"(9, 117)",38,38.01
"(10, 371)",38,38.01
"(88, 406)",37,37.01
"(98, 116)",37,37.01
"(88, 509)",37,37.01
"(132, 88)",37,37.01
"(197, 11)",37,37.01
"(11, 533)",37,37.01
"(9, 135)",36,36.01
"(286, 102)",36,36.01
"(252, 114)",36,36.01
"(102, 166)",36,36.01
"(116, 213)",36,36.01
"(88, 303)",36,36.01
"(11, 877)",35,35.01
"(349, 101)",35,35.01
"(191, 136)",35,35.01
"(102, 172)",35,35.01
"(78, 9)",35,35.01
"(442, 114)",34,34.01
"(4, 141)",34,34.01
"(34, 11)",34,34.01
"(134, 9)",34,34.01
"(106, 88)",34,34.01
"(127, 153)",33,33.01
"(114, 54)",33,33.01
"(88, 867)",33,33.01
"(9, 134)",33,33.01
"(147, 135)",33,33.01
"(97, 136)",33,33.01
"(54, 847)",33,33.01
"(193, 34)",33,33.01
"(252, 181)",33,33.01
"(349, 11)",33,33.01
"(24, 193)",33,33.01
"(11, 686)",32,32.01
"(93, 109)",32,32.01
"(9, 404)",32,32.01
"(11, 706)",32,32.01
"(116, 181)",32,32.01
"(191, 117)",32,32.01
"(270, 223)",32,32.01
"(9, 188)",31,31.01
"(4, 476)",31,31.01
"(11, 44)",31,31.01
"(102, 181)",31,31.01
"(88, 709)",31,31.01
"(102, 596)",31,31.01
"(808, 101)",31,31.01
"(149, 127)",31,31.01
"(102, 134)",31,31.01
"(54, 310)",31,31.01
"(11, 637)",31,31.01
"(258, 135)",30,30.01
"(103, 9)",30,30.01
"(155, 88)",30,30.01
"(9, 219)",30,30.01
"(88, 808)",30,30.01
"(93, 9)",30,30.01
"(127, 219)",30,30.01
"(197, 9)",30,30.01
"(213, 181)",30,30.01
"(11, 378)",30,30.01
"(34, 220)",30,30.01
"(54, 240)",30,30.01
"(116, 201)",30,30.01
"(101, 127)",30,30.01
"(153, 160)",29,29.01
"(88, 1128)",29,29.01
"(292, 34)",29,29.01
"(88, 883)",29,29.01
"(4, 26)",29,29.01
"(343, 102)",29,29.01
"(155, 102)",29,29.01
"(98, 88)",29,29.01
"(4, 317)",29,29.01
"(9, 521)",29,29.01
"(93, 116)",29,29.01
"(102, 188)",29,29.01
"(97, 9)",29,29.01
"(54, 300)",29,29.01
"(9, 214)",29,29.01
"(89, 241)",29,29.01
"(421, 34)",29,29.01
"(109, 252)",28,28.01
"(127, 134)",28,28.01
"(184, 492)",28,28.01
"(136, 54)",28,28.01
"(34, 528)",28,28.01
"(574, 1184)",28,28.01
"(11, 433)",28,28.01
"(6, 123)",28,28.01
"(93, 582)",28,28.01
"(574, 9)",28,28.01
"(102, 135)",28,28.01
"(923, 101)",28,28.01
"(93, 101)",28,28.01
"(72, 93)",28,28.01
"(254, 88)",28,28.01
"(9, 787)",28,28.01
"(96, 1014)",28,28.01
"(88, 959)",28,28.01
"(98, 97)",28,28.01
"(129, 9)",27,27.01
"(101, 204)",27,27.01
"(101, 90)",27,27.01
"(88, 452)",27,27.01
"(96, 382)",27,27.01
"(11, 28)",27,27.01
"(11, 792)",27,27.01
"(404, 9)",27,27.01
"(93, 219)",27,27.01
"(102, 446)",27,27.01
"(134, 281)",26,26.01
"(98, 214)",26,26.01
"(11, 1389)",26,26.01
"(213, 245)",26,26.01
"(188, 198)",26,26.01
"(117, 9)",26,26.01
"(290, 93)",26,26.01
"(787, 1713)",26,26.01
"(116, 372)",26,26.01
"(93, 136)",26,26.01
"(67, 6)",26,26.01
"(181, 54)",26,26.01
"(1816, 1806)",26,26.01
"(101, 519)",26,26.01
"(420, 88)",26,26.01
"(372, 181)",26,26.01
"(232, 6)",26,26.01
"(102, 10)",26,26.01
"(371, 9)",25,25.01
"(88, 889)",25,25.01
"(88, 545)",25,25.01
"(258, 188)",25,25.01
"(11, 31)",25,25.01
"(134, 201)",25,25.01
"(281, 114)",25,25.01
"(289, 136)",25,25.01
"(54, 377)",25,25.01
"(11, 1204)",25,25.01
"(88, 240)",25,25.01
"(89, 923)",25,25.01
"(11, 41)",25,25.01
"(290, 54)",25,25.01
"(213, 114)",25,25.01
"(97, 106)",24,24.01
"(11, 416)",24,24.01
"(11, 476)",24,24.01
"(101, 132)",24,24.01
"(134, 102)",24,24.01
"(350, 97)",24,24.01
"(99, 11)",24,24.01
"(523, 11)",24,24.01
"(290, 88)",24,24.01
"(191, 106)",24,24.01
"(96, 54)",24,24.01
"(11, 523)",24,24.01
"(114, 88)",24,24.01
"(313, 172)",24,24.01
"(416, 11)",24,24.01
"(93, 97)",24,24.01
"(54, 293)",24,24.01
"(442, 181)",24,24.01
"(99, 102)",24,24.01
"(11, 983)",24,24.01
"(109, 270)",23,23.01
"(153, 201)",23,23.01
"(230, 101)",23,23.01
"(34, 442)",23,23.01
"(446, 9)",23,23.01
"(99, 9)",23,23.01
"(88, 382)",23,23.01
"(88, 55)",23,23.01
"(211, 101)",23,23.01
"(11, 492)",23,23.01
"(88, 1006)",23,23.01
"(108, 101)",23,23.01
"(416, 6)",23,23.01
"(11, 30)",23,23.01
"(426, 88)",23,23.01
"(258, 166)",22,22.01
"(11, 918)",22,22.01
"(9, 128)",22,22.01
"(132, 9)",22,22.01
"(34, 495)",22,22.01
"(11, 1109)",22,22.01
"(117, 128)",22,22.01
"(310, 11)",22,22.01
"(135, 369)",22,22.01
"(11, 848)",22,22.01
"(6, 66)",22,22.01
"(128, 994)",22,22.01
"(637, 9)",22,22.01
"(34, 552)",22,22.01
"(220, 134)",22,22.01
"(193, 88)",22,22.01
"(446, 127)",22,22.01
"(11, 1312)",22,22.01
"(102, 344)",22,22.01
"(792, 88)",22,22.01
"(54, 9)",22,22.01
"(34, 497)",22,22.01
"(995, 1926)",22,22.01
"(184, 416)",22,22.01
"(153, 136)",22,22.01
"(88, 1081)",22,22.01
"(219, 160)",21,21.01
"(348, 54)",21,21.01
"(1203, 6)",21,21.01
"(297, 136)",21,21.01
"(102, 558)",21,21.01
"(98, 109)",21,21.01
"(172, 102)",21,21.01
"(11, 1065)",21,21.01
"(34, 451)",21,21.01
"(581, 11)",21,21.01
"(350, 34)",21,21.01
"(214, 34)",21,21.01
"(753, 88)",21,21.01
"(88, 310)",21,21.01
"(11, 1313)",21,21.01
"(88, 315)",21,21.01
"(116, 528)",21,21.01
"(89, 204)",21,21.01
"(451, 114)",21,21.01
"(102, 220)",21,21.01
"(601, 101)",21,21.01
"(254, 9)",21,21.01
"(34, 458)",21,21.01
"(93, 102)",21,21.01
"(237, 54)",21,21.01
"(9, 166)",21,21.01
"(23, 6)",21,21.01
"(214, 116)",21,21.01
"(95, 9)",21,21.01
"(1525, 101)",20,20.01
"(267, 54)",20,20.01
"(88, 762)",20,20.01
"(225, 9)",20,20.01
"(258, 54)",20,20.01
"(108, 9)",20,20.01
"(184, 9)",20,20.01
"(166, 743)",20,20.01
"(656, 11)",20,20.01
"(106, 163)",20,20.01
"(191, 97)",20,20.01
"(181, 597)",20,20.01
"(72, 88)",20,20.01
"(555, 97)",20,20.01
"(214, 134)",20,20.01
"(116, 263)",20,20.01
"(9, 218)",20,20.01
"(292, 116)",20,20.01
"(10, 1916)",20,20.01
"(9, 1562)",20,20.01
"(330, 9)",20,20.01
"(102, 704)",20,20.01
"(34, 252)",20,20.01
"(263, 6)",20,20.01
"(219, 106)",20,20.01
"(54, 714)",20,20.01
"(93, 117)",20,20.01
"(97, 656)",20,20.01
"(184, 523)",20,20.01
"(88, 604)",20,20.01
"(1084, 101)",20,20.01
"(272, 348)",20,20.01
"(78, 11)",19,19.01
"(349, 9)",19,19.01
"(4, 127)",19,19.01
"(108, 11)",19,19.01
"(1086, 9)",19,19.01
"(142, 218)",19,19.01
"(547, 114)",19,19.01
"(333, 102)",19,19.01
"(184, 88)",19,19.01
"(220, 163)",19,19.01
"(10, 271)",19,19.01
"(11, 860)",19,19.01
"(89, 166)",19,19.01
"(93, 149)",19,19.01
"(214, 109)",19,19.01
"(574, 11)",19,19.01
"(581, 9)",19,19.01
"(755, 303)",19,19.01
"(191, 252)",19,19.01
"(1562, 9)",19,19.01
"(9, 271)",19,19.01
"(787, 557)",19,19.01
"(127, 54)",19,19.01
"(78, 101)",19,19.01
"(136, 102)",19,19.01
"(9, 608)",19,19.01
"(103, 102)",19,19.01
"(134, 181)",19,19.01
"(555, 184)",19,19.01
"(369, 11)",19,19.01
"(101, 191)",19,19.01
"(191, 160)",19,19.01
"(555, 4)",19,19.01
"(111, 101)",19,19.01
"(136, 333)",19,19.01
"(135, 399)",19,19.01
"(102, 744)",19,19.01
"(101, 218)",19,19.01
"(117, 89)",19,19.01
"(136, 163)",18,18.01
"(88, 651)",18,18.01
"(1047, 101)",18,18.01
"(117, 102)",18,18.01
"(436, 9)",18,18.01
"(136, 88)",18,18.01
"(97, 252)",18,18.01
"(99, 88)",18,18.01
"(89, 191)",18,18.01
"(93, 89)",18,18.01
"(555, 34)",18,18.01
"(88, 171)",18,18.01
"(88, 195)",18,18.01
"(476, 9)",18,18.01
"(88, 489)",18,18.01
"(98, 153)",18,18.01
"(93, 98)",18,18.01
"(88, 286)",18,18.01
"(9, 288)",18,18.01
"(54, 2010)",18,18.01
"(34, 9)",18,18.01
"(9, 870)",18,18.01
"(34, 656)",18,18.01
"(193, 109)",18,18.01
"(4, 29)",18,18.01
"(372, 114)",18,18.01
"(117, 96)",17,17.01
"(155, 9)",17,17.01
"(191, 88)",17,17.01
"(72, 191)",17,17.01
"(9, 94)",17,17.01
"(201, 88)",17,17.01
"(939, 9)",17,17.01
"(409, 6)",17,17.01
"(223, 136)",17,17.01
"(4, 44)",17,17.01
"(203, 135)",17,17.01
"(54, 72)",17,17.01
"(117, 90)",17,17.01
"(109, 147)",17,17.01
"(54, 882)",17,17.01
"(113, 102)",17,17.01
"(9, 462)",17,17.01
"(11, 462)",17,17.01
"(101, 462)",17,17.01
"(4, 356)",17,17.01
"(88, 493)",17,17.01
"(160, 89)",17,17.01
"(134, 263)",17,17.01
"(88, 1766)",17,17.01
"(109, 136)",17,17.01
"(397, 98)",17,17.01
"(34, 445)",17,17.01
"(135, 198)",17,17.01
"(103, 88)",17,17.01
"(101, 197)",17,17.01
"(254, 102)",17,17.01
"(155, 54)",17,17.01
"(307, 9)",17,17.01
"(2137, 101)",17,17.01
"(96, 172)",17,17.01
"(147, 113)",17,17.01
"(94, 102)",16,16.01
"(11, 654)",16,16.01
"(9, 96)",16,16.01
"(99, 237)",16,16.01
"(103, 11)",16,16.01
"(11, 1361)",16,16.01
"(88, 743)",16,16.01
"(54, 904)",16,16.01
"(89, 90)",16,16.01
"(656, 9)",16,16.01
"(109, 102)",16,16.01
"(88, 57)",16,16.01
"(104, 88)",16,16.01
"(9, 163)",16,16.01
"(72, 89)",16,16.01
"(293, 9)",16,16.01
"(93, 132)",16,16.01
"(9, 132)",16,16.01
"(574, 6)",16,16.01
"(11, 33)",16,16.01
"(4, 436)",16,16.01
"(364, 9)",16,16.01
"(671, 9)",16,16.01
"(502, 9)",16,16.01
"(88, 89)",16,16.01
"(227, 9)",16,16.01
"(72, 102)",16,16.01
"(34, 407)",16,16.01
"(142, 109)",16,16.01
"(9, 153)",16,16.01
"(127, 241)",16,16.01
"(11, 1516)",16,16.01
"(25, 34)",16,16.01
"(88, 1510)",16,16.01
"(166, 1257)",16,16.01
"(468, 268)",16,16.01
"(166, 225)",16,16.01
"(116, 497)",16,16.01
"(102, 91)",16,16.01
"(89, 127)",16,16.01
"(109, 89)",16,16.01
"(380, 88)",16,16.01
"(691, 9)",15,15.01
"(89, 302)",15,15.01
"(533, 6)",15,15.01
"(11, 27)",15,15.01
"(11, 960)",15,15.01
"(1641, 4)",15,15.01
"(88, 330)",15,15.01
"(304, 9)",15,15.01
"(9, 136)",15,15.01
"(54, 376)",15,15.01
"(201, 9)",15,15.01
"(163, 114)",15,15.01
"(58, 9)",15,15.01
"(346, 9)",15,15.01
"(10, 475)",15,15.01
"(4, 223)",15,15.01
"(421, 97)",15,15.01
"(129, 11)",15,15.01
"(58, 11)",15,15.01
"(310, 289)",15,15.01
"(369, 9)",15,15.01
"(88, 2358)",15,15.01
"(270, 34)",15,15.01
"(160, 102)",15,15.01
"(94, 9)",15,15.01
"(117, 127)",15,15.01
"(258, 241)",15,15.01
"(438, 101)",15,15.01
"(54, 280)",15,15.01
"(89, 226)",15,15.01
"(11, 37)",15,15.01
"(11, 2291)",15,15.01
"(106, 102)",15,15.01
"(88, 259)",15,15.01
"(89, 11)",15,15.01
"(99, 89)",15,15.01
"(218, 101)",15,15.01
"(11, 803)",15,15.01
"(416, 136)",15,15.01
"(127, 166)",15,15.01
"(73, 134)",15,15.01
"(263, 353)",15,15.01
"(109, 6)",15,15.01
"(297, 181)",15,15.01
"(743, 9)",15,15.01
"(554, 96)",15,15.01
"(88, 2465)",15,15.01
"(877, 54)",15,15.01
"(313, 34)",15,15.01
"(142, 188)",14,14.01
"(88, 714)",14,14.01
"(54, 69)",14,14.01
"(223, 117)",14,14.01
"(88, 577)",14,14.01
"(34, 446)",14,14.01
"(54, 722)",14,14.01
"(136, 128)",14,14.01
"(470, 9)",14,14.01
"(759, 11)",14,14.01
"(88, 60)",14,14.01
"(102, 191)",14,14.01
"(88, 671)",14,14.01
"(889, 101)",14,14.01
"(93, 153)",14,14.01
"(54, 11)",14,14.01
"(9, 203)",14,14.01
"(34, 554)",14,14.01
"(4, 1065)",14,14.01
"(203, 204)",14,14.01
"(96, 241)",14,14.01
"(4, 1767)",14,14.01
"(97, 184)",14,14.01
"(88, 72)",14,14.01
"(153, 252)",14,14.01
"(88, 131)",14,14.01
"(11, 1345)",14,14.01
"(101, 310)",14,14.01
"(88, 112)",14,14.01
"(290, 34)",14,14.01
"(54, 406)",14,14.01
"(598, 88)",14,14.01
"(95, 11)",14,14.01
"(160, 88)",14,14.01
"(937, 88)",14,14.01
"(163, 54)",14,14.01
"(784, 9)",14,14.01
"(88, 876)",14,14.01
"(495, 101)",14,14.01
"(24, 4)",14,14.01
"(96, 113)",14,14.01
"(88, 922)",14,14.01
"(101, 113)",14,14.01
"(351, 11)",14,14.01
"(573, 9)",14,14.01
"(203, 191)",14,14.01
"(134, 270)",14,14.01
"(34, 759)",14,14.01
"(398, 11)",14,14.01
"(581, 101)",14,14.01
"(58, 101)",14,14.01
"(376, 10)",14,14.01
"(214, 97)",14,14.01
"(90, 1131)",14,14.01
"(54, 59)",14,14.01
"(11, 2543)",14,14.01
"(9, 237)",14,14.01
"(9, 213)",14,14.01
"(237, 135)",14,14.01
"(97, 468)",14,14.01
"(410, 11)",14,14.01
"(72, 54)",14,14.01
"(270, 232)",14,14.01
"(147, 188)",14,14.01
"(101, 383)",14,14.01
"(10, 1989)",14,14.01
"(213, 353)",14,14.01
"(290, 288)",14,14.01
"(11, 1165)",14,14.01
"(73, 101)",14,14.01
"(288, 134)",14,14.01
"(492, 1184)",14,14.01
"(288, 34)",14,14.01
"(502, 11)",13,13.01
"(225, 155)",13,13.01
"(127, 6)",13,13.01
"(88, 2782)",13,13.01
"(389, 88)",13,13.01
"(134, 11)",13,13.01
"(88, 2289)",13,13.01
"(11, 1390)",13,13.01
"(460, 106)",13,13.01
"(4, 45)",13,13.01
"(181, 128)",13,13.01
"(2297, 9)",13,13.01
"(1806, 2478)",13,13.01
"(271, 88)",13,13.01
"(116, 296)",13,13.01
"(101, 784)",13,13.01
"(93, 147)",13,13.01
"(868, 101)",13,13.01
"(149, 397)",13,13.01
"(399, 11)",13,13.01
"(64, 9)",13,13.01
"(1020, 102)",13,13.01
"(101, 691)",13,13.01
"(98, 134)",13,13.01
"(994, 9)",13,13.01
"(96, 166)",13,13.01
"(290, 127)",13,13.01
"(88, 944)",13,13.01
"(88, 556)",13,13.01
"(667, 88)",13,13.01
"(1528, 88)",13,13.01
"(181, 136)",13,13.01
"(784, 11)",13,13.01
"(225, 11)",13,13.01
"(9, 160)",13,13.01
"(147, 166)",13,13.01
"(93, 171)",13,13.01
"(939, 11)",13,13.01
"(315, 102)",13,13.01
"(147, 218)",13,13.01
"(90, 1698)",13,13.01
"(88, 620)",13,13.01
"(88, 28)",13,13.01
"(103, 101)",13,13.01
"(495, 127)",13,13.01
"(1678, 4)",13,13.01
"(4, 433)",13,13.01
"(9, 72)",13,13.01
"(630, 116)",13,13.01
"(671, 10)",13,13.01
"(443, 10)",13,13.01
"(356, 160)",13,13.01
"(523, 117)",13,13.01
"(270, 7)",13,13.01
"(380, 116)",13,13.01
"(88, 665)",13,13.01
"(336, 160)",13,13.01
"(99, 147)",13,13.01
"(416, 117)",13,13.01
"(113, 127)",13,13.01
"(4, 533)",13,13.01
"(98, 171)",13,13.01
"(422, 54)",13,13.01
"(984, 101)",13,13.01
"(310, 89)",13,13.01
"(258, 191)",13,13.01
"(245, 88)",13,13.01
"(153, 181)",13,13.01
"(245, 127)",13,13.01
"(129, 102)",13,13.01
"(102, 495)",13,13.01
"(103, 93)",12,12.01
"(288, 109)",12,12.01
"(2935, 1173)",12,12.01
"(640, 272)",12,12.01
"(163, 88)",12,12.01
"(2857, 67)",12,12.01
"(399, 9)",12,12.01
"(88, 225)",12,12.01
"(11, 45)",12,12.01
"(547, 181)",12,12.01
"(135, 622)",12,12.01
"(113, 98)",12,12.01
"(297, 160)",12,12.01
"(54, 876)",12,12.01
"(89, 9)",12,12.01
"(203, 54)",12,12.01
"(1275, 102)",12,12.01
"(73, 9)",12,12.01
"(280, 158)",12,12.01
"(160, 101)",12,12.01
"(1119, 9)",12,12.01
"(111, 9)",12,12.01
"(88, 480)",12,12.01
"(101, 1804)",12,12.01
"(2089, 234)",12,12.01
"(552, 114)",12,12.01
"(88, 923)",12,12.01
"(9, 630)",12,12.01
"(172, 89)",12,12.01
"(397, 186)",12,12.01
"(166, 509)",12,12.01
"(89, 383)",12,12.01
"(297, 201)",12,12.01
"(88, 1842)",12,12.01
"(142, 90)",12,12.01
"(1210, 940)",12,12.01
"(73, 11)",12,12.01
"(11, 1482)",12,12.01
"(290, 104)",12,12.01
"(113, 147)",12,12.01
"(163, 181)",12,12.01
"(353, 54)",12,12.01
"(11, 38)",12,12.01
"(577, 9)",12,12.01
"(127, 421)",12,12.01
"(88, 69)",12,12.01
"(310, 101)",12,12.01
"(88, 951)",12,12.01
"(127, 106)",12,12.01
"(54, 1716)",12,12.01
"(166, 198)",12,12.01
"(2988, 102)",12,12.01
"(116, 548)",12,12.01
"(475, 9)",12,12.01
"(11, 1433)",12,12.01
"(390, 88)",12,12.01
"(1397, 88)",12,12.01
"(93, 188)",12,12.01
"(197, 102)",12,12.01
"(93, 72)",12,12.01
"(103, 89)",12,12.01
"(470, 101)",12,12.01
"(171, 9)",12,12.01
"(497, 1016)",12,12.01
"(88, 71)",12,12.01
"(2840, 966)",12,12.01
"(96, 188)",12,12.01
"(10, 2474)",12,12.01
"(88, 2364)",12,12.01
"(167, 54)",12,12.01
"(181, 88)",12,12.01
"(392, 177)",12,12.01
"(184, 11)",12,12.01
"(113, 93)",12,12.01
"(190, 102)",12,12.01
"(9, 380)",12,12.01
"(1576, 9)",12,12.01
"(11, 1053)",12,12.01
"(2975, 177)",12,12.01
"(449, 88)",12,12.01
"(598, 166)",12,12.01
"(307, 11)",12,12.01
"(181, 163)",12,12.01
"(407, 127)",12,12.01
"(410, 9)",12,12.01
"(704, 109)",12,12.01
"(11, 599)",12,12.01
"(545, 9)",12,12.01
"(116, 552)",12,12.01
"(34, 1162)",12,12.01
"(2824, 507)",12,12.01
"(88, 1230)",12,12.01
"(2642, 1111)",12,12.01
"(103, 54)",12,12.01
"(606, 102)",12,12.01
"(214, 153)",12,12.01
"(724, 434)",12,12.01
"(193, 153)",12,12.01
"(944, 11)",12,12.01
"(102, 183)",12,12.01
"(743, 11)",12,12.01
"(191, 213)",12,12.01
"(54, 210)",12,12.01
"(268, 54)",12,12.01
"(674, 68)",12,12.01
"(109, 442)",11,11.01
"(188, 369)",11,11.01
"(272, 11)",11,11.01
"(10, 1737)",11,11.01
"(1389, 9)",11,11.01
"(409, 201)",11,11.01
"(181, 483)",11,11.01
"(88, 1941)",11,11.01
"(366, 95)",11,11.01
"(2583, 104)",11,11.01
"(48, 1575)",11,11.01
"(113, 89)",11,11.01
"(673, 494)",11,11.01
"(54, 55)",11,11.01
"(54, 63)",11,11.01
"(55, 1785)",11,11.01
"(106, 66)",11,11.01
"(4, 1165)",11,11.01
"(61, 9)",11,11.01
"(195, 1632)",11,11.01
"(1974, 89)",11,11.01
"(191, 153)",11,11.01
"(462, 9)",11,11.01
"(101, 171)",11,11.01
"(102, 333)",11,11.01
"(104, 54)",11,11.01
"(2965, 72)",11,11.01
"(88, 1136)",11,11.01
"(2206, 130)",11,11.01
"(88, 2036)",11,11.01
"(9, 1352)",11,11.01
"(452, 11)",11,11.01
"(127, 9)",11,11.01
"(179, 9)",11,11.01
"(88, 1597)",11,11.01
"(598, 172)",11,11.01
"(572, 979)",11,11.01
"(2710, 56)",11,11.01
"(132, 166)",11,11.01
"(181, 844)",11,11.01
"(127, 11)",11,11.01
"(2007, 639)",11,11.01
"(609, 1377)",11,11.01
"(728, 134)",11,11.01
"(462, 11)",11,11.01
"(539, 113)",11,11.01
"(292, 88)",11,11.01
"(68, 64)",11,11.01
"(1335, 113)",11,11.01
"(662, 1462)",11,11.01
"(101, 492)",11,11.01
"(188, 399)",11,11.01
"(252, 163)",11,11.01
"(205, 138)",11,11.01
"(1651, 66)",11,11.01
"(296, 102)",11,11.01
"(88, 293)",11,11.01
"(30, 11)",11,11.01
"(193, 54)",11,11.01
"(440, 11)",11,11.01
"(453, 203)",11,11.01
"(101, 725)",11,11.01
"(107, 54)",11,11.01
"(314, 2710)",11,11.01
"(709, 11)",11,11.01
"(9, 106)",11,11.01
"(134, 407)",11,11.01
"(385, 134)",11,11.01
"(88, 1346)",11,11.01
"(73, 108)",11,11.01
"(497, 127)",11,11.01
"(109, 421)",11,11.01
"(1108, 11)",11,11.01
"(310, 117)",11,11.01
"(88, 737)",11,11.01
"(556, 9)",11,11.01
"(292, 134)",11,11.01
"(263, 245)",11,11.01
"(270, 141)",11,11.01
"(188, 852)",11,11.01
"(34, 1178)",11,11.01
"(88, 1057)",11,11.01
"(31, 89)",11,11.01
"(126, 309)",11,11.01
"(88, 231)",11,11.01
"(89, 364)",11,11.01
"(155, 147)",11,11.01
"(286, 101)",11,11.01
"(3, 34)",11,11.01
"(134, 6)",11,11.01
"(2575, 273)",11,11.01
"(267, 188)",11,11.01
"(54, 2137)",11,11.01
"(365, 140)",11,11.01
"(356, 201)",11,11.01
"(149, 9)",11,11.01
"(2506, 782)",11,11.01
"(88, 622)",11,11.01
"(132, 101)",11,11.01
"(238, 2316)",11,11.01
"(34, 385)",11,11.01
"(1136, 9)",11,11.01
"(132, 127)",11,11.01
"(561, 11)",11,11.01
"(195, 1895)",11,11.01
"(888, 379)",11,11.01
"(106, 128)",11,11.01
"(2956, 111)",11,11.01
"(286, 11)",11,11.01
"(555, 656)",11,11.01
"(339, 88)",11,11.01
"(88, 1214)",11,11.01
"(191, 181)",11,11.01
"(686, 106)",11,11.01
"(93, 134)",11,11.01
"(1644, 2506)",11,11.01
"(88, 363)",11,11.01
"(147, 190)",11,11.01
"(154, 9)",11,11.01
"(292, 97)",11,11.01
"(9, 181)",11,11.01
"(106, 9)",11,11.01
"(101, 226)",11,11.01
"(983, 34)",11,11.01
"(940, 507)",11,11.01
"(271, 90)",11,11.01
"(9, 390)",11,11.01
"(100, 527)",11,11.01
"(89, 280)",11,11.01
"(88, 397)",11,11.01
"(710, 1400)",11,11.01
"(258, 383)",11,11.01
"(574, 136)",11,11.01
"(114, 89)",11,11.01
"(54, 491)",11,11.01
"(88, 230)",11,11.01
"(420, 54)",11,11.01
"(398, 9)",11,11.01
"(9, 258)",11,11.01
"(102, 302)",11,11.01
"(709, 9)",11,11.01
"(526, 113)",11,11.01
"(9, 416)",11,11.01
"(758, 800)",11,11.01
"(113, 79)",11,11.01
"(409, 281)",11,11.01
"(102, 241)",11,11.01
"(96, 127)",11,11.01
"(88, 413)",11,11.01
"(88, 2787)",11,11.01
"(994, 127)",11,11.01
"(142, 134)",11,11.01
"(368, 10)",11,11.01
"(353, 88)",10,10.01
"(34, 422)",10,10.01
"(117, 353)",10,10.01
"(193, 97)",10,10.01
"(606, 34)",10,10.01
"(135, 1835)",10,10.01
"(2787, 420)",10,10.01
"(117, 166)",10,10.01
"(9, 38)",10,10.01
"(60, 90)",10,10.01
"(363, 2522)",10,10.01
"(66, 54)",10,10.01
"(88, 2889)",10,10.01
"(863, 1564)",10,10.01
"(127, 226)",10,10.01
"(963, 1356)",10,10.01
"(96, 135)",10,10.01
"(266, 179)",10,10.01
"(88, 280)",10,10.01
"(54, 56)",10,10.01
"(1165, 2212)",10,10.01
"(88, 464)",10,10.01
"(1073, 150)",10,10.01
"(213, 1082)",10,10.01
"(175, 1264)",10,10.01
"(101, 238)",10,10.01
"(88, 912)",10,10.01
"(88, 263)",10,10.01
"(88, 63)",10,10.01
"(303, 11)",10,10.01
"(542, 1427)",10,10.01
"(1834, 1018)",10,10.01
"(245, 109)",10,10.01
"(1838, 1962)",10,10.01
"(56, 200)",10,10.01
"(433, 582)",10,10.01
"(453, 9)",10,10.01
"(622, 101)",10,10.01
"(55, 93)",10,10.01
"(281, 9)",10,10.01
"(288, 106)",10,10.01
"(11, 1929)",10,10.01
"(66, 101)",10,10.01
"(88, 179)",10,10.01
"(88, 590)",10,10.01
"(2084, 239)",10,10.01
"(9, 252)",10,10.01
"(101, 416)",10,10.01
"(335, 9)",10,10.01
"(398, 101)",10,10.01
"(261, 92)",10,10.01
"(410, 101)",10,10.01
"(138, 405)",10,10.01
"(4, 1203)",10,10.01
"(706, 382)",10,10.01
"(69, 101)",10,10.01
"(345, 371)",10,10.01
"(2053, 2510)",10,10.01
"(24, 93)",10,10.01
"(831, 88)",10,10.01
"(191, 442)",10,10.01
"(117, 149)",10,10.01
"(622, 9)",10,10.01
"(104, 9)",10,10.01
"(220, 11)",10,10.01
"(1713, 9)",10,10.01
"(959, 9)",10,10.01
"(88, 1222)",10,10.01
"(172, 98)",10,10.01
"(171, 104)",10,10.01
"(88, 1180)",10,10.01
"(102, 407)",10,10.01
"(155, 93)",10,10.01
"(9, 396)",10,10.01
"(2829, 402)",10,10.01
"(93, 396)",10,10.01
"(195, 1948)",10,10.01
"(104, 489)",10,10.01
"(844, 11)",10,10.01
"(420, 2840)",10,10.01
"(1306, 72)",10,10.01
"(109, 213)",10,10.01
"(304, 11)",10,10.01
"(531, 101)",10,10.01
"(755, 101)",10,10.01
"(34, 71)",10,10.01
"(134, 495)",10,10.01
"(422, 166)",10,10.01
"(286, 93)",10,10.01
"(191, 602)",10,10.01
"(107, 71)",10,10.01
"(94, 135)",10,10.01
"(307, 101)",10,10.01
"(136, 844)",10,10.01
"(177, 11)",10,10.01
"(154, 11)",10,10.01
"(283, 863)",10,10.01
"(1510, 9)",10,10.01
"(97, 213)",10,10.01
"(445, 127)",10,10.01
"(134, 127)",10,10.01
"(219, 201)",10,10.01
"(234, 78)",10,10.01
"(313, 11)",10,10.01
"(149, 34)",10,10.01
"(332, 11)",10,10.01
"(93, 142)",10,10.01
"(2174, 398)",10,10.01
"(142, 171)",10,10.01
"(2036, 71)",10,10.01
"(409, 181)",10,10.01
"(106, 109)",10,10.01
"(241, 894)",10,10.01
"(127, 89)",10,10.01
"(1533, 75)",10,10.01
"(293, 98)",10,10.01
"(96, 2660)",10,10.01
"(136, 422)",10,10.01
"(130, 11)",10,10.01
"(88, 1931)",10,10.01
"(2679, 130)",10,10.01
"(345, 310)",10,10.01
"(88, 934)",10,10.01
"(1086, 350)",10,10.01
"(201, 132)",10,10.01
"(127, 128)",10,10.01
"(1221, 103)",10,10.01
"(605, 9)",10,10.01
"(72, 127)",10,10.01
"(87, 104)",10,10.01
"(254, 89)",10,10.01
"(99, 113)",10,10.01
"(1767, 1990)",10,10.01
"(531, 9)",10,10.01
"(211, 11)",10,10.01
"(141, 462)",10,10.01
"(147, 300)",10,10.01
"(93, 523)",10,10.01
"(89, 118)",10,10.01
"(436, 34)",10,10.01
"(237, 191)",10,10.01
"(34, 548)",10,10.01
"(87, 9)",10,10.01
"(234, 101)",10,10.01
"(117, 272)",10,10.01
"(135, 873)",10,10.01
"(9, 394)",10,10.01
"(985, 211)",10,10.01
"(103, 96)",10,10.01
"(134, 163)",10,10.01
"(388, 888)",10,10.01
"(1152, 310)",10,10.01
"(142, 166)",10,10.01
"(2943, 234)",10,10.01
"(101, 508)",10,10.01
"(445, 101)",10,10.01
"(225, 102)",10,10.01
"(147, 109)",10,10.01
"(247, 307)",10,10.01
"(66, 9)",10,10.01
"(149, 293)",10,10.01
"(161, 88)",10,10.01
"(1710, 109)",10,10.01
"(172, 290)",10,10.01
"(4, 668)",10,10.01
"(883, 11)",10,10.01
"(845, 6)",10,10.01
"(363, 340)",10,10.01
"(9, 114)",10,10.01
"(826, 54)",10,10.01
"(98, 857)",10,10.01
"(315, 9)",10,10.01
"(317, 88)",10,10.01
"(313, 116)",10,10.01
"(193, 219)",10,10.01
"(8, 4)",10,10.01
"(88, 1280)",10,10.01
"(163, 9)",10,10.01
"(319, 11)",10,10.01
"(135, 605)",10,10.01
"(34, 547)",10,10.01
"(310, 6)",10,10.01
"(93, 160)",10,10.01
"(41, 107)",10,10.01
"(1589, 359)",10,10.01
"(88, 854)",10,10.01
"(356, 106)",10,10.01
"(416, 93)",10,10.01
"(34, 1000)",10,10.01
"(2862, 60)",10,10.01
"(37, 62)",10,10.01
"(348, 88)",10,10.01
"(4, 1109)",10,10.01
"(9, 290)",10,10.01
"(306, 11)",10,10.01
"(113, 54)",10,10.01
"(117, 240)",10,10.01
"(280, 365)",10,10.01
"(289, 106)",10,10.01
"(916, 9)",10,10.01
"(4, 1516)",10,10.01
"(263, 114)",10,10.01
"(88, 1052)",10,10.01
"(381, 102)",10,10.01
"(1590, 102)",10,10.01
"(117, 94)",10,10.01
"(11, 2461)",10,10.01
"(516, 6)",10,10.01
"(2566, 100)",10,10.01
"(88, 210)",10,10.01
"(591, 9)",10,10.01
"(539, 172)",10,10.01
"(88, 438)",10,10.01
"(668, 134)",9,9.01
"(101, 2675)",9,9.01
"(60, 54)",9,9.01
"(707, 439)",9,9.01
"(89, 132)",9,9.01
"(128, 272)",9,9.01
"(88, 475)",9,9.01
"(126, 78)",9,9.01
"(147, 134)",9,9.01
"(103, 135)",9,9.01
"(460, 220)",9,9.01
"(63, 2709)",9,9.01
"(154, 941)",9,9.01
"(289, 117)",9,9.01
"(193, 89)",9,9.01
"(54, 91)",9,9.01
"(203, 188)",9,9.01
"(934, 101)",9,9.01
"(264, 1703)",9,9.01
"(126, 1129)",9,9.01
"(596, 54)",9,9.01
"(4, 2297)",9,9.01
"(118, 573)",9,9.01
"(2701, 573)",9,9.01
"(523, 93)",9,9.01
"(2156, 2685)",9,9.01
"(188, 943)",9,9.01
"(263, 108)",9,9.01
"(142, 132)",9,9.01
"(2889, 944)",9,9.01
"(241, 939)",9,9.01
"(604, 11)",9,9.01
"(102, 197)",9,9.01
"(333, 254)",9,9.01
"(230, 11)",9,9.01
"(271, 127)",9,9.01
"(88, 44)",9,9.01
"(68, 94)",9,9.01
"(109, 132)",9,9.01
"(1036, 102)",9,9.01
"(23, 4)",9,9.01
"(129, 93)",9,9.01
"(98, 69)",9,9.01
"(1732, 591)",9,9.01
"(101, 1816)",9,9.01
"(44, 139)",9,9.01
"(4, 41)",9,9.01
"(117, 109)",9,9.01
"(88, 2808)",9,9.01
"(402, 676)",9,9.01
"(130, 9)",9,9.01
"(506, 214)",9,9.01
"(116, 554)",9,9.01
"(210, 138)",9,9.01
"(142, 97)",9,9.01
"(89, 109)",9,9.01
"(622, 11)",9,9.01
"(642, 101)",9,9.01
"(464, 9)",9,9.01
"(9, 6)",9,9.01
"(72, 288)",9,9.01
"(90, 89)",9,9.01
"(181, 352)",9,9.01
"(9, 1003)",9,9.01
"(134, 421)",9,9.01
"(258, 113)",9,9.01
"(219, 9)",9,9.01
"(1473, 133)",9,9.01
"(65, 101)",9,9.01
"(147, 132)",9,9.01
"(188, 1585)",9,9.01
"(548, 88)",9,9.01
"(138, 158)",9,9.01
"(171, 289)",9,9.01
"(88, 2921)",9,9.01
"(54, 1872)",9,9.01
"(88, 2431)",9,9.01
"(264, 966)",9,9.01
"(2081, 2590)",9,9.01
"(4, 1411)",9,9.01
"(136, 597)",9,9.01
"(90, 68)",9,9.01
"(6, 57)",9,9.01
"(142, 158)",9,9.01
"(6, 1545)",9,9.01
"(147, 90)",9,9.01
"(832, 10)",9,9.01
"(356, 6)",9,9.01
"(135, 1527)",9,9.01
"(4, 960)",9,9.01
"(95, 89)",9,9.01
"(57, 754)",9,9.01
"(149, 341)",9,9.01
"(72, 160)",9,9.01
"(188, 1761)",9,9.01
"(135, 1119)",9,9.01
"(1868, 310)",9,9.01
"(409, 263)",9,9.01
"(88, 1378)",9,9.01
"(255, 237)",9,9.01
"(34, 715)",9,9.01
"(4, 1576)",9,9.01
"(1784, 72)",9,9.01
"(4, 378)",9,9.01
"(138, 470)",9,9.01
"(60, 78)",9,9.01
"(706, 88)",9,9.01
"(554, 271)",9,9.01
"(2026, 65)",9,9.01
"(2060, 9)",9,9.01
"(134, 89)",9,9.01
"(714, 34)",9,9.01
"(1252, 1624)",9,9.01
"(98, 266)",9,9.01
"(145, 56)",9,9.01
"(2614, 921)",9,9.01
"(855, 374)",9,9.01
"(297, 263)",9,9.01
"(134, 442)",9,9.01
"(71, 450)",9,9.01
"(93, 181)",9,9.01
"(612, 101)",9,9.01
"(176, 11)",9,9.01
"(451, 181)",9,9.01
"(88, 1231)",9,9.01
"(1848, 211)",9,9.01
"(135, 502)",9,9.01
"(199, 9)",9,9.01
"(93, 55)",9,9.01
"(1184, 6)",9,9.01
"(184, 462)",9,9.01
"(304, 101)",9,9.01
"(382, 9)",9,9.01
"(109, 281)",9,9.01
"(1333, 343)",9,9.01
"(2306, 77)",9,9.01
"(1693, 72)",9,9.01
"(117, 394)",9,9.01
"(93, 204)",9,9.01
"(1257, 9)",9,9.01
"(117, 101)",9,9.01
"(2358, 101)",9,9.01
"(1489, 2163)",9,9.01
"(102, 109)",9,9.01
"(142, 34)",9,9.01
"(1167, 130)",9,9.01
"(166, 802)",9,9.01
"(340, 66)",9,9.01
"(1073, 104)",9,9.01
"(109, 101)",9,9.01
"(1313, 88)",9,9.01
"(630, 88)",9,9.01
"(528, 54)",9,9.01
"(703, 95)",9,9.01
"(697, 102)",9,9.01
"(214, 1649)",9,9.01
"(95, 348)",9,9.01
"(41, 43)",9,9.01
"(136, 892)",9,9.01
"(1271, 95)",9,9.01
"(88, 2200)",9,9.01
"(108, 93)",9,9.01
"(89, 112)",9,9.01
"(33, 132)",9,9.01
"(34, 415)",9,9.01
"(1357, 114)",9,9.01
"(54, 2490)",9,9.01
"(1167, 364)",9,9.01
"(161, 54)",9,9.01
"(9, 282)",9,9.01
"(94, 54)",9,9.01
"(181, 184)",9,9.01
"(88, 993)",9,9.01
"(155, 89)",9,9.01
"(317, 34)",9,9.01
"(237, 218)",9,9.01
"(95, 68)",9,9.01
"(188, 2213)",9,9.01
"(280, 887)",9,9.01
"(430, 54)",9,9.01
"(54, 894)",9,9.01
"(114, 11)",9,9.01
"(89, 995)",9,9.01
"(2011, 93)",9,9.01
"(88, 1193)",9,9.01
"(68, 2735)",9,9.01
"(1419, 68)",9,9.01
"(1758, 129)",9,9.01
"(60, 100)",9,9.01
"(313, 88)",9,9.01
"(528, 88)",9,9.01
"(714, 101)",9,9.01
"(11, 1379)",9,9.01
"(628, 101)",9,9.01
"(116, 442)",9,9.01
"(685, 96)",9,9.01
"(563, 434)",9,9.01
"(737, 11)",9,9.01
"(142, 392)",9,9.01
"(93, 90)",9,9.01
"(54, 133)",9,9.01
"(90, 58)",9,9.01
"(117, 98)",9,9.01
"(88, 377)",9,9.01
"(71, 573)",9,9.01
"(88, 66)",9,9.01
"(88, 59)",9,9.01
"(126, 1746)",9,9.01
"(264, 615)",9,9.01
"(556, 10)",9,9.01
"(867, 11)",9,9.01
"(73, 407)",9,9.01
"(618, 88)",9,9.01
"(134, 245)",9,9.01
"(1255, 101)",9,9.01
"(518, 95)",9,9.01
"(462, 72)",9,9.01
"(639, 101)",9,9.01
"(1035, 234)",9,9.01
"(176, 9)",9,9.01
"(1052, 9)",9,9.01
"(668, 34)",9,9.01
"(88, 113)",9,9.01
"(98, 503)",9,9.01
"(69, 470)",9,9.01
"(131, 90)",9,9.01
"(127, 101)",9,9.01
"(98, 89)",9,9.01
"(114, 128)",9,9.01
"(288, 25)",9,9.01
"(89, 560)",9,9.01
"(232, 442)",9,9.01
"(258, 204)",9,9.01
"(1097, 56)",9,9.01
"(976, 349)",9,9.01
"(1122, 73)",9,9.01
"(128, 1253)",9,9.01
"(1276, 454)",9,9.01
"(234, 71)",9,9.01
"(193, 9)",9,9.01
"(88, 2285)",9,9.01
"(710, 112)",9,9.01
"(1076, 346)",9,9.01
"(112, 304)",9,9.01
"(573, 11)",9,9.01
"(581, 93)",9,9.01
"(93, 96)",9,9.01
"(132, 319)",9,9.01
"(976, 119)",8,8.01
"(88, 2374)",8,8.01
"(119, 343)",8,8.01
"(2250, 72)",8,8.01
"(390, 54)",8,8.01
"(211, 9)",8,8.01
"(346, 11)",8,8.01
"(163, 407)",8,8.01
"(75, 581)",8,8.01
"(54, 1942)",8,8.01
"(54, 73)",8,8.01
"(1460, 102)",8,8.01
"(925, 104)",8,8.01
"(255, 102)",8,8.01
"(88, 1202)",8,8.01
"(281, 163)",8,8.01
"(191, 468)",8,8.01
"(2579, 68)",8,8.01
"(11, 2292)",8,8.01
"(921, 102)",8,8.01
"(93, 166)",8,8.01
"(117, 343)",8,8.01
"(404, 421)",8,8.01
"(1948, 72)",8,8.01
"(1889, 96)",8,8.01
"(77, 1494)",8,8.01
"(161, 203)",8,8.01
"(641, 423)",8,8.01
"(870, 88)",8,8.01
"(1621, 88)",8,8.01
"(135, 1152)",8,8.01
"(371, 11)",8,8.01
"(113, 66)",8,8.01
"(93, 272)",8,8.01
"(66, 796)",8,8.01
"(1923, 101)",8,8.01
"(2938, 54)",8,8.01
"(88, 787)",8,8.01
"(1976, 116)",8,8.01
"(172, 147)",8,8.01
"(100, 1607)",8,8.01
"(98, 594)",8,8.01
"(163, 102)",8,8.01
"(89, 1933)",8,8.01
"(147, 204)",8,8.01
"(126, 581)",8,8.01
"(1411, 9)",8,8.01
"(438, 11)",8,8.01
"(9, 55)",8,8.01
"(280, 1343)",8,8.01
"(135, 1686)",8,8.01
"(102, 143)",8,8.01
"(160, 54)",8,8.01
"(66, 11)",8,8.01
"(4, 1237)",8,8.01
"(1793, 127)",8,8.01
"(88, 65)",8,8.01
"(1914, 61)",8,8.01
"(114, 98)",8,8.01
"(99, 54)",8,8.01
"(109, 160)",8,8.01
"(116, 451)",8,8.01
"(4, 420)",8,8.01
"(34, 163)",8,8.01
"(88, 144)",8,8.01
"(101, 134)",8,8.01
"(88, 734)",8,8.01
"(134, 220)",8,8.01
"(744, 54)",8,8.01
"(333, 9)",8,8.01
"(296, 286)",8,8.01
"(577, 11)",8,8.01
"(605, 11)",8,8.01
"(93, 241)",8,8.01
"(96, 9)",8,8.01
"(54, 984)",8,8.01
"(88, 1017)",8,8.01
"(88, 810)",8,8.01
"(88, 425)",8,8.01
"(88, 982)",8,8.01
"(54, 114)",8,8.01
"(130, 68)",8,8.01
"(2761, 129)",8,8.01
"(88, 1568)",8,8.01
"(65, 164)",8,8.01
"(10, 1364)",8,8.01
"(1172, 88)",8,8.01
"(1148, 147)",8,8.01
"(425, 104)",8,8.01
"(1218, 69)",8,8.01
"(11, 2150)",8,8.01
"(1535, 130)",8,8.01
"(54, 264)",8,8.01
"(88, 73)",8,8.01
"(117, 132)",8,8.01
"(333, 11)",8,8.01
"(133, 680)",8,8.01
"(2147, 134)",8,8.01
"(102, 755)",8,8.01
"(1358, 9)",8,8.01
"(10, 310)",8,8.01
"(288, 116)",8,8.01
"(234, 253)",8,8.01
"(586, 234)",8,8.01
"(32, 586)",8,8.01
"(88, 32)",8,8.01
"(167, 586)",8,8.01
"(101, 302)",8,8.01
"(407, 288)",8,8.01
"(4, 336)",8,8.01
"(34, 395)",8,8.01
"(2646, 73)",8,8.01
"(109, 163)",8,8.01
"(290, 193)",8,8.01
"(213, 34)",8,8.01
"(434, 9)",8,8.01
"(1300, 54)",8,8.01
"(1527, 9)",8,8.01
"(34, 184)",8,8.01
"(2294, 44)",8,8.01
"(88, 662)",8,8.01
"(185, 727)",8,8.01
"(294, 96)",8,8.01
"(241, 315)",8,8.01
"(550, 101)",8,8.01
"(309, 101)",8,8.01
"(238, 1110)",8,8.01
"(41, 518)",8,8.01
"(2852, 470)",8,8.01
"(92, 69)",8,8.01
"(239, 93)",8,8.01
"(172, 270)",8,8.01
"(89, 2862)",8,8.01
"(9, 171)",8,8.01
"(99, 127)",8,8.01
"(714, 9)",8,8.01
"(141, 823)",8,8.01
"(69, 370)",8,8.01
"(334, 109)",8,8.01
"(167, 163)",8,8.01
"(127, 492)",8,8.01
"(462, 6)",8,8.01
"(645, 101)",8,8.01
"(111, 1783)",8,8.01
"(88, 1869)",8,8.01
"(374, 9)",8,8.01
"(786, 102)",8,8.01
"(172, 54)",8,8.01
"(1782, 179)",8,8.01
"(97, 6)",8,8.01
"(60, 349)",8,8.01
"(88, 894)",8,8.01
"(88, 272)",8,8.01
"(106, 101)",8,8.01
"(412, 199)",8,8.01
"(231, 1990)",8,8.01
"(229, 1004)",8,8.01
"(88, 283)",8,8.01
"(65, 144)",8,8.01
"(62, 68)",8,8.01
"(465, 2636)",8,8.01
"(106, 240)",8,8.01
"(1390, 691)",8,8.01
"(214, 78)",8,8.01
"(113, 270)",8,8.01
"(90, 150)",8,8.01
"(241, 117)",8,8.01
"(626, 9)",8,8.01
"(208, 745)",8,8.01
"(527, 777)",8,8.01
"(2437, 129)",8,8.01
"(88, 1084)",8,8.01
"(126, 119)",8,8.01
"(101, 126)",8,8.01
"(25, 232)",8,8.01
"(142, 172)",8,8.01
"(75, 274)",8,8.01
"(641, 103)",8,8.01
"(89, 367)",8,8.01
"(95, 1852)",8,8.01
"(79, 1961)",8,8.01
"(62, 719)",8,8.01
"(88, 1152)",8,8.01
"(371, 101)",8,8.01
"(34, 1104)",8,8.01
"(104, 349)",8,8.01
"(372, 163)",8,8.01
"(104, 96)",8,8.01
"(309, 9)",8,8.01
"(221, 948)",8,8.01
"(2683, 1187)",8,8.01
"(54, 342)",8,8.01
"(2476, 9)",8,8.01
"(88, 334)",8,8.01
"(109, 54)",8,8.01
"(11, 48)",8,8.01
"(508, 90)",8,8.01
"(2423, 93)",8,8.01
"(353, 114)",8,8.01
"(72, 156)",8,8.01
"(163, 582)",8,8.01
"(114, 9)",8,8.01
"(224, 101)",8,8.01
"(1953, 346)",8,8.01
"(1785, 101)",8,8.01
"(1849, 102)",8,8.01
"(89, 921)",8,8.01
"(504, 90)",8,8.01
"(65, 370)",8,8.01
"(114, 188)",8,8.01
"(754, 581)",8,8.01
"(88, 104)",8,8.01
"(2001, 450)",8,8.01
"(320, 100)",8,8.01
"(2002, 9)",8,8.01
"(582, 109)",8,8.01
"(155, 96)",8,8.01
"(218, 288)",8,8.01
"(258, 109)",8,8.01
"(2524, 410)",8,8.01
"(2470, 88)",8,8.01
"(166, 787)",8,8.01
"(73, 998)",8,8.01
"(104, 101)",8,8.01
"(147, 197)",8,8.01
"(130, 73)",8,8.01
"(220, 109)",8,8.01
"(1023, 2872)",8,8.01
"(223, 106)",8,8.01
"(341, 494)",8,8.01
"(494, 2515)",8,8.01
"(734, 2722)",8,8.01
"(150, 199)",8,8.01
"(103, 161)",8,8.01
"(288, 220)",8,8.01
"(101, 556)",8,8.01
"(1123, 61)",8,8.01
"(1011, 1123)",8,8.01
"(883, 9)",8,8.01
"(762, 11)",8,8.01
"(72, 258)",8,8.01
"(1490, 239)",8,8.01
"(34, 988)",8,8.01
"(90, 54)",8,8.01
"(74, 56)",8,8.01
"(1208, 60)",8,8.01
"(561, 9)",8,8.01
"(433, 227)",8,8.01
"(135, 300)",8,8.01
"(272, 101)",8,8.01
"(2372, 102)",8,8.01
"(343, 101)",8,8.01
"(1471, 343)",8,8.01
"(421, 223)",8,8.01
"(11, 2476)",8,8.01
"(127, 214)",8,8.01
"(238, 158)",8,8.01
"(651, 9)",8,8.01
"(57, 137)",8,8.01
"(137, 78)",8,8.01
"(2103, 78)",8,8.01
"(413, 9)",8,8.01
"(102, 204)",8,8.01
"(54, 272)",8,8.01
"(181, 102)",8,8.01
"(2259, 102)",8,8.01
"(88, 2902)",8,8.01
"(158, 11)",8,8.01
"(243, 419)",8,8.01
"(193, 116)",8,8.01
"(88, 874)",8,8.01
"(6, 11)",8,8.01
"(554, 155)",8,8.01
"(204, 198)",8,8.01
"(1266, 75)",8,8.01
"(72, 98)",8,8.01
"(617, 107)",8,8.01
"(107, 278)",8,8.01
"(78, 93)",8,8.01
"(1838, 78)",8,8.01
"(34, 4)",8,8.01
"(88, 455)",8,8.01
"(319, 54)",8,8.01
"(431, 109)",8,8.01
"(56, 189)",8,8.01
"(90, 126)",8,8.01
"(172, 864)",8,8.01
"(142, 531)",8,8.01
"(348, 34)",8,8.01
"(596, 166)",8,8.01
"(147, 128)",8,8.01
"(602, 89)",8,8.01
"(665, 95)",8,8.01
"(258, 172)",8,8.01
"(72, 107)",8,8.01
"(1839, 101)",8,8.01
"(887, 239)",8,8.01
"(54, 874)",8,8.01
"(88, 432)",8,8.01
"(807, 9)",8,8.01
"(95, 93)",8,8.01
"(147, 172)",8,8.01
"(2803, 58)",8,8.01
"(144, 131)",8,8.01
"(161, 9)",8,8.01
"(94, 11)",8,8.01
"(465, 2082)",8,8.01
"(88, 351)",8,8.01
"(138, 90)",8,8.01
"(11, 2770)",8,8.01
"(114, 343)",8,8.01
"(149, 11)",8,8.01
"(176, 101)",8,8.01
"(130, 581)",8,8.01
"(1717, 88)",8,8.01
"(101, 89)",8,8.01
"(219, 11)",8,8.01
"(578, 69)",8,8.01
"(545, 11)",8,8.01
"(102, 127)",8,8.01
"(267, 1692)",8,8.01
"(378, 397)",8,8.01
"(134, 252)",8,8.01
"(200, 72)",8,8.01
"(597, 11)",8,8.01
"(155, 267)",8,8.01
"(1018, 89)",8,8.01
"(72, 263)",8,8.01
"(54, 2662)",8,8.01
"(976, 101)",8,8.01
"(9, 2432)",8,8.01
"(121, 60)",8,8.01
"(251, 1559)",8,8.01
"(62, 410)",8,8.01
"(101, 351)",8,8.01
"(1647, 307)",8,8.01
"(254, 93)",8,8.01
"(11, 2217)",8,8.01
"(9, 333)",8,8.01
"(739, 72)",8,8.01
"(109, 254)",8,8.01
"(88, 601)",8,8.01
"(2565, 10)",8,8.01
"(341, 1773)",8,8.01
"(589, 101)",8,8.01
"(882, 605)",8,8.01
"(109, 25)",8,8.01
"(604, 9)",8,8.01
"(1808, 101)",8,8.01
"(1921, 239)",8,8.01
"(96, 640)",8,8.01
"(1173, 90)",8,8.01
"(131, 2321)",8,8.01
"(88, 541)",8,8.01
"(1088, 9)",8,8.01
"(89, 2658)",8,8.01
"(469, 1529)",8,8.01
"(144, 1792)",8,8.01
"(127, 171)",8,8.01
"(103, 155)",8,8.01
"(11, 6)",8,8.01
"(421, 759)",8,8.01
"(109, 3)",8,8.01
"(4, 637)",8,8.01
"(54, 101)",8,8.01
"(116, 422)",8,8.01
"(208, 198)",8,8.01
"(2293, 134)",8,8.01
"(62, 100)",7,7.01
"(2132, 127)",7,7.01
"(380, 34)",7,7.01
"(1483, 101)",7,7.01
"(47, 62)",7,7.01
"(1011, 193)",7,7.01
"(2515, 349)",7,7.01
"(717, 572)",7,7.01
"(116, 1631)",7,7.01
"(268, 149)",7,7.01
"(11, 2672)",7,7.01
"(1905, 101)",7,7.01
"(89, 149)",7,7.01
"(88, 2458)",7,7.01
"(54, 1007)",7,7.01
"(102, 538)",7,7.01
"(1370, 1134)",7,7.01
"(1356, 101)",7,7.01
"(2461, 49)",7,7.01
"(54, 169)",7,7.01
"(194, 179)",7,7.01
"(195, 868)",7,7.01
"(1527, 11)",7,7.01
"(54, 66)",7,7.01
"(118, 403)",7,7.01
"(10, 577)",7,7.01
"(991, 129)",7,7.01
"(34, 1750)",7,7.01
"(68, 6)",7,7.01
"(346, 130)",7,7.01
"(464, 348)",7,7.01
"(1252, 196)",7,7.01
"(2669, 586)",7,7.01
"(69, 346)",7,7.01
"(117, 797)",7,7.01
"(2572, 32)",7,7.01
"(317, 288)",7,7.01
"(335, 129)",7,7.01
"(241, 577)",7,7.01
"(54, 412)",7,7.01
"(72, 132)",7,7.01
"(104, 581)",7,7.01
"(1542, 34)",7,7.01
"(983, 116)",7,7.01
"(93, 144)",7,7.01
"(89, 725)",7,7.01
"(93, 353)",7,7.01
"(2024, 9)",7,7.01
"(91, 294)",7,7.01
"(67, 1963)",7,7.01
"(189, 2816)",7,7.01
"(438, 9)",7,7.01
"(11, 2798)",7,7.01
"(2816, 247)",7,7.01
"(54, 920)",7,7.01
"(190, 270)",7,7.01
"(719, 72)",7,7.01
"(109, 450)",7,7.01
"(1467, 573)",7,7.01
"(7, 26)",7,7.01
"(335, 10)",7,7.01
"(193, 214)",7,7.01
"(2873, 9)",7,7.01
"(102, 1227)",7,7.01
"(261, 98)",7,7.01
"(1502, 72)",7,7.01
"(691, 101)",7,7.01
"(93, 422)",7,7.01
"(26, 248)",7,7.01
"(88, 853)",7,7.01
"(223, 715)",7,7.01
"(95, 123)",7,7.01
"(715, 54)",7,7.01
"(2907, 135)",7,7.01
"(56, 247)",7,7.01
"(247, 349)",7,7.01
"(88, 1808)",7,7.01
"(1568, 11)",7,7.01
"(10, 1419)",7,7.01
"(118, 123)",7,7.01
"(1013, 11)",7,7.01
"(1010, 2088)",7,7.01
"(114, 497)",7,7.01
"(231, 542)",7,7.01
"(91, 1938)",7,7.01
"(141, 509)",7,7.01
"(106, 1467)",7,7.01
"(286, 89)",7,7.01
"(88, 1784)",7,7.01
"(44, 341)",7,7.01
"(9, 126)",7,7.01
"(88, 91)",7,7.01
"(1123, 101)",7,7.01
"(127, 519)",7,7.01
"(854, 9)",7,7.01
"(102, 315)",7,7.01
"(69, 2418)",7,7.01
"(927, 101)",7,7.01
"(573, 147)",7,7.01
"(1243, 101)",7,7.01
"(310, 270)",7,7.01
"(376, 9)",7,7.01
"(436, 109)",7,7.01
"(6, 91)",7,7.01
"(348, 90)",7,7.01
"(475, 11)",7,7.01
"(178, 58)",7,7.01
"(91, 71)",7,7.01
"(998, 134)",7,7.01
"(633, 9)",7,7.01
"(1491, 1285)",7,7.01
"(398, 93)",7,7.01
"(71, 140)",7,7.01
"(605, 89)",7,7.01
"(280, 73)",7,7.01
"(38, 58)",7,7.01
"(188, 112)",7,7.01
"(1068, 127)",7,7.01
"(88, 1068)",7,7.01
"(443, 9)",7,7.01
"(286, 147)",7,7.01
"(1854, 127)",7,7.01
"(191, 134)",7,7.01
"(195, 55)",7,7.01
"(54, 666)",7,7.01
"(54, 2711)",7,7.01
"(116, 602)",7,7.01
"(176, 66)",7,7.01
"(1368, 304)",7,7.01
"(195, 73)",7,7.01
"(9, 227)",7,7.01
"(149, 503)",7,7.01
"(34, 1172)",7,7.01
"(1296, 9)",7,7.01
"(845, 9)",7,7.01
"(2129, 101)",7,7.01
"(65, 92)",7,7.01
"(88, 1557)",7,7.01
"(1123, 72)",7,7.01
"(2291, 9)",7,7.01
"(210, 69)",7,7.01
"(69, 979)",7,7.01
"(92, 262)",7,7.01
"(204, 1257)",7,7.01
"(609, 178)",7,7.01
"(72, 197)",7,7.01
"(90, 231)",7,7.01
"(190, 147)",7,7.01
"(109, 93)",7,7.01
"(96, 11)",7,7.01
"(91, 2007)",7,7.01
"(101, 72)",7,7.01
"(2811, 6)",7,7.01
"(134, 446)",7,7.01
"(161, 135)",7,7.01
"(330, 11)",7,7.01
"(2253, 99)",7,7.01
"(11, 2799)",7,7.01
"(223, 468)",7,7.01
"(90, 167)",7,7.01
"(156, 635)",7,7.01
"(112, 470)",7,7.01
"(103, 113)",7,7.01
"(2557, 9)",7,7.01
"(96, 306)",7,7.01
"(4, 1684)",7,7.01
"(45, 1089)",7,7.01
"(9, 241)",7,7.01
"(282, 9)",7,7.01
"(1713, 188)",7,7.01
"(88, 2667)",7,7.01
"(88, 1732)",7,7.01
"(116, 6)",7,7.01
"(172, 203)",7,7.01
"(416, 421)",7,7.01
"(147, 302)",7,7.01
"(127, 218)",7,7.01
"(290, 134)",7,7.01
"(75, 119)",7,7.01
"(528, 109)",7,7.01
"(98, 99)",7,7.01
"(132, 11)",7,7.01
"(99, 109)",7,7.01
"(243, 126)",7,7.01
"(10, 2046)",7,7.01
"(95, 2686)",7,7.01
"(188, 225)",7,7.01
"(104, 11)",7,7.01
"(160, 132)",7,7.01
"(1711, 9)",7,7.01
"(1089, 33)",7,7.01
"(33, 100)",7,7.01
"(88, 369)",7,7.01
"(88, 1809)",7,7.01
"(2667, 72)",7,7.01
"(237, 241)",7,7.01
"(100, 447)",7,7.01
"(171, 213)",7,7.01
"(4, 31)",7,7.01
"(43, 30)",7,7.01
"(29, 43)",7,7.01
"(584, 190)",7,7.01
"(286, 9)",7,7.01
"(109, 98)",7,7.01
"(104, 149)",7,7.01
"(889, 9)",7,7.01
"(54, 1215)",7,7.01
"(73, 542)",7,7.01
"(93, 214)",7,7.01
"(98, 90)",7,7.01
"(72, 2714)",7,7.01
"(88, 87)",7,7.01
"(198, 11)",7,7.01
"(440, 9)",7,7.01
"(181, 333)",7,7.01
"(118, 257)",7,7.01
"(666, 9)",7,7.01
"(673, 426)",7,7.01
"(1804, 11)",7,7.01
"(826, 113)",7,7.01
"(87, 657)",7,7.01
"(218, 1047)",7,7.01
"(88, 445)",7,7.01
"(147, 508)",7,7.01
"(191, 553)",7,7.01
"(102, 347)",7,7.01
"(1733, 9)",7,7.01
"(366, 224)",7,7.01
"(322, 2196)",7,7.01
"(72, 188)",7,7.01
"(91, 10)",7,7.01
"(296, 258)",7,7.01
"(477, 111)",7,7.01
"(1419, 2088)",7,7.01
"(25, 433)",7,7.01
"(89, 1419)",7,7.01
"(487, 101)",7,7.01
"(69, 435)",7,7.01
"(34, 296)",7,7.01
"(422, 109)",7,7.01
"(30, 487)",7,7.01
"(88, 710)",7,7.01
"(181, 422)",7,7.01
"(135, 225)",7,7.01
"(347, 1705)",7,7.01
"(313, 109)",7,7.01
"(109, 313)",7,7.01
"(406, 101)",7,7.01
"(102, 685)",7,7.01
"(873, 9)",7,7.01
"(363, 2727)",7,7.01
"(29, 107)",7,7.01
"(349, 127)",7,7.01
"(155, 142)",7,7.01
"(1874, 11)",7,7.01
"(195, 176)",7,7.01
"(94, 127)",7,7.01
"(62, 398)",7,7.01
"(507, 9)",7,7.01
"(34, 1248)",7,7.01
"(72, 203)",7,7.01
"(34, 91)",7,7.01
"(1489, 374)",7,7.01
"(129, 101)",7,7.01
"(374, 145)",7,7.01
"(664, 102)",7,7.01
"(1820, 102)",7,7.01
"(447, 9)",7,7.01
"(1248, 1593)",7,7.01
"(2166, 111)",7,7.01
"(363, 101)",7,7.01
"(4, 492)",7,7.01
"(101, 545)",7,7.01
"(2738, 6)",7,7.01
"(594, 364)",7,7.01
"(128, 171)",7,7.01
"(1861, 101)",7,7.01
"(341, 108)",7,7.01
"(606, 116)",7,7.01
"(470, 11)",7,7.01
"(1015, 392)",7,7.01
"(90, 921)",7,7.01
"(663, 199)",7,7.01
"(455, 93)",7,7.01
"(2443, 127)",7,7.01
"(444, 74)",7,7.01
"(117, 2443)",7,7.01
"(1494, 239)",7,7.01
"(2212, 555)",7,7.01
"(1761, 11)",7,7.01
"(310, 127)",7,7.01
"(363, 1129)",7,7.01
"(11, 1335)",7,7.01
"(101, 300)",7,7.01
"(1290, 103)",7,7.01
"(88, 666)",7,7.01
"(4, 2568)",7,7.01
"(1916, 72)",7,7.01
"(38, 126)",7,7.01
"(226, 1358)",7,7.01
"(181, 1460)",7,7.01
"(106, 89)",7,7.01
"(10, 1025)",7,7.01
"(9, 281)",7,7.01
"(99, 62)",7,7.01
"(221, 2873)",7,7.01
"(586, 103)",7,7.01
"(54, 665)",7,7.01
"(97, 2528)",7,7.01
"(346, 101)",7,7.01
"(1614, 62)",7,7.01
"(170, 284)",7,7.01
"(96, 170)",7,7.01
"(57, 274)",7,7.01
"(1037, 119)",7,7.01
"(473, 108)",7,7.01
"(109, 553)",7,7.01
"(252, 9)",7,7.01
"(317, 9)",7,7.01
"(2496, 129)",7,7.01
"(67, 354)",7,7.01
"(164, 366)",7,7.01
"(74, 239)",7,7.01
"(366, 306)",7,7.01
"(113, 91)",7,7.01
"(1114, 130)",7,7.01
"(315, 116)",7,7.01
"(219, 116)",7,7.01
"(171, 117)",7,7.01
"(9, 1629)",7,7.01
"(60, 2835)",7,7.01
"(89, 63)",7,7.01
"(2733, 211)",7,7.01
"(9, 71)",7,7.01
"(4, 686)",7,7.01
"(590, 9)",7,7.01
"(54, 607)",7,7.01
"(1647, 99)",7,7.01
"(128, 1127)",7,7.01
"(4, 2147)",7,7.01
"(2102, 72)",7,7.01
"(665, 129)",7,7.01
"(1349, 11)",7,7.01
"(210, 572)",7,7.01
"(88, 1047)",7,7.01
"(423, 88)",7,7.01
"(559, 111)",7,7.01
"(88, 1443)",7,7.01
"(1662, 105)",7,7.01
"(114, 127)",7,7.01
"(349, 102)",7,7.01
"(153, 213)",7,7.01
"(298, 210)",7,7.01
"(114, 90)",7,7.01
"(88, 2434)",7,7.01
"(1037, 2105)",7,7.01
"(88, 2666)",7,7.01
"(54, 1169)",7,7.01
"(158, 310)",7,7.01
"(784, 101)",7,7.01
"(926, 255)",7,7.01
"(630, 109)",7,7.01
"(2181, 1256)",7,7.01
"(171, 191)",7,7.01
"(201, 134)",7,7.01
"(284, 440)",7,7.01
"(631, 102)",7,7.01
"(25, 6)",7,7.01
"(54, 522)",7,7.01
"(78, 102)",7,7.01
"(167, 66)",7,7.01
"(2726, 349)",7,7.01
"(2106, 464)",7,7.01
"(41, 304)",7,7.01
"(62, 75)",7,7.01
"(104, 78)",7,7.01
"(777, 11)",7,7.01
"(392, 605)",7,7.01
"(322, 200)",7,7.01
"(109, 96)",7,7.01
"(6, 89)",7,7.01
"(34, 2296)",7,7.01
"(517, 9)",7,7.01
"(388, 9)",7,7.01
"(893, 464)",7,7.01
"(135, 89)",7,7.01
"(1341, 78)",7,7.01
"(126, 150)",7,7.01
"(977, 93)",7,7.01
"(379, 9)",7,7.01
"(34, 160)",7,7.01
"(34, 964)",7,7.01
"(61, 78)",7,7.01
"(662, 2880)",7,7.01
"(99, 135)",7,7.01
"(72, 90)",7,7.01
"(355, 198)",7,7.01
"(325, 1628)",7,7.01
"(117, 282)",7,7.01
"(45, 48)",7,7.01
"(54, 2621)",7,7.01
"(96, 755)",7,7.01
"(1560, 9)",7,7.01
"(365, 1123)",7,7.01
"(101, 363)",7,7.01
"(1139, 784)",7,7.01
"(1183, 127)",7,7.01
"(171, 89)",7,7.01
"(1879, 9)",7,7.01
"(523, 6)",7,7.01
"(363, 123)",7,7.01
"(89, 1468)",7,7.01
"(495, 9)",7,7.01
"(136, 1441)",7,7.01
"(134, 213)",7,7.01
"(1228, 2504)",7,7.01
"(241, 310)",7,7.01
"(2339, 104)",7,7.01
"(104, 103)",7,7.01
"(88, 2012)",7,7.01
"(88, 625)",7,7.01
"(625, 234)",7,7.01
"(457, 258)",7,7.01
"(106, 90)",7,7.01
"(494, 111)",7,7.01
"(437, 109)",7,7.01
"(44, 34)",7,7.01
"(1320, 1251)",7,7.01
"(129, 89)",7,7.01
"(2561, 304)",7,7.01
"(234, 11)",7,7.01
"(2998, 6)",7,7.01
"(9, 204)",7,7.01
"(96, 109)",7,7.01
"(116, 281)",7,7.01
"(1133, 307)",7,7.01
"(977, 9)",7,7.01
"(857, 11)",7,7.01
"(349, 130)",7,7.01
"(141, 959)",7,7.01
"(88, 322)",7,7.01
"(104, 60)",7,7.01
"(9, 489)",7,7.01
"(10, 600)",7,7.01
"(4, 1043)",7,7.01
"(1799, 230)",7,7.01
"(944, 9)",7,7.01
"(9, 365)",7,7.01
"(1108, 9)",7,7.01
"(88, 1177)",7,7.01
"(10, 59)",7,7.01
"(518, 247)",7,7.01
"(88, 2956)",7,7.01
"(2727, 99)",7,7.01
"(639, 72)",7,7.01
"(88, 2282)",7,7.01
"(642, 102)",7,7.01
"(1895, 276)",7,7.01
"(2427, 113)",7,7.01
"(155, 1701)",7,7.01
"(234, 72)",7,7.01
"(59, 173)",7,7.01
"(4, 37)",7,7.01
"(2166, 381)",7,7.01
"(66, 659)",7,7.01
"(1516, 787)",7,7.01
"(225, 286)",7,7.01
"(69, 11)",7,7.01
"(106, 127)",7,7.01
"(69, 402)",7,7.01
"(851, 11)",7,7.01
"(88, 722)",7,7.01
"(103, 258)",7,7.01
"(106, 132)",7,7.01
"(489, 101)",7,7.01
"(1793, 9)",7,7.01
"(230, 102)",7,7.01
"(144, 195)",7,7.01
"(27, 65)",7,7.01
"(984, 130)",7,7.01
"(99, 96)",7,7.01
"(99, 190)",7,7.01
"(432, 11)",7,7.01
"(283, 177)",7,7.01
"(166, 2557)",7,7.01
"(412, 839)",7,7.01
"(1612, 75)",7,7.01
"(62, 95)",7,7.01
"(88, 1490)",7,7.01
"(9, 810)",7,7.01
"(10, 72)",7,7.01
"(514, 1612)",7,7.01
"(150, 75)",7,7.01
"(188, 784)",7,7.01
"(116, 1397)",7,7.01
"(138, 609)",7,7.01
"(88, 1173)",7,7.01
"(925, 2507)",7,7.01
"(178, 133)",7,7.01
"(72, 201)",7,7.01
"(68, 73)",7,7.01
"(1266, 863)",7,7.01
"(9, 118)",7,7.01
"(1984, 11)",7,7.01
"(297, 281)",7,7.01
"(195, 491)",7,7.01
"(597, 89)",7,7.01
"(1145, 687)",7,7.01
"(72, 126)",7,7.01
"(25, 409)",7,7.01
"(65, 9)",7,7.01
"(331, 9)",7,7.01
"(1458, 102)",7,7.01
"(365, 108)",7,7.01
"(149, 116)",7,7.01
"(97, 759)",7,7.01
"(835, 127)",7,7.01
"(1242, 69)",7,7.01
"(426, 99)",7,7.01
"(863, 379)",7,7.01
"(54, 10)",7,7.01
"(167, 835)",7,7.01
"(171, 6)",7,7.01
"(155, 1494)",7,7.01
"(2571, 155)",7,7.01
"(66, 201)",7,7.01
"(163, 630)",7,7.01
"(1389, 11)",7,7.01
"(109, 319)",7,7.01
"(54, 1661)",6,6.01
"(127, 330)",6,6.01
"(1632, 349)",6,6.01
"(2025, 144)",6,6.01
"(365, 543)",6,6.01
"(195, 365)",6,6.01
"(158, 2040)",6,6.01
"(315, 11)",6,6.01
"(103, 10)",6,6.01
"(190, 132)",6,6.01
"(118, 251)",6,6.01
"(88, 980)",6,6.01
"(88, 758)",6,6.01
"(1013, 102)",6,6.01
"(635, 94)",6,6.01
"(507, 11)",6,6.01
"(1582, 333)",6,6.01
"(322, 167)",6,6.01
"(1567, 102)",6,6.01
"(314, 403)",6,6.01
"(649, 101)",6,6.01
"(9, 90)",6,6.01
"(126, 251)",6,6.01
"(1777, 593)",6,6.01
"(96, 509)",6,6.01
"(678, 102)",6,6.01
"(9, 1132)",6,6.01
"(210, 1405)",6,6.01
"(56, 224)",6,6.01
"(1129, 750)",6,6.01
"(725, 289)",6,6.01
"(117, 97)",6,6.01
"(131, 89)",6,6.01
"(483, 268)",6,6.01
"(91, 123)",6,6.01
"(442, 163)",6,6.01
"(1701, 101)",6,6.01
"(75, 2507)",6,6.01
"(2590, 72)",6,6.01
"(160, 163)",6,6.01
"(33, 54)",6,6.01
"(2181, 573)",6,6.01
"(630, 97)",6,6.01
"(446, 102)",6,6.01
"(2809, 108)",6,6.01
"(88, 41)",6,6.01
"(98, 9)",6,6.01
"(1290, 99)",6,6.01
"(71, 603)",6,6.01
"(76, 145)",6,6.01
"(138, 66)",6,6.01
"(95, 101)",6,6.01
"(835, 9)",6,6.01
"(365, 1099)",6,6.01
"(69, 2979)",6,6.01
"(315, 34)",6,6.01
"(104, 102)",6,6.01
"(1990, 11)",6,6.01
"(2533, 154)",6,6.01
"(102, 1013)",6,6.01
"(67, 88)",6,6.01
"(293, 313)",6,6.01
"(2958, 104)",6,6.01
"(9, 845)",6,6.01
"(1580, 210)",6,6.01
"(4, 1379)",6,6.01
"(136, 415)",6,6.01
"(316, 2025)",6,6.01
"(1868, 371)",6,6.01
"(642, 191)",6,6.01
"(474, 57)",6,6.01
"(1699, 74)",6,6.01
"(784, 191)",6,6.01
"(573, 89)",6,6.01
"(1981, 99)",6,6.01
"(2703, 66)",6,6.01
"(150, 58)",6,6.01
"(113, 94)",6,6.01
"(1232, 2105)",6,6.01
"(54, 1729)",6,6.01
"(216, 603)",6,6.01
"(1303, 127)",6,6.01
"(1312, 88)",6,6.01
"(188, 2366)",6,6.01
"(538, 103)",6,6.01
"(1984, 9)",6,6.01
"(425, 398)",6,6.01
"(310, 67)",6,6.01
"(1399, 67)",6,6.01
"(93, 91)",6,6.01
"(1668, 102)",6,6.01
"(145, 1319)",6,6.01
"(653, 72)",6,6.01
"(1184, 11)",6,6.01
"(181, 892)",6,6.01
"(1637, 179)",6,6.01
"(101, 229)",6,6.01
"(2370, 9)",6,6.01
"(962, 277)",6,6.01
"(9, 60)",6,6.01
"(11, 1411)",6,6.01
"(449, 34)",6,6.01
"(201, 163)",6,6.01
"(1469, 89)",6,6.01
"(88, 674)",6,6.01
"(436, 97)",6,6.01
"(1835, 101)",6,6.01
"(88, 1444)",6,6.01
"(948, 99)",6,6.01
"(72, 136)",6,6.01
"(346, 93)",6,6.01
"(2101, 434)",6,6.01
"(241, 1136)",6,6.01
"(54, 486)",6,6.01
"(325, 57)",6,6.01
"(240, 797)",6,6.01
"(247, 239)",6,6.01
"(88, 1753)",6,6.01
"(89, 976)",6,6.01
"(58, 93)",6,6.01
"(589, 272)",6,6.01
"(437, 54)",6,6.01
"(1926, 9)",6,6.01
"(210, 73)",6,6.01
"(432, 9)",6,6.01
"(2138, 9)",6,6.01
"(97, 2138)",6,6.01
"(11, 1517)",6,6.01
"(106, 3)",6,6.01
"(267, 135)",6,6.01
"(38, 975)",6,6.01
"(388, 88)",6,6.01
"(224, 11)",6,6.01
"(869, 72)",6,6.01
"(203, 166)",6,6.01
"(54, 44)",6,6.01
"(37, 2617)",6,6.01
"(166, 2061)",6,6.01
"(125, 1110)",6,6.01
"(66, 62)",6,6.01
"(172, 101)",6,6.01
"(93, 554)",6,6.01
"(69, 2873)",6,6.01
"(97, 826)",6,6.01
"(88, 1164)",6,6.01
"(284, 201)",6,6.01
"(290, 6)",6,6.01
"(26, 2083)",6,6.01
"(252, 220)",6,6.01
"(1184, 93)",6,6.01
"(87, 101)",6,6.01
"(912, 11)",6,6.01
"(161, 89)",6,6.01
"(184, 127)",6,6.01
"(89, 612)",6,6.01
"(1912, 9)",6,6.01
"(88, 2155)",6,6.01
"(88, 45)",6,6.01
"(203, 218)",6,6.01
"(160, 2199)",6,6.01
"(91, 165)",6,6.01
"(469, 1283)",6,6.01
"(165, 2952)",6,6.01
"(69, 121)",6,6.01
"(88, 2144)",6,6.01
"(241, 106)",6,6.01
"(35, 1470)",6,6.01
"(210, 106)",6,6.01
"(55, 247)",6,6.01
"(114, 1398)",6,6.01
"(1160, 11)",6,6.01
"(109, 130)",6,6.01
"(88, 314)",6,6.01
"(173, 581)",6,6.01
"(1206, 134)",6,6.01
"(281, 1206)",6,6.01
"(69, 9)",6,6.01
"(232, 72)",6,6.01
"(88, 2575)",6,6.01
"(2130, 309)",6,6.01
"(127, 416)",6,6.01
"(88, 932)",6,6.01
"(93, 560)",6,6.01
"(453, 89)",6,6.01
"(117, 1088)",6,6.01
"(28, 65)",6,6.01
"(117, 227)",6,6.01
"(267, 109)",6,6.01
"(88, 2663)",6,6.01
"(874, 380)",6,6.01
"(135, 1194)",6,6.01
"(102, 90)",6,6.01
"(65, 1123)",6,6.01
"(109, 161)",6,6.01
"(226, 101)",6,6.01
"(79, 58)",6,6.01
"(59, 139)",6,6.01
"(99, 93)",6,6.01
"(201, 128)",6,6.01
"(708, 89)",6,6.01
"(1232, 154)",6,6.01
"(258, 197)",6,6.01
"(989, 74)",6,6.01
"(88, 672)",6,6.01
"(101, 347)",6,6.01
"(88, 2136)",6,6.01
"(1423, 9)",6,6.01
"(117, 642)",6,6.01
"(34, 333)",6,6.01
"(127, 475)",6,6.01
"(179, 11)",6,6.01
"(129, 254)",6,6.01
"(317, 109)",6,6.01
"(177, 733)",6,6.01
"(132, 432)",6,6.01
"(99, 172)",6,6.01
"(234, 9)",6,6.01
"(270, 523)",6,6.01
"(659, 1232)",6,6.01
"(894, 9)",6,6.01
"(193, 163)",6,6.01
"(352, 597)",6,6.01
"(654, 350)",6,6.01
"(88, 128)",6,6.01
"(117, 851)",6,6.01
"(280, 1843)",6,6.01
"(1843, 75)",6,6.01
"(1926, 11)",6,6.01
"(2566, 888)",6,6.01
"(319, 135)",6,6.01
"(69, 221)",6,6.01
"(600, 276)",6,6.01
"(101, 1226)",6,6.01
"(2808, 176)",6,6.01
"(98, 149)",6,6.01
"(475, 66)",6,6.01
"(1159, 10)",6,6.01
"(509, 315)",6,6.01
"(118, 374)",6,6.01
"(103, 203)",6,6.01
"(93, 383)",6,6.01
"(127, 135)",6,6.01
"(181, 548)",6,6.01
"(78, 89)",6,6.01
"(72, 290)",6,6.01
"(2206, 364)",6,6.01
"(60, 1029)",6,6.01
"(72, 260)",6,6.01
"(191, 381)",6,6.01
"(59, 1494)",6,6.01
"(874, 346)",6,6.01
"(229, 874)",6,6.01
"(180, 11)",6,6.01
"(1712, 639)",6,6.01
"(154, 95)",6,6.01
"(1419, 1450)",6,6.01
"(2431, 101)",6,6.01
"(72, 94)",6,6.01
"(533, 106)",6,6.01
"(172, 379)",6,6.01
"(185, 2105)",6,6.01
"(671, 11)",6,6.01
"(135, 845)",6,6.01
"(248, 89)",6,6.01
"(9, 26)",6,6.01
"(241, 1408)",6,6.01
"(768, 172)",6,6.01
"(114, 358)",6,6.01
"(88, 691)",6,6.01
"(54, 331)",6,6.01
"(188, 802)",6,6.01
"(57, 439)",6,6.01
"(341, 410)",6,6.01
"(88, 2264)",6,6.01
"(1376, 9)",6,6.01
"(187, 78)",6,6.01
"(2987, 99)",6,6.01
"(136, 814)",6,6.01
"(497, 1706)",6,6.01
"(9, 676)",6,6.01
"(993, 9)",6,6.01
"(2755, 1647)",6,6.01
"(581, 89)",6,6.01
"(127, 94)",6,6.01
"(9, 272)",6,6.01
"(494, 75)",6,6.01
"(10, 1222)",6,6.01
"(90, 9)",6,6.01
"(1225, 9)",6,6.01
"(54, 2894)",6,6.01
"(102, 1933)",6,6.01
"(163, 89)",6,6.01
"(188, 502)",6,6.01
"(54, 118)",6,6.01
"(421, 184)",6,6.01
"(101, 2103)",6,6.01
"(1014, 54)",6,6.01
"(1656, 9)",6,6.01
"(126, 97)",6,6.01
"(363, 1462)",6,6.01
"(73, 114)",6,6.01
"(1154, 379)",6,6.01
"(371, 160)",6,6.01
"(160, 343)",6,6.01
"(144, 255)",6,6.01
"(59, 745)",6,6.01
"(61, 107)",6,6.01
"(54, 1225)",6,6.01
"(544, 9)",6,6.01
"(303, 1831)",6,6.01
"(89, 530)",6,6.01
"(102, 1331)",6,6.01
"(2179, 11)",6,6.01
"(88, 1028)",6,6.01
"(90, 594)",6,6.01
"(319, 9)",6,6.01
"(34, 678)",6,6.01
"(9, 1721)",6,6.01
"(2437, 173)",6,6.01
"(1468, 102)",6,6.01
"(703, 131)",6,6.01
"(2029, 605)",6,6.01
"(1011, 114)",6,6.01
"(112, 126)",6,6.01
"(476, 994)",6,6.01
"(11, 2224)",6,6.01
"(2207, 155)",6,6.01
"(137, 777)",6,6.01
"(2179, 9)",6,6.01
"(1686, 95)",6,6.01
"(219, 136)",6,6.01
"(529, 126)",6,6.01
"(445, 109)",6,6.01
"(54, 57)",6,6.01
"(2321, 9)",6,6.01
"(114, 1028)",6,6.01
"(71, 361)",6,6.01
"(1902, 99)",6,6.01
"(179, 93)",6,6.01
"(302, 198)",6,6.01
"(88, 264)",6,6.01
"(88, 492)",6,6.01
"(121, 56)",6,6.01
"(104, 343)",6,6.01
"(66, 92)",6,6.01
"(261, 96)",6,6.01
"(106, 394)",6,6.01
"(11, 2016)",6,6.01
"(1210, 107)",6,6.01
"(270, 416)",6,6.01
"(1076, 1474)",6,6.01
"(1658, 9)",6,6.01
"(229, 1554)",6,6.01
"(28, 11)",6,6.01
"(88, 746)",6,6.01
"(101, 178)",6,6.01
"(188, 382)",6,6.01
"(88, 1358)",6,6.01
"(1828, 66)",6,6.01
"(518, 1022)",6,6.01
"(1022, 99)",6,6.01
"(425, 543)",6,6.01
"(166, 1108)",6,6.01
"(2255, 101)",6,6.01
"(343, 11)",6,6.01
"(88, 514)",6,6.01
"(2244, 1737)",6,6.01
"(365, 172)",6,6.01
"(2163, 335)",6,6.01
"(313, 197)",6,6.01
"(541, 9)",6,6.01
"(300, 671)",6,6.01
"(94, 262)",6,6.01
"(113, 87)",6,6.01
"(4, 193)",6,6.01
"(237, 188)",6,6.01
"(737, 9)",6,6.01
"(160, 282)",6,6.01
"(2394, 176)",6,6.01
"(96, 2728)",6,6.01
"(1724, 101)",6,6.01
"(169, 473)",6,6.01
"(88, 35)",6,6.01
"(35, 164)",6,6.01
"(223, 2427)",6,6.01
"(988, 99)",6,6.01
"(109, 547)",6,6.01
"(93, 1286)",6,6.01
"(906, 1114)",6,6.01
"(797, 127)",6,6.01
"(599, 505)",6,6.01
"(54, 932)",6,6.01
"(1570, 909)",6,6.01
"(597, 88)",6,6.01
"(87, 1144)",6,6.01
"(126, 54)",6,6.01
"(716, 108)",6,6.01
"(2185, 1583)",6,6.01
"(2356, 348)",6,6.01
"(142, 9)",6,6.01
"(102, 958)",6,6.01
"(88, 121)",6,6.01
"(500, 72)",6,6.01
"(882, 1697)",6,6.01
"(282, 1294)",6,6.01
"(118, 101)",6,6.01
"(907, 9)",6,6.01
"(330, 116)",6,6.01
"(1752, 9)",6,6.01
"(181, 109)",6,6.01
"(179, 109)",6,6.01
"(378, 34)",6,6.01
"(231, 2325)",6,6.01
"(54, 243)",6,6.01
"(102, 1096)",6,6.01
"(1064, 129)",6,6.01
"(113, 88)",6,6.01
"(1488, 387)",6,6.01
"(1412, 88)",6,6.01
"(1921, 1942)",6,6.01
"(468, 54)",6,6.01
"(269, 180)",6,6.01
"(2916, 111)",6,6.01
"(166, 171)",6,6.01
"(89, 444)",6,6.01
"(545, 191)",6,6.01
"(1243, 9)",6,6.01
"(349, 270)",6,6.01
"(274, 11)",6,6.01
"(89, 218)",6,6.01
"(1141, 594)",6,6.01
"(405, 72)",6,6.01
"(34, 1207)",6,6.01
"(123, 1619)",6,6.01
"(280, 123)",6,6.01
"(172, 161)",6,6.01
"(28, 61)",6,6.01
"(143, 103)",6,6.01
"(88, 807)",6,6.01
"(2301, 234)",6,6.01
"(1942, 11)",6,6.01
"(88, 903)",6,6.01
"(88, 629)",6,6.01
"(2522, 379)",6,6.01
"(2284, 118)",6,6.01
"(157, 2522)",6,6.01
"(995, 2136)",6,6.01
"(136, 851)",6,6.01
"(1942, 581)",6,6.01
"(197, 323)",6,6.01
"(72, 33)",6,6.01
"(396, 272)",6,6.01
"(134, 93)",6,6.01
"(2289, 9)",6,6.01
"(106, 594)",6,6.01
"(136, 218)",6,6.01
"(1129, 211)",6,6.01
"(88, 2462)",6,6.01
"(966, 9)",6,6.01
"(2508, 172)",6,6.01
"(1165, 88)",6,6.01
"(136, 90)",6,6.01
"(611, 109)",6,6.01
"(116, 2484)",6,6.01
"(55, 144)",6,6.01
"(831, 135)",6,6.01
"(676, 335)",6,6.01
"(34, 911)",6,6.01
"(88, 1032)",6,6.01
"(218, 171)",6,6.01
"(371, 89)",6,6.01
"(323, 103)",6,6.01
"(2318, 392)",6,6.01
"(286, 267)",6,6.01
"(231, 294)",6,6.01
"(601, 10)",6,6.01
"(54, 601)",6,6.01
"(700, 274)",6,6.01
"(274, 10)",6,6.01
"(136, 1397)",6,6.01
"(1369, 901)",6,6.01
"(34, 1030)",6,6.01
"(102, 190)",6,6.01
"(2364, 9)",6,6.01
"(88, 1160)",6,6.01
"(172, 93)",6,6.01
"(88, 869)",6,6.01
"(73, 1092)",6,6.01
"(293, 99)",6,6.01
"(102, 288)",6,6.01
"(2386, 1607)",6,6.01
"(960, 10)",6,6.01
"(89, 68)",6,6.01
"(455, 9)",6,6.01
"(294, 113)",6,6.01
"(303, 369)",6,6.01
"(267, 191)",6,6.01
"(106, 797)",6,6.01
"(208, 152)",6,6.01
"(1692, 335)",6,6.01
"(89, 2102)",6,6.01
"(494, 522)",6,6.01
"(304, 94)",6,6.01
"(134, 214)",6,6.01
"(106, 1348)",6,6.01
"(44, 110)",6,6.01
"(117, 319)",6,6.01
"(560, 171)",6,6.01
"(319, 166)",6,6.01
"(2019, 122)",6,6.01
"(1425, 62)",6,6.01
"(106, 1534)",6,6.01
"(10, 2184)",6,6.01
"(886, 772)",6,6.01
"(127, 642)",6,6.01
"(1132, 348)",6,6.01
"(109, 290)",6,6.01
"(103, 100)",6,6.01
"(1193, 129)",6,6.01
"(9, 1088)",6,6.01
"(1180, 9)",6,6.01
"(54, 284)",6,6.01
"(2432, 102)",6,6.01
"(109, 296)",6,6.01
"(533, 475)",6,6.01
"(203, 315)",6,6.01
"(254, 267)",6,6.01
"(100, 11)",6,6.01
"(874, 9)",6,6.01
"(63, 95)",6,6.01
"(1644, 122)",6,6.01
"(640, 332)",6,6.01
"(183, 286)",6,6.01
"(54, 2166)",6,6.01
"(2385, 72)",6,6.01
"(88, 155)",6,6.01
"(1932, 9)",6,6.01
"(89, 508)",6,6.01
"(114, 166)",6,6.01
"(71, 688)",6,6.01
"(160, 98)",6,6.01
"(495, 109)",6,6.01
"(986, 9)",6,6.01
"(2050, 10)",6,6.01
"(773, 2511)",6,6.01
"(88, 2975)",6,6.01
"(2310, 216)",6,6.01
"(34, 245)",6,6.01
"(59, 238)",6,6.01
"(229, 99)",6,6.01
"(560, 982)",6,6.01
"(2732, 4)",6,6.01
"(173, 2828)",6,6.01
"(529, 249)",6,6.01
"(1016, 9)",6,6.01
"(54, 225)",6,6.01
"(515, 64)",6,6.01
"(239, 9)",6,6.01
"(528, 190)",6,6.01
"(161, 258)",6,6.01
"(864, 9)",6,6.01
"(58, 251)",6,6.01
"(109, 451)",6,6.01
"(88, 683)",6,6.01
"(907, 11)",6,6.01
"(220, 421)",6,6.01
"(1136, 11)",6,6.01
"(668, 109)",6,6.01
"(1364, 9)",6,6.01
"(623, 123)",6,6.01
"(11, 2568)",6,6.01
"(9, 1063)",6,6.01
"(79, 9)",6,6.01
"(66, 139)",6,6.01
"(433, 404)",6,6.01
"(88, 256)",6,6.01
"(1230, 11)",6,6.01
"(9, 389)",6,6.01
"(118, 98)",6,6.01
"(1084, 9)",6,6.01
"(582, 9)",6,6.01
"(237, 166)",6,6.01
"(2685, 454)",6,6.01
"(565, 199)",6,6.01
"(6, 565)",6,6.01
"(311, 961)",6,6.01
"(101, 853)",6,6.01
"(129, 258)",6,6.01
"(113, 101)",6,6.01
"(359, 2539)",6,6.01
"(163, 495)",6,6.01
"(2383, 9)",6,6.01
"(187, 104)",6,6.01
"(312, 187)",6,6.01
"(101, 1334)",6,6.01
"(6, 34)",6,6.01
"(1006, 11)",6,6.01
"(28, 1467)",6,6.01
"(1686, 304)",6,6.01
"(73, 495)",6,6.01
"(32, 11)",6,6.01
"(1352, 9)",6,6.01
"(188, 1152)",6,6.01
"(582, 34)",6,6.01
"(34, 43)",6,6.01
"(708, 254)",6,6.01
"(11, 32)",6,6.01
"(942, 68)",6,6.01
"(117, 601)",6,6.01
"(245, 9)",6,6.01
"(237, 462)",6,6.01
"(3, 26)",6,6.01
"(132, 426)",6,6.01
"(165, 130)",6,6.01
"(93, 10)",6,6.01
"(402, 90)",6,6.01
"(493, 743)",6,6.01
"(229, 108)",6,6.01
"(33, 95)",6,6.01
"(744, 113)",6,6.01
"(163, 421)",6,6.01
"(149, 109)",6,6.01
"(111, 78)",6,6.01
"(247, 118)",6,6.01
"(163, 149)",6,6.01
"(134, 1036)",6,6.01
"(138, 1650)",6,6.01
"(711, 60)",6,6.01
"(2533, 410)",6,6.01
"(2419, 349)",6,6.01
"(363, 901)",6,6.01
"(102, 865)",6,6.01
"(1341, 9)",6,6.01
"(252, 67)",6,6.01
"(191, 281)",6,6.01
"(188, 1233)",6,6.01
"(117, 589)",6,6.01
"(184, 149)",6,6.01
"(1152, 11)",6,6.01
"(4, 49)",6,6.01
"(893, 101)",6,6.01
"(2500, 1835)",6,6.01
"(1030, 101)",6,6.01
"(88, 517)",6,6.01
"(89, 374)",6,6.01
"(27, 108)",6,6.01
"(629, 99)",6,6.01
"(44, 1575)",6,6.01
"(719, 9)",6,6.01
"(2939, 2294)",6,6.01
"(1231, 10)",6,6.01
"(1356, 72)",6,6.01
"(43, 2939)",6,6.01
"(9, 179)",6,6.01
"(280, 251)",6,6.01
"(3, 533)",6,6.01
"(134, 87)",6,6.01
"(3, 1203)",6,6.01
"(340, 76)",6,6.01
"(3, 232)",6,6.01
"(93, 431)",6,6.01
"(1035, 184)",6,6.01
"(54, 2104)",6,6.01
"(460, 54)",6,6.01
"(127, 1063)",6,6.01
"(1015, 129)",6,6.01
"(1734, 2296)",6,6.01
"(54, 787)",6,6.01
"(73, 89)",6,6.01
"(2917, 48)",6,6.01
"(802, 9)",6,6.01
"(43, 11)",6,6.01
"(289, 213)",6,6.01
"(2296, 2917)",6,6.01
"(117, 188)",6,6.01
"(104, 272)",6,6.01
"(4, 33)",6,6.01
"(102, 622)",6,6.01
"(1575, 1185)",6,6.01
"(54, 60)",6,6.01
"(9, 201)",6,6.01
"(130, 102)",6,6.01
"(93, 163)",6,6.01
"(102, 1200)",6,6.01
"(2832, 772)",6,6.01
"(32, 1311)",6,6.01
"(685, 72)",6,6.01
"(2296, 2572)",6,6.01
"(94, 306)",6,6.01
"(1678, 7)",6,6.01
"(1593, 78)",6,6.01
"(2339, 1029)",6,6.01
"(4, 1204)",6,6.01
"(72, 270)",6,6.01
"(95, 102)",6,6.01
"(245, 190)",6,6.01
"(339, 102)",6,6.01
"(227, 34)",6,6.01
"(2716, 78)",6,6.01
"(117, 339)",6,6.01
"(986, 11)",6,6.01
"(94, 188)",6,6.01
"(431, 34)",6,6.01
"(104, 288)",6,6.01
"(88, 963)",6,6.01
"(100, 2502)",6,6.01
"(272, 102)",6,6.01
"(2592, 587)",6,6.01
"(1006, 72)",6,6.01
"(628, 93)",6,6.01
"(4, 1601)",6,6.01
"(97, 281)",6,6.01
"(167, 230)",6,6.01
"(37, 29)",6,6.01
"(2502, 62)",6,6.01
"(87, 189)",6,6.01
"(62, 2321)",6,6.01
"(28, 94)",6,6.01
"(132, 241)",6,6.01
"(188, 2552)",6,6.01
"(191, 422)",6,6.01
"(98, 94)",6,6.01
"(94, 147)",6,6.01
"(405, 304)",6,6.01
"(11, 2214)",6,6.01
"(54, 363)",6,6.01
"(230, 346)",6,6.01
"(34, 826)",6,6.01
"(188, 622)",6,6.01
"(94, 1525)",6,6.01
"(1569, 9)",6,6.01
"(26, 44)",6,6.01
"(265, 10)",5,5.01
"(225, 101)",5,5.01
"(402, 89)",5,5.01
"(102, 280)",5,5.01
"(56, 152)",5,5.01
"(105, 181)",5,5.01
"(88, 353)",5,5.01
"(371, 305)",5,5.01
"(650, 410)",5,5.01
"(989, 1209)",5,5.01
"(201, 54)",5,5.01
"(344, 54)",5,5.01
"(1462, 103)",5,5.01
"(114, 1460)",5,5.01
"(101, 819)",5,5.01
"(1884, 95)",5,5.01
"(128, 845)",5,5.01
"(325, 87)",5,5.01
"(59, 143)",5,5.01
"(98, 397)",5,5.01
"(219, 296)",5,5.01
"(122, 2300)",5,5.01
"(786, 142)",5,5.01
"(104, 402)",5,5.01
"(89, 130)",5,5.01
"(91, 11)",5,5.01
"(190, 96)",5,5.01
"(226, 225)",5,5.01
"(263, 270)",5,5.01
"(93, 178)",5,5.01
"(299, 675)",5,5.01
"(102, 1303)",5,5.01
"(350, 1035)",5,5.01
"(2663, 9)",5,5.01
"(745, 55)",5,5.01
"(163, 353)",5,5.01
"(372, 446)",5,5.01
"(161, 11)",5,5.01
"(2212, 3)",5,5.01
"(203, 598)",5,5.01
"(1065, 220)",5,5.01
"(422, 135)",5,5.01
"(89, 59)",5,5.01
"(597, 109)",5,5.01
"(465, 341)",5,5.01
"(190, 93)",5,5.01
"(93, 319)",5,5.01
"(675, 94)",5,5.01
"(2002, 11)",5,5.01
"(281, 220)",5,5.01
"(1927, 454)",5,5.01
"(860, 88)",5,5.01
"(630, 153)",5,5.01
"(9, 406)",5,5.01
"(178, 179)",5,5.01
"(223, 6)",5,5.01
"(710, 68)",5,5.01
"(55, 62)",5,5.01
"(762, 9)",5,5.01
"(1081, 11)",5,5.01
"(117, 846)",5,5.01
"(34, 1062)",5,5.01
"(295, 1786)",5,5.01
"(106, 171)",5,5.01
"(26, 61)",5,5.01
"(54, 365)",5,5.01
"(9, 1279)",5,5.01
"(54, 1868)",5,5.01
"(247, 274)",5,5.01
"(239, 99)",5,5.01
"(90, 6)",5,5.01
"(534, 366)",5,5.01
"(201, 55)",5,5.01
"(2434, 9)",5,5.01
"(155, 359)",5,5.01
"(117, 1721)",5,5.01
"(602, 313)",5,5.01
"(79, 201)",5,5.01
"(773, 320)",5,5.01
"(60, 9)",5,5.01
"(62, 154)",5,5.01
"(100, 89)",5,5.01
"(54, 1886)",5,5.01
"(55, 54)",5,5.01
"(11, 35)",5,5.01
"(199, 101)",5,5.01
"(107, 2397)",5,5.01
"(54, 315)",5,5.01
"(34, 363)",5,5.01
"(107, 150)",5,5.01
"(488, 54)",5,5.01
"(117, 2988)",5,5.01
"(194, 777)",5,5.01
"(521, 109)",5,5.01
"(72, 194)",5,5.01
"(89, 1932)",5,5.01
"(210, 1400)",5,5.01
"(93, 416)",5,5.01
"(129, 147)",5,5.01
"(127, 132)",5,5.01
"(116, 252)",5,5.01
"(289, 468)",5,5.01
"(31, 466)",5,5.01
"(88, 1009)",5,5.01
"(270, 2150)",5,5.01
"(2919, 101)",5,5.01
"(147, 488)",5,5.01
"(188, 240)",5,5.01
"(118, 102)",5,5.01
"(58, 340)",5,5.01
"(1842, 561)",5,5.01
"(101, 523)",5,5.01
"(1938, 103)",5,5.01
"(283, 71)",5,5.01
"(623, 740)",5,5.01
"(4, 106)",5,5.01
"(4, 28)",5,5.01
"(406, 2452)",5,5.01
"(302, 399)",5,5.01
"(93, 302)",5,5.01
"(218, 91)",5,5.01
"(142, 113)",5,5.01
"(90, 493)",5,5.01
"(4, 32)",5,5.01
"(28, 90)",5,5.01
"(339, 109)",5,5.01
"(1411, 372)",5,5.01
"(113, 350)",5,5.01
"(93, 602)",5,5.01
"(108, 1281)",5,5.01
"(695, 11)",5,5.01
"(290, 116)",5,5.01
"(1559, 398)",5,5.01
"(1171, 71)",5,5.01
"(1194, 426)",5,5.01
"(62, 178)",5,5.01
"(109, 280)",5,5.01
"(155, 11)",5,5.01
"(93, 227)",5,5.01
"(142, 226)",5,5.01
"(9, 280)",5,5.01
"(54, 112)",5,5.01
"(1330, 1144)",5,5.01
"(101, 280)",5,5.01
"(113, 131)",5,5.01
"(54, 138)",5,5.01
"(241, 2552)",5,5.01
"(93, 521)",5,5.01
"(2593, 349)",5,5.01
"(190, 101)",5,5.01
"(6, 102)",5,5.01
"(10, 102)",5,5.01
"(102, 99)",5,5.01
"(2313, 73)",5,5.01
"(11, 2357)",5,5.01
"(136, 132)",5,5.01
"(88, 673)",5,5.01
"(71, 248)",5,5.01
"(558, 109)",5,5.01
"(1415, 47)",5,5.01
"(93, 426)",5,5.01
"(1274, 2730)",5,5.01
"(10, 210)",5,5.01
"(95, 10)",5,5.01
"(1186, 95)",5,5.01
"(722, 9)",5,5.01
"(113, 34)",5,5.01
"(54, 71)",5,5.01
"(1883, 99)",5,5.01
"(1956, 10)",5,5.01
"(47, 30)",5,5.01
"(172, 88)",5,5.01
"(1030, 218)",5,5.01
"(372, 558)",5,5.01
"(109, 34)",5,5.01
"(89, 1861)",5,5.01
"(1684, 898)",5,5.01
"(898, 555)",5,5.01
"(625, 73)",5,5.01
"(4, 48)",5,5.01
"(943, 78)",5,5.01
"(90, 230)",5,5.01
"(112, 1123)",5,5.01
"(10, 112)",5,5.01
"(89, 375)",5,5.01
"(89, 2011)",5,5.01
"(88, 1489)",5,5.01
"(1300, 113)",5,5.01
"(672, 60)",5,5.01
"(231, 2521)",5,5.01
"(97, 547)",5,5.01
"(60, 229)",5,5.01
"(73, 200)",5,5.01
"(101, 55)",5,5.01
"(165, 73)",5,5.01
"(54, 1479)",5,5.01
"(233, 9)",5,5.01
"(412, 2484)",5,5.01
"(647, 135)",5,5.01
"(147, 241)",5,5.01
"(280, 291)",5,5.01
"(893, 102)",5,5.01
"(502, 93)",5,5.01
"(134, 160)",5,5.01
"(422, 142)",5,5.01
"(1389, 350)",5,5.01
"(3, 409)",5,5.01
"(405, 107)",5,5.01
"(1569, 11)",5,5.01
"(58, 405)",5,5.01
"(1983, 11)",5,5.01
"(557, 440)",5,5.01
"(4, 860)",5,5.01
"(88, 1860)",5,5.01
"(313, 9)",5,5.01
"(1164, 55)",5,5.01
"(848, 233)",5,5.01
"(93, 66)",5,5.01
"(511, 464)",5,5.01
"(94, 241)",5,5.01
"(229, 69)",5,5.01
"(93, 497)",5,5.01
"(101, 739)",5,5.01
"(1365, 2943)",5,5.01
"(1876, 1365)",5,5.01
"(151, 156)",5,5.01
"(193, 241)",5,5.01
"(487, 103)",5,5.01
"(1395, 101)",5,5.01
"(110, 66)",5,5.01
"(255, 129)",5,5.01
"(843, 255)",5,5.01
"(93, 94)",5,5.01
"(102, 949)",5,5.01
"(72, 109)",5,5.01
"(724, 2542)",5,5.01
"(113, 555)",5,5.01
"(220, 147)",5,5.01
"(109, 258)",5,5.01
"(55, 226)",5,5.01
"(1505, 103)",5,5.01
"(309, 11)",5,5.01
"(184, 102)",5,5.01
"(177, 73)",5,5.01
"(270, 26)",5,5.01
"(88, 2629)",5,5.01
"(598, 190)",5,5.01
"(78, 142)",5,5.01
"(193, 396)",5,5.01
"(62, 156)",5,5.01
"(173, 72)",5,5.01
"(596, 101)",5,5.01
"(1359, 101)",5,5.01
"(166, 377)",5,5.01
"(1288, 158)",5,5.01
"(188, 91)",5,5.01
"(88, 1780)",5,5.01
"(348, 102)",5,5.01
"(66, 306)",5,5.01
"(552, 116)",5,5.01
"(54, 671)",5,5.01
"(645, 11)",5,5.01
"(54, 216)",5,5.01
"(93, 528)",5,5.01
"(425, 90)",5,5.01
"(43, 40)",5,5.01
"(60, 89)",5,5.01
"(433, 149)",5,5.01
"(268, 88)",5,5.01
"(123, 415)",5,5.01
"(99, 74)",5,5.01
"(666, 598)",5,5.01
"(303, 438)",5,5.01
"(73, 295)",5,5.01
"(1018, 11)",5,5.01
"(169, 182)",5,5.01
"(344, 286)",5,5.01
"(130, 777)",5,5.01
"(117, 144)",5,5.01
"(88, 739)",5,5.01
"(56, 349)",5,5.01
"(26, 55)",5,5.01
"(57, 100)",5,5.01
"(88, 677)",5,5.01
"(214, 88)",5,5.01
"(34, 2738)",5,5.01
"(71, 172)",5,5.01
"(1052, 191)",5,5.01
"(181, 570)",5,5.01
"(2028, 101)",5,5.01
"(109, 350)",5,5.01
"(353, 102)",5,5.01
"(1088, 54)",5,5.01
"(114, 110)",5,5.01
"(95, 94)",5,5.01
"(552, 181)",5,5.01
"(2349, 101)",5,5.01
"(435, 211)",5,5.01
"(385, 153)",5,5.01
"(56, 410)",5,5.01
"(113, 203)",5,5.01
"(2113, 10)",5,5.01
"(10, 455)",5,5.01
"(141, 1128)",5,5.01
"(662, 758)",5,5.01
"(219, 263)",5,5.01
"(1543, 74)",5,5.01
"(2273, 101)",5,5.01
"(1591, 154)",5,5.01
"(868, 224)",5,5.01
"(335, 470)",5,5.01
"(2174, 335)",5,5.01
"(181, 9)",5,5.01
"(88, 2564)",5,5.01
"(290, 290)",5,5.01
"(2564, 101)",5,5.01
"(88, 2918)",5,5.01
"(2208, 101)",5,5.01
"(281, 728)",5,5.01
"(88, 68)",5,5.01
"(88, 2156)",5,5.01
"(34, 2076)",5,5.01
"(54, 444)",5,5.01
"(1773, 10)",5,5.01
"(1004, 69)",5,5.01
"(109, 142)",5,5.01
"(523, 136)",5,5.01
"(1319, 11)",5,5.01
"(150, 138)",5,5.01
"(9, 44)",5,5.01
"(821, 54)",5,5.01
"(88, 58)",5,5.01
"(1663, 9)",5,5.01
"(88, 663)",5,5.01
"(109, 127)",5,5.01
"(69, 633)",5,5.01
"(158, 379)",5,5.01
"(9, 2252)",5,5.01
"(88, 494)",5,5.01
"(2430, 274)",5,5.01
"(668, 116)",5,5.01
"(617, 222)",5,5.01
"(10, 1152)",5,5.01
"(473, 58)",5,5.01
"(491, 253)",5,5.01
"(867, 9)",5,5.01
"(521, 88)",5,5.01
"(26, 293)",5,5.01
"(317, 134)",5,5.01
"(34, 1793)",5,5.01
"(1041, 172)",5,5.01
"(449, 416)",5,5.01
"(69, 801)",5,5.01
"(2252, 129)",5,5.01
"(10, 55)",5,5.01
"(179, 247)",5,5.01
"(55, 657)",5,5.01
"(2902, 101)",5,5.01
"(258, 1568)",5,5.01
"(119, 581)",5,5.01
"(242, 133)",5,5.01
"(280, 243)",5,5.01
"(1111, 93)",5,5.01
"(58, 102)",5,5.01
"(1151, 11)",5,5.01
"(56, 179)",5,5.01
"(112, 543)",5,5.01
"(93, 112)",5,5.01
"(290, 97)",5,5.01
"(1799, 1018)",5,5.01
"(4, 290)",5,5.01
"(1331, 101)",5,5.01
"(9, 296)",5,5.01
"(126, 255)",5,5.01
"(577, 101)",5,5.01
"(189, 72)",5,5.01
"(54, 95)",5,5.01
"(88, 2050)",5,5.01
"(370, 147)",5,5.01
"(916, 101)",5,5.01
"(93, 492)",5,5.01
"(578, 2025)",5,5.01
"(2095, 109)",5,5.01
"(59, 2095)",5,5.01
"(54, 2925)",5,5.01
"(656, 492)",5,5.01
"(401, 278)",5,5.01
"(475, 89)",5,5.01
"(2490, 104)",5,5.01
"(101, 560)",5,5.01
"(2333, 145)",5,5.01
"(145, 200)",5,5.01
"(491, 119)",5,5.01
"(266, 59)",5,5.01
"(426, 172)",5,5.01
"(1266, 113)",5,5.01
"(243, 771)",5,5.01
"(260, 2828)",5,5.01
"(114, 844)",5,5.01
"(88, 724)",5,5.01
"(237, 90)",5,5.01
"(700, 948)",5,5.01
"(166, 2629)",5,5.01
"(254, 147)",5,5.01
"(631, 142)",5,5.01
"(9, 2054)",5,5.01
"(101, 1697)",5,5.01
"(167, 9)",5,5.01
"(34, 998)",5,5.01
"(1936, 34)",5,5.01
"(1086, 11)",5,5.01
"(123, 9)",5,5.01
"(130, 89)",5,5.01
"(34, 1303)",5,5.01
"(363, 293)",5,5.01
"(76, 67)",5,5.01
"(2725, 1018)",5,5.01
"(337, 99)",5,5.01
"(10, 337)",5,5.01
"(75, 126)",5,5.01
"(489, 738)",5,5.01
"(378, 293)",5,5.01
"(161, 147)",5,5.01
"(68, 11)",5,5.01
"(132, 188)",5,5.01
"(88, 1674)",5,5.01
"(847, 980)",5,5.01
"(1442, 11)",5,5.01
"(223, 553)",5,5.01
"(555, 223)",5,5.01
"(112, 89)",5,5.01
"(112, 927)",5,5.01
"(457, 544)",5,5.01
"(90, 1597)",5,5.01
"(332, 9)",5,5.01
"(504, 543)",5,5.01
"(114, 58)",5,5.01
"(314, 185)",5,5.01
"(88, 1383)",5,5.01
"(539, 88)",5,5.01
"(88, 1922)",5,5.01
"(284, 71)",5,5.01
"(216, 115)",5,5.01
"(220, 149)",5,5.01
"(852, 72)",5,5.01
"(88, 1169)",5,5.01
"(369, 89)",5,5.01
"(2968, 111)",5,5.01
"(623, 1133)",5,5.01
"(605, 93)",5,5.01
"(1204, 101)",5,5.01
"(88, 1131)",5,5.01
"(171, 252)",5,5.01
"(2396, 470)",5,5.01
"(856, 87)",5,5.01
"(11, 856)",5,5.01
"(88, 1078)",5,5.01
"(163, 171)",5,5.01
"(380, 153)",5,5.01
"(420, 923)",5,5.01
"(2310, 1781)",5,5.01
"(982, 101)",5,5.01
"(163, 272)",5,5.01
"(129, 10)",5,5.01
"(131, 101)",5,5.01
"(125, 178)",5,5.01
"(656, 88)",5,5.01
"(873, 147)",5,5.01
"(61, 11)",5,5.01
"(958, 103)",5,5.01
"(116, 132)",5,5.01
"(426, 89)",5,5.01
"(89, 942)",5,5.01
"(136, 89)",5,5.01
"(543, 96)",5,5.01
"(755, 89)",5,5.01
"(98, 127)",5,5.01
"(93, 444)",5,5.01
"(1852, 101)",5,5.01
"(1184, 9)",5,5.01
"(932, 348)",5,5.01
"(133, 470)",5,5.01
"(111, 11)",5,5.01
"(926, 78)",5,5.01
"(88, 1693)",5,5.01
"(131, 2033)",5,5.01
"(10, 853)",5,5.01
"(581, 98)",5,5.01
"(163, 142)",5,5.01
"(88, 609)",5,5.01
"(2057, 680)",5,5.01
"(133, 118)",5,5.01
"(586, 99)",5,5.01
"(422, 113)",5,5.01
"(1842, 11)",5,5.01
"(304, 89)",5,5.01
"(557, 468)",5,5.01
"(101, 133)",5,5.01
"(118, 96)",5,5.01
"(54, 93)",5,5.01
"(280, 2870)",5,5.01
"(589, 193)",5,5.01
"(352, 9)",5,5.01
"(1065, 352)",5,5.01
"(912, 9)",5,5.01
"(178, 2383)",5,5.01
"(662, 112)",5,5.01
"(707, 295)",5,5.01
"(114, 588)",5,5.01
"(480, 9)",5,5.01
"(1554, 615)",5,5.01
"(9, 1655)",5,5.01
"(166, 1271)",5,5.01
"(88, 2295)",5,5.01
"(186, 438)",5,5.01
"(1229, 9)",5,5.01
"(109, 1229)",5,5.01
"(88, 2002)",5,5.01
"(1232, 74)",5,5.01
"(74, 113)",5,5.01
"(135, 1912)",5,5.01
"(221, 103)",5,5.01
"(145, 69)",5,5.01
"(310, 213)",5,5.01
"(102, 1172)",5,5.01
"(172, 55)",5,5.01
"(88, 142)",5,5.01
"(797, 9)",5,5.01
"(674, 186)",5,5.01
"(263, 392)",5,5.01
"(354, 101)",5,5.01
"(227, 11)",5,5.01
"(10, 194)",5,5.01
"(61, 172)",5,5.01
"(1594, 101)",5,5.01
"(142, 116)",5,5.01
"(54, 399)",5,5.01
"(1550, 93)",5,5.01
"(73, 229)",5,5.01
"(155, 188)",5,5.01
"(347, 375)",5,5.01
"(72, 166)",5,5.01
"(2627, 747)",5,5.01
"(96, 1452)",5,5.01
"(113, 3)",5,5.01
"(444, 974)",5,5.01
"(73, 344)",5,5.01
"(54, 2283)",5,5.01
"(89, 300)",5,5.01
"(975, 1389)",5,5.01
"(78, 273)",5,5.01
"(268, 89)",5,5.01
"(224, 9)",5,5.01
"(10, 69)",5,5.01
"(2603, 58)",5,5.01
"(97, 96)",5,5.01
"(1014, 9)",5,5.01
"(1653, 129)",5,5.01
"(78, 10)",5,5.01
"(574, 117)",5,5.01
"(90, 620)",5,5.01
"(1528, 112)",5,5.01
"(1486, 54)",5,5.01
"(323, 1486)",5,5.01
"(2295, 323)",5,5.01
"(290, 191)",5,5.01
"(1494, 419)",5,5.01
"(151, 1494)",5,5.01
"(1084, 11)",5,5.01
"(389, 833)",5,5.01
"(72, 328)",5,5.01
"(497, 88)",5,5.01
"(136, 483)",5,5.01
"(89, 1037)",5,5.01
"(107, 62)",5,5.01
"(88, 114)",5,5.01
"(371, 93)",5,5.01
"(177, 374)",5,5.01
"(144, 1409)",5,5.01
"(90, 11)",5,5.01
"(785, 340)",5,5.01
"(135, 876)",5,5.01
"(1143, 203)",5,5.01
"(445, 9)",5,5.01
"(73, 571)",5,5.01
"(254, 332)",5,5.01
"(73, 230)",5,5.01
"(280, 257)",5,5.01
"(114, 272)",5,5.01
"(93, 1167)",5,5.01
"(1650, 9)",5,5.01
"(1597, 2396)",5,5.01
"(160, 9)",5,5.01
"(319, 172)",5,5.01
"(170, 693)",5,5.01
"(166, 1013)",5,5.01
"(296, 88)",5,5.01
"(231, 1177)",5,5.01
"(764, 99)",5,5.01
"(542, 98)",5,5.01
"(88, 2097)",5,5.01
"(2097, 330)",5,5.01
"(220, 60)",5,5.01
"(1749, 72)",5,5.01
"(117, 142)",5,5.01
"(977, 147)",5,5.01
"(127, 191)",5,5.01
"(1792, 274)",5,5.01
"(1214, 11)",5,5.01
"(10, 926)",5,5.01
"(93, 143)",5,5.01
"(56, 119)",5,5.01
"(507, 102)",5,5.01
"(1697, 101)",5,5.01
"(117, 155)",5,5.01
"(1629, 127)",5,5.01
"(539, 197)",5,5.01
"(96, 41)",5,5.01
"(365, 200)",5,5.01
"(1090, 9)",5,5.01
"(190, 160)",5,5.01
"(88, 1423)",5,5.01
"(88, 1729)",5,5.01
"(710, 87)",5,5.01
"(93, 76)",5,5.01
"(116, 547)",5,5.01
"(178, 500)",5,5.01
"(108, 330)",5,5.01
"(1011, 972)",5,5.01
"(60, 139)",5,5.01
"(330, 390)",5,5.01
"(744, 134)",5,5.01
"(1081, 9)",5,5.01
"(9, 642)",5,5.01
"(529, 799)",5,5.01
"(2789, 102)",5,5.01
"(89, 1905)",5,5.01
"(852, 11)",5,5.01
"(274, 89)",5,5.01
"(197, 93)",5,5.01
"(11, 39)",5,5.01
"(397, 203)",5,5.01
"(2456, 109)",5,5.01
"(1814, 9)",5,5.01
"(371, 2984)",5,5.01
"(71, 239)",5,5.01
"(188, 2563)",5,5.01
"(455, 11)",5,5.01
"(142, 197)",5,5.01
"(88, 242)",5,5.01
"(142, 204)",5,5.01
"(55, 255)",5,5.01
"(243, 871)",5,5.01
"(224, 134)",5,5.01
"(101, 2913)",5,5.01
"(192, 398)",5,5.01
"(190, 89)",5,5.01
"(1175, 158)",5,5.01
"(1006, 101)",5,5.01
"(101, 541)",5,5.01
"(525, 655)",5,5.01
"(867, 907)",5,5.01
"(153, 263)",5,5.01
"(297, 6)",5,5.01
"(1152, 9)",5,5.01
"(9, 1900)",5,5.01
"(88, 1408)",5,5.01
"(388, 11)",5,5.01
"(1546, 730)",5,5.01
"(241, 9)",5,5.01
"(9, 506)",5,5.01
"(54, 65)",5,5.01
"(1851, 142)",5,5.01
"(103, 267)",5,5.01
"(204, 1772)",5,5.01
"(371, 118)",5,5.01
"(1772, 11)",5,5.01
"(621, 109)",5,5.01
"(72, 350)",5,5.01
"(91, 857)",5,5.01
"(255, 89)",5,5.01
"(1256, 98)",5,5.01
"(2690, 215)",5,5.01
"(1245, 88)",5,5.01
"(404, 791)",5,5.01
"(101, 368)",5,5.01
"(162, 921)",5,5.01
"(65, 11)",5,5.01
"(54, 646)",5,5.01
"(9, 492)",5,5.01
"(240, 300)",5,5.01
"(147, 383)",5,5.01
"(223, 252)",5,5.01
"(261, 143)",5,5.01
"(292, 109)",5,5.01
"(1883, 103)",5,5.01
"(117, 67)",5,5.01
"(98, 218)",5,5.01
"(298, 371)",5,5.01
"(4, 38)",5,5.01
"(44, 751)",5,5.01
"(622, 147)",5,5.01
"(672, 208)",5,5.01
"(9, 440)",5,5.01
"(344, 254)",5,5.01
"(102, 132)",5,5.01
"(59, 1834)",5,5.01
"(1618, 102)",5,5.01
"(576, 1618)",5,5.01
"(821, 771)",5,5.01
"(2108, 230)",5,5.01
"(88, 1776)",5,5.01
"(280, 1712)",5,5.01
"(102, 230)",5,5.01
"(118, 66)",5,5.01
"(66, 216)",5,5.01
"(88, 2356)",5,5.01
"(1466, 129)",5,5.01
"(188, 1151)",5,5.01
"(141, 353)",5,5.01
"(98, 211)",5,5.01
"(333, 203)",5,5.01
"(589, 9)",5,5.01
"(101, 1011)",5,5.01
"(103, 147)",5,5.01
"(118, 77)",5,5.01
"(54, 517)",5,5.01
"(54, 195)",5,5.01
"(1093, 11)",5,5.01
"(195, 228)",5,5.01
"(128, 984)",5,5.01
"(245, 128)",5,5.01
"(54, 475)",5,5.01
"(402, 410)",5,5.01
"(181, 445)",5,5.01
"(578, 838)",5,5.01
"(446, 89)",5,5.01
"(1761, 9)",5,5.01
"(283, 221)",5,5.01
"(136, 678)",5,5.01
"(126, 283)",5,5.01
"(60, 402)",5,5.01
"(90, 106)",5,5.01
"(1002, 247)",5,5.01
"(68, 253)",5,5.01
"(399, 89)",5,5.01
"(554, 319)",5,5.01
"(93, 347)",5,5.01
"(11, 1164)",5,5.01
"(295, 9)",5,5.01
"(254, 203)",5,5.01
"(88, 1117)",5,5.01
"(228, 58)",5,5.01
"(142, 135)",5,5.01
"(665, 1226)",5,5.01
"(2500, 150)",5,5.01
"(1256, 101)",5,5.01
"(220, 9)",5,5.01
"(88, 150)",5,5.01
"(93, 666)",5,5.01
"(2547, 101)",5,5.01
"(381, 9)",5,5.01
"(72, 131)",5,5.01
"(68, 58)",5,5.01
"(284, 104)",5,5.01
"(263, 68)",5,5.01
"(1474, 101)",5,5.01
"(3, 297)",5,5.01
"(245, 218)",5,5.01
"(485, 67)",5,5.01
"(191, 109)",5,5.01
"(2108, 2317)",5,5.01
"(201, 394)",5,5.01
"(2582, 99)",5,5.01
"(720, 315)",5,5.01
"(407, 9)",5,5.01
"(9, 1733)",5,5.01
"(54, 1527)",5,5.01
"(66, 162)",5,5.01
"(123, 91)",5,5.01
"(89, 239)",5,5.01
"(54, 113)",5,5.01
"(106, 858)",5,5.01
"(187, 65)",5,5.01
"(518, 2178)",5,5.01
"(98, 252)",5,5.01
"(2019, 747)",5,5.01
"(1546, 603)",5,5.01
"(129, 34)",5,5.01
"(96, 132)",5,5.01
"(434, 11)",5,5.01
"(554, 258)",5,5.01
"(844, 109)",5,5.01
"(88, 1838)",5,5.01
"(988, 163)",5,5.01
"(100, 9)",5,5.01
"(354, 187)",5,5.01
"(88, 1550)",5,5.01
"(88, 717)",5,5.01
"(372, 220)",5,5.01
"(1471, 126)",5,5.01
"(2374, 11)",5,5.01
"(1349, 101)",5,5.01
"(787, 310)",5,5.01
"(1533, 123)",5,5.01
"(2115, 9)",5,5.01
"(1331, 11)",5,5.01
"(2588, 379)",5,5.01
"(1118, 88)",5,5.01
"(590, 11)",5,5.01
"(1063, 88)",5,5.01
"(1252, 727)",5,5.01
"(102, 218)",5,5.01
"(251, 154)",5,5.01
"(636, 9)",5,5.01
"(392, 1098)",5,5.01
"(2289, 11)",5,5.01
"(204, 225)",5,5.01
"(764, 103)",5,5.01
"(101, 2679)",5,5.01
"(156, 101)",5,5.01
"(29, 485)",5,5.01
"(98, 582)",5,5.01
"(453, 11)",5,5.01
"(1048, 105)",5,5.01
"(2525, 176)",5,5.01
"(107, 629)",5,5.01
"(1156, 828)",5,5.01
"(72, 128)",5,5.01
"(105, 101)",5,5.01
"(88, 1752)",5,5.01
"(1965, 106)",5,5.01
"(147, 462)",5,5.01
"(191, 166)",5,5.01
"(144, 306)",5,5.01
"(1820, 99)",5,5.01
"(1872, 1143)",5,5.01
"(1143, 101)",5,5.01
"(1869, 9)",5,5.01
"(717, 680)",5,5.01
"(521, 97)",5,5.01
"(302, 784)",5,5.01
"(1884, 108)",5,5.01
"(784, 270)",5,5.01
"(808, 9)",5,5.01
"(10, 1084)",5,5.01
"(99, 203)",5,5.01
"(810, 54)",5,5.01
"(1275, 129)",5,5.01
"(187, 1267)",5,5.01
"(88, 1535)",5,5.01
"(55, 130)",5,5.01
"(199, 100)",5,5.01
"(88, 187)",5,5.01
"(203, 907)",5,5.01
"(74, 180)",5,5.01
"(44, 165)",5,5.01
"(1575, 1734)",5,5.01
"(1847, 1092)",5,5.01
"(88, 700)",5,5.01
"(341, 69)",5,5.01
"(4, 1390)",5,5.01
"(241, 874)",5,5.01
"(106, 94)",5,5.01
"(97, 89)",5,5.01
"(34, 45)",5,5.01
"(334, 106)",5,5.01
"(219, 6)",5,5.01
"(251, 354)",5,5.01
"(141, 577)",5,5.01
"(2569, 11)",5,5.01
"(96, 197)",5,5.01
"(100, 67)",5,5.01
"(104, 89)",5,5.01
"(67, 54)",5,5.01
"(161, 267)",5,5.01
"(140, 9)",5,5.01
"(150, 341)",5,5.01
"(1800, 88)",5,5.01
"(54, 1047)",5,5.01
"(485, 113)",5,5.01
"(1792, 1504)",5,5.01
"(510, 9)",5,5.01
"(155, 135)",5,5.01
"(1528, 54)",5,5.01
"(126, 724)",5,5.01
"(297, 2704)",5,5.01
"(2704, 310)",5,5.01
"(88, 1001)",5,5.01
"(155, 203)",5,5.01
"(292, 9)",5,5.01
"(2590, 172)",5,5.01
"(873, 11)",5,5.01
"(102, 383)",5,5.01
"(67, 349)",5,5.01
"(259, 11)",5,5.01
"(99, 426)",5,5.01
"(75, 335)",5,5.01
"(307, 191)",5,5.01
"(713, 276)",5,5.01
"(377, 179)",5,5.01
"(2423, 144)",5,5.01
"(782, 154)",5,5.01
"(88, 518)",5,5.01
"(34, 44)",5,5.01
"(315, 270)",5,5.01
"(88, 2071)",5,5.01
"(1262, 113)",5,5.01
"(90, 1580)",5,5.01
"(382, 11)",5,5.01
"(1086, 555)",5,5.01
"(63, 1123)",5,5.01
"(93, 869)",5,5.01
"(460, 6)",5,5.01
"(254, 11)",5,5.01
"(127, 350)",5,5.01
"(117, 1247)",5,5.01
"(188, 1400)",5,5.01
"(97, 160)",5,5.01
"(11, 608)",5,5.01
"(135, 509)",5,5.01
"(647, 109)",5,5.01
"(307, 102)",5,5.01
"(88, 784)",5,5.01
"(230, 54)",5,5.01
"(102, 647)",5,5.01
"(101, 4)",5,5.01
"(197, 89)",5,5.01
"(1298, 89)",5,5.01
"(1226, 1442)",5,5.01
"(422, 237)",5,5.01
"(44, 58)",5,5.01
"(421, 7)",5,5.01
"(97, 296)",5,5.01
"(72, 96)",5,5.01
"(344, 134)",5,5.01
"(54, 209)",5,5.01
"(254, 98)",5,5.01
"(668, 88)",5,5.01
"(2546, 101)",5,5.01
"(72, 225)",5,5.01
"(54, 369)",5,5.01
"(9, 353)",5,5.01
"(374, 103)",5,5.01
"(392, 9)",5,5.01
"(10, 538)",5,5.01
"(1744, 374)",5,5.01
"(114, 184)",5,5.01
"(9, 2212)",5,5.01
"(4, 1517)",5,5.01
"(179, 10)",5,5.01
"(1212, 88)",5,5.01
"(803, 172)",5,5.01
"(745, 195)",5,5.01
"(497, 54)",5,5.01
"(442, 333)",5,5.01
"(990, 99)",5,5.01
"(9, 665)",5,5.01
"(101, 44)",5,5.01
"(2023, 11)",5,5.01
"(88, 525)",5,5.01
"(1222, 11)",5,5.01
"(65, 100)",5,5.01
"(396, 98)",5,5.01
"(195, 95)",5,5.01
"(180, 9)",5,5.01
"(58, 90)",5,5.01
"(64, 191)",5,5.01
"(445, 11)",5,5.01
"(110, 144)",5,5.01
"(1637, 91)",5,5.01
"(1580, 96)",5,5.01
"(1641, 6)",5,5.01
"(2932, 93)",5,5.01
"(197, 155)",5,5.01
"(538, 255)",5,5.01
"(191, 1896)",5,5.01
"(96, 1292)",5,5.01
"(281, 181)",5,5.01
"(88, 178)",5,5.01
"(54, 314)",5,5.01
"(731, 199)",5,5.01
"(119, 398)",5,5.01
"(139, 9)",5,5.01
"(161, 98)",5,5.01
"(1234, 101)",5,5.01
"(428, 119)",5,5.01
"(6, 4)",5,5.01
"(1196, 109)",5,5.01
"(874, 11)",5,5.01
"(75, 1256)",5,5.01
"(485, 138)",5,5.01
"(602, 258)",5,5.01
"(528, 197)",5,5.01
"(587, 101)",5,5.01
"(375, 349)",5,5.01
"(272, 41)",5,5.01
"(9, 313)",5,5.01
"(132, 89)",5,5.01
"(75, 109)",5,5.01
"(34, 1671)",5,5.01
"(2799, 241)",5,5.01
"(50, 2573)",5,5.01
"(1750, 127)",5,5.01
"(390, 166)",5,5.01
"(292, 54)",5,5.01
"(1574, 272)",5,5.01
"(117, 135)",5,5.01
"(628, 9)",5,5.01
"(815, 11)",5,5.01
"(228, 234)",5,5.01
"(41, 318)",5,5.01
"(403, 1495)",5,5.01
"(1110, 78)",5,5.01
"(290, 218)",5,5.01
"(54, 651)",5,5.01
"(1475, 11)",5,5.01
"(493, 310)",5,5.01
"(106, 353)",5,5.01
"(1025, 95)",5,5.01
"(96, 1064)",5,5.01
"(88, 135)",5,5.01
"(136, 1245)",5,5.01
"(88, 936)",5,5.01
"(740, 9)",5,5.01
"(2092, 1963)",5,5.01
"(54, 179)",5,5.01
"(2755, 2112)",5,5.01
"(2418, 2594)",5,5.01
"(2766, 127)",5,5.01
"(72, 10)",5,5.01
"(2714, 2749)",5,5.01
"(2954, 224)",5,5.01
"(1779, 147)",5,5.01
"(87, 2861)",5,5.01
"(56, 461)",5,5.01
"(109, 306)",5,5.01
"(644, 103)",5,5.01
"(170, 179)",5,5.01
"(1766, 11)",5,5.01
"(1946, 95)",5,5.01
"(826, 172)",5,5.01
"(1772, 101)",5,5.01
"(135, 286)",5,5.01
"(56, 470)",5,5.01
"(147, 191)",5,5.01
"(579, 102)",5,5.01
"(1490, 681)",5,5.01
"(11, 7)",5,5.01
"(11, 29)",5,5.01
"(75, 349)",5,5.01
"(90, 98)",5,5.01
"(216, 196)",5,5.01
"(662, 886)",5,5.01
"(92, 112)",5,5.01
"(515, 857)",5,5.01
"(352, 34)",5,5.01
"(71, 93)",5,5.01
"(289, 252)",5,5.01
"(381, 89)",5,5.01
"(114, 1245)",5,5.01
"(123, 1269)",5,5.01
"(26, 69)",5,5.01
"(237, 204)",5,5.01
"(666, 129)",5,5.01
"(88, 233)",5,5.01
"(377, 56)",5,5.01
"(681, 107)",5,5.01
"(216, 108)",5,5.01
"(34, 154)",5,5.01
"(2135, 93)",5,5.01
"(126, 1938)",5,5.01
"(962, 107)",5,5.01
"(144, 125)",5,5.01
"(1255, 9)",5,5.01
"(277, 9)",5,5.01
"(606, 88)",5,5.01
"(71, 157)",5,5.01
"(1828, 834)",5,5.01
"(834, 1141)",5,5.01
"(44, 45)",5,5.01
"(314, 928)",5,5.01
"(1337, 99)",5,5.01
"(2715, 127)",5,5.01
"(1028, 95)",5,5.01
"(130, 142)",5,5.01
"(129, 98)",5,5.01
"(1592, 99)",5,5.01
"(114, 1567)",5,5.01
"(142, 127)",5,5.01
"(40, 44)",5,5.01
"(229, 221)",5,5.01
"(34, 538)",5,5.01
"(132, 34)",5,5.01
"(118, 56)",5,5.01
"(4, 462)",5,5.01
"(10, 225)",5,5.01
"(1016, 102)",5,5.01
"(28, 121)",5,5.01
"(88, 2128)",5,5.01
"(577, 117)",5,5.01
"(193, 127)",5,5.01
"(54, 572)",5,5.01
"(518, 56)",5,5.01
"(172, 116)",5,5.01
"(9, 2470)",5,5.01
"(1575, 37)",5,5.01
"(639, 11)",5,5.01
"(231, 830)",5,5.01
"(191, 9)",5,5.01
"(131, 104)",5,5.01
"(137, 176)",5,5.01
"(332, 93)",5,5.01
"(60, 164)",5,5.01
"(100, 101)",5,5.01
"(9, 1528)",5,5.01
"(142, 241)",5,5.01
"(188, 605)",5,5.01
"(54, 1921)",4,4.01
"(88, 649)",4,4.01
"(166, 195)",4,4.01
"(200, 101)",4,4.01
"(253, 9)",4,4.01
"(94, 89)",4,4.01
"(2923, 89)",4,4.01
"(871, 101)",4,4.01
"(25, 223)",4,4.01
"(256, 101)",4,4.01
"(221, 795)",4,4.01
"(101, 1879)",4,4.01
"(270, 2461)",4,4.01
"(2528, 11)",4,4.01
"(335, 93)",4,4.01
"(10, 286)",4,4.01
"(1189, 586)",4,4.01
"(1363, 91)",4,4.01
"(873, 93)",4,4.01
"(404, 109)",4,4.01
"(292, 158)",4,4.01
"(142, 921)",4,4.01
"(1617, 102)",4,4.01
"(1141, 57)",4,4.01
"(548, 203)",4,4.01
"(1494, 335)",4,4.01
"(195, 821)",4,4.01
"(100, 195)",4,4.01
"(113, 227)",4,4.01
"(103, 98)",4,4.01
"(61, 801)",4,4.01
"(2623, 747)",4,4.01
"(271, 102)",4,4.01
"(460, 339)",4,4.01
"(54, 1264)",4,4.01
"(2036, 9)",4,4.01
"(252, 91)",4,4.01
"(89, 251)",4,4.01
"(69, 305)",4,4.01
"(351, 101)",4,4.01
"(74, 158)",4,4.01
"(181, 218)",4,4.01
"(251, 139)",4,4.01
"(747, 102)",4,4.01
"(434, 135)",4,4.01
"(746, 101)",4,4.01
"(491, 255)",4,4.01
"(98, 276)",4,4.01
"(762, 116)",4,4.01
"(493, 9)",4,4.01
"(700, 54)",4,4.01
"(255, 9)",4,4.01
"(101, 29)",4,4.01
"(481, 102)",4,4.01
"(711, 72)",4,4.01
"(138, 95)",4,4.01
"(2449, 88)",4,4.01
"(2020, 481)",4,4.01
"(1400, 67)",4,4.01
"(88, 1547)",4,4.01
"(9, 1524)",4,4.01
"(191, 201)",4,4.01
"(106, 219)",4,4.01
"(6, 476)",4,4.01
"(96, 2705)",4,4.01
"(979, 2036)",4,4.01
"(354, 11)",4,4.01
"(570, 88)",4,4.01
"(218, 59)",4,4.01
"(1144, 72)",4,4.01
"(790, 138)",4,4.01
"(54, 109)",4,4.01
"(54, 61)",4,4.01
"(251, 95)",4,4.01
"(2791, 72)",4,4.01
"(230, 104)",4,4.01
"(597, 9)",4,4.01
"(2243, 172)",4,4.01
"(335, 98)",4,4.01
"(183, 2243)",4,4.01
"(106, 270)",4,4.01
"(2627, 427)",4,4.01
"(348, 313)",4,4.01
"(134, 596)",4,4.01
"(102, 2627)",4,4.01
"(511, 88)",4,4.01
"(163, 1854)",4,4.01
"(1058, 58)",4,4.01
"(10, 1033)",4,4.01
"(9, 2846)",4,4.01
"(173, 11)",4,4.01
"(88, 1329)",4,4.01
"(166, 101)",4,4.01
"(396, 88)",4,4.01
"(188, 1953)",4,4.01
"(2268, 101)",4,4.01
"(104, 118)",4,4.01
"(221, 104)",4,4.01
"(2981, 101)",4,4.01
"(288, 54)",4,4.01
"(3, 460)",4,4.01
"(223, 404)",4,4.01
"(111, 133)",4,4.01
"(29, 11)",4,4.01
"(73, 191)",4,4.01
"(1931, 101)",4,4.01
"(548, 89)",4,4.01
"(65, 248)",4,4.01
"(2212, 9)",4,4.01
"(54, 1202)",4,4.01
"(560, 438)",4,4.01
"(127, 300)",4,4.01
"(446, 288)",4,4.01
"(700, 325)",4,4.01
"(103, 502)",4,4.01
"(1804, 9)",4,4.01
"(54, 178)",4,4.01
"(519, 300)",4,4.01
"(1961, 78)",4,4.01
"(9, 755)",4,4.01
"(54, 206)",4,4.01
"(78, 191)",4,4.01
"(1187, 203)",4,4.01
"(232, 136)",4,4.01
"(1143, 89)",4,4.01
"(1485, 376)",4,4.01
"(727, 9)",4,4.01
"(2092, 167)",4,4.01
"(105, 544)",4,4.01
"(550, 9)",4,4.01
"(346, 102)",4,4.01
"(232, 252)",4,4.01
"(88, 703)",4,4.01
"(2029, 10)",4,4.01
"(4, 1485)",4,4.01
"(771, 103)",4,4.01
"(281, 227)",4,4.01
"(557, 9)",4,4.01
"(60, 214)",4,4.01
"(1468, 11)",4,4.01
"(90, 2068)",4,4.01
"(69, 581)",4,4.01
"(2076, 127)",4,4.01
"(1365, 129)",4,4.01
"(257, 180)",4,4.01
"(825, 142)",4,4.01
"(147, 171)",4,4.01
"(89, 126)",4,4.01
"(727, 237)",4,4.01
"(1243, 11)",4,4.01
"(509, 1243)",4,4.01
"(54, 1653)",4,4.01
"(74, 374)",4,4.01
"(511, 101)",4,4.01
"(431, 626)",4,4.01
"(104, 1325)",4,4.01
"(2979, 11)",4,4.01
"(43, 38)",4,4.01
"(616, 102)",4,4.01
"(1085, 206)",4,4.01
"(9, 231)",4,4.01
"(11, 1857)",4,4.01
"(2470, 191)",4,4.01
"(136, 136)",4,4.01
"(99, 101)",4,4.01
"(2265, 99)",4,4.01
"(172, 237)",4,4.01
"(127, 396)",4,4.01
"(175, 73)",4,4.01
"(54, 116)",4,4.01
"(88, 1882)",4,4.01
"(88, 984)",4,4.01
"(101, 2857)",4,4.01
"(171, 369)",4,4.01
"(95, 309)",4,4.01
"(103, 339)",4,4.01
"(209, 2151)",4,4.01
"(33, 441)",4,4.01
"(683, 78)",4,4.01
"(363, 326)",4,4.01
"(128, 2259)",4,4.01
"(2053, 898)",4,4.01
"(164, 398)",4,4.01
"(2458, 9)",4,4.01
"(517, 101)",4,4.01
"(101, 2718)",4,4.01
"(114, 91)",4,4.01
"(166, 2909)",4,4.01
"(88, 1814)",4,4.01
"(2911, 99)",4,4.01
"(130, 176)",4,4.01
"(869, 101)",4,4.01
"(34, 459)",4,4.01
"(2151, 66)",4,4.01
"(558, 161)",4,4.01
"(161, 288)",4,4.01
"(1933, 9)",4,4.01
"(392, 10)",4,4.01
"(59, 138)",4,4.01
"(605, 753)",4,4.01
"(693, 78)",4,4.01
"(745, 109)",4,4.01
"(127, 188)",4,4.01
"(107, 716)",4,4.01
"(1318, 129)",4,4.01
"(9, 2277)",4,4.01
"(9, 326)",4,4.01
"(166, 1728)",4,4.01
"(1854, 101)",4,4.01
"(594, 9)",4,4.01
"(452, 9)",4,4.01
"(238, 2636)",4,4.01
"(109, 468)",4,4.01
"(2730, 9)",4,4.01
"(395, 103)",4,4.01
"(166, 959)",4,4.01
"(334, 90)",4,4.01
"(526, 57)",4,4.01
"(139, 91)",4,4.01
"(117, 866)",4,4.01
"(749, 1293)",4,4.01
"(273, 11)",4,4.01
"(2050, 78)",4,4.01
"(339, 89)",4,4.01
"(195, 238)",4,4.01
"(2791, 9)",4,4.01
"(4, 416)",4,4.01
"(101, 2791)",4,4.01
"(4, 39)",4,4.01
"(804, 89)",4,4.01
"(135, 1225)",4,4.01
"(1290, 89)",4,4.01
"(135, 97)",4,4.01
"(93, 216)",4,4.01
"(334, 930)",4,4.01
"(371, 136)",4,4.01
"(270, 378)",4,4.01
"(1838, 154)",4,4.01
"(1508, 172)",4,4.01
"(132, 550)",4,4.01
"(1409, 9)",4,4.01
"(1305, 372)",4,4.01
"(69, 179)",4,4.01
"(119, 11)",4,4.01
"(150, 69)",4,4.01
"(54, 1557)",4,4.01
"(101, 1136)",4,4.01
"(424, 103)",4,4.01
"(2455, 9)",4,4.01
"(410, 89)",4,4.01
"(985, 1322)",4,4.01
"(1734, 34)",4,4.01
"(188, 144)",4,4.01
"(1601, 1734)",4,4.01
"(382, 517)",4,4.01
"(306, 93)",4,4.01
"(101, 755)",4,4.01
"(508, 98)",4,4.01
"(109, 1016)",4,4.01
"(143, 66)",4,4.01
"(129, 127)",4,4.01
"(141, 489)",4,4.01
"(110, 2806)",4,4.01
"(10, 110)",4,4.01
"(847, 1697)",4,4.01
"(1799, 1327)",4,4.01
"(977, 102)",4,4.01
"(1086, 270)",4,4.01
"(489, 2965)",4,4.01
"(2158, 99)",4,4.01
"(9, 819)",4,4.01
"(104, 274)",4,4.01
"(468, 163)",4,4.01
"(622, 102)",4,4.01
"(104, 255)",4,4.01
"(2053, 354)",4,4.01
"(867, 101)",4,4.01
"(431, 102)",4,4.01
"(102, 1399)",4,4.01
"(2065, 9)",4,4.01
"(89, 519)",4,4.01
"(191, 1816)",4,4.01
"(72, 351)",4,4.01
"(191, 188)",4,4.01
"(704, 88)",4,4.01
"(229, 139)",4,4.01
"(231, 559)",4,4.01
"(193, 101)",4,4.01
"(104, 307)",4,4.01
"(106, 67)",4,4.01
"(75, 343)",4,4.01
"(349, 117)",4,4.01
"(743, 93)",4,4.01
"(433, 134)",4,4.01
"(226, 303)",4,4.01
"(332, 88)",4,4.01
"(4, 2214)",4,4.01
"(2214, 233)",4,4.01
"(2580, 107)",4,4.01
"(1191, 256)",4,4.01
"(827, 89)",4,4.01
"(1185, 23)",4,4.01
"(9, 1091)",4,4.01
"(213, 744)",4,4.01
"(1982, 72)",4,4.01
"(493, 1032)",4,4.01
"(203, 127)",4,4.01
"(196, 127)",4,4.01
"(372, 67)",4,4.01
"(65, 795)",4,4.01
"(54, 1546)",4,4.01
"(383, 89)",4,4.01
"(1546, 325)",4,4.01
"(982, 11)",4,4.01
"(147, 489)",4,4.01
"(171, 230)",4,4.01
"(91, 1037)",4,4.01
"(310, 93)",4,4.01
"(409, 372)",4,4.01
"(1550, 101)",4,4.01
"(122, 1619)",4,4.01
"(298, 221)",4,4.01
"(1599, 9)",4,4.01
"(88, 90)",4,4.01
"(88, 1505)",4,4.01
"(116, 220)",4,4.01
"(114, 57)",4,4.01
"(173, 2837)",4,4.01
"(102, 341)",4,4.01
"(97, 422)",4,4.01
"(3, 433)",4,4.01
"(964, 102)",4,4.01
"(38, 2933)",4,4.01
"(9, 144)",4,4.01
"(366, 164)",4,4.01
"(213, 344)",4,4.01
"(215, 99)",4,4.01
"(300, 1052)",4,4.01
"(894, 561)",4,4.01
"(697, 11)",4,4.01
"(67, 108)",4,4.01
"(99, 67)",4,4.01
"(48, 99)",4,4.01
"(131, 1785)",4,4.01
"(548, 9)",4,4.01
"(1066, 1733)",4,4.01
"(112, 349)",4,4.01
"(152, 118)",4,4.01
"(1028, 10)",4,4.01
"(93, 78)",4,4.01
"(101, 894)",4,4.01
"(99, 204)",4,4.01
"(176, 531)",4,4.01
"(114, 138)",4,4.01
"(71, 9)",4,4.01
"(775, 9)",4,4.01
"(280, 650)",4,4.01
"(2210, 11)",4,4.01
"(2933, 23)",4,4.01
"(2847, 349)",4,4.01
"(280, 2847)",4,4.01
"(2033, 101)",4,4.01
"(93, 1917)",4,4.01
"(88, 1307)",4,4.01
"(724, 291)",4,4.01
"(1873, 189)",4,4.01
"(2434, 11)",4,4.01
"(25, 141)",4,4.01
"(468, 483)",4,4.01
"(464, 93)",4,4.01
"(396, 96)",4,4.01
"(93, 903)",4,4.01
"(1524, 93)",4,4.01
"(129, 237)",4,4.01
"(164, 256)",4,4.01
"(409, 245)",4,4.01
"(117, 221)",4,4.01
"(10, 93)",4,4.01
"(9, 183)",4,4.01
"(309, 102)",4,4.01
"(96, 475)",4,4.01
"(759, 9)",4,4.01
"(135, 465)",4,4.01
"(184, 109)",4,4.01
"(715, 172)",4,4.01
"(280, 1037)",4,4.01
"(499, 94)",4,4.01
"(167, 499)",4,4.01
"(2205, 9)",4,4.01
"(995, 167)",4,4.01
"(183, 96)",4,4.01
"(103, 109)",4,4.01
"(337, 782)",4,4.01
"(102, 284)",4,4.01
"(203, 132)",4,4.01
"(710, 2317)",4,4.01
"(126, 527)",4,4.01
"(201, 11)",4,4.01
"(227, 421)",4,4.01
"(54, 1011)",4,4.01
"(90, 144)",4,4.01
"(101, 1139)",4,4.01
"(1131, 101)",4,4.01
"(161, 188)",4,4.01
"(1609, 354)",4,4.01
"(96, 423)",4,4.01
"(101, 1918)",4,4.01
"(616, 11)",4,4.01
"(571, 93)",4,4.01
"(142, 909)",4,4.01
"(240, 1538)",4,4.01
"(112, 157)",4,4.01
"(160, 218)",4,4.01
"(2460, 239)",4,4.01
"(102, 363)",4,4.01
"(821, 402)",4,4.01
"(2443, 129)",4,4.01
"(257, 62)",4,4.01
"(290, 132)",4,4.01
"(1552, 979)",4,4.01
"(2993, 9)",4,4.01
"(112, 74)",4,4.01
"(1023, 69)",4,4.01
"(376, 786)",4,4.01
"(1847, 487)",4,4.01
"(292, 153)",4,4.01
"(503, 102)",4,4.01
"(316, 210)",4,4.01
"(88, 2547)",4,4.01
"(101, 959)",4,4.01
"(959, 93)",4,4.01
"(78, 88)",4,4.01
"(88, 1479)",4,4.01
"(296, 54)",4,4.01
"(54, 1808)",4,4.01
"(119, 104)",4,4.01
"(109, 114)",4,4.01
"(128, 1951)",4,4.01
"(62, 98)",4,4.01
"(1951, 239)",4,4.01
"(600, 818)",4,4.01
"(210, 72)",4,4.01
"(615, 101)",4,4.01
"(72, 237)",4,4.01
"(141, 951)",4,4.01
"(34, 1511)",4,4.01
"(116, 102)",4,4.01
"(517, 4)",4,4.01
"(197, 270)",4,4.01
"(363, 985)",4,4.01
"(985, 813)",4,4.01
"(733, 102)",4,4.01
"(814, 88)",4,4.01
"(88, 1167)",4,4.01
"(630, 34)",4,4.01
"(570, 11)",4,4.01
"(47, 4)",4,4.01
"(88, 2250)",4,4.01
"(369, 117)",4,4.01
"(93, 126)",4,4.01
"(74, 450)",4,4.01
"(1096, 134)",4,4.01
"(93, 114)",4,4.01
"(1207, 134)",4,4.01
"(2302, 111)",4,4.01
"(34, 483)",4,4.01
"(96, 104)",4,4.01
"(423, 74)",4,4.01
"(333, 258)",4,4.01
"(1173, 9)",4,4.01
"(223, 554)",4,4.01
"(130, 1893)",4,4.01
"(37, 143)",4,4.01
"(134, 25)",4,4.01
"(2565, 101)",4,4.01
"(260, 945)",4,4.01
"(166, 1814)",4,4.01
"(25, 1109)",4,4.01
"(1851, 11)",4,4.01
"(615, 111)",4,4.01
"(102, 1304)",4,4.01
"(112, 88)",4,4.01
"(348, 226)",4,4.01
"(227, 102)",4,4.01
"(670, 102)",4,4.01
"(99, 155)",4,4.01
"(34, 2885)",4,4.01
"(24, 142)",4,4.01
"(11, 1203)",4,4.01
"(102, 2603)",4,4.01
"(149, 102)",4,4.01
"(831, 190)",4,4.01
"(1974, 306)",4,4.01
"(90, 963)",4,4.01
"(131, 9)",4,4.01
"(606, 97)",4,4.01
"(3, 356)",4,4.01
"(1028, 129)",4,4.01
"(319, 89)",4,4.01
"(197, 421)",4,4.01
"(94, 364)",4,4.01
"(111, 89)",4,4.01
"(1970, 212)",4,4.01
"(742, 89)",4,4.01
"(817, 1970)",4,4.01
"(2421, 248)",4,4.01
"(60, 247)",4,4.01
"(1281, 9)",4,4.01
"(1103, 87)",4,4.01
"(9, 39)",4,4.01
"(136, 166)",4,4.01
"(460, 385)",4,4.01
"(54, 1078)",4,4.01
"(605, 598)",4,4.01
"(943, 550)",4,4.01
"(98, 78)",4,4.01
"(315, 88)",4,4.01
"(88, 1277)",4,4.01
"(63, 1618)",4,4.01
"(4, 983)",4,4.01
"(350, 617)",4,4.01
"(88, 118)",4,4.01
"(54, 1503)",4,4.01
"(375, 309)",4,4.01
"(2064, 101)",4,4.01
"(647, 2392)",4,4.01
"(1346, 11)",4,4.01
"(203, 190)",4,4.01
"(34, 2776)",4,4.01
"(1808, 72)",4,4.01
"(1775, 454)",4,4.01
"(363, 886)",4,4.01
"(600, 156)",4,4.01
"(764, 72)",4,4.01
"(117, 241)",4,4.01
"(2714, 255)",4,4.01
"(117, 523)",4,4.01
"(88, 2251)",4,4.01
"(126, 2714)",4,4.01
"(11, 2192)",4,4.01
"(34, 352)",4,4.01
"(2192, 9)",4,4.01
"(247, 59)",4,4.01
"(194, 9)",4,4.01
"(254, 258)",4,4.01
"(296, 254)",4,4.01
"(247, 680)",4,4.01
"(180, 101)",4,4.01
"(942, 1824)",4,4.01
"(93, 1059)",4,4.01
"(183, 130)",4,4.01
"(191, 1020)",4,4.01
"(1895, 69)",4,4.01
"(101, 1346)",4,4.01
"(142, 323)",4,4.01
"(88, 2064)",4,4.01
"(133, 9)",4,4.01
"(245, 508)",4,4.01
"(9, 724)",4,4.01
"(7, 37)",4,4.01
"(304, 289)",4,4.01
"(2046, 101)",4,4.01
"(88, 1004)",4,4.01
"(2057, 572)",4,4.01
"(1607, 9)",4,4.01
"(144, 1723)",4,4.01
"(1912, 11)",4,4.01
"(59, 1704)",4,4.01
"(1916, 9)",4,4.01
"(293, 93)",4,4.01
"(1111, 11)",4,4.01
"(119, 9)",4,4.01
"(276, 93)",4,4.01
"(58, 914)",4,4.01
"(300, 690)",4,4.01
"(1423, 72)",4,4.01
"(88, 27)",4,4.01
"(1226, 9)",4,4.01
"(179, 150)",4,4.01
"(35, 107)",4,4.01
"(107, 126)",4,4.01
"(126, 126)",4,4.01
"(772, 11)",4,4.01
"(93, 332)",4,4.01
"(1534, 181)",4,4.01
"(241, 91)",4,4.01
"(136, 518)",4,4.01
"(91, 827)",4,4.01
"(230, 9)",4,4.01
"(844, 147)",4,4.01
"(55, 1586)",4,4.01
"(167, 72)",4,4.01
"(88, 1983)",4,4.01
"(959, 102)",4,4.01
"(113, 149)",4,4.01
"(139, 66)",4,4.01
"(941, 88)",4,4.01
"(54, 2065)",4,4.01
"(2103, 67)",4,4.01
"(1840, 11)",4,4.01
"(112, 1840)",4,4.01
"(122, 73)",4,4.01
"(179, 102)",4,4.01
"(651, 191)",4,4.01
"(1701, 103)",4,4.01
"(9, 422)",4,4.01
"(54, 2301)",4,4.01
"(88, 38)",4,4.01
"(117, 841)",4,4.01
"(188, 873)",4,4.01
"(242, 399)",4,4.01
"(1262, 109)",4,4.01
"(74, 772)",4,4.01
"(88, 161)",4,4.01
"(2358, 9)",4,4.01
"(88, 1711)",4,4.01
"(314, 623)",4,4.01
"(141, 493)",4,4.01
"(116, 911)",4,4.01
"(88, 942)",4,4.01
"(1368, 839)",4,4.01
"(93, 2126)",4,4.01
"(399, 102)",4,4.01
"(696, 645)",4,4.01
"(1425, 612)",4,4.01
"(290, 135)",4,4.01
"(1434, 101)",4,4.01
"(93, 111)",4,4.01
"(832, 104)",4,4.01
"(104, 922)",4,4.01
"(241, 11)",4,4.01
"(118, 11)",4,4.01
"(2005, 581)",4,4.01
"(54, 1765)",4,4.01
"(319, 1368)",4,4.01
"(297, 132)",4,4.01
"(75, 139)",4,4.01
"(142, 149)",4,4.01
"(1629, 142)",4,4.01
"(1526, 9)",4,4.01
"(680, 88)",4,4.01
"(1585, 608)",4,4.01
"(987, 116)",4,4.01
"(220, 56)",4,4.01
"(2530, 158)",4,4.01
"(394, 88)",4,4.01
"(88, 2096)",4,4.01
"(2150, 554)",4,4.01
"(101, 288)",4,4.01
"(2927, 9)",4,4.01
"(181, 195)",4,4.01
"(172, 813)",4,4.01
"(2282, 101)",4,4.01
"(2728, 255)",4,4.01
"(565, 623)",4,4.01
"(1450, 9)",4,4.01
"(205, 120)",4,4.01
"(644, 211)",4,4.01
"(239, 89)",4,4.01
"(56, 784)",4,4.01
"(460, 263)",4,4.01
"(87, 306)",4,4.01
"(142, 191)",4,4.01
"(508, 371)",4,4.01
"(178, 2969)",4,4.01
"(523, 826)",4,4.01
"(270, 492)",4,4.01
"(102, 492)",4,4.01
"(94, 191)",4,4.01
"(1654, 9)",4,4.01
"(30, 30)",4,4.01
"(1034, 845)",4,4.01
"(11, 1034)",4,4.01
"(444, 137)",4,4.01
"(1002, 96)",4,4.01
"(571, 9)",4,4.01
"(96, 62)",4,4.01
"(133, 57)",4,4.01
"(126, 2749)",4,4.01
"(2403, 101)",4,4.01
"(57, 224)",4,4.01
"(147, 1966)",4,4.01
"(4, 877)",4,4.01
"(101, 2899)",4,4.01
"(399, 93)",4,4.01
"(503, 98)",4,4.01
"(90, 298)",4,4.01
"(34, 1059)",4,4.01
"(1882, 9)",4,4.01
"(1264, 73)",4,4.01
"(130, 90)",4,4.01
"(108, 1135)",4,4.01
"(117, 397)",4,4.01
"(460, 352)",4,4.01
"(223, 425)",4,4.01
"(185, 55)",4,4.01
"(1409, 237)",4,4.01
"(179, 129)",4,4.01
"(2588, 101)",4,4.01
"(88, 893)",4,4.01
"(60, 11)",4,4.01
"(135, 2245)",4,4.01
"(1892, 62)",4,4.01
"(101, 925)",4,4.01
"(161, 93)",4,4.01
"(171, 127)",4,4.01
"(136, 1763)",4,4.01
"(88, 326)",4,4.01
"(775, 181)",4,4.01
"(2093, 643)",4,4.01
"(817, 62)",4,4.01
"(25, 2293)",4,4.01
"(178, 772)",4,4.01
"(1062, 172)",4,4.01
"(9, 437)",4,4.01
"(113, 292)",4,4.01
"(1065, 385)",4,4.01
"(495, 88)",4,4.01
"(132, 117)",4,4.01
"(149, 88)",4,4.01
"(98, 166)",4,4.01
"(635, 172)",4,4.01
"(1193, 9)",4,4.01
"(290, 68)",4,4.01
"(128, 2742)",4,4.01
"(68, 61)",4,4.01
"(104, 550)",4,4.01
"(650, 102)",4,4.01
"(1177, 9)",4,4.01
"(110, 113)",4,4.01
"(406, 144)",4,4.01
"(107, 103)",4,4.01
"(6, 7)",4,4.01
"(2026, 591)",4,4.01
"(2600, 573)",4,4.01
"(88, 2500)",4,4.01
"(1595, 99)",4,4.01
"(924, 73)",4,4.01
"(399, 99)",4,4.01
"(10, 399)",4,4.01
"(113, 179)",4,4.01
"(1534, 54)",4,4.01
"(54, 443)",4,4.01
"(261, 198)",4,4.01
"(73, 98)",4,4.01
"(284, 230)",4,4.01
"(281, 446)",4,4.01
"(54, 710)",4,4.01
"(1364, 11)",4,4.01
"(2576, 11)",4,4.01
"(27, 337)",4,4.01
"(255, 11)",4,4.01
"(66, 683)",4,4.01
"(1978, 113)",4,4.01
"(101, 2642)",4,4.01
"(1808, 11)",4,4.01
"(41, 137)",4,4.01
"(221, 335)",4,4.01
"(1969, 11)",4,4.01
"(25, 317)",4,4.01
"(93, 58)",4,4.01
"(177, 101)",4,4.01
"(172, 118)",4,4.01
"(281, 2270)",4,4.01
"(88, 515)",4,4.01
"(9, 14)",4,4.01
"(233, 106)",4,4.01
"(66, 500)",4,4.01
"(71, 161)",4,4.01
"(2239, 343)",4,4.01
"(54, 2333)",4,4.01
"(142, 153)",4,4.01
"(746, 11)",4,4.01
"(181, 134)",4,4.01
"(1598, 142)",4,4.01
"(88, 54)",4,4.01
"(166, 852)",4,4.01
"(89, 369)",4,4.01
"(371, 102)",4,4.01
"(240, 808)",4,4.01
"(128, 186)",4,4.01
"(2133, 106)",4,4.01
"(188, 787)",4,4.01
"(990, 224)",4,4.01
"(218, 2129)",4,4.01
"(2130, 255)",4,4.01
"(48, 104)",4,4.01
"(91, 107)",4,4.01
"(104, 120)",4,4.01
"(95, 98)",4,4.01
"(134, 132)",4,4.01
"(588, 103)",4,4.01
"(1363, 588)",4,4.01
"(980, 11)",4,4.01
"(359, 173)",4,4.01
"(71, 201)",4,4.01
"(264, 94)",4,4.01
"(141, 406)",4,4.01
"(2782, 101)",4,4.01
"(66, 747)",4,4.01
"(136, 195)",4,4.01
"(150, 66)",4,4.01
"(1931, 11)",4,4.01
"(503, 9)",4,4.01
"(346, 270)",4,4.01
"(4, 2292)",4,4.01
"(48, 94)",4,4.01
"(886, 639)",4,4.01
"(903, 310)",4,4.01
"(163, 25)",4,4.01
"(90, 306)",4,4.01
"(94, 79)",4,4.01
"(55, 318)",4,4.01
"(89, 1015)",4,4.01
"(163, 290)",4,4.01
"(101, 2002)",4,4.01
"(1851, 102)",4,4.01
"(179, 89)",4,4.01
"(2658, 9)",4,4.01
"(160, 579)",4,4.01
"(347, 423)",4,4.01
"(271, 218)",4,4.01
"(231, 926)",4,4.01
"(4, 2293)",4,4.01
"(926, 374)",4,4.01
"(102, 788)",4,4.01
"(1197, 234)",4,4.01
"(154, 130)",4,4.01
"(322, 1950)",4,4.01
"(625, 76)",4,4.01
"(54, 916)",4,4.01
"(213, 2437)",4,4.01
"(2904, 127)",4,4.01
"(243, 305)",4,4.01
"(2340, 2028)",4,4.01
"(54, 1744)",4,4.01
"(1863, 9)",4,4.01
"(117, 72)",4,4.01
"(69, 258)",4,4.01
"(88, 502)",4,4.01
"(2150, 117)",4,4.01
"(480, 11)",4,4.01
"(837, 115)",4,4.01
"(437, 191)",4,4.01
"(88, 106)",4,4.01
"(128, 300)",4,4.01
"(555, 232)",4,4.01
"(101, 144)",4,4.01
"(88, 243)",4,4.01
"(942, 57)",4,4.01
"(155, 360)",4,4.01
"(57, 414)",4,4.01
"(379, 89)",4,4.01
"(374, 11)",4,4.01
"(94, 109)",4,4.01
"(132, 135)",4,4.01
"(34, 846)",4,4.01
"(57, 101)",4,4.01
"(1896, 88)",4,4.01
"(141, 272)",4,4.01
"(113, 1319)",4,4.01
"(111, 10)",4,4.01
"(387, 1229)",4,4.01
"(106, 188)",4,4.01
"(73, 117)",4,4.01
"(54, 1724)",4,4.01
"(26, 128)",4,4.01
"(188, 557)",4,4.01
"(64, 89)",4,4.01
"(34, 701)",4,4.01
"(97, 91)",4,4.01
"(1775, 72)",4,4.01
"(54, 1322)",4,4.01
"(73, 1618)",4,4.01
"(61, 2408)",4,4.01
"(115, 65)",4,4.01
"(114, 2082)",4,4.01
"(1319, 74)",4,4.01
"(1965, 140)",4,4.01
"(262, 239)",4,4.01
"(251, 130)",4,4.01
"(1086, 421)",4,4.01
"(2241, 99)",4,4.01
"(69, 54)",4,4.01
"(1122, 180)",4,4.01
"(2925, 211)",4,4.01
"(75, 247)",4,4.01
"(2190, 349)",4,4.01
"(73, 999)",4,4.01
"(1241, 106)",4,4.01
"(1211, 88)",4,4.01
"(106, 103)",4,4.01
"(69, 173)",4,4.01
"(59, 178)",4,4.01
"(103, 188)",4,4.01
"(91, 138)",4,4.01
"(210, 119)",4,4.01
"(54, 985)",4,4.01
"(245, 11)",4,4.01
"(852, 9)",4,4.01
"(88, 916)",4,4.01
"(403, 349)",4,4.01
"(117, 271)",4,4.01
"(263, 34)",4,4.01
"(59, 115)",4,4.01
"(173, 68)",4,4.01
"(69, 129)",4,4.01
"(1226, 365)",4,4.01
"(218, 845)",4,4.01
"(32, 71)",4,4.01
"(126, 145)",4,4.01
"(297, 451)",4,4.01
"(1300, 88)",4,4.01
"(2944, 105)",4,4.01
"(268, 9)",4,4.01
"(161, 96)",4,4.01
"(359, 643)",4,4.01
"(26, 177)",4,4.01
"(2327, 100)",4,4.01
"(117, 187)",4,4.01
"(516, 322)",4,4.01
"(66, 89)",4,4.01
"(2994, 760)",4,4.01
"(118, 1741)",4,4.01
"(290, 102)",4,4.01
"(265, 78)",4,4.01
"(1505, 72)",4,4.01
"(24, 88)",4,4.01
"(9, 451)",4,4.01
"(322, 239)",4,4.01
"(9, 523)",4,4.01
"(381, 172)",4,4.01
"(28, 71)",4,4.01
"(2355, 765)",4,4.01
"(1382, 99)",4,4.01
"(2331, 684)",4,4.01
"(117, 171)",4,4.01
"(72, 165)",4,4.01
"(163, 2278)",4,4.01
"(261, 89)",4,4.01
"(96, 243)",4,4.01
"(426, 103)",4,4.01
"(1405, 78)",4,4.01
"(128, 309)",4,4.01
"(54, 2344)",4,4.01
"(166, 2173)",4,4.01
"(247, 1398)",4,4.01
"(2573, 43)",4,4.01
"(88, 444)",4,4.01
"(1411, 163)",4,4.01
"(1781, 111)",4,4.01
"(66, 106)",4,4.01
"(2278, 11)",4,4.01
"(2703, 405)",4,4.01
"(530, 1143)",4,4.01
"(1257, 11)",4,4.01
"(700, 441)",4,4.01
"(405, 129)",4,4.01
"(88, 607)",4,4.01
"(710, 1898)",4,4.01
"(289, 89)",4,4.01
"(1663, 129)",4,4.01
"(170, 186)",4,4.01
"(34, 1183)",4,4.01
"(109, 1498)",4,4.01
"(34, 553)",4,4.01
"(2228, 9)",4,4.01
"(1648, 2961)",4,4.01
"(529, 89)",4,4.01
"(4, 1876)",4,4.01
"(2144, 99)",4,4.01
"(645, 9)",4,4.01
"(805, 67)",4,4.01
"(2461, 47)",4,4.01
"(6, 290)",4,4.01
"(169, 1529)",4,4.01
"(328, 101)",4,4.01
"(65, 1099)",4,4.01
"(73, 2724)",4,4.01
"(88, 2913)",4,4.01
"(2462, 72)",4,4.01
"(739, 93)",4,4.01
"(104, 214)",4,4.01
"(79, 78)",4,4.01
"(88, 188)",4,4.01
"(54, 2005)",4,4.01
"(1359, 11)",4,4.01
"(252, 704)",4,4.01
"(93, 252)",4,4.01
"(47, 11)",4,4.01
"(287, 103)",4,4.01
"(2069, 2409)",4,4.01
"(280, 906)",4,4.01
"(28, 91)",4,4.01
"(1591, 1072)",4,4.01
"(34, 1360)",4,4.01
"(98, 443)",4,4.01
"(131, 1897)",4,4.01
"(54, 962)",4,4.01
"(96, 90)",4,4.01
"(1009, 101)",4,4.01
"(4, 1515)",4,4.01
"(88, 879)",4,4.01
"(6, 44)",4,4.01
"(132, 312)",4,4.01
"(403, 132)",4,4.01
"(93, 1668)",4,4.01
"(258, 302)",4,4.01
"(2473, 581)",4,4.01
"(69, 335)",4,4.01
"(2344, 101)",4,4.01
"(247, 64)",4,4.01
"(11, 1363)",4,4.01
"(91, 754)",4,4.01
"(116, 344)",4,4.01
"(40, 28)",4,4.01
"(1618, 9)",4,4.01
"(58, 566)",4,4.01
"(297, 528)",4,4.01
"(1274, 11)",4,4.01
"(46, 1612)",4,4.01
"(292, 135)",4,4.01
"(495, 134)",4,4.01
"(30, 2081)",4,4.01
"(263, 596)",4,4.01
"(406, 1479)",4,4.01
"(2081, 884)",4,4.01
"(334, 2518)",4,4.01
"(884, 124)",4,4.01
"(100, 102)",4,4.01
"(4, 93)",4,4.01
"(101, 995)",4,4.01
"(1612, 2847)",4,4.01
"(88, 311)",4,4.01
"(89, 1318)",4,4.01
"(56, 1841)",4,4.01
"(54, 2381)",4,4.01
"(2847, 581)",4,4.01
"(1146, 155)",4,4.01
"(181, 2555)",4,4.01
"(591, 11)",4,4.01
"(130, 986)",4,4.01
"(2669, 109)",4,4.01
"(200, 99)",4,4.01
"(310, 34)",4,4.01
"(1974, 247)",4,4.01
"(787, 695)",4,4.01
"(155, 219)",4,4.01
"(2507, 2081)",4,4.01
"(681, 90)",4,4.01
"(841, 867)",4,4.01
"(920, 9)",4,4.01
"(586, 681)",4,4.01
"(1742, 257)",4,4.01
"(127, 1180)",4,4.01
"(14, 21)",4,4.01
"(397, 453)",4,4.01
"(877, 90)",4,4.01
"(825, 705)",4,4.01
"(179, 750)",4,4.01
"(144, 581)",4,4.01
"(56, 11)",4,4.01
"(88, 1483)",4,4.01
"(88, 2102)",4,4.01
"(2381, 587)",4,4.01
"(288, 421)",4,4.01
"(92, 999)",4,4.01
"(1647, 309)",4,4.01
"(2515, 767)",4,4.01
"(26, 56)",4,4.01
"(191, 462)",4,4.01
"(245, 288)",4,4.01
"(245, 226)",4,4.01
"(88, 75)",4,4.01
"(982, 9)",4,4.01
"(369, 258)",4,4.01
"(73, 270)",4,4.01
"(385, 163)",4,4.01
"(106, 98)",4,4.01
"(2133, 101)",4,4.01
"(171, 95)",4,4.01
"(832, 738)",4,4.01
"(758, 145)",4,4.01
"(102, 1804)",4,4.01
"(313, 190)",4,4.01
"(145, 55)",4,4.01
"(879, 171)",4,4.01
"(2995, 2300)",4,4.01
"(88, 1243)",4,4.01
"(34, 696)",4,4.01
"(190, 290)",4,4.01
"(9, 458)",4,4.01
"(54, 700)",4,4.01
"(1444, 1654)",4,4.01
"(936, 351)",4,4.01
"(106, 142)",4,4.01
"(103, 616)",4,4.01
"(1050, 434)",4,4.01
"(159, 284)",4,4.01
"(109, 219)",4,4.01
"(840, 88)",4,4.01
"(30, 45)",4,4.01
"(449, 116)",4,4.01
"(54, 1513)",4,4.01
"(88, 371)",4,4.01
"(1468, 72)",4,4.01
"(118, 2040)",4,4.01
"(54, 1028)",4,4.01
"(11, 1770)",4,4.01
"(203, 560)",4,4.01
"(26, 273)",4,4.01
"(10, 330)",4,4.01
"(38, 226)",4,4.01
"(136, 1473)",4,4.01
"(480, 101)",4,4.01
"(71, 61)",4,4.01
"(54, 2052)",4,4.01
"(1501, 129)",4,4.01
"(9, 1501)",4,4.01
"(2600, 349)",4,4.01
"(756, 170)",4,4.01
"(10, 756)",4,4.01
"(204, 2173)",4,4.01
"(93, 240)",4,4.01
"(101, 205)",4,4.01
"(55, 1401)",4,4.01
"(218, 303)",4,4.01
"(2104, 9)",4,4.01
"(1586, 101)",4,4.01
"(336, 181)",4,4.01
"(88, 2740)",4,4.01
"(136, 67)",4,4.01
"(55, 1099)",4,4.01
"(135, 784)",4,4.01
"(135, 1210)",4,4.01
"(49, 47)",4,4.01
"(66, 487)",4,4.01
"(2705, 101)",4,4.01
"(326, 168)",4,4.01
"(88, 1233)",4,4.01
"(65, 559)",4,4.01
"(416, 350)",4,4.01
"(4, 2673)",4,4.01
"(577, 89)",4,4.01
"(55, 328)",4,4.01
"(59, 351)",4,4.01
"(102, 1076)",4,4.01
"(1107, 9)",4,4.01
"(88, 1933)",4,4.01
"(986, 10)",4,4.01
"(90, 986)",4,4.01
"(314, 2880)",4,4.01
"(71, 366)",4,4.01
"(477, 979)",4,4.01
"(61, 1956)",4,4.01
"(1527, 89)",4,4.01
"(1739, 304)",4,4.01
"(9, 1657)",4,4.01
"(2675, 9)",4,4.01
"(2258, 64)",4,4.01
"(1933, 11)",4,4.01
"(515, 2806)",4,4.01
"(88, 101)",4,4.01
"(34, 1592)",4,4.01
"(93, 261)",4,4.01
"(165, 173)",4,4.01
"(188, 1992)",4,4.01
"(88, 33)",4,4.01
"(191, 826)",4,4.01
"(281, 1303)",4,4.01
"(375, 98)",4,4.01
"(383, 198)",4,4.01
"(264, 115)",4,4.01
"(102, 701)",4,4.01
"(383, 9)",4,4.01
"(56, 115)",4,4.01
"(1657, 764)",4,4.01
"(127, 608)",4,4.01
"(527, 307)",4,4.01
"(91, 647)",4,4.01
"(647, 58)",4,4.01
"(181, 90)",4,4.01
"(1123, 9)",4,4.01
"(596, 109)",4,4.01
"(412, 927)",4,4.01
"(2559, 147)",4,4.01
"(72, 97)",4,4.01
"(65, 200)",4,4.01
"(1188, 78)",4,4.01
"(690, 1119)",4,4.01
"(49, 34)",4,4.01
"(270, 297)",4,4.01
"(885, 78)",4,4.01
"(6, 54)",4,4.01
"(30, 26)",4,4.01
"(1344, 78)",4,4.01
"(49, 1542)",4,4.01
"(2632, 9)",4,4.01
"(54, 561)",4,4.01
"(476, 123)",4,4.01
"(123, 895)",4,4.01
"(200, 830)",4,4.01
"(680, 11)",4,4.01
"(135, 72)",4,4.01
"(98, 135)",4,4.01
"(2060, 101)",4,4.01
"(34, 697)",4,4.01
"(303, 93)",4,4.01
"(2066, 161)",4,4.01
"(2362, 398)",4,4.01
"(1346, 9)",4,4.01
"(1483, 103)",4,4.01
"(172, 132)",4,4.01
"(300, 264)",4,4.01
"(259, 9)",4,4.01
"(2414, 450)",4,4.01
"(136, 953)",4,4.01
"(953, 453)",4,4.01
"(342, 101)",4,4.01
"(88, 1290)",4,4.01
"(153, 911)",4,4.01
"(623, 75)",4,4.01
"(193, 98)",4,4.01
"(2929, 9)",4,4.01
"(2024, 101)",4,4.01
"(493, 1585)",4,4.01
"(102, 2904)",4,4.01
"(498, 176)",4,4.01
"(56, 719)",4,4.01
"(11, 2641)",4,4.01
"(100, 740)",4,4.01
"(874, 191)",4,4.01
"(117, 506)",4,4.01
"(93, 468)",4,4.01
"(88, 365)",4,4.01
"(54, 2987)",4,4.01
"(288, 88)",4,4.01
"(1721, 114)",4,4.01
"(290, 188)",4,4.01
"(334, 92)",4,4.01
"(88, 2349)",4,4.01
"(341, 234)",4,4.01
"(1568, 9)",4,4.01
"(116, 1178)",4,4.01
"(1882, 10)",4,4.01
"(54, 622)",4,4.01
"(237, 226)",4,4.01
"(203, 241)",4,4.01
"(190, 388)",4,4.01
"(54, 261)",4,4.01
"(247, 581)",4,4.01
"(1834, 1327)",4,4.01
"(101, 26)",4,4.01
"(753, 9)",4,4.01
"(868, 129)",4,4.01
"(172, 286)",4,4.01
"(71, 593)",4,4.01
"(112, 155)",4,4.01
"(193, 353)",4,4.01
"(88, 2855)",4,4.01
"(2665, 11)",4,4.01
"(72, 1287)",4,4.01
"(26, 41)",4,4.01
"(135, 2359)",4,4.01
"(365, 2620)",4,4.01
"(9, 1596)",4,4.01
"(306, 309)",4,4.01
"(1052, 289)",4,4.01
"(110, 79)",4,4.01
"(88, 1234)",4,4.01
"(274, 9)",4,4.01
"(91, 199)",4,4.01
"(6, 141)",4,4.01
"(1526, 147)",4,4.01
"(101, 413)",4,4.01
"(178, 513)",4,4.01
"(284, 466)",4,4.01
"(116, 558)",4,4.01
"(1876, 364)",4,4.01
"(907, 172)",4,4.01
"(126, 740)",4,4.01
"(2484, 9)",4,4.01
"(143, 111)",4,4.01
"(48, 143)",4,4.01
"(34, 47)",4,4.01
"(230, 88)",4,4.01
"(181, 353)",4,4.01
"(620, 645)",4,4.01
"(184, 1035)",4,4.01
"(54, 382)",4,4.01
"(890, 88)",4,4.01
"(2385, 1072)",4,4.01
"(238, 111)",4,4.01
"(188, 1560)",4,4.01
"(188, 89)",4,4.01
"(106, 531)",4,4.01
"(1775, 11)",4,4.01
"(102, 1118)",4,4.01
"(2049, 135)",4,4.01
"(31, 1575)",4,4.01
"(130, 54)",4,4.01
"(374, 101)",4,4.01
"(102, 998)",4,4.01
"(156, 100)",4,4.01
"(9, 584)",4,4.01
"(31, 479)",4,4.01
"(167, 2372)",4,4.01
"(68, 106)",4,4.01
"(860, 432)",4,4.01
"(135, 438)",4,4.01
"(135, 1306)",4,4.01
"(87, 11)",4,4.01
"(903, 9)",4,4.01
"(88, 399)",4,4.01
"(73, 220)",4,4.01
"(1168, 251)",4,4.01
"(1057, 101)",4,4.01
"(123, 109)",4,4.01
"(113, 258)",4,4.01
"(34, 2386)",4,4.01
"(96, 190)",4,4.01
"(72, 252)",4,4.01
"(801, 103)",4,4.01
"(293, 315)",4,4.01
"(214, 188)",4,4.01
"(665, 9)",4,4.01
"(1716, 238)",4,4.01
"(54, 1255)",4,4.01
"(101, 666)",4,4.01
"(114, 132)",4,4.01
"(116, 415)",4,4.01
"(280, 1799)",4,4.01
"(9, 216)",4,4.01
"(939, 117)",4,4.01
"(89, 1716)",4,4.01
"(88, 1923)",4,4.01
"(63, 187)",4,4.01
"(9, 942)",4,4.01
"(826, 90)",4,4.01
"(163, 1331)",4,4.01
"(495, 34)",4,4.01
"(197, 147)",4,4.01
"(755, 438)",4,4.01
"(88, 2391)",4,4.01
"(134, 333)",4,4.01
"(126, 864)",4,4.01
"(185, 137)",4,4.01
"(861, 103)",4,4.01
"(136, 570)",4,4.01
"(1535, 364)",4,4.01
"(409, 442)",4,4.01
"(73, 102)",4,4.01
"(54, 2824)",4,4.01
"(860, 330)",4,4.01
"(88, 1339)",4,4.01
"(153, 281)",4,4.01
"(34, 365)",4,4.01
"(431, 88)",4,4.01
"(68, 671)",4,4.01
"(34, 1518)",4,4.01
"(1518, 446)",4,4.01
"(104, 740)",4,4.01
"(1358, 11)",4,4.01
"(2133, 11)",4,4.01
"(558, 88)",4,4.01
"(2496, 72)",4,4.01
"(60, 96)",4,4.01
"(127, 589)",4,4.01
"(1587, 2035)",4,4.01
"(495, 97)",4,4.01
"(161, 102)",4,4.01
"(88, 646)",4,4.01
"(91, 9)",4,4.01
"(88, 99)",4,4.01
"(136, 184)",4,4.01
"(203, 539)",4,4.01
"(335, 101)",4,4.01
"(93, 57)",4,4.01
"(11, 40)",4,4.01
"(9, 113)",4,4.01
"(34, 1036)",4,4.01
"(1583, 99)",4,4.01
"(1970, 9)",4,4.01
"(54, 903)",4,4.01
"(152, 423)",4,4.01
"(657, 78)",4,4.01
"(868, 89)",4,4.01
"(123, 78)",4,4.01
"(193, 147)",4,4.01
"(1016, 11)",4,4.01
"(514, 145)",4,4.01
"(233, 101)",4,4.01
"(2061, 11)",4,4.01
"(466, 416)",4,4.01
"(188, 2909)",4,4.01
"(916, 11)",4,4.01
"(54, 257)",4,4.01
"(1967, 11)",4,4.01
"(2527, 274)",4,4.01
"(88, 2166)",4,4.01
"(54, 165)",4,4.01
"(349, 93)",4,4.01
"(122, 543)",4,4.01
"(71, 430)",4,4.01
"(280, 175)",4,4.01
"(42, 507)",4,4.01
"(54, 724)",4,4.01
"(54, 541)",4,4.01
"(796, 239)",4,4.01
"(1139, 9)",4,4.01
"(226, 11)",4,4.01
"(4, 46)",4,4.01
"(72, 117)",4,4.01
"(136, 284)",4,4.01
"(366, 101)",4,4.01
"(284, 711)",4,4.01
"(2343, 626)",4,4.01
"(74, 108)",4,4.01
"(172, 96)",4,4.01
"(1155, 96)",4,4.01
"(101, 489)",4,4.01
"(181, 280)",4,4.01
"(280, 2464)",4,4.01
"(519, 1052)",4,4.01
"(336, 201)",4,4.01
"(47, 1542)",4,4.01
"(9, 363)",4,4.01
"(163, 2356)",4,4.01
"(66, 167)",4,4.01
"(238, 179)",4,4.01
"(9, 508)",4,4.01
"(701, 1626)",4,4.01
"(310, 147)",4,4.01
"(227, 2973)",4,4.01
"(128, 2923)",4,4.01
"(543, 9)",4,4.01
"(286, 96)",4,4.01
"(93, 284)",4,4.01
"(502, 101)",4,4.01
"(88, 1070)",4,4.01
"(1642, 112)",4,4.01
"(191, 2132)",4,4.01
"(54, 151)",4,4.01
"(88, 561)",4,4.01
"(317, 116)",4,4.01
"(172, 258)",4,4.01
"(187, 93)",4,4.01
"(118, 54)",4,4.01
"(784, 258)",4,4.01
"(201, 102)",4,4.01
"(541, 10)",4,4.01
"(1267, 804)",4,4.01
"(475, 34)",4,4.01
"(66, 98)",4,4.01
"(34, 1331)",4,4.01
"(540, 103)",4,4.01
"(727, 102)",4,4.01
"(88, 31)",4,4.01
"(7, 34)",4,4.01
"(339, 54)",4,4.01
"(88, 1282)",4,4.01
"(201, 89)",4,4.01
"(47, 34)",4,4.01
"(1202, 9)",4,4.01
"(274, 93)",4,4.01
"(144, 280)",4,4.01
"(392, 11)",4,4.01
"(111, 75)",4,4.01
"(620, 109)",4,4.01
"(102, 2551)",4,4.01
"(136, 100)",4,4.01
"(89, 1712)",4,4.01
"(9, 468)",4,4.01
"(64, 11)",4,4.01
"(48, 26)",4,4.01
"(390, 2611)",4,4.01
"(232, 1849)",4,4.01
"(9, 1556)",4,4.01
"(102, 165)",4,4.01
"(34, 366)",4,4.01
"(589, 102)",4,4.01
"(1869, 101)",4,4.01
"(145, 2480)",4,4.01
"(72, 226)",4,4.01
"(511, 102)",4,4.01
"(127, 1035)",4,4.01
"(171, 93)",4,4.01
"(102, 963)",4,4.01
"(142, 89)",4,4.01
"(252, 1534)",4,4.01
"(97, 69)",4,4.01
"(2066, 88)",4,4.01
"(255, 127)",4,4.01
"(400, 218)",4,4.01
"(88, 707)",4,4.01
"(209, 400)",4,4.01
"(2064, 11)",4,4.01
"(177, 9)",4,4.01
"(143, 1072)",4,4.01
"(1167, 795)",4,4.01
"(2019, 2504)",4,4.01
"(101, 27)",4,4.01
"(134, 704)",4,4.01
"(219, 89)",4,4.01
"(998, 9)",4,4.01
"(612, 9)",4,4.01
"(188, 517)",4,4.01
"(93, 128)",4,4.01
"(987, 9)",4,4.01
"(117, 231)",4,4.01
"(102, 995)",4,4.01
"(34, 647)",4,4.01
"(1196, 163)",4,4.01
"(167, 1567)",4,4.01
"(489, 1370)",4,4.01
"(2294, 45)",4,4.01
"(9, 397)",4,4.01
"(24, 34)",4,4.01
"(56, 507)",4,4.01
"(1692, 343)",4,4.01
"(59, 78)",4,4.01
"(745, 747)",4,4.01
"(106, 266)",4,4.01
"(888, 11)",4,4.01
"(241, 89)",4,4.01
"(104, 176)",4,4.01
"(423, 10)",4,4.01
"(1028, 354)",4,4.01
"(322, 229)",4,4.01
"(191, 547)",4,4.01
"(2687, 306)",4,4.01
"(4, 599)",4,4.01
"(55, 100)",4,4.01
"(113, 405)",4,4.01
"(1699, 727)",4,4.01
"(166, 1064)",4,4.01
"(9, 2535)",4,4.01
"(58, 10)",4,4.01
"(1953, 1474)",4,4.01
"(102, 226)",4,4.01
"(290, 589)",4,4.01
"(388, 89)",4,4.01
"(25, 2147)",4,4.01
"(24, 134)",4,4.01
"(330, 290)",4,4.01
"(9, 2342)",4,4.01
"(34, 1777)",4,4.01
"(1026, 2382)",4,4.01
"(109, 760)",4,4.01
"(101, 377)",4,4.01
"(4, 47)",4,4.01
"(10, 709)",4,4.01
"(153, 372)",4,4.01
"(54, 649)",4,4.01
"(39, 171)",4,4.01
"(59, 562)",4,4.01
"(9, 91)",4,4.01
"(54, 1276)",4,4.01
"(29, 4)",4,4.01
"(1121, 633)",4,4.01
"(252, 744)",4,4.01
"(700, 187)",4,4.01
"(187, 72)",4,4.01
"(489, 636)",4,4.01
"(88, 2597)",4,4.01
"(181, 1245)",4,4.01
"(54, 1364)",4,4.01
"(1319, 507)",4,4.01
"(138, 463)",4,4.01
"(2461, 34)",4,4.01
"(88, 1107)",4,4.01
"(1896, 54)",4,4.01
"(88, 102)",4,4.01
"(2155, 101)",4,4.01
"(860, 241)",4,4.01
"(135, 91)",4,4.01
"(110, 2689)",4,4.01
"(88, 1802)",4,4.01
"(2147, 34)",4,4.01
"(172, 160)",4,4.01
"(356, 213)",4,4.01
"(54, 144)",4,4.01
"(203, 109)",4,4.01
"(73, 93)",4,4.01
"(2521, 102)",4,4.01
"(744, 109)",4,4.01
"(926, 6)",4,4.01
"(2366, 9)",4,4.01
"(112, 452)",4,4.01
"(105, 183)",4,4.01
"(134, 227)",4,4.01
"(88, 2784)",4,4.01
"(1031, 464)",4,4.01
"(426, 135)",4,4.01
"(142, 488)",4,4.01
"(673, 123)",4,4.01
"(66, 144)",4,4.01
"(1053, 54)",4,4.01
"(584, 172)",4,4.01
"(93, 280)",4,4.01
"(88, 986)",4,4.01
"(241, 486)",4,4.01
"(91, 2530)",4,4.01
"(311, 59)",4,4.01
"(117, 290)",4,4.01
"(30, 29)",4,4.01
"(1004, 349)",4,4.01
"(1069, 948)",4,4.01
"(256, 135)",4,4.01
"(117, 118)",4,4.01
"(41, 306)",4,4.01
"(127, 1358)",4,4.01
"(150, 111)",4,4.01
"(372, 134)",4,4.01
"(167, 101)",4,4.01
"(1251, 78)",4,4.01
"(100, 6)",4,4.01
"(164, 78)",4,4.01
"(158, 101)",4,4.01
"(72, 506)",4,4.01
"(131, 96)",4,4.01
"(572, 1551)",4,4.01
"(162, 73)",4,4.01
"(188, 1527)",4,4.01
"(101, 734)",4,4.01
"(620, 11)",4,4.01
"(106, 642)",4,4.01
"(100, 572)",4,4.01
"(2722, 11)",4,4.01
"(36, 100)",4,4.01
"(728, 113)",4,4.01
"(93, 814)",4,4.01
"(106, 211)",4,4.01
"(475, 116)",4,4.01
"(104, 172)",4,4.01
"(1777, 1431)",4,4.01
"(1686, 941)",4,4.01
"(58, 100)",4,4.01
"(127, 117)",4,4.01
"(1194, 9)",4,4.01
"(11, 9)",4,4.01
"(395, 87)",4,4.01
"(54, 1030)",4,4.01
"(316, 95)",4,4.01
"(88, 29)",4,4.01
"(310, 102)",4,4.01
"(605, 666)",4,4.01
"(32, 379)",4,4.01
"(243, 1251)",4,4.01
"(88, 542)",4,4.01
"(2325, 89)",4,4.01
"(73, 181)",4,4.01
"(65, 349)",4,4.01
"(93, 245)",4,4.01
"(769, 102)",4,4.01
"(1000, 127)",4,4.01
"(1030, 454)",4,4.01
"(143, 265)",4,4.01
"(88, 2791)",4,4.01
"(55, 395)",4,4.01
"(2872, 337)",4,4.01
"(54, 690)",4,4.01
"(337, 312)",4,4.01
"(127, 98)",4,4.01
"(312, 2983)",4,4.01
"(339, 127)",4,4.01
"(2983, 93)",4,4.01
"(91, 1232)",4,4.01
"(90, 1349)",4,4.01
"(1155, 1099)",4,4.01
"(559, 72)",4,4.01
"(268, 218)",4,4.01
"(109, 555)",4,4.01
"(64, 927)",4,4.01
"(127, 714)",4,4.01
"(138, 239)",4,4.01
"(188, 1274)",4,4.01
"(160, 96)",4,4.01
"(800, 101)",4,4.01
"(238, 1248)",4,4.01
"(507, 100)",4,4.01
"(1091, 34)",4,4.01
"(216, 90)",4,4.01
"(11, 526)",4,4.01
"(578, 2521)",4,4.01
"(276, 354)",4,4.01
"(317, 214)",4,4.01
"(142, 302)",4,4.01
"(107, 65)",4,4.01
"(797, 102)",4,4.01
"(2747, 341)",4,4.01
"(101, 869)",4,4.01
"(106, 846)",4,4.01
"(163, 108)",4,4.01
"(870, 116)",4,4.01
"(759, 492)",4,4.01
"(57, 167)",4,4.01
"(264, 54)",4,4.01
"(93, 678)",4,4.01
"(263, 73)",4,4.01
"(93, 1562)",4,4.01
"(637, 97)",4,4.01
"(90, 10)",4,4.01
"(181, 497)",4,4.01
"(90, 1334)",4,4.01
"(1953, 101)",4,4.01
"(772, 9)",4,4.01
"(58, 58)",4,4.01
"(88, 1348)",4,4.01
"(93, 2864)",4,4.01
"(377, 315)",4,4.01
"(97, 708)",4,4.01
"(88, 298)",4,4.01
"(771, 101)",4,4.01
"(389, 135)",4,4.01
"(1788, 64)",4,4.01
"(78, 127)",4,4.01
"(341, 138)",4,4.01
"(2546, 127)",4,4.01
"(619, 891)",4,4.01
"(99, 188)",4,4.01
"(73, 171)",4,4.01
"(93, 437)",4,4.01
"(144, 1209)",4,4.01
"(90, 1434)",4,4.01
"(41, 58)",4,4.01
"(420, 127)",4,4.01
"(951, 762)",4,4.01
"(528, 171)",3,3.01
"(68, 119)",3,3.01
"(221, 2853)",3,3.01
"(226, 934)",3,3.01
"(2950, 112)",3,3.01
"(179, 96)",3,3.01
"(117, 858)",3,3.01
"(9, 372)",3,3.01
"(1793, 255)",3,3.01
"(1452, 11)",3,3.01
"(1792, 58)",3,3.01
"(901, 9)",3,3.01
"(4, 1929)",3,3.01
"(399, 117)",3,3.01
"(218, 272)",3,3.01
"(138, 834)",3,3.01
"(2691, 103)",3,3.01
"(112, 98)",3,3.01
"(346, 127)",3,3.01
"(100, 187)",3,3.01
"(481, 93)",3,3.01
"(1442, 10)",3,3.01
"(210, 234)",3,3.01
"(297, 91)",3,3.01
"(66, 1393)",3,3.01
"(54, 2355)",3,3.01
"(102, 2548)",3,3.01
"(841, 584)",3,3.01
"(134, 155)",3,3.01
"(266, 58)",3,3.01
"(111, 106)",3,3.01
"(720, 98)",3,3.01
"(93, 2691)",3,3.01
"(106, 224)",3,3.01
"(109, 1292)",3,3.01
"(166, 1337)",3,3.01
"(88, 177)",3,3.01
"(784, 106)",3,3.01
"(2634, 101)",3,3.01
"(69, 152)",3,3.01
"(310, 10)",3,3.01
"(2796, 475)",3,3.01
"(780, 594)",3,3.01
"(1119, 93)",3,3.01
"(93, 685)",3,3.01
"(39, 99)",3,3.01
"(2687, 180)",3,3.01
"(1337, 1376)",3,3.01
"(191, 100)",3,3.01
"(220, 780)",3,3.01
"(89, 231)",3,3.01
"(205, 2167)",3,3.01
"(116, 1910)",3,3.01
"(2007, 772)",3,3.01
"(106, 176)",3,3.01
"(509, 101)",3,3.01
"(89, 106)",3,3.01
"(315, 127)",3,3.01
"(749, 65)",3,3.01
"(1970, 101)",3,3.01
"(1923, 9)",3,3.01
"(555, 2150)",3,3.01
"(935, 346)",3,3.01
"(1262, 172)",3,3.01
"(88, 2466)",3,3.01
"(426, 96)",3,3.01
"(34, 516)",3,3.01
"(9, 2133)",3,3.01
"(2802, 101)",3,3.01
"(89, 755)",3,3.01
"(172, 106)",3,3.01
"(88, 2802)",3,3.01
"(93, 458)",3,3.01
"(758, 100)",3,3.01
"(378, 134)",3,3.01
"(1395, 88)",3,3.01
"(927, 9)",3,3.01
"(193, 523)",3,3.01
"(145, 94)",3,3.01
"(145, 66)",3,3.01
"(2629, 9)",3,3.01
"(73, 109)",3,3.01
"(178, 764)",3,3.01
"(142, 510)",3,3.01
"(554, 426)",3,3.01
"(210, 307)",3,3.01
"(166, 177)",3,3.01
"(951, 330)",3,3.01
"(136, 2188)",3,3.01
"(716, 66)",3,3.01
"(1763, 371)",3,3.01
"(54, 514)",3,3.01
"(93, 2929)",3,3.01
"(2188, 11)",3,3.01
"(130, 56)",3,3.01
"(709, 93)",3,3.01
"(1814, 11)",3,3.01
"(755, 9)",3,3.01
"(377, 261)",3,3.01
"(102, 2241)",3,3.01
"(2835, 874)",3,3.01
"(88, 76)",3,3.01
"(858, 102)",3,3.01
"(2046, 9)",3,3.01
"(353, 171)",3,3.01
"(93, 1016)",3,3.01
"(2663, 93)",3,3.01
"(141, 310)",3,3.01
"(656, 416)",3,3.01
"(436, 116)",3,3.01
"(93, 2114)",3,3.01
"(574, 93)",3,3.01
"(90, 95)",3,3.01
"(54, 1069)",3,3.01
"(11, 2796)",3,3.01
"(44, 243)",3,3.01
"(409, 451)",3,3.01
"(9, 377)",3,3.01
"(1169, 102)",3,3.01
"(214, 352)",3,3.01
"(518, 215)",3,3.01
"(385, 149)",3,3.01
"(2387, 103)",3,3.01
"(2195, 127)",3,3.01
"(54, 518)",3,3.01
"(187, 381)",3,3.01
"(9, 791)",3,3.01
"(2594, 11)",3,3.01
"(343, 555)",3,3.01
"(117, 1526)",3,3.01
"(1264, 90)",3,3.01
"(166, 493)",3,3.01
"(1081, 116)",3,3.01
"(2719, 101)",3,3.01
"(9, 1389)",3,3.01
"(101, 1030)",3,3.01
"(300, 138)",3,3.01
"(72, 25)",3,3.01
"(1510, 11)",3,3.01
"(2217, 171)",3,3.01
"(59, 122)",3,3.01
"(1848, 379)",3,3.01
"(54, 106)",3,3.01
"(10, 808)",3,3.01
"(1470, 6)",3,3.01
"(184, 96)",3,3.01
"(163, 99)",3,3.01
"(99, 161)",3,3.01
"(677, 531)",3,3.01
"(10, 1148)",3,3.01
"(2903, 103)",3,3.01
"(114, 597)",3,3.01
"(127, 149)",3,3.01
"(91, 163)",3,3.01
"(72, 72)",3,3.01
"(95, 256)",3,3.01
"(2952, 1287)",3,3.01
"(1360, 102)",3,3.01
"(101, 690)",3,3.01
"(354, 130)",3,3.01
"(1421, 176)",3,3.01
"(133, 214)",3,3.01
"(2727, 103)",3,3.01
"(141, 662)",3,3.01
"(1462, 101)",3,3.01
"(58, 276)",3,3.01
"(156, 1115)",3,3.01
"(1249, 9)",3,3.01
"(54, 1501)",3,3.01
"(710, 156)",3,3.01
"(48, 132)",3,3.01
"(844, 237)",3,3.01
"(272, 91)",3,3.01
"(73, 127)",3,3.01
"(132, 305)",3,3.01
"(54, 1234)",3,3.01
"(305, 93)",3,3.01
"(1622, 9)",3,3.01
"(102, 322)",3,3.01
"(622, 98)",3,3.01
"(136, 171)",3,3.01
"(558, 190)",3,3.01
"(241, 97)",3,3.01
"(1151, 102)",3,3.01
"(1078, 102)",3,3.01
"(163, 144)",3,3.01
"(222, 754)",3,3.01
"(1620, 11)",3,3.01
"(2144, 101)",3,3.01
"(296, 9)",3,3.01
"(620, 9)",3,3.01
"(1941, 604)",3,3.01
"(135, 817)",3,3.01
"(2918, 2665)",3,3.01
"(713, 687)",3,3.01
"(101, 2634)",3,3.01
"(241, 1333)",3,3.01
"(909, 101)",3,3.01
"(1064, 99)",3,3.01
"(93, 807)",3,3.01
"(877, 241)",3,3.01
"(10, 1136)",3,3.01
"(93, 380)",3,3.01
"(2852, 1376)",3,3.01
"(150, 364)",3,3.01
"(2695, 635)",3,3.01
"(312, 1056)",3,3.01
"(230, 119)",3,3.01
"(101, 1052)",3,3.01
"(991, 95)",3,3.01
"(2064, 9)",3,3.01
"(586, 427)",3,3.01
"(306, 811)",3,3.01
"(102, 195)",3,3.01
"(1387, 987)",3,3.01
"(741, 2705)",3,3.01
"(1230, 9)",3,3.01
"(78, 561)",3,3.01
"(961, 78)",3,3.01
"(449, 132)",3,3.01
"(2955, 9)",3,3.01
"(807, 72)",3,3.01
"(543, 88)",3,3.01
"(72, 1527)",3,3.01
"(1443, 852)",3,3.01
"(1136, 93)",3,3.01
"(73, 1036)",3,3.01
"(437, 161)",3,3.01
"(102, 1357)",3,3.01
"(188, 1810)",3,3.01
"(282, 503)",3,3.01
"(473, 760)",3,3.01
"(78, 87)",3,3.01
"(1558, 9)",3,3.01
"(234, 1944)",3,3.01
"(128, 555)",3,3.01
"(69, 1299)",3,3.01
"(71, 1260)",3,3.01
"(134, 54)",3,3.01
"(93, 371)",3,3.01
"(88, 1558)",3,3.01
"(90, 34)",3,3.01
"(1400, 740)",3,3.01
"(381, 254)",3,3.01
"(571, 101)",3,3.01
"(9, 826)",3,3.01
"(191, 1102)",3,3.01
"(290, 171)",3,3.01
"(757, 188)",3,3.01
"(172, 214)",3,3.01
"(136, 261)",3,3.01
"(2480, 11)",3,3.01
"(247, 255)",3,3.01
"(2029, 1143)",3,3.01
"(9, 260)",3,3.01
"(548, 190)",3,3.01
"(882, 93)",3,3.01
"(4, 1874)",3,3.01
"(296, 267)",3,3.01
"(106, 302)",3,3.01
"(141, 810)",3,3.01
"(745, 2891)",3,3.01
"(1417, 106)",3,3.01
"(1053, 132)",3,3.01
"(2798, 101)",3,3.01
"(2277, 88)",3,3.01
"(25, 1417)",3,3.01
"(88, 1014)",3,3.01
"(2465, 2228)",3,3.01
"(430, 626)",3,3.01
"(114, 101)",3,3.01
"(167, 2789)",3,3.01
"(74, 2742)",3,3.01
"(188, 2179)",3,3.01
"(823, 1011)",3,3.01
"(2712, 103)",3,3.01
"(115, 99)",3,3.01
"(191, 1247)",3,3.01
"(34, 1763)",3,3.01
"(2347, 1273)",3,3.01
"(306, 740)",3,3.01
"(1104, 127)",3,3.01
"(1200, 102)",3,3.01
"(959, 11)",3,3.01
"(103, 453)",3,3.01
"(135, 1984)",3,3.01
"(9, 59)",3,3.01
"(73, 1553)",3,3.01
"(1108, 102)",3,3.01
"(286, 188)",3,3.01
"(442, 446)",3,3.01
"(2287, 9)",3,3.01
"(1624, 9)",3,3.01
"(1316, 423)",3,3.01
"(54, 2687)",3,3.01
"(93, 1419)",3,3.01
"(72, 806)",3,3.01
"(72, 149)",3,3.01
"(127, 1006)",3,3.01
"(483, 114)",3,3.01
"(2983, 9)",3,3.01
"(291, 101)",3,3.01
"(3, 44)",3,3.01
"(101, 1933)",3,3.01
"(188, 1252)",3,3.01
"(1834, 89)",3,3.01
"(95, 104)",3,3.01
"(423, 54)",3,3.01
"(188, 1194)",3,3.01
"(9, 65)",3,3.01
"(101, 1128)",3,3.01
"(1664, 381)",3,3.01
"(1657, 427)",3,3.01
"(149, 173)",3,3.01
"(296, 753)",3,3.01
"(144, 58)",3,3.01
"(125, 158)",3,3.01
"(166, 89)",3,3.01
"(2504, 101)",3,3.01
"(437, 241)",3,3.01
"(109, 116)",3,3.01
"(45, 125)",3,3.01
"(874, 102)",3,3.01
"(479, 101)",3,3.01
"(853, 9)",3,3.01
"(326, 1029)",3,3.01
"(1597, 9)",3,3.01
"(1746, 129)",3,3.01
"(177, 105)",3,3.01
"(1469, 9)",3,3.01
"(54, 263)",3,3.01
"(102, 66)",3,3.01
"(1169, 101)",3,3.01
"(93, 6)",3,3.01
"(558, 1016)",3,3.01
"(9, 431)",3,3.01
"(109, 108)",3,3.01
"(88, 169)",3,3.01
"(103, 142)",3,3.01
"(147, 519)",3,3.01
"(545, 93)",3,3.01
"(635, 190)",3,3.01
"(88, 2473)",3,3.01
"(75, 1565)",3,3.01
"(89, 94)",3,3.01
"(129, 181)",3,3.01
"(247, 1549)",3,3.01
"(94, 755)",3,3.01
"(335, 2927)",3,3.01
"(26, 57)",3,3.01
"(71, 1251)",3,3.01
"(204, 195)",3,3.01
"(90, 100)",3,3.01
"(2024, 11)",3,3.01
"(672, 1790)",3,3.01
"(34, 1478)",3,3.01
"(111, 90)",3,3.01
"(267, 90)",3,3.01
"(911, 589)",3,3.01
"(646, 1242)",3,3.01
"(114, 96)",3,3.01
"(88, 1525)",3,3.01
"(1163, 9)",3,3.01
"(134, 451)",3,3.01
"(135, 71)",3,3.01
"(2842, 10)",3,3.01
"(116, 953)",3,3.01
"(201, 270)",3,3.01
"(9, 2106)",3,3.01
"(1361, 54)",3,3.01
"(439, 9)",3,3.01
"(1192, 974)",3,3.01
"(530, 2441)",3,3.01
"(200, 1828)",3,3.01
"(1989, 9)",3,3.01
"(326, 2505)",3,3.01
"(305, 101)",3,3.01
"(959, 136)",3,3.01
"(143, 68)",3,3.01
"(93, 365)",3,3.01
"(765, 158)",3,3.01
"(123, 765)",3,3.01
"(1316, 147)",3,3.01
"(93, 1316)",3,3.01
"(2639, 9)",3,3.01
"(90, 130)",3,3.01
"(67, 306)",3,3.01
"(111, 311)",3,3.01
"(365, 430)",3,3.01
"(365, 143)",3,3.01
"(143, 89)",3,3.01
"(9, 560)",3,3.01
"(166, 69)",3,3.01
"(71, 2518)",3,3.01
"(126, 62)",3,3.01
"(594, 72)",3,3.01
"(59, 1005)",3,3.01
"(587, 143)",3,3.01
"(2555, 9)",3,3.01
"(1197, 307)",3,3.01
"(166, 2026)",3,3.01
"(286, 510)",3,3.01
"(172, 117)",3,3.01
"(2854, 9)",3,3.01
"(94, 166)",3,3.01
"(90, 155)",3,3.01
"(591, 191)",3,3.01
"(155, 701)",3,3.01
"(2075, 11)",3,3.01
"(163, 2776)",3,3.01
"(510, 147)",3,3.01
"(73, 164)",3,3.01
"(163, 464)",3,3.01
"(88, 1011)",3,3.01
"(193, 760)",3,3.01
"(4, 1335)",3,3.01
"(1625, 102)",3,3.01
"(116, 1920)",3,3.01
"(330, 127)",3,3.01
"(2608, 88)",3,3.01
"(2899, 9)",3,3.01
"(9, 208)",3,3.01
"(2690, 2620)",3,3.01
"(101, 2466)",3,3.01
"(1015, 93)",3,3.01
"(55, 101)",3,3.01
"(2620, 101)",3,3.01
"(179, 347)",3,3.01
"(144, 54)",3,3.01
"(191, 59)",3,3.01
"(347, 752)",3,3.01
"(353, 101)",3,3.01
"(193, 166)",3,3.01
"(680, 147)",3,3.01
"(1651, 531)",3,3.01
"(577, 102)",3,3.01
"(814, 134)",3,3.01
"(95, 62)",3,3.01
"(841, 204)",3,3.01
"(73, 1551)",3,3.01
"(142, 1387)",3,3.01
"(300, 195)",3,3.01
"(1059, 977)",3,3.01
"(1728, 101)",3,3.01
"(630, 9)",3,3.01
"(1917, 161)",3,3.01
"(380, 134)",3,3.01
"(2200, 380)",3,3.01
"(134, 1104)",3,3.01
"(1549, 11)",3,3.01
"(437, 9)",3,3.01
"(109, 1018)",3,3.01
"(224, 72)",3,3.01
"(739, 11)",3,3.01
"(147, 958)",3,3.01
"(2419, 154)",3,3.01
"(261, 126)",3,3.01
"(190, 142)",3,3.01
"(1539, 1273)",3,3.01
"(67, 2419)",3,3.01
"(9, 267)",3,3.01
"(1189, 67)",3,3.01
"(100, 74)",3,3.01
"(161, 204)",3,3.01
"(2389, 306)",3,3.01
"(347, 805)",3,3.01
"(724, 206)",3,3.01
"(108, 594)",3,3.01
"(113, 254)",3,3.01
"(444, 603)",3,3.01
"(2156, 830)",3,3.01
"(63, 108)",3,3.01
"(126, 966)",3,3.01
"(1269, 11)",3,3.01
"(254, 510)",3,3.01
"(387, 102)",3,3.01
"(90, 1535)",3,3.01
"(56, 167)",3,3.01
"(850, 172)",3,3.01
"(703, 255)",3,3.01
"(101, 376)",3,3.01
"(171, 300)",3,3.01
"(102, 976)",3,3.01
"(906, 65)",3,3.01
"(200, 9)",3,3.01
"(198, 95)",3,3.01
"(9, 413)",3,3.01
"(30, 2572)",3,3.01
"(101, 341)",3,3.01
"(1182, 1649)",3,3.01
"(126, 1182)",3,3.01
"(2163, 1115)",3,3.01
"(335, 502)",3,3.01
"(93, 267)",3,3.01
"(9, 1226)",3,3.01
"(101, 179)",3,3.01
"(436, 88)",3,3.01
"(529, 2032)",3,3.01
"(88, 991)",3,3.01
"(9, 2884)",3,3.01
"(106, 69)",3,3.01
"(111, 94)",3,3.01
"(9, 130)",3,3.01
"(130, 1340)",3,3.01
"(281, 1036)",3,3.01
"(2639, 108)",3,3.01
"(30, 48)",3,3.01
"(39, 30)",3,3.01
"(137, 423)",3,3.01
"(1023, 123)",3,3.01
"(88, 205)",3,3.01
"(1120, 9)",3,3.01
"(117, 1598)",3,3.01
"(591, 101)",3,3.01
"(78, 147)",3,3.01
"(755, 11)",3,3.01
"(61, 89)",3,3.01
"(2728, 307)",3,3.01
"(88, 37)",3,3.01
"(45, 44)",3,3.01
"(1580, 2912)",3,3.01
"(88, 2177)",3,3.01
"(514, 177)",3,3.01
"(1135, 9)",3,3.01
"(1016, 89)",3,3.01
"(88, 220)",3,3.01
"(422, 101)",3,3.01
"(243, 168)",3,3.01
"(319, 1812)",3,3.01
"(60, 93)",3,3.01
"(54, 577)",3,3.01
"(89, 44)",3,3.01
"(88, 111)",3,3.01
"(117, 1272)",3,3.01
"(183, 89)",3,3.01
"(100, 2686)",3,3.01
"(109, 94)",3,3.01
"(27, 132)",3,3.01
"(132, 103)",3,3.01
"(96, 291)",3,3.01
"(103, 95)",3,3.01
"(95, 255)",3,3.01
"(199, 89)",3,3.01
"(245, 1224)",3,3.01
"(974, 9)",3,3.01
"(127, 292)",3,3.01
"(1560, 72)",3,3.01
"(229, 2863)",3,3.01
"(440, 116)",3,3.01
"(529, 94)",3,3.01
"(451, 163)",3,3.01
"(231, 95)",3,3.01
"(97, 553)",3,3.01
"(135, 341)",3,3.01
"(90, 1817)",3,3.01
"(44, 1415)",3,3.01
"(1766, 9)",3,3.01
"(94, 162)",3,3.01
"(9, 831)",3,3.01
"(427, 59)",3,3.01
"(134, 90)",3,3.01
"(181, 171)",3,3.01
"(267, 127)",3,3.01
"(232, 281)",3,3.01
"(132, 1839)",3,3.01
"(1165, 132)",3,3.01
"(95, 310)",3,3.01
"(253, 65)",3,3.01
"(1360, 335)",3,3.01
"(88, 260)",3,3.01
"(42, 46)",3,3.01
"(349, 98)",3,3.01
"(34, 2479)",3,3.01
"(171, 106)",3,3.01
"(892, 54)",3,3.01
"(9, 226)",3,3.01
"(93, 412)",3,3.01
"(839, 9)",3,3.01
"(166, 2802)",3,3.01
"(1525, 11)",3,3.01
"(239, 11)",3,3.01
"(945, 237)",3,3.01
"(136, 1170)",3,3.01
"(1170, 100)",3,3.01
"(650, 2324)",3,3.01
"(680, 267)",3,3.01
"(93, 457)",3,3.01
"(105, 114)",3,3.01
"(149, 134)",3,3.01
"(2966, 104)",3,3.01
"(1109, 1585)",3,3.01
"(290, 117)",3,3.01
"(550, 93)",3,3.01
"(1705, 550)",3,3.01
"(183, 11)",3,3.01
"(221, 592)",3,3.01
"(89, 1117)",3,3.01
"(548, 197)",3,3.01
"(117, 1854)",3,3.01
"(306, 99)",3,3.01
"(117, 840)",3,3.01
"(2711, 622)",3,3.01
"(88, 42)",3,3.01
"(135, 60)",3,3.01
"(281, 183)",3,3.01
"(183, 9)",3,3.01
"(218, 1525)",3,3.01
"(62, 624)",3,3.01
"(624, 224)",3,3.01
"(700, 119)",3,3.01
"(10, 60)",3,3.01
"(48, 48)",3,3.01
"(462, 38)",3,3.01
"(142, 352)",3,3.01
"(264, 93)",3,3.01
"(1241, 593)",3,3.01
"(93, 529)",3,3.01
"(2952, 1137)",3,3.01
"(2718, 9)",3,3.01
"(88, 2306)",3,3.01
"(415, 54)",3,3.01
"(906, 69)",3,3.01
"(54, 131)",3,3.01
"(343, 93)",3,3.01
"(121, 108)",3,3.01
"(814, 286)",3,3.01
"(1184, 117)",3,3.01
"(127, 142)",3,3.01
"(90, 1418)",3,3.01
"(109, 155)",3,3.01
"(1929, 134)",3,3.01
"(638, 240)",3,3.01
"(101, 1733)",3,3.01
"(2666, 11)",3,3.01
"(934, 11)",3,3.01
"(678, 9)",3,3.01
"(88, 925)",3,3.01
"(1575, 29)",3,3.01
"(934, 628)",3,3.01
"(101, 65)",3,3.01
"(134, 846)",3,3.01
"(2476, 11)",3,3.01
"(57, 96)",3,3.01
"(599, 931)",3,3.01
"(1835, 11)",3,3.01
"(550, 89)",3,3.01
"(304, 93)",3,3.01
"(1163, 11)",3,3.01
"(45, 152)",3,3.01
"(653, 9)",3,3.01
"(72, 265)",3,3.01
"(142, 2524)",3,3.01
"(111, 142)",3,3.01
"(166, 557)",3,3.01
"(300, 944)",3,3.01
"(2350, 101)",3,3.01
"(34, 1100)",3,3.01
"(54, 2284)",3,3.01
"(425, 1743)",3,3.01
"(629, 101)",3,3.01
"(1743, 103)",3,3.01
"(2616, 9)",3,3.01
"(423, 190)",3,3.01
"(1425, 423)",3,3.01
"(190, 286)",3,3.01
"(2724, 129)",3,3.01
"(59, 782)",3,3.01
"(857, 941)",3,3.01
"(9, 1960)",3,3.01
"(88, 61)",3,3.01
"(165, 199)",3,3.01
"(470, 89)",3,3.01
"(299, 104)",3,3.01
"(173, 89)",3,3.01
"(434, 237)",3,3.01
"(623, 434)",3,3.01
"(27, 2044)",3,3.01
"(69, 299)",3,3.01
"(1468, 101)",3,3.01
"(306, 9)",3,3.01
"(163, 183)",3,3.01
"(495, 116)",3,3.01
"(677, 183)",3,3.01
"(208, 2411)",3,3.01
"(1150, 11)",3,3.01
"(55, 161)",3,3.01
"(1951, 130)",3,3.01
"(127, 25)",3,3.01
"(44, 172)",3,3.01
"(1697, 9)",3,3.01
"(1303, 9)",3,3.01
"(98, 904)",3,3.01
"(2936, 177)",3,3.01
"(177, 79)",3,3.01
"(548, 218)",3,3.01
"(367, 130)",3,3.01
"(56, 367)",3,3.01
"(128, 56)",3,3.01
"(135, 2067)",3,3.01
"(2067, 9)",3,3.01
"(2737, 639)",3,3.01
"(54, 2206)",3,3.01
"(133, 11)",3,3.01
"(118, 2383)",3,3.01
"(9, 601)",3,3.01
"(9, 866)",3,3.01
"(705, 102)",3,3.01
"(385, 34)",3,3.01
"(853, 10)",3,3.01
"(426, 102)",3,3.01
"(25, 1065)",3,3.01
"(1232, 434)",3,3.01
"(261, 90)",3,3.01
"(280, 1229)",3,3.01
"(765, 79)",3,3.01
"(59, 765)",3,3.01
"(440, 6)",3,3.01
"(706, 241)",3,3.01
"(88, 1527)",3,3.01
"(90, 328)",3,3.01
"(74, 494)",3,3.01
"(297, 407)",3,3.01
"(114, 171)",3,3.01
"(171, 350)",3,3.01
"(441, 10)",3,3.01
"(604, 72)",3,3.01
"(432, 93)",3,3.01
"(251, 364)",3,3.01
"(88, 1759)",3,3.01
"(138, 354)",3,3.01
"(717, 72)",3,3.01
"(104, 487)",3,3.01
"(379, 11)",3,3.01
"(267, 171)",3,3.01
"(54, 1871)",3,3.01
"(1871, 129)",3,3.01
"(814, 155)",3,3.01
"(101, 56)",3,3.01
"(26, 45)",3,3.01
"(121, 342)",3,3.01
"(231, 121)",3,3.01
"(1064, 96)",3,3.01
"(114, 1064)",3,3.01
"(1852, 11)",3,3.01
"(170, 1852)",3,3.01
"(58, 170)",3,3.01
"(252, 1721)",3,3.01
"(1030, 9)",3,3.01
"(720, 11)",3,3.01
"(1992, 9)",3,3.01
"(966, 6)",3,3.01
"(490, 66)",3,3.01
"(88, 26)",3,3.01
"(102, 2189)",3,3.01
"(352, 870)",3,3.01
"(132, 155)",3,3.01
"(2402, 101)",3,3.01
"(415, 267)",3,3.01
"(635, 9)",3,3.01
"(1744, 156)",3,3.01
"(32, 30)",3,3.01
"(771, 9)",3,3.01
"(6, 9)",3,3.01
"(93, 195)",3,3.01
"(193, 134)",3,3.01
"(348, 822)",3,3.01
"(101, 348)",3,3.01
"(253, 101)",3,3.01
"(26, 37)",3,3.01
"(2234, 1852)",3,3.01
"(1085, 123)",3,3.01
"(188, 1038)",3,3.01
"(88, 1060)",3,3.01
"(443, 161)",3,3.01
"(10, 150)",3,3.01
"(54, 1068)",3,3.01
"(54, 2063)",3,3.01
"(245, 64)",3,3.01
"(226, 310)",3,3.01
"(54, 1651)",3,3.01
"(66, 1820)",3,3.01
"(509, 11)",3,3.01
"(34, 2265)",3,3.01
"(43, 2095)",3,3.01
"(2095, 237)",3,3.01
"(136, 2555)",3,3.01
"(75, 89)",3,3.01
"(711, 98)",3,3.01
"(487, 172)",3,3.01
"(102, 602)",3,3.01
"(34, 893)",3,3.01
"(534, 2811)",3,3.01
"(34, 394)",3,3.01
"(147, 57)",3,3.01
"(89, 98)",3,3.01
"(958, 172)",3,3.01
"(94, 270)",3,3.01
"(363, 491)",3,3.01
"(93, 389)",3,3.01
"(123, 11)",3,3.01
"(104, 832)",3,3.01
"(43, 215)",3,3.01
"(194, 58)",3,3.01
"(832, 987)",3,3.01
"(9, 1167)",3,3.01
"(72, 4)",3,3.01
"(2391, 9)",3,3.01
"(33, 144)",3,3.01
"(1451, 1394)",3,3.01
"(100, 108)",3,3.01
"(1733, 290)",3,3.01
"(37, 58)",3,3.01
"(188, 2367)",3,3.01
"(257, 679)",3,3.01
"(9, 2774)",3,3.01
"(2507, 9)",3,3.01
"(101, 167)",3,3.01
"(10, 514)",3,3.01
"(8, 23)",3,3.01
"(32, 1654)",3,3.01
"(444, 2183)",3,3.01
"(1063, 135)",3,3.01
"(2359, 9)",3,3.01
"(1885, 176)",3,3.01
"(9, 2168)",3,3.01
"(88, 138)",3,3.01
"(102, 69)",3,3.01
"(102, 670)",3,3.01
"(1256, 11)",3,3.01
"(637, 93)",3,3.01
"(114, 65)",3,3.01
"(2774, 626)",3,3.01
"(56, 93)",3,3.01
"(197, 161)",3,3.01
"(245, 103)",3,3.01
"(9, 112)",3,3.01
"(1381, 216)",3,3.01
"(402, 750)",3,3.01
"(1509, 103)",3,3.01
"(101, 303)",3,3.01
"(98, 101)",3,3.01
"(274, 88)",3,3.01
"(1324, 11)",3,3.01
"(54, 538)",3,3.01
"(4, 102)",3,3.01
"(1852, 191)",3,3.01
"(7, 6)",3,3.01
"(2087, 2087)",3,3.01
"(680, 54)",3,3.01
"(382, 1809)",3,3.01
"(197, 54)",3,3.01
"(65, 126)",3,3.01
"(316, 757)",3,3.01
"(352, 333)",3,3.01
"(88, 359)",3,3.01
"(4, 7)",3,3.01
"(254, 135)",3,3.01
"(273, 103)",3,3.01
"(1362, 4)",3,3.01
"(268, 118)",3,3.01
"(1228, 89)",3,3.01
"(2472, 11)",3,3.01
"(2181, 274)",3,3.01
"(190, 98)",3,3.01
"(2037, 93)",3,3.01
"(288, 97)",3,3.01
"(1058, 62)",3,3.01
"(440, 97)",3,3.01
"(216, 89)",3,3.01
"(727, 93)",3,3.01
"(2747, 238)",3,3.01
"(346, 89)",3,3.01
"(89, 143)",3,3.01
"(94, 290)",3,3.01
"(182, 94)",3,3.01
"(1290, 72)",3,3.01
"(106, 1593)",3,3.01
"(346, 1678)",3,3.01
"(181, 642)",3,3.01
"(347, 280)",3,3.01
"(6, 1576)",3,3.01
"(335, 11)",3,3.01
"(54, 731)",3,3.01
"(468, 88)",3,3.01
"(38, 164)",3,3.01
"(32, 154)",3,3.01
"(1347, 511)",3,3.01
"(154, 111)",3,3.01
"(111, 371)",3,3.01
"(923, 9)",3,3.01
"(72, 248)",3,3.01
"(164, 71)",3,3.01
"(381, 11)",3,3.01
"(2149, 262)",3,3.01
"(4, 2149)",3,3.01
"(527, 176)",3,3.01
"(4, 1733)",3,3.01
"(150, 129)",3,3.01
"(429, 286)",3,3.01
"(34, 744)",3,3.01
"(88, 2312)",3,3.01
"(2312, 10)",3,3.01
"(1009, 9)",3,3.01
"(450, 9)",3,3.01
"(65, 1134)",3,3.01
"(828, 9)",3,3.01
"(1607, 101)",3,3.01
"(401, 256)",3,3.01
"(960, 88)",3,3.01
"(1741, 9)",3,3.01
"(187, 1627)",3,3.01
"(1540, 11)",3,3.01
"(163, 98)",3,3.01
"(1733, 555)",3,3.01
"(490, 91)",3,3.01
"(93, 59)",3,3.01
"(2033, 719)",3,3.01
"(37, 325)",3,3.01
"(117, 894)",3,3.01
"(88, 375)",3,3.01
"(7, 4)",3,3.01
"(1245, 98)",3,3.01
"(132, 93)",3,3.01
"(88, 1868)",3,3.01
"(108, 127)",3,3.01
"(158, 9)",3,3.01
"(29, 34)",3,3.01
"(1129, 108)",3,3.01
"(191, 814)",3,3.01
"(107, 152)",3,3.01
"(477, 107)",3,3.01
"(64, 477)",3,3.01
"(382, 116)",3,3.01
"(33, 410)",3,3.01
"(1017, 93)",3,3.01
"(371, 350)",3,3.01
"(54, 1167)",3,3.01
"(502, 457)",3,3.01
"(1502, 101)",3,3.01
"(1244, 11)",3,3.01
"(37, 30)",3,3.01
"(745, 60)",3,3.01
"(88, 773)",3,3.01
"(175, 60)",3,3.01
"(1974, 751)",3,3.01
"(147, 2179)",3,3.01
"(102, 1271)",3,3.01
"(34, 32)",3,3.01
"(120, 99)",3,3.01
"(2477, 6)",3,3.01
"(101, 1838)",3,3.01
"(213, 333)",3,3.01
"(1199, 839)",3,3.01
"(1311, 23)",3,3.01
"(89, 101)",3,3.01
"(1144, 101)",3,3.01
"(2672, 88)",3,3.01
"(166, 2958)",3,3.01
"(297, 1486)",3,3.01
"(1486, 100)",3,3.01
"(102, 57)",3,3.01
"(101, 100)",3,3.01
"(297, 213)",3,3.01
"(203, 1282)",3,3.01
"(89, 107)",3,3.01
"(104, 412)",3,3.01
"(2672, 109)",3,3.01
"(317, 241)",3,3.01
"(356, 242)",3,3.01
"(181, 673)",3,3.01
"(54, 727)",3,3.01
"(412, 1566)",3,3.01
"(135, 916)",3,3.01
"(2407, 78)",3,3.01
"(928, 1549)",3,3.01
"(106, 1659)",3,3.01
"(309, 1641)",3,3.01
"(365, 764)",3,3.01
"(371, 290)",3,3.01
"(1592, 127)",3,3.01
"(3, 8)",3,3.01
"(1110, 101)",3,3.01
"(420, 2862)",3,3.01
"(1311, 31)",3,3.01
"(101, 420)",3,3.01
"(198, 1358)",3,3.01
"(1169, 421)",3,3.01
"(1564, 101)",3,3.01
"(2670, 863)",3,3.01
"(506, 633)",3,3.01
"(197, 88)",3,3.01
"(98, 177)",3,3.01
"(2953, 100)",3,3.01
"(2428, 101)",3,3.01
"(134, 350)",3,3.01
"(454, 502)",3,3.01
"(93, 103)",3,3.01
"(1100, 88)",3,3.01
"(1615, 101)",3,3.01
"(927, 93)",3,3.01
"(60, 132)",3,3.01
"(187, 1120)",3,3.01
"(88, 2561)",3,3.01
"(91, 324)",3,3.01
"(62, 1452)",3,3.01
"(314, 75)",3,3.01
"(1077, 103)",3,3.01
"(75, 771)",3,3.01
"(9, 2132)",3,3.01
"(88, 2976)",3,3.01
"(99, 437)",3,3.01
"(1119, 99)",3,3.01
"(10, 1119)",3,3.01
"(96, 176)",3,3.01
"(1370, 313)",3,3.01
"(1229, 1838)",3,3.01
"(2806, 102)",3,3.01
"(126, 458)",3,3.01
"(88, 2380)",3,3.01
"(231, 74)",3,3.01
"(349, 142)",3,3.01
"(198, 9)",3,3.01
"(2285, 270)",3,3.01
"(54, 283)",3,3.01
"(458, 54)",3,3.01
"(135, 1855)",3,3.01
"(2808, 2705)",3,3.01
"(302, 225)",3,3.01
"(97, 1478)",3,3.01
"(135, 2565)",3,3.01
"(231, 1786)",3,3.01
"(72, 161)",3,3.01
"(1011, 2334)",3,3.01
"(127, 102)",3,3.01
"(191, 314)",3,3.01
"(744, 88)",3,3.01
"(407, 431)",3,3.01
"(110, 780)",3,3.01
"(127, 462)",3,3.01
"(181, 126)",3,3.01
"(268, 319)",3,3.01
"(93, 303)",3,3.01
"(1448, 134)",3,3.01
"(172, 103)",3,3.01
"(45, 110)",3,3.01
"(314, 66)",3,3.01
"(662, 138)",3,3.01
"(127, 147)",3,3.01
"(74, 971)",3,3.01
"(573, 88)",3,3.01
"(2465, 9)",3,3.01
"(133, 93)",3,3.01
"(2510, 9)",3,3.01
"(163, 11)",3,3.01
"(106, 203)",3,3.01
"(136, 755)",3,3.01
"(90, 388)",3,3.01
"(1110, 72)",3,3.01
"(241, 662)",3,3.01
"(639, 9)",3,3.01
"(117, 218)",3,3.01
"(2921, 11)",3,3.01
"(88, 126)",3,3.01
"(126, 68)",3,3.01
"(88, 151)",3,3.01
"(163, 2606)",3,3.01
"(117, 219)",3,3.01
"(93, 363)",3,3.01
"(90, 104)",3,3.01
"(154, 102)",3,3.01
"(2391, 349)",3,3.01
"(1007, 392)",3,3.01
"(1098, 101)",3,3.01
"(1299, 9)",3,3.01
"(486, 126)",3,3.01
"(100, 612)",3,3.01
"(1131, 9)",3,3.01
"(90, 119)",3,3.01
"(662, 2870)",3,3.01
"(403, 98)",3,3.01
"(95, 106)",3,3.01
"(1637, 109)",3,3.01
"(402, 154)",3,3.01
"(154, 93)",3,3.01
"(107, 90)",3,3.01
"(90, 253)",3,3.01
"(88, 1589)",3,3.01
"(1452, 9)",3,3.01
"(281, 577)",3,3.01
"(103, 117)",3,3.01
"(234, 103)",3,3.01
"(398, 117)",3,3.01
"(112, 398)",3,3.01
"(397, 161)",3,3.01
"(161, 116)",3,3.01
"(54, 149)",3,3.01
"(88, 2142)",3,3.01
"(102, 58)",3,3.01
"(227, 89)",3,3.01
"(9, 553)",3,3.01
"(1607, 102)",3,3.01
"(230, 100)",3,3.01
"(117, 892)",3,3.01
"(1119, 264)",3,3.01
"(45, 43)",3,3.01
"(615, 626)",3,3.01
"(54, 2058)",3,3.01
"(44, 4)",3,3.01
"(581, 290)",3,3.01
"(101, 210)",3,3.01
"(88, 1228)",3,3.01
"(2504, 191)",3,3.01
"(371, 289)",3,3.01
"(102, 620)",3,3.01
"(141, 114)",3,3.01
"(1542, 11)",3,3.01
"(366, 103)",3,3.01
"(394, 114)",3,3.01
"(44, 26)",3,3.01
"(132, 204)",3,3.01
"(30, 2668)",3,3.01
"(171, 468)",3,3.01
"(2668, 30)",3,3.01
"(555, 8)",3,3.01
"(9, 155)",3,3.01
"(91, 1707)",3,3.01
"(134, 344)",3,3.01
"(1962, 101)",3,3.01
"(4, 1417)",3,3.01
"(26, 916)",3,3.01
"(89, 388)",3,3.01
"(95, 54)",3,3.01
"(1712, 60)",3,3.01
"(1247, 155)",3,3.01
"(2083, 88)",3,3.01
"(135, 1356)",3,3.01
"(186, 72)",3,3.01
"(1062, 197)",3,3.01
"(741, 481)",3,3.01
"(93, 631)",3,3.01
"(160, 118)",3,3.01
"(263, 58)",3,3.01
"(1412, 197)",3,3.01
"(91, 228)",3,3.01
"(1654, 89)",3,3.01
"(2329, 101)",3,3.01
"(73, 530)",3,3.01
"(1312, 89)",3,3.01
"(272, 149)",3,3.01
"(196, 9)",3,3.01
"(34, 1252)",3,3.01
"(363, 522)",3,3.01
"(522, 88)",3,3.01
"(88, 366)",3,3.01
"(1060, 1740)",3,3.01
"(93, 286)",3,3.01
"(745, 2480)",3,3.01
"(60, 1477)",3,3.01
"(54, 2403)",3,3.01
"(425, 201)",3,3.01
"(1696, 392)",3,3.01
"(104, 1696)",3,3.01
"(1274, 9)",3,3.01
"(75, 104)",3,3.01
"(25, 654)",3,3.01
"(1222, 101)",3,3.01
"(602, 88)",3,3.01
"(201, 101)",3,3.01
"(101, 1208)",3,3.01
"(2722, 9)",3,3.01
"(208, 71)",3,3.01
"(101, 488)",3,3.01
"(99, 1016)",3,3.01
"(88, 133)",3,3.01
"(54, 117)",3,3.01
"(147, 365)",3,3.01
"(444, 741)",3,3.01
"(303, 89)",3,3.01
"(675, 103)",3,3.01
"(1028, 941)",3,3.01
"(326, 430)",3,3.01
"(145, 1606)",3,3.01
"(873, 89)",3,3.01
"(135, 63)",3,3.01
"(666, 623)",3,3.01
"(219, 97)",3,3.01
"(847, 2441)",3,3.01
"(182, 9)",3,3.01
"(530, 309)",3,3.01
"(88, 1038)",3,3.01
"(831, 54)",3,3.01
"(200, 11)",3,3.01
"(136, 352)",3,3.01
"(651, 127)",3,3.01
"(166, 2539)",3,3.01
"(1312, 227)",3,3.01
"(231, 2190)",3,3.01
"(426, 9)",3,3.01
"(54, 426)",3,3.01
"(450, 346)",3,3.01
"(943, 9)",3,3.01
"(372, 495)",3,3.01
"(106, 379)",3,3.01
"(10, 1252)",3,3.01
"(196, 99)",3,3.01
"(985, 750)",3,3.01
"(452, 101)",3,3.01
"(394, 11)",3,3.01
"(421, 656)",3,3.01
"(116, 621)",3,3.01
"(333, 89)",3,3.01
"(490, 65)",3,3.01
"(1425, 131)",3,3.01
"(734, 351)",3,3.01
"(166, 605)",3,3.01
"(90, 2792)",3,3.01
"(651, 117)",3,3.01
"(161, 58)",3,3.01
"(1264, 9)",3,3.01
"(833, 89)",3,3.01
"(1198, 101)",3,3.01
"(1782, 307)",3,3.01
"(2568, 109)",3,3.01
"(307, 201)",3,3.01
"(88, 261)",3,3.01
"(398, 102)",3,3.01
"(88, 2621)",3,3.01
"(117, 1534)",3,3.01
"(93, 489)",3,3.01
"(1712, 772)",3,3.01
"(420, 241)",3,3.01
"(34, 1631)",3,3.01
"(2535, 204)",3,3.01
"(126, 11)",3,3.01
"(223, 213)",3,3.01
"(188, 2783)",3,3.01
"(425, 167)",3,3.01
"(167, 166)",3,3.01
"(88, 2272)",3,3.01
"(147, 665)",3,3.01
"(597, 54)",3,3.01
"(9, 100)",3,3.01
"(247, 573)",3,3.01
"(1193, 95)",3,3.01
"(810, 101)",3,3.01
"(150, 531)",3,3.01
"(813, 11)",3,3.01
"(2265, 813)",3,3.01
"(93, 759)",3,3.01
"(1172, 109)",3,3.01
"(739, 127)",3,3.01
"(206, 89)",3,3.01
"(4, 116)",3,3.01
"(743, 54)",3,3.01
"(54, 754)",3,3.01
"(66, 191)",3,3.01
"(476, 739)",3,3.01
"(112, 1782)",3,3.01
"(724, 274)",3,3.01
"(58, 147)",3,3.01
"(1860, 11)",3,3.01
"(349, 191)",3,3.01
"(787, 1032)",3,3.01
"(166, 175)",3,3.01
"(74, 312)",3,3.01
"(489, 810)",3,3.01
"(1765, 9)",3,3.01
"(125, 447)",3,3.01
"(160, 339)",3,3.01
"(106, 288)",3,3.01
"(221, 126)",3,3.01
"(279, 9)",3,3.01
"(88, 1308)",3,3.01
"(1597, 1346)",3,3.01
"(141, 671)",3,3.01
"(1407, 605)",3,3.01
"(649, 9)",3,3.01
"(289, 201)",3,3.01
"(1763, 102)",3,3.01
"(1721, 88)",3,3.01
"(93, 672)",3,3.01
"(2504, 11)",3,3.01
"(1247, 109)",3,3.01
"(11, 1417)",3,3.01
"(54, 1035)",3,3.01
"(172, 94)",3,3.01
"(127, 270)",3,3.01
"(54, 1728)",3,3.01
"(88, 1537)",3,3.01
"(106, 1127)",3,3.01
"(281, 103)",3,3.01
"(78, 54)",3,3.01
"(72, 443)",3,3.01
"(112, 1099)",3,3.01
"(289, 442)",3,3.01
"(2359, 11)",3,3.01
"(378, 503)",3,3.01
"(88, 1673)",3,3.01
"(270, 420)",3,3.01
"(2049, 873)",3,3.01
"(468, 352)",3,3.01
"(203, 383)",3,3.01
"(73, 190)",3,3.01
"(102, 187)",3,3.01
"(26, 2095)",3,3.01
"(2095, 248)",3,3.01
"(55, 880)",3,3.01
"(880, 103)",3,3.01
"(181, 953)",3,3.01
"(953, 9)",3,3.01
"(1467, 133)",3,3.01
"(101, 149)",3,3.01
"(351, 54)",3,3.01
"(730, 1198)",3,3.01
"(209, 2330)",3,3.01
"(54, 177)",3,3.01
"(547, 9)",3,3.01
"(88, 67)",3,3.01
"(347, 229)",3,3.01
"(2950, 365)",3,3.01
"(108, 62)",3,3.01
"(91, 374)",3,3.01
"(252, 596)",3,3.01
"(29, 1144)",3,3.01
"(394, 149)",3,3.01
"(87, 330)",3,3.01
"(390, 2277)",3,3.01
"(1521, 127)",3,3.01
"(96, 383)",3,3.01
"(993, 11)",3,3.01
"(919, 72)",3,3.01
"(1644, 91)",3,3.01
"(216, 450)",3,3.01
"(2473, 129)",3,3.01
"(1377, 11)",3,3.01
"(1333, 127)",3,3.01
"(295, 910)",3,3.01
"(304, 127)",3,3.01
"(88, 1833)",3,3.01
"(509, 69)",3,3.01
"(2331, 2112)",3,3.01
"(517, 102)",3,3.01
"(2754, 254)",3,3.01
"(89, 1129)",3,3.01
"(1129, 335)",3,3.01
"(2776, 127)",3,3.01
"(734, 64)",3,3.01
"(1591, 507)",3,3.01
"(34, 1807)",3,3.01
"(136, 1286)",3,3.01
"(102, 369)",3,3.01
"(615, 154)",3,3.01
"(136, 841)",3,3.01
"(102, 992)",3,3.01
"(914, 69)",3,3.01
"(166, 1969)",3,3.01
"(72, 6)",3,3.01
"(1969, 9)",3,3.01
"(11, 2147)",3,3.01
"(71, 2196)",3,3.01
"(973, 615)",3,3.01
"(2615, 99)",3,3.01
"(93, 155)",3,3.01
"(2244, 101)",3,3.01
"(601, 95)",3,3.01
"(1783, 286)",3,3.01
"(96, 1093)",3,3.01
"(870, 109)",3,3.01
"(193, 1699)",3,3.01
"(1699, 511)",3,3.01
"(511, 113)",3,3.01
"(1737, 9)",3,3.01
"(1348, 9)",3,3.01
"(138, 68)",3,3.01
"(1018, 88)",3,3.01
"(209, 133)",3,3.01
"(131, 202)",3,3.01
"(202, 481)",3,3.01
"(11, 1043)",3,3.01
"(383, 1423)",3,3.01
"(993, 191)",3,3.01
"(94, 1568)",3,3.01
"(738, 116)",3,3.01
"(78, 71)",3,3.01
"(69, 78)",3,3.01
"(117, 794)",3,3.01
"(483, 313)",3,3.01
"(292, 188)",3,3.01
"(102, 1621)",3,3.01
"(130, 594)",3,3.01
"(241, 1814)",3,3.01
"(55, 804)",3,3.01
"(1921, 1971)",3,3.01
"(464, 95)",3,3.01
"(54, 1084)",3,3.01
"(2854, 93)",3,3.01
"(242, 709)",3,3.01
"(777, 54)",3,3.01
"(1649, 237)",3,3.01
"(172, 155)",3,3.01
"(203, 113)",3,3.01
"(2635, 99)",3,3.01
"(403, 573)",3,3.01
"(180, 68)",3,3.01
"(476, 171)",3,3.01
"(750, 11)",3,3.01
"(62, 1135)",3,3.01
"(144, 62)",3,3.01
"(106, 144)",3,3.01
"(2687, 1187)",3,3.01
"(262, 454)",3,3.01
"(349, 350)",3,3.01
"(573, 237)",3,3.01
"(1527, 93)",3,3.01
"(747, 127)",3,3.01
"(54, 1284)",3,3.01
"(410, 93)",3,3.01
"(157, 11)",3,3.01
"(268, 142)",3,3.01
"(504, 463)",3,3.01
"(117, 298)",3,3.01
"(359, 500)",3,3.01
"(10, 452)",3,3.01
"(101, 112)",3,3.01
"(402, 96)",3,3.01
"(2948, 165)",3,3.01
"(550, 160)",3,3.01
"(213, 596)",3,3.01
"(419, 11)",3,3.01
"(10, 962)",3,3.01
"(293, 10)",3,3.01
"(54, 785)",3,3.01
"(54, 233)",3,3.01
"(101, 69)",3,3.01
"(565, 572)",3,3.01
"(67, 821)",3,3.01
"(402, 349)",3,3.01
"(65, 212)",3,3.01
"(1144, 54)",3,3.01
"(877, 832)",3,3.01
"(40, 56)",3,3.01
"(201, 96)",3,3.01
"(620, 10)",3,3.01
"(444, 217)",3,3.01
"(10, 1407)",3,3.01
"(2811, 234)",3,3.01
"(158, 89)",3,3.01
"(185, 177)",3,3.01
"(1258, 185)",3,3.01
"(58, 1232)",3,3.01
"(291, 72)",3,3.01
"(1178, 114)",3,3.01
"(93, 201)",3,3.01
"(102, 506)",3,3.01
"(300, 65)",3,3.01
"(209, 56)",3,3.01
"(208, 78)",3,3.01
"(93, 282)",3,3.01
"(58, 88)",3,3.01
"(669, 9)",3,3.01
"(103, 190)",3,3.01
"(206, 9)",3,3.01
"(114, 240)",3,3.01
"(60, 477)",3,3.01
"(395, 304)",3,3.01
"(100, 117)",3,3.01
"(67, 335)",3,3.01
"(830, 90)",3,3.01
"(381, 155)",3,3.01
"(888, 750)",3,3.01
"(114, 218)",3,3.01
"(56, 581)",3,3.01
"(93, 868)",3,3.01
"(71, 65)",3,3.01
"(102, 431)",3,3.01
"(108, 89)",3,3.01
"(2784, 11)",3,3.01
"(268, 2773)",3,3.01
"(2610, 1250)",3,3.01
"(286, 237)",3,3.01
"(136, 109)",3,3.01
"(313, 134)",3,3.01
"(306, 349)",3,3.01
"(2660, 96)",3,3.01
"(34, 2053)",3,3.01
"(89, 341)",3,3.01
"(1443, 96)",3,3.01
"(573, 93)",3,3.01
"(522, 9)",3,3.01
"(101, 641)",3,3.01
"(203, 172)",3,3.01
"(2510, 11)",3,3.01
"(220, 589)",3,3.01
"(93, 2702)",3,3.01
"(2059, 11)",3,3.01
"(307, 89)",3,3.01
"(108, 160)",3,3.01
"(28, 1747)",3,3.01
"(1747, 130)",3,3.01
"(268, 72)",3,3.01
"(2597, 101)",3,3.01
"(2300, 349)",3,3.01
"(453, 147)",3,3.01
"(96, 171)",3,3.01
"(2813, 346)",3,3.01
"(172, 388)",3,3.01
"(281, 134)",3,3.01
"(25, 637)",3,3.01
"(341, 340)",3,3.01
"(97, 24)",3,3.01
"(2522, 9)",3,3.01
"(117, 195)",3,3.01
"(541, 191)",3,3.01
"(2374, 101)",3,3.01
"(166, 132)",3,3.01
"(374, 129)",3,3.01
"(54, 1006)",3,3.01
"(56, 1746)",3,3.01
"(113, 142)",3,3.01
"(406, 91)",3,3.01
"(589, 191)",3,3.01
"(1852, 93)",3,3.01
"(245, 172)",3,3.01
"(219, 421)",3,3.01
"(2292, 1334)",3,3.01
"(102, 827)",3,3.01
"(69, 172)",3,3.01
"(1165, 241)",3,3.01
"(69, 1283)",3,3.01
"(2457, 9)",3,3.01
"(9, 773)",3,3.01
"(1786, 258)",3,3.01
"(1502, 9)",3,3.01
"(264, 106)",3,3.01
"(206, 118)",3,3.01
"(358, 11)",3,3.01
"(498, 423)",3,3.01
"(181, 415)",3,3.01
"(9, 177)",3,3.01
"(248, 626)",3,3.01
"(101, 314)",3,3.01
"(54, 745)",3,3.01
"(1306, 127)",3,3.01
"(2863, 101)",3,3.01
"(88, 1306)",3,3.01
"(160, 149)",3,3.01
"(1136, 25)",3,3.01
"(506, 88)",3,3.01
"(75, 760)",3,3.01
"(102, 1692)",3,3.01
"(54, 102)",3,3.01
"(1152, 147)",3,3.01
"(204, 1346)",3,3.01
"(2161, 1095)",3,3.01
"(117, 2210)",3,3.01
"(88, 2273)",3,3.01
"(109, 263)",3,3.01
"(1693, 11)",3,3.01
"(317, 54)",3,3.01
"(72, 130)",3,3.01
"(1317, 522)",3,3.01
"(93, 218)",3,3.01
"(76, 441)",3,3.01
"(54, 1136)",3,3.01
"(788, 89)",3,3.01
"(548, 101)",3,3.01
"(179, 147)",3,3.01
"(62, 113)",3,3.01
"(470, 102)",3,3.01
"(101, 130)",3,3.01
"(1062, 134)",3,3.01
"(558, 226)",3,3.01
"(539, 190)",3,3.01
"(527, 1011)",3,3.01
"(1011, 108)",3,3.01
"(760, 103)",3,3.01
"(2141, 10)",3,3.01
"(1131, 104)",3,3.01
"(149, 144)",3,3.01
"(1910, 54)",3,3.01
"(468, 506)",3,3.01
"(440, 93)",3,3.01
"(93, 669)",3,3.01
"(68, 1197)",3,3.01
"(209, 55)",3,3.01
"(11, 36)",3,3.01
"(88, 1714)",3,3.01
"(796, 58)",3,3.01
"(34, 708)",3,3.01
"(1032, 11)",3,3.01
"(117, 2989)",3,3.01
"(2989, 127)",3,3.01
"(216, 795)",3,3.01
"(2086, 9)",3,3.01
"(846, 88)",3,3.01
"(109, 1178)",3,3.01
"(864, 101)",3,3.01
"(68, 188)",3,3.01
"(90, 96)",3,3.01
"(283, 403)",3,3.01
"(407, 88)",3,3.01
"(1127, 127)",3,3.01
"(253, 111)",3,3.01
"(191, 102)",3,3.01
"(191, 430)",3,3.01
"(54, 473)",3,3.01
"(101, 465)",3,3.01
"(54, 1688)",3,3.01
"(1887, 458)",3,3.01
"(104, 1887)",3,3.01
"(1738, 104)",3,3.01
"(2530, 639)",3,3.01
"(90, 2467)",3,3.01
"(54, 330)",3,3.01
"(653, 182)",3,3.01
"(102, 616)",3,3.01
"(113, 96)",3,3.01
"(34, 570)",3,3.01
"(2928, 11)",3,3.01
"(570, 197)",3,3.01
"(370, 1614)",3,3.01
"(88, 209)",3,3.01
"(104, 328)",3,3.01
"(132, 140)",3,3.01
"(639, 93)",3,3.01
"(1162, 109)",3,3.01
"(1927, 101)",3,3.01
"(256, 89)",3,3.01
"(396, 645)",3,3.01
"(696, 127)",3,3.01
"(464, 11)",3,3.01
"(162, 423)",3,3.01
"(914, 179)",3,3.01
"(11, 1873)",3,3.01
"(167, 96)",3,3.01
"(955, 104)",3,3.01
"(464, 98)",3,3.01
"(240, 991)",3,3.01
"(904, 9)",3,3.01
"(240, 904)",3,3.01
"(117, 147)",3,3.01
"(1033, 102)",3,3.01
"(68, 101)",3,3.01
"(680, 89)",3,3.01
"(426, 142)",3,3.01
"(2508, 197)",3,3.01
"(2552, 11)",3,3.01
"(195, 1499)",3,3.01
"(135, 852)",3,3.01
"(147, 127)",3,3.01
"(69, 119)",3,3.01
"(642, 66)",3,3.01
"(88, 1710)",3,3.01
"(416, 106)",3,3.01
"(9, 195)",3,3.01
"(782, 103)",3,3.01
"(2278, 127)",3,3.01
"(76, 540)",3,3.01
"(188, 2876)",3,3.01
"(268, 188)",3,3.01
"(69, 92)",3,3.01
"(267, 166)",3,3.01
"(261, 441)",3,3.01
"(62, 234)",3,3.01
"(442, 704)",3,3.01
"(1139, 290)",3,3.01
"(152, 591)",3,3.01
"(314, 56)",3,3.01
"(586, 173)",3,3.01
"(289, 554)",3,3.01
"(197, 98)",3,3.01
"(1096, 103)",3,3.01
"(383, 101)",3,3.01
"(1433, 160)",3,3.01
"(2379, 106)",3,3.01
"(280, 2660)",3,3.01
"(539, 135)",3,3.01
"(465, 107)",3,3.01
"(10, 2623)",3,3.01
"(107, 10)",3,3.01
"(742, 145)",3,3.01
"(94, 183)",3,3.01
"(220, 955)",3,3.01
"(955, 573)",3,3.01
"(102, 231)",3,3.01
"(2213, 2512)",3,3.01
"(96, 93)",3,3.01
"(395, 806)",3,3.01
"(1266, 66)",3,3.01
"(519, 738)",3,3.01
"(2163, 1620)",3,3.01
"(170, 72)",3,3.01
"(72, 914)",3,3.01
"(1488, 307)",3,3.01
"(2082, 9)",3,3.01
"(54, 1001)",3,3.01
"(57, 1496)",3,3.01
"(90, 1489)",3,3.01
"(10, 925)",3,3.01
"(470, 127)",3,3.01
"(34, 344)",3,3.01
"(651, 11)",3,3.01
"(302, 369)",3,3.01
"(428, 58)",3,3.01
"(98, 188)",3,3.01
"(1068, 9)",3,3.01
"(102, 2057)",3,3.01
"(176, 1154)",3,3.01
"(61, 90)",3,3.01
"(209, 273)",3,3.01
"(90, 2993)",3,3.01
"(493, 243)",3,3.01
"(203, 227)",3,3.01
"(132, 116)",3,3.01
"(1989, 116)",3,3.01
"(102, 73)",3,3.01
"(442, 1621)",3,3.01
"(1809, 11)",3,3.01
"(382, 34)",3,3.01
"(88, 1149)",3,3.01
"(107, 101)",3,3.01
"(57, 54)",3,3.01
"(57, 507)",3,3.01
"(101, 31)",3,3.01
"(226, 89)",3,3.01
"(93, 221)",3,3.01
"(238, 341)",3,3.01
"(9, 1889)",3,3.01
"(779, 806)",3,3.01
"(2057, 72)",3,3.01
"(1334, 129)",3,3.01
"(195, 66)",3,3.01
"(2833, 99)",3,3.01
"(66, 93)",3,3.01
"(134, 552)",3,3.01
"(1515, 10)",3,3.01
"(442, 56)",3,3.01
"(268, 91)",3,3.01
"(88, 498)",3,3.01
"(88, 316)",3,3.01
"(388, 10)",3,3.01
"(840, 9)",3,3.01
"(921, 9)",3,3.01
"(158, 499)",3,3.01
"(126, 158)",3,3.01
"(170, 522)",3,3.01
"(241, 421)",3,3.01
"(1159, 155)",3,3.01
"(750, 102)",3,3.01
"(95, 1988)",3,3.01
"(93, 237)",3,3.01
"(815, 89)",3,3.01
"(2554, 129)",3,3.01
"(191, 2725)",3,3.01
"(398, 191)",3,3.01
"(91, 126)",3,3.01
"(101, 2500)",3,3.01
"(281, 1793)",3,3.01
"(93, 1030)",3,3.01
"(138, 69)",3,3.01
"(2790, 576)",3,3.01
"(10, 1696)",3,3.01
"(1073, 247)",3,3.01
"(102, 100)",3,3.01
"(2465, 11)",3,3.01
"(93, 60)",3,3.01
"(180, 78)",3,3.01
"(1129, 104)",3,3.01
"(896, 101)",3,3.01
"(676, 9)",3,3.01
"(88, 706)",3,3.01
"(1136, 191)",3,3.01
"(706, 1691)",3,3.01
"(243, 542)",3,3.01
"(1691, 594)",3,3.01
"(149, 120)",3,3.01
"(1664, 626)",3,3.01
"(78, 623)",3,3.01
"(93, 390)",3,3.01
"(450, 93)",3,3.01
"(586, 230)",3,3.01
"(102, 542)",3,3.01
"(101, 165)",3,3.01
"(197, 94)",3,3.01
"(54, 142)",3,3.01
"(622, 117)",3,3.01
"(1601, 37)",3,3.01
"(132, 2094)",3,3.01
"(622, 93)",3,3.01
"(102, 577)",3,3.01
"(882, 1143)",3,3.01
"(44, 95)",3,3.01
"(68, 1405)",3,3.01
"(46, 757)",3,3.01
"(2141, 1697)",3,3.01
"(768, 113)",3,3.01
"(1405, 615)",3,3.01
"(615, 9)",3,3.01
"(101, 261)",3,3.01
"(91, 257)",3,3.01
"(1265, 2034)",3,3.01
"(88, 2094)",3,3.01
"(407, 11)",3,3.01
"(89, 945)",3,3.01
"(127, 96)",3,3.01
"(34, 1625)",3,3.01
"(1625, 89)",3,3.01
"(54, 67)",3,3.01
"(2189, 103)",3,3.01
"(2671, 400)",3,3.01
"(67, 427)",3,3.01
"(524, 103)",3,3.01
"(89, 1265)",3,3.01
"(34, 353)",3,3.01
"(93, 894)",3,3.01
"(251, 68)",3,3.01
"(89, 1232)",3,3.01
"(883, 34)",3,3.01
"(334, 801)",3,3.01
"(93, 334)",3,3.01
"(1265, 2834)",3,3.01
"(2909, 11)",3,3.01
"(634, 96)",3,3.01
"(93, 634)",3,3.01
"(30, 1232)",3,3.01
"(537, 78)",3,3.01
"(635, 109)",3,3.01
"(264, 274)",3,3.01
"(253, 264)",3,3.01
"(10, 388)",3,3.01
"(166, 873)",3,3.01
"(1571, 11)",3,3.01
"(451, 394)",3,3.01
"(101, 47)",3,3.01
"(93, 635)",3,3.01
"(93, 825)",3,3.01
"(1038, 9)",3,3.01
"(2947, 72)",3,3.01
"(460, 117)",3,3.01
"(427, 10)",3,3.01
"(163, 1571)",3,3.01
"(97, 451)",3,3.01
"(54, 58)",3,3.01
"(2075, 101)",3,3.01
"(1043, 353)",3,3.01
"(112, 2033)",3,3.01
"(9, 598)",3,3.01
"(518, 1250)",3,3.01
"(2783, 102)",3,3.01
"(724, 680)",3,3.01
"(1571, 102)",3,3.01
"(67, 89)",3,3.01
"(1501, 9)",3,3.01
"(89, 2179)",3,3.01
"(143, 72)",3,3.01
"(490, 111)",3,3.01
"(1307, 101)",3,3.01
"(2911, 102)",3,3.01
"(1106, 426)",3,3.01
"(96, 78)",3,3.01
"(566, 95)",3,3.01
"(1018, 102)",3,3.01
"(593, 93)",3,3.01
"(9, 348)",3,3.01
"(1627, 247)",3,3.01
"(88, 641)",3,3.01
"(1379, 117)",3,3.01
"(117, 1670)",3,3.01
"(677, 58)",3,3.01
"(1662, 1544)",3,3.01
"(992, 72)",3,3.01
"(213, 685)",3,3.01
"(436, 153)",3,3.01
"(1237, 9)",3,3.01
"(333, 555)",3,3.01
"(97, 71)",3,3.01
"(165, 177)",3,3.01
"(263, 1082)",3,3.01
"(71, 1454)",3,3.01
"(303, 9)",3,3.01
"(10, 922)",3,3.01
"(422, 204)",3,3.01
"(379, 102)",3,3.01
"(213, 220)",3,3.01
"(1592, 102)",3,3.01
"(646, 102)",3,3.01
"(241, 88)",3,3.01
"(272, 9)",3,3.01
"(515, 2390)",3,3.01
"(1162, 9)",3,3.01
"(127, 1572)",3,3.01
"(117, 1161)",3,3.01
"(1069, 427)",3,3.01
"(181, 1298)",3,3.01
"(166, 363)",3,3.01
"(2012, 11)",3,3.01
"(9, 658)",3,3.01
"(101, 2012)",3,3.01
"(2642, 180)",3,3.01
"(114, 286)",3,3.01
"(88, 2370)",3,3.01
"(1070, 69)",3,3.01
"(54, 2790)",3,3.01
"(93, 1078)",3,3.01
"(475, 270)",3,3.01
"(241, 98)",3,3.01
"(1963, 9)",3,3.01
"(640, 34)",3,3.01
"(135, 125)",3,3.01
"(88, 2669)",3,3.01
"(89, 1658)",3,3.01
"(353, 292)",3,3.01
"(198, 937)",3,3.01
"(134, 96)",3,3.01
"(409, 458)",3,3.01
"(88, 2927)",3,3.01
"(525, 2082)",3,3.01
"(219, 252)",3,3.01
"(159, 585)",3,3.01
"(545, 219)",3,3.01
"(59, 423)",3,3.01
"(88, 1915)",3,3.01
"(2637, 304)",3,3.01
"(423, 113)",3,3.01
"(117, 579)",3,3.01
"(117, 59)",3,3.01
"(2190, 1401)",3,3.01
"(88, 1928)",3,3.01
"(213, 1221)",3,3.01
"(88, 837)",3,3.01
"(153, 547)",3,3.01
"(56, 952)",3,3.01
"(1093, 9)",3,3.01
"(454, 102)",3,3.01
"(1466, 234)",3,3.01
"(93, 563)",3,3.01
"(268, 132)",3,3.01
"(74, 343)",3,3.01
"(72, 784)",3,3.01
"(245, 134)",3,3.01
"(103, 218)",3,3.01
"(700, 200)",3,3.01
"(102, 585)",3,3.01
"(820, 9)",3,3.01
"(188, 286)",3,3.01
"(605, 293)",3,3.01
"(2478, 11)",3,3.01
"(136, 516)",3,3.01
"(1503, 10)",3,3.01
"(127, 353)",3,3.01
"(220, 288)",3,3.01
"(2057, 1549)",3,3.01
"(166, 91)",3,3.01
"(111, 191)",3,3.01
"(951, 9)",3,3.01
"(191, 263)",3,3.01
"(181, 1441)",3,3.01
"(444, 198)",3,3.01
"(160, 394)",3,3.01
"(1150, 102)",3,3.01
"(107, 239)",3,3.01
"(563, 173)",3,3.01
"(1378, 9)",3,3.01
"(190, 3)",3,3.01
"(136, 9)",3,3.01
"(922, 101)",3,3.01
"(2117, 454)",3,3.01
"(89, 1816)",3,3.01
"(241, 34)",3,3.01
"(2833, 1495)",3,3.01
"(1549, 101)",3,3.01
"(73, 10)",3,3.01
"(160, 421)",3,3.01
"(1698, 2086)",3,3.01
"(154, 117)",3,3.01
"(88, 1572)",3,3.01
"(181, 114)",3,3.01
"(172, 289)",3,3.01
"(256, 9)",3,3.01
"(171, 11)",3,3.01
"(268, 1316)",3,3.01
"(489, 11)",3,3.01
"(2199, 339)",3,3.01
"(55, 741)",3,3.01
"(741, 571)",3,3.01
"(1416, 131)",3,3.01
"(102, 261)",3,3.01
"(11, 1876)",3,3.01
"(316, 1728)",3,3.01
"(988, 101)",3,3.01
"(6, 147)",3,3.01
"(102, 511)",3,3.01
"(1302, 11)",3,3.01
"(201, 73)",3,3.01
"(572, 109)",3,3.01
"(10, 1131)",3,3.01
"(57, 360)",3,3.01
"(437, 135)",3,3.01
"(30, 57)",3,3.01
"(88, 1155)",3,3.01
"(153, 596)",3,3.01
"(1096, 127)",3,3.01
"(44, 11)",3,3.01
"(290, 4)",3,3.01
"(23, 290)",3,3.01
"(88, 2915)",3,3.01
"(1697, 89)",3,3.01
"(336, 136)",3,3.01
"(840, 54)",3,3.01
"(9, 602)",3,3.01
"(347, 165)",3,3.01
"(483, 548)",3,3.01
"(134, 483)",3,3.01
"(109, 134)",3,3.01
"(54, 2801)",3,3.01
"(1264, 11)",3,3.01
"(402, 128)",3,3.01
"(468, 128)",3,3.01
"(2088, 615)",3,3.01
"(581, 350)",3,3.01
"(1323, 101)",3,3.01
"(1714, 1840)",3,3.01
"(599, 958)",3,3.01
"(56, 361)",3,3.01
"(1623, 99)",3,3.01
"(558, 9)",3,3.01
"(1848, 99)",3,3.01
"(635, 197)",3,3.01
"(153, 554)",3,3.01
"(137, 99)",3,3.01
"(95, 64)",3,3.01
"(2531, 2419)",3,3.01
"(556, 11)",3,3.01
"(147, 1965)",3,3.01
"(1412, 113)",3,3.01
"(506, 54)",3,3.01
"(422, 188)",3,3.01
"(37, 107)",3,3.01
"(258, 127)",3,3.01
"(303, 101)",3,3.01
"(88, 469)",3,3.01
"(2915, 101)",3,3.01
"(2537, 348)",3,3.01
"(102, 111)",3,3.01
"(54, 1243)",3,3.01
"(94, 117)",3,3.01
"(123, 136)",3,3.01
"(54, 2525)",3,3.01
"(55, 971)",3,3.01
"(2133, 9)",3,3.01
"(113, 290)",3,3.01
"(134, 147)",3,3.01
"(296, 203)",3,3.01
"(102, 1570)",3,3.01
"(1262, 88)",3,3.01
"(93, 406)",3,3.01
"(348, 188)",3,3.01
"(135, 73)",3,3.01
"(2921, 9)",3,3.01
"(564, 73)",3,3.01
"(102, 1309)",3,3.01
"(227, 116)",3,3.01
"(25, 533)",3,3.01
"(252, 34)",3,3.01
"(529, 54)",3,3.01
"(762, 290)",3,3.01
"(127, 240)",3,3.01
"(111, 2830)",3,3.01
"(9, 111)",3,3.01
"(93, 75)",3,3.01
"(101, 2050)",3,3.01
"(188, 1983)",3,3.01
"(996, 98)",3,3.01
"(1929, 109)",3,3.01
"(112, 144)",3,3.01
"(1510, 96)",3,3.01
"(95, 56)",3,3.01
"(247, 108)",3,3.01
"(112, 311)",3,3.01
"(179, 72)",3,3.01
"(138, 971)",3,3.01
"(704, 54)",3,3.01
"(711, 102)",3,3.01
"(113, 90)",3,3.01
"(1079, 95)",3,3.01
"(2292, 1698)",3,3.01
"(101, 142)",3,3.01
"(158, 93)",3,3.01
"(1962, 9)",3,3.01
"(134, 372)",3,3.01
"(216, 544)",3,3.01
"(218, 377)",3,3.01
"(127, 671)",3,3.01
"(1038, 11)",3,3.01
"(378, 341)",3,3.01
"(90, 2686)",3,3.01
"(101, 2852)",3,3.01
"(628, 11)",3,3.01
"(332, 116)",3,3.01
"(895, 101)",3,3.01
"(2300, 1367)",3,3.01
"(343, 9)",3,3.01
"(497, 89)",3,3.01
"(2211, 11)",3,3.01
"(99, 98)",3,3.01
"(200, 112)",3,3.01
"(394, 102)",3,3.01
"(97, 1359)",3,3.01
"(89, 195)",3,3.01
"(288, 281)",3,3.01
"(88, 2995)",3,3.01
"(78, 312)",3,3.01
"(54, 623)",3,3.01
"(1923, 93)",3,3.01
"(54, 3)",3,3.01
"(543, 89)",3,3.01
"(1085, 75)",3,3.01
"(11, 1184)",3,3.01
"(290, 443)",3,3.01
"(1776, 101)",3,3.01
"(642, 89)",3,3.01
"(748, 54)",3,3.01
"(78, 60)",3,3.01
"(1545, 264)",3,3.01
"(136, 96)",3,3.01
"(95, 136)",3,3.01
"(2182, 1302)",3,3.01
"(562, 150)",3,3.01
"(60, 1836)",3,3.01
"(743, 102)",3,3.01
"(88, 269)",3,3.01
"(59, 1059)",3,3.01
"(1059, 594)",3,3.01
"(97, 2274)",3,3.01
"(132, 764)",3,3.01
"(88, 294)",3,3.01
"(932, 11)",3,3.01
"(147, 589)",3,3.01
"(457, 89)",3,3.01
"(93, 2741)",3,3.01
"(9, 339)",3,3.01
"(874, 101)",3,3.01
"(54, 1586)",3,3.01
"(191, 1211)",3,3.01
"(93, 333)",3,3.01
"(510, 11)",3,3.01
"(2232, 99)",3,3.01
"(533, 117)",3,3.01
"(267, 241)",3,3.01
"(93, 425)",3,3.01
"(1052, 11)",3,3.01
"(519, 775)",3,3.01
"(116, 833)",3,3.01
"(452, 93)",3,3.01
"(181, 293)",3,3.01
"(282, 195)",3,3.01
"(1868, 9)",3,3.01
"(191, 554)",3,3.01
"(646, 95)",3,3.01
"(1302, 213)",3,3.01
"(300, 91)",3,3.01
"(1002, 2040)",3,3.01
"(331, 129)",3,3.01
"(758, 93)",3,3.01
"(188, 1213)",3,3.01
"(44, 331)",3,3.01
"(259, 34)",3,3.01
"(34, 728)",3,3.01
"(181, 100)",3,3.01
"(399, 101)",3,3.01
"(242, 10)",3,3.01
"(277, 11)",3,3.01
"(11, 43)",3,3.01
"(255, 98)",3,3.01
"(1803, 9)",3,3.01
"(1829, 351)",3,3.01
"(63, 74)",3,3.01
"(46, 324)",3,3.01
"(324, 92)",3,3.01
"(313, 97)",3,3.01
"(92, 55)",3,3.01
"(939, 93)",3,3.01
"(88, 279)",3,3.01
"(521, 116)",3,3.01
"(87, 764)",3,3.01
"(679, 89)",3,3.01
"(2052, 9)",3,3.01
"(1538, 203)",3,3.01
"(88, 403)",3,3.01
"(1076, 9)",3,3.01
"(598, 11)",3,3.01
"(54, 260)",3,3.01
"(260, 392)",3,3.01
"(300, 9)",3,3.01
"(939, 290)",3,3.01
"(1305, 34)",3,3.01
"(1086, 290)",3,3.01
"(114, 105)",3,3.01
"(436, 791)",3,3.01
"(54, 413)",3,3.01
"(9, 700)",3,3.01
"(1159, 161)",3,3.01
"(810, 90)",3,3.01
"(1255, 93)",3,3.01
"(72, 547)",3,3.01
"(101, 710)",3,3.01
"(88, 950)",3,3.01
"(229, 118)",3,3.01
"(333, 292)",3,3.01
"(88, 2344)",3,3.01
"(451, 333)",3,3.01
"(34, 713)",3,3.01
"(197, 388)",3,3.01
"(1107, 101)",3,3.01
"(71, 771)",3,3.01
"(547, 558)",3,3.01
"(34, 111)",3,3.01
"(813, 9)",3,3.01
"(9, 57)",3,3.01
"(9, 2103)",3,3.01
"(315, 96)",3,3.01
"(54, 845)",3,3.01
"(1945, 177)",3,3.01
"(944, 290)",3,3.01
"(1252, 2620)",3,3.01
"(426, 93)",3,3.01
"(955, 349)",3,3.01
"(201, 942)",3,3.01
"(715, 161)",3,3.01
"(113, 895)",3,3.01
"(58, 129)",3,3.01
"(1121, 2693)",3,3.01
"(106, 96)",3,3.01
"(350, 656)",3,3.01
"(34, 2207)",3,3.01
"(116, 96)",3,3.01
"(9, 68)",3,3.01
"(531, 132)",3,3.01
"(1298, 11)",3,3.01
"(89, 258)",3,3.01
"(1099, 1406)",3,3.01
"(2311, 103)",3,3.01
"(166, 909)",3,3.01
"(97, 442)",3,3.01
"(518, 166)",3,3.01
"(1698, 34)",3,3.01
"(117, 2463)",3,3.01
"(176, 955)",3,3.01
"(1319, 9)",3,3.01
"(93, 2050)",3,3.01
"(10, 1159)",3,3.01
"(2181, 349)",3,3.01
"(1674, 11)",3,3.01
"(100, 835)",3,3.01
"(65, 821)",3,3.01
"(109, 372)",3,3.01
"(407, 101)",3,3.01
"(2803, 99)",3,3.01
"(9, 666)",3,3.01
"(1590, 127)",3,3.01
"(136, 700)",3,3.01
"(68, 1319)",3,3.01
"(1006, 117)",3,3.01
"(54, 122)",3,3.01
"(351, 89)",3,3.01
"(2213, 136)",3,3.01
"(494, 129)",3,3.01
"(1513, 89)",3,3.01
"(1742, 494)",3,3.01
"(1737, 72)",3,3.01
"(187, 173)",3,3.01
"(2458, 11)",3,3.01
"(129, 267)",3,3.01
"(164, 1913)",3,3.01
"(218, 1503)",3,3.01
"(268, 272)",3,3.01
"(114, 1441)",3,3.01
"(142, 589)",3,3.01
"(470, 28)",3,3.01
"(1356, 11)",3,3.01
"(821, 470)",3,3.01
"(68, 424)",3,3.01
"(319, 102)",3,3.01
"(102, 725)",3,3.01
"(44, 821)",3,3.01
"(135, 1983)",3,3.01
"(753, 102)",3,3.01
"(72, 142)",3,3.01
"(1144, 104)",3,3.01
"(1444, 581)",3,3.01
"(388, 267)",3,3.01
"(2838, 101)",3,3.01
"(820, 89)",3,3.01
"(1278, 941)",3,3.01
"(814, 254)",3,3.01
"(1990, 288)",3,3.01
"(800, 188)",3,3.01
"(54, 1540)",3,3.01
"(157, 71)",3,3.01
"(369, 101)",3,3.01
"(68, 2013)",3,3.01
"(618, 113)",3,3.01
"(270, 433)",3,3.01
"(9, 334)",3,3.01
"(188, 1341)",3,3.01
"(1036, 101)",3,3.01
"(816, 98)",3,3.01
"(650, 89)",3,3.01
"(1256, 9)",3,3.01
"(218, 1653)",3,3.01
"(54, 1711)",3,3.01
"(172, 24)",3,3.01
"(557, 350)",3,3.01
"(603, 2834)",3,3.01
"(73, 603)",3,3.01
"(197, 254)",3,3.01
"(89, 257)",3,3.01
"(73, 825)",3,3.01
"(155, 34)",3,3.01
"(2312, 9)",3,3.01
"(101, 1510)",3,3.01
"(263, 96)",3,3.01
"(2600, 274)",3,3.01
"(1016, 127)",3,3.01
"(163, 2600)",3,3.01
"(54, 1662)",3,3.01
"(709, 117)",3,3.01
"(306, 89)",3,3.01
"(453, 93)",3,3.01
"(88, 2467)",3,3.01
"(188, 2062)",3,3.01
"(11, 1936)",3,3.01
"(181, 1745)",3,3.01
"(149, 543)",3,3.01
"(166, 578)",3,3.01
"(93, 313)",3,3.01
"(219, 163)",3,3.01
"(10, 1234)",3,3.01
"(9, 1886)",3,3.01
"(1886, 167)",3,3.01
"(178, 2809)",3,3.01
"(413, 10)",3,3.01
"(139, 103)",3,3.01
"(964, 127)",3,3.01
"(34, 54)",3,3.01
"(190, 127)",3,3.01
"(72, 437)",3,3.01
"(257, 9)",3,3.01
"(290, 96)",3,3.01
"(103, 426)",3,3.01
"(9, 477)",3,3.01
"(54, 1296)",3,3.01
"(98, 117)",3,3.01
"(9, 261)",3,3.01
"(2627, 1268)",3,3.01
"(351, 1226)",3,3.01
"(446, 72)",3,3.01
"(103, 1300)",3,3.01
"(93, 254)",3,3.01
"(197, 149)",3,3.01
"(830, 335)",3,3.01
"(123, 132)",3,3.01
"(344, 267)",3,3.01
"(34, 833)",3,3.01
"(395, 109)",3,3.01
"(193, 65)",3,3.01
"(66, 967)",3,3.01
"(2575, 73)",3,3.01
"(1637, 383)",3,3.01
"(102, 1162)",3,3.01
"(223, 678)",3,3.01
"(135, 823)",3,3.01
"(1243, 191)",3,3.01
"(600, 76)",3,3.01
"(54, 943)",3,3.01
"(103, 598)",3,3.01
"(1003, 155)",3,3.01
"(147, 1535)",3,3.01
"(958, 197)",3,3.01
"(573, 113)",3,3.01
"(88, 1323)",3,3.01
"(88, 2024)",3,3.01
"(160, 153)",3,3.01
"(166, 2366)",3,3.01
"(97, 1668)",3,3.01
"(213, 483)",3,3.01
"(344, 88)",3,3.01
"(116, 458)",3,3.01
"(34, 769)",3,3.01
"(2530, 921)",3,3.01
"(188, 1019)",3,3.01
"(2425, 72)",3,3.01
"(54, 2575)",3,3.01
"(88, 2006)",3,3.01
"(1710, 349)",3,3.01
"(972, 1281)",3,3.01
"(89, 1710)",3,3.01
"(107, 254)",3,3.01
"(473, 157)",3,3.01
"(867, 213)",3,3.01
"(553, 54)",3,3.01
"(840, 160)",3,3.01
"(422, 155)",3,3.01
"(1030, 11)",3,3.01
"(102, 1295)",3,3.01
"(188, 509)",3,3.01
"(395, 88)",3,3.01
"(2616, 93)",3,3.01
"(54, 1159)",3,3.01
"(72, 153)",3,3.01
"(1286, 155)",3,3.01
"(519, 2194)",3,3.01
"(2459, 11)",3,3.01
"(144, 843)",3,3.01
"(377, 9)",3,3.01
"(266, 566)",3,3.01
"(102, 728)",3,3.01
"(358, 9)",3,3.01
"(406, 2068)",3,3.01
"(2105, 102)",3,3.01
"(78, 1656)",3,3.01
"(281, 1458)",3,3.01
"(2556, 319)",3,3.01
"(100, 196)",3,3.01
"(71, 2109)",3,3.01
"(4, 1770)",3,3.01
"(88, 1289)",3,3.01
"(56, 1987)",3,3.01
"(167, 240)",3,3.01
"(9, 240)",3,3.01
"(815, 147)",3,3.01
"(88, 1334)",3,3.01
"(115, 58)",3,3.01
"(454, 11)",3,3.01
"(26, 876)",3,3.01
"(160, 171)",3,3.01
"(1209, 101)",3,3.01
"(523, 289)",3,3.01
"(258, 190)",3,3.01
"(942, 61)",3,3.01
"(2673, 96)",3,3.01
"(34, 429)",3,3.01
"(1264, 1783)",3,3.01
"(289, 160)",3,3.01
"(1597, 11)",3,3.01
"(147, 293)",3,3.01
"(690, 1341)",3,3.01
"(1400, 11)",3,3.01
"(99, 267)",3,3.01
"(9, 161)",3,3.01
"(560, 314)",3,3.01
"(686, 117)",3,3.01
"(141, 622)",3,3.01
"(54, 1037)",3,3.01
"(1107, 289)",3,3.01
"(110, 1283)",3,3.01
"(701, 423)",3,3.01
"(286, 332)",3,3.01
"(1025, 103)",3,3.01
"(54, 2579)",3,3.01
"(616, 147)",3,3.01
"(117, 216)",3,3.01
"(135, 194)",3,3.01
"(1348, 127)",3,3.01
"(150, 279)",3,3.01
"(1785, 9)",3,3.01
"(72, 135)",3,3.01
"(129, 142)",3,3.01
"(112, 1789)",3,3.01
"(2333, 971)",3,3.01
"(1233, 11)",3,3.01
"(140, 270)",3,3.01
"(1474, 102)",3,3.01
"(149, 618)",3,3.01
"(2395, 114)",3,3.01
"(1037, 109)",3,3.01
"(1950, 10)",3,3.01
"(112, 277)",3,3.01
"(241, 1479)",3,3.01
"(54, 797)",3,3.01
"(1177, 11)",3,3.01
"(110, 494)",3,3.01
"(494, 104)",3,3.01
"(395, 95)",3,3.01
"(88, 2090)",3,3.01
"(34, 602)",3,3.01
"(440, 117)",3,3.01
"(602, 254)",3,3.01
"(409, 160)",3,3.01
"(93, 715)",3,3.01
"(1319, 72)",3,3.01
"(243, 1970)",3,3.01
"(55, 129)",3,3.01
"(1134, 11)",3,3.01
"(715, 188)",3,3.01
"(188, 1408)",3,3.01
"(890, 109)",3,3.01
"(290, 149)",3,3.01
"(135, 515)",3,3.01
"(64, 93)",3,3.01
"(369, 218)",3,3.01
"(54, 347)",3,3.01
"(71, 167)",3,3.01
"(117, 71)",3,3.01
"(1880, 62)",3,3.01
"(73, 1880)",3,3.01
"(1896, 9)",3,3.01
"(44, 76)",3,3.01
"(136, 2972)",3,3.01
"(218, 2666)",3,3.01
"(292, 492)",3,3.01
"(732, 2954)",3,3.01
"(2241, 109)",3,3.01
"(310, 62)",3,3.01
"(180, 89)",3,3.01
"(188, 2634)",3,3.01
"(54, 1444)",3,3.01
"(715, 102)",3,3.01
"(60, 130)",3,3.01
"(72, 155)",3,3.01
"(101, 1967)",3,3.01
"(134, 136)",3,3.01
"(101, 942)",3,3.01
"(136, 34)",3,3.01
"(486, 1136)",3,3.01
"(188, 986)",3,3.01
"(2022, 58)",3,3.01
"(658, 54)",3,3.01
"(715, 171)",3,3.01
"(2090, 9)",3,3.01
"(128, 340)",3,3.01
"(116, 726)",3,3.01
"(101, 128)",3,3.01
"(135, 118)",3,3.01
"(96, 191)",3,3.01
"(221, 196)",3,3.01
"(175, 591)",3,3.01
"(225, 254)",3,3.01
"(93, 1695)",3,3.01
"(602, 9)",3,3.01
"(383, 225)",3,3.01
"(88, 2457)",3,3.01
"(1338, 287)",3,3.01
"(199, 10)",3,3.01
"(78, 103)",3,3.01
"(1278, 95)",3,3.01
"(284, 1689)",3,3.01
"(26, 406)",3,3.01
"(315, 142)",3,3.01
"(89, 376)",3,3.01
"(685, 390)",3,3.01
"(319, 113)",3,3.01
"(93, 629)",3,3.01
"(93, 1927)",3,3.01
"(724, 522)",3,3.01
"(76, 99)",3,3.01
"(136, 506)",3,3.01
"(867, 697)",3,3.01
"(103, 254)",3,3.01
"(62, 10)",3,3.01
"(166, 674)",3,3.01
"(1060, 2497)",3,3.01
"(142, 508)",3,3.01
"(55, 148)",3,3.01
"(127, 982)",3,3.01
"(642, 272)",3,3.01
"(420, 188)",3,3.01
"(538, 88)",3,3.01
"(99, 271)",3,3.01
"(629, 11)",3,3.01
"(97, 528)",3,3.01
"(11, 2673)",3,3.01
"(218, 894)",3,3.01
"(502, 160)",3,3.01
"(894, 93)",3,3.01
"(9, 815)",3,3.01
"(1226, 10)",3,3.01
"(93, 145)",3,3.01
"(24, 149)",3,3.01
"(361, 10)",3,3.01
"(131, 10)",3,3.01
"(102, 273)",3,3.01
"(2456, 99)",3,3.01
"(777, 89)",3,3.01
"(106, 932)",3,3.01
"(195, 990)",3,3.01
"(341, 274)",3,3.01
"(274, 147)",3,3.01
"(1286, 453)",3,3.01
"(177, 287)",3,3.01
"(136, 101)",3,3.01
"(452, 72)",3,3.01
"(61, 986)",3,3.01
"(219, 451)",3,3.01
"(890, 172)",3,3.01
"(369, 98)",3,3.01
"(870, 11)",3,3.01
"(145, 233)",3,3.01
"(2271, 9)",3,3.01
"(317, 227)",3,3.01
"(2190, 104)",3,3.01
"(9, 284)",3,3.01
"(262, 9)",3,3.01
"(1214, 93)",3,3.01
"(623, 550)",3,3.01
"(1833, 1256)",3,3.01
"(894, 651)",3,3.01
"(163, 596)",3,3.01
"(803, 2098)",3,3.01
"(1028, 2370)",3,3.01
"(2541, 348)",3,3.01
"(9, 298)",3,3.01
"(54, 2001)",3,3.01
"(239, 1656)",3,3.01
"(385, 109)",3,3.01
"(922, 87)",3,3.01
"(421, 356)",3,3.01
"(151, 434)",3,3.01
"(71, 349)",3,3.01
"(54, 2103)",3,3.01
"(1387, 101)",3,3.01
"(89, 488)",3,3.01
"(93, 397)",3,3.01
"(1006, 9)",3,3.01
"(1517, 213)",3,3.01
"(93, 1484)",3,3.01
"(123, 102)",3,3.01
"(102, 1799)",3,3.01
"(88, 2648)",3,3.01
"(149, 270)",3,3.01
"(714, 127)",3,3.01
"(88, 2557)",3,3.01
"(163, 282)",3,3.01
"(114, 1851)",3,3.01
"(204, 1108)",3,3.01
"(1474, 9)",3,3.01
"(93, 725)",3,3.01
"(214, 219)",3,3.01
"(441, 101)",3,3.01
"(110, 387)",3,3.01
"(216, 730)",3,3.01
"(634, 67)",3,3.01
"(1619, 102)",3,3.01
"(525, 634)",3,3.01
"(135, 2244)",3,3.01
"(333, 286)",3,3.01
"(218, 1202)",3,3.01
"(847, 882)",3,3.01
"(93, 322)",3,3.01
"(54, 2583)",3,3.01
"(4, 2944)",3,3.01
"(678, 93)",3,3.01
"(113, 339)",3,3.01
"(402, 9)",3,3.01
"(816, 481)",3,3.01
"(2698, 9)",3,3.01
"(103, 488)",3,3.01
"(218, 2441)",3,3.01
"(2441, 11)",3,3.01
"(88, 486)",3,3.01
"(88, 623)",3,3.01
"(763, 1779)",3,3.01
"(2086, 34)",3,3.01
"(557, 129)",3,3.01
"(63, 2350)",3,3.01
"(1264, 123)",3,3.01
"(98, 110)",3,3.01
"(872, 98)",3,3.01
"(488, 101)",3,3.01
"(188, 69)",3,3.01
"(1104, 9)",3,3.01
"(88, 990)",3,3.01
"(54, 1409)",3,3.01
"(88, 2783)",3,3.01
"(2733, 813)",3,3.01
"(1231, 9)",3,3.01
"(117, 1106)",3,3.01
"(760, 9)",3,3.01
"(91, 111)",3,3.01
"(89, 93)",3,3.01
"(891, 102)",3,3.01
"(240, 503)",3,3.01
"(255, 135)",3,3.01
"(423, 258)",3,3.01
"(129, 94)",3,3.01
"(293, 69)",3,3.01
"(11, 2769)",3,3.01
"(552, 483)",3,3.01
"(213, 97)",3,3.01
"(89, 255)",3,3.01
"(95, 258)",3,3.01
"(317, 219)",3,3.01
"(141, 651)",3,3.01
"(271, 11)",3,3.01
"(1031, 102)",3,3.01
"(653, 109)",3,3.01
"(2648, 191)",3,3.01
"(134, 271)",3,3.01
"(66, 383)",3,3.01
"(274, 57)",3,3.01
"(423, 89)",3,3.01
"(34, 621)",3,3.01
"(93, 184)",3,3.01
"(313, 153)",3,3.01
"(2569, 9)",3,3.01
"(509, 9)",3,3.01
"(598, 188)",3,3.01
"(758, 154)",3,3.01
"(1242, 71)",3,3.01
"(88, 995)",3,3.01
"(71, 73)",3,3.01
"(463, 11)",3,3.01
"(367, 11)",3,3.01
"(104, 116)",3,3.01
"(2089, 2800)",3,3.01
"(103, 127)",3,3.01
"(964, 103)",3,3.01
"(2080, 101)",3,3.01
"(663, 1095)",3,3.01
"(949, 190)",3,3.01
"(241, 54)",3,3.01
"(1581, 72)",3,3.01
"(286, 99)",3,3.01
"(1911, 102)",3,3.01
"(4, 288)",3,3.01
"(2660, 102)",3,3.01
"(150, 130)",3,3.01
"(93, 647)",3,3.01
"(100, 921)",3,3.01
"(1997, 99)",3,3.01
"(160, 601)",3,3.01
"(348, 278)",3,3.01
"(2885, 332)",3,3.01
"(1637, 1549)",3,3.01
"(584, 112)",3,3.01
"(1469, 258)",3,3.01
"(166, 73)",3,3.01
"(160, 1088)",3,3.01
"(619, 130)",3,3.01
"(464, 129)",3,3.01
"(647, 423)",3,3.01
"(67, 11)",3,3.01
"(64, 68)",3,3.01
"(1542, 4)",3,3.01
"(2112, 96)",3,3.01
"(2168, 256)",3,3.01
"(181, 2114)",3,3.01
"(112, 573)",3,3.01
"(88, 229)",3,3.01
"(344, 188)",3,3.01
"(10, 57)",3,3.01
"(102, 2885)",3,3.01
"(573, 127)",3,3.01
"(134, 98)",3,3.01
"(1356, 9)",3,3.01
"(109, 619)",3,3.01
"(398, 127)",3,3.01
"(893, 11)",3,3.01
"(1266, 494)",3,3.01
"(10, 66)",3,3.01
"(44, 69)",3,3.01
"(1222, 142)",3,3.01
"(536, 895)",3,3.01
"(38, 144)",3,3.01
"(399, 103)",3,3.01
"(128, 1222)",3,3.01
"(208, 89)",3,3.01
"(1474, 11)",3,3.01
"(66, 274)",3,3.01
"(1927, 93)",3,3.01
"(1710, 383)",3,3.01
"(93, 99)",3,3.01
"(126, 423)",3,3.01
"(2531, 214)",3,3.01
"(449, 492)",3,3.01
"(509, 10)",3,3.01
"(188, 1508)",3,3.01
"(171, 330)",3,3.01
"(218, 376)",3,3.01
"(153, 715)",3,3.01
"(130, 256)",3,3.01
"(136, 280)",3,3.01
"(1556, 268)",3,3.01
"(106, 1471)",3,3.01
"(113, 1074)",3,3.01
"(91, 2276)",3,3.01
"(802, 11)",3,3.01
"(101, 1214)",3,3.01
"(117, 2886)",3,3.01
"(1074, 101)",3,3.01
"(34, 112)",3,3.01
"(166, 240)",3,3.01
"(88, 167)",3,3.01
"(578, 587)",3,3.01
"(302, 873)",3,3.01
"(184, 166)",3,3.01
"(1535, 102)",3,3.01
"(93, 344)",3,3.01
"(129, 136)",3,3.01
"(166, 79)",3,3.01
"(1029, 9)",3,3.01
"(109, 437)",3,3.01
"(55, 320)",3,3.01
"(1472, 379)",3,3.01
"(34, 2924)",3,3.01
"(88, 1288)",3,3.01
"(102, 508)",3,3.01
"(9, 2890)",3,3.01
"(406, 1584)",3,3.01
"(54, 2473)",3,3.01
"(284, 871)",3,3.01
"(67, 771)",3,3.01
"(97, 1920)",3,3.01
"(2890, 88)",3,3.01
"(133, 101)",3,3.01
"(54, 925)",3,3.01
"(144, 945)",3,3.01
"(88, 1803)",3,3.01
"(3, 290)",3,3.01
"(9, 426)",3,3.01
"(857, 270)",3,3.01
"(319, 188)",3,3.01
"(660, 101)",3,3.01
"(2087, 262)",3,3.01
"(2052, 11)",3,3.01
"(69, 430)",3,3.01
"(939, 106)",3,3.01
"(1550, 9)",3,3.01
"(131, 455)",3,3.01
"(667, 109)",3,3.01
"(426, 109)",3,3.01
"(527, 2800)",3,3.01
"(690, 93)",3,3.01
"(55, 1327)",3,3.01
"(536, 1968)",3,3.01
"(88, 107)",3,3.01
"(213, 347)",3,3.01
"(353, 90)",3,3.01
"(98, 687)",3,3.01
"(364, 97)",3,3.01
"(365, 98)",3,3.01
"(144, 749)",3,3.01
"(1939, 64)",3,3.01
"(94, 93)",3,3.01
"(181, 1617)",3,3.01
"(749, 172)",3,3.01
"(172, 100)",3,3.01
"(100, 290)",3,3.01
"(93, 1240)",3,3.01
"(163, 268)",3,3.01
"(1441, 11)",3,3.01
"(218, 225)",3,3.01
"(69, 93)",3,3.01
"(315, 350)",3,3.01
"(89, 1356)",3,3.01
"(390, 132)",3,3.01
"(142, 2394)",3,3.01
"(166, 1173)",3,3.01
"(203, 389)",3,3.01
"(583, 255)",3,3.01
"(558, 103)",3,3.01
"(237, 2212)",3,3.01
"(2557, 93)",3,3.01
"(1697, 11)",3,3.01
"(117, 58)",3,3.01
"(460, 9)",3,3.01
"(2434, 93)",3,3.01
"(103, 166)",3,3.01
"(1796, 121)",3,3.01
"(104, 246)",3,3.01
"(990, 103)",3,3.01
"(495, 11)",3,3.01
"(218, 1839)",3,3.01
"(962, 1326)",3,3.01
"(139, 343)",3,3.01
"(335, 103)",3,3.01
"(112, 2712)",3,3.01
"(1737, 11)",3,3.01
"(173, 107)",3,3.01
"(883, 117)",3,3.01
"(2592, 173)",3,3.01
"(848, 987)",3,3.01
"(93, 1409)",3,3.01
"(647, 155)",3,3.01
"(150, 239)",3,3.01
"(117, 836)",3,3.01
"(167, 2704)",3,3.01
"(96, 508)",3,3.01
"(2476, 117)",3,3.01
"(412, 941)",3,3.01
"(777, 88)",3,3.01
"(1503, 112)",3,3.01
"(280, 530)",3,3.01
"(100, 743)",3,3.01
"(89, 134)",3,3.01
"(783, 95)",3,3.01
"(107, 2228)",3,3.01
"(298, 66)",3,3.01
"(220, 88)",3,3.01
"(133, 955)",3,3.01
"(1407, 10)",3,3.01
"(598, 93)",3,3.01
"(264, 441)",3,3.01
"(327, 102)",3,3.01
"(3, 28)",3,3.01
"(1780, 360)",3,3.01
"(958, 101)",3,3.01
"(602, 394)",3,3.01
"(88, 6)",3,3.01
"(108, 307)",3,3.01
"(34, 1159)",3,3.01
"(99, 258)",3,3.01
"(73, 1104)",3,3.01
"(1714, 126)",3,3.01
"(372, 483)",3,3.01
"(454, 9)",3,3.01
"(67, 93)",3,3.01
"(97, 263)",3,3.01
"(224, 129)",3,3.01
"(88, 2395)",3,3.01
"(105, 100)",3,3.01
"(936, 1421)",3,3.01
"(1706, 11)",3,3.01
"(93, 515)",3,3.01
"(345, 105)",3,3.01
"(119, 93)",3,3.01
"(260, 408)",3,3.01
"(72, 935)",3,3.01
"(161, 510)",3,3.01
"(404, 88)",3,3.01
"(363, 2919)",3,3.01
"(415, 958)",3,3.01
"(9, 1651)",3,3.01
"(188, 1733)",3,3.01
"(350, 4)",3,3.01
"(1983, 9)",3,3.01
"(281, 579)",3,3.01
"(109, 646)",3,3.01
"(191, 1717)",3,3.01
"(134, 88)",3,3.01
"(1162, 34)",3,3.01
"(1127, 9)",3,3.01
"(620, 88)",3,3.01
"(1806, 6)",3,3.01
"(1279, 176)",3,3.01
"(101, 758)",3,3.01
"(1971, 96)",3,3.01
"(1056, 102)",3,3.01
"(160, 91)",3,3.01
"(976, 103)",3,3.01
"(274, 102)",3,3.01
"(203, 584)",3,3.01
"(240, 475)",3,3.01
"(89, 1085)",3,3.01
"(28, 1341)",3,3.01
"(233, 117)",3,3.01
"(1290, 11)",3,3.01
"(88, 100)",3,3.01
"(722, 2648)",3,3.01
"(404, 97)",3,3.01
"(101, 59)",3,3.01
"(1932, 101)",3,3.01
"(54, 994)",3,3.01
"(290, 163)",3,3.01
"(66, 793)",3,3.01
"(9, 110)",3,3.01
"(116, 708)",3,3.01
"(519, 179)",3,3.01
"(1208, 130)",3,3.01
"(88, 251)",3,3.01
"(2968, 129)",3,3.01
"(281, 407)",3,3.01
"(10, 1686)",3,3.01
"(363, 2596)",3,3.01
"(136, 377)",3,3.01
"(394, 9)",3,3.01
"(264, 277)",3,3.01
"(350, 93)",3,3.01
"(293, 2006)",3,3.01
"(213, 2053)",3,3.01
"(116, 183)",3,3.01
"(2226, 374)",3,3.01
"(2092, 100)",3,3.01
"(286, 667)",3,3.01
"(224, 270)",3,3.01
"(176, 330)",3,3.01
"(1785, 11)",3,3.01
"(1560, 93)",3,3.01
"(572, 11)",3,3.01
"(88, 2092)",3,3.01
"(495, 153)",3,3.01
"(240, 97)",3,3.01
"(101, 455)",3,3.01
"(503, 272)",3,3.01
"(54, 2531)",3,3.01
"(200, 94)",3,3.01
"(65, 2107)",3,3.01
"(32, 1208)",3,3.01
"(962, 466)",3,3.01
"(59, 338)",3,3.01
"(2503, 98)",3,3.01
"(11, 1576)",3,3.01
"(1132, 9)",3,3.01
"(1111, 267)",3,3.01
"(403, 274)",3,3.01
"(88, 1122)",3,3.01
"(188, 1580)",3,3.01
"(744, 197)",3,3.01
"(406, 129)",3,3.01
"(88, 96)",3,3.01
"(270, 606)",3,3.01
"(683, 191)",3,3.01
"(431, 9)",3,3.01
"(1196, 127)",3,3.01
"(367, 102)",3,3.01
"(55, 1486)",3,3.01
"(449, 54)",3,3.01
"(690, 9)",3,3.01
"(96, 302)",3,3.01
"(2325, 11)",3,3.01
"(1178, 994)",3,3.01
"(72, 163)",3,3.01
"(489, 710)",3,3.01
"(134, 964)",3,3.01
"(135, 55)",3,3.01
"(959, 160)",3,3.01
"(1879, 11)",3,3.01
"(703, 306)",3,3.01
"(439, 101)",3,3.01
"(986, 143)",3,3.01
"(118, 9)",3,3.01
"(54, 1323)",3,3.01
"(193, 394)",3,3.01
"(1532, 9)",3,3.01
"(2543, 34)",3,3.01
"(421, 141)",3,3.01
"(265, 1942)",3,3.01
"(90, 449)",3,3.01
"(188, 376)",3,3.01
"(1312, 416)",3,3.01
"(54, 1132)",3,3.01
"(105, 9)",3,3.01
"(2783, 101)",3,3.01
"(339, 271)",3,3.01
"(178, 109)",3,3.01
"(89, 510)",3,3.01
"(170, 1746)",3,3.01
"(93, 440)",3,3.01
"(1001, 191)",3,3.01
"(195, 105)",3,3.01
"(1035, 11)",3,3.01
"(528, 127)",3,3.01
"(54, 1266)",3,3.01
"(1834, 230)",3,3.01
"(58, 95)",3,3.01
"(167, 89)",3,3.01
"(116, 1521)",3,3.01
"(184, 589)",3,3.01
"(90, 2503)",3,3.01
"(96, 218)",3,3.01
"(88, 2061)",3,3.01
"(582, 11)",3,3.01
"(645, 160)",3,3.01
"(61, 10)",3,3.01
"(93, 296)",3,3.01
"(72, 171)",3,3.01
"(102, 610)",3,3.01
"(57, 271)",3,3.01
"(102, 216)",3,3.01
"(109, 24)",3,3.01
"(2090, 643)",3,3.01
"(34, 89)",3,3.01
"(1631, 258)",3,3.01
"(429, 254)",3,3.01
"(823, 10)",3,3.01
"(307, 310)",3,3.01
"(1151, 9)",3,3.01
"(1280, 9)",3,3.01
"(613, 58)",3,3.01
"(2105, 11)",3,3.01
"(313, 54)",3,3.01
"(336, 252)",3,3.01
"(88, 690)",3,3.01
"(48, 148)",3,3.01
"(431, 116)",3,3.01
"(240, 443)",3,3.01
"(142, 942)",3,3.01
"(271, 134)",3,3.01
"(232, 715)",3,3.01
"(262, 93)",3,3.01
"(155, 94)",3,3.01
"(2455, 88)",3,3.01
"(388, 93)",3,3.01
"(112, 101)",3,3.01
"(2700, 1619)",3,3.01
"(427, 54)",2,2.01
"(958, 72)",2,2.01
"(1524, 203)",2,2.01
"(483, 1013)",2,2.01
"(1305, 241)",2,2.01
"(34, 685)",2,2.01
"(468, 597)",2,2.01
"(743, 89)",2,2.01
"(303, 225)",2,2.01
"(89, 743)",2,2.01
"(104, 93)",2,2.01
"(9, 1451)",2,2.01
"(577, 267)",2,2.01
"(434, 172)",2,2.01
"(1313, 227)",2,2.01
"(440, 166)",2,2.01
"(1252, 119)",2,2.01
"(1621, 134)",2,2.01
"(315, 153)",2,2.01
"(758, 161)",2,2.01
"(102, 2011)",2,2.01
"(166, 2965)",2,2.01
"(88, 2385)",2,2.01
"(360, 1108)",2,2.01
"(1253, 11)",2,2.01
"(139, 73)",2,2.01
"(160, 2554)",2,2.01
"(1013, 142)",2,2.01
"(1214, 9)",2,2.01
"(116, 187)",2,2.01
"(99, 197)",2,2.01
"(2893, 102)",2,2.01
"(148, 304)",2,2.01
"(59, 335)",2,2.01
"(176, 129)",2,2.01
"(1172, 241)",2,2.01
"(24, 104)",2,2.01
"(142, 1041)",2,2.01
"(1307, 89)",2,2.01
"(188, 2414)",2,2.01
"(1015, 350)",2,2.01
"(166, 55)",2,2.01
"(398, 350)",2,2.01
"(738, 34)",2,2.01
"(241, 1525)",2,2.01
"(220, 350)",2,2.01
"(319, 190)",2,2.01
"(376, 2213)",2,2.01
"(181, 381)",2,2.01
"(797, 645)",2,2.01
"(2702, 132)",2,2.01
"(93, 744)",2,2.01
"(68, 9)",2,2.01
"(870, 204)",2,2.01
"(276, 96)",2,2.01
"(78, 161)",2,2.01
"(93, 1596)",2,2.01
"(2328, 191)",2,2.01
"(241, 534)",2,2.01
"(489, 104)",2,2.01
"(129, 128)",2,2.01
"(203, 1528)",2,2.01
"(88, 873)",2,2.01
"(528, 11)",2,2.01
"(397, 127)",2,2.01
"(218, 2200)",2,2.01
"(119, 935)",2,2.01
"(315, 93)",2,2.01
"(193, 292)",2,2.01
"(237, 288)",2,2.01
"(935, 130)",2,2.01
"(102, 2004)",2,2.01
"(89, 315)",2,2.01
"(451, 483)",2,2.01
"(873, 101)",2,2.01
"(132, 315)",2,2.01
"(201, 1015)",2,2.01
"(1059, 921)",2,2.01
"(101, 2203)",2,2.01
"(2777, 9)",2,2.01
"(2203, 9)",2,2.01
"(284, 78)",2,2.01
"(452, 147)",2,2.01
"(154, 1059)",2,2.01
"(700, 144)",2,2.01
"(2682, 78)",2,2.01
"(2923, 339)",2,2.01
"(136, 988)",2,2.01
"(1275, 10)",2,2.01
"(1394, 188)",2,2.01
"(254, 270)",2,2.01
"(932, 350)",2,2.01
"(73, 1172)",2,2.01
"(1326, 89)",2,2.01
"(55, 10)",2,2.01
"(1292, 160)",2,2.01
"(69, 2848)",2,2.01
"(475, 136)",2,2.01
"(93, 359)",2,2.01
"(102, 473)",2,2.01
"(476, 388)",2,2.01
"(388, 1147)",2,2.01
"(54, 32)",2,2.01
"(1172, 54)",2,2.01
"(1019, 11)",2,2.01
"(623, 522)",2,2.01
"(142, 416)",2,2.01
"(334, 74)",2,2.01
"(66, 1803)",2,2.01
"(1159, 9)",2,2.01
"(212, 9)",2,2.01
"(35, 212)",2,2.01
"(1257, 363)",2,2.01
"(2413, 93)",2,2.01
"(59, 444)",2,2.01
"(180, 93)",2,2.01
"(700, 2724)",2,2.01
"(773, 1326)",2,2.01
"(349, 89)",2,2.01
"(833, 394)",2,2.01
"(58, 271)",2,2.01
"(179, 502)",2,2.01
"(160, 814)",2,2.01
"(394, 539)",2,2.01
"(229, 101)",2,2.01
"(204, 2234)",2,2.01
"(2816, 10)",2,2.01
"(166, 922)",2,2.01
"(10, 2866)",2,2.01
"(54, 490)",2,2.01
"(2163, 171)",2,2.01
"(1194, 93)",2,2.01
"(429, 1548)",2,2.01
"(1400, 10)",2,2.01
"(344, 135)",2,2.01
"(106, 64)",2,2.01
"(2848, 11)",2,2.01
"(807, 117)",2,2.01
"(103, 204)",2,2.01
"(153, 708)",2,2.01
"(223, 442)",2,2.01
"(1048, 774)",2,2.01
"(1109, 1233)",2,2.01
"(188, 1349)",2,2.01
"(55, 248)",2,2.01
"(102, 523)",2,2.01
"(1563, 89)",2,2.01
"(152, 687)",2,2.01
"(117, 486)",2,2.01
"(152, 72)",2,2.01
"(118, 65)",2,2.01
"(515, 1380)",2,2.01
"(1380, 639)",2,2.01
"(101, 243)",2,2.01
"(420, 90)",2,2.01
"(188, 1775)",2,2.01
"(1431, 102)",2,2.01
"(1255, 191)",2,2.01
"(444, 1326)",2,2.01
"(1227, 54)",2,2.01
"(160, 2651)",2,2.01
"(390, 172)",2,2.01
"(714, 296)",2,2.01
"(204, 97)",2,2.01
"(10, 1647)",2,2.01
"(89, 504)",2,2.01
"(88, 180)",2,2.01
"(623, 11)",2,2.01
"(476, 270)",2,2.01
"(253, 107)",2,2.01
"(9, 139)",2,2.01
"(90, 101)",2,2.01
"(72, 330)",2,2.01
"(882, 101)",2,2.01
"(93, 1201)",2,2.01
"(519, 710)",2,2.01
"(218, 703)",2,2.01
"(38, 30)",2,2.01
"(1696, 101)",2,2.01
"(219, 132)",2,2.01
"(132, 330)",2,2.01
"(725, 191)",2,2.01
"(166, 2069)",2,2.01
"(636, 116)",2,2.01
"(258, 11)",2,2.01
"(218, 1130)",2,2.01
"(1210, 229)",2,2.01
"(1482, 9)",2,2.01
"(2061, 9)",2,2.01
"(506, 98)",2,2.01
"(88, 1130)",2,2.01
"(1130, 101)",2,2.01
"(543, 155)",2,2.01
"(596, 218)",2,2.01
"(116, 1621)",2,2.01
"(128, 2546)",2,2.01
"(597, 127)",2,2.01
"(486, 102)",2,2.01
"(6, 271)",2,2.01
"(282, 990)",2,2.01
"(105, 234)",2,2.01
"(109, 226)",2,2.01
"(382, 1808)",2,2.01
"(2044, 1884)",2,2.01
"(1346, 93)",2,2.01
"(108, 150)",2,2.01
"(193, 383)",2,2.01
"(73, 172)",2,2.01
"(28, 139)",2,2.01
"(29, 90)",2,2.01
"(597, 1387)",2,2.01
"(190, 56)",2,2.01
"(101, 608)",2,2.01
"(171, 382)",2,2.01
"(9, 1930)",2,2.01
"(221, 603)",2,2.01
"(34, 1275)",2,2.01
"(88, 1294)",2,2.01
"(2114, 54)",2,2.01
"(626, 444)",2,2.01
"(1001, 99)",2,2.01
"(54, 326)",2,2.01
"(497, 584)",2,2.01
"(93, 1701)",2,2.01
"(24, 54)",2,2.01
"(55, 139)",2,2.01
"(9, 1240)",2,2.01
"(1227, 103)",2,2.01
"(864, 11)",2,2.01
"(242, 9)",2,2.01
"(88, 768)",2,2.01
"(166, 542)",2,2.01
"(54, 515)",2,2.01
"(1549, 9)",2,2.01
"(781, 58)",2,2.01
"(188, 570)",2,2.01
"(1333, 102)",2,2.01
"(116, 1883)",2,2.01
"(1306, 101)",2,2.01
"(9, 1159)",2,2.01
"(117, 631)",2,2.01
"(916, 98)",2,2.01
"(54, 2090)",2,2.01
"(268, 171)",2,2.01
"(598, 9)",2,2.01
"(1502, 191)",2,2.01
"(10, 2412)",2,2.01
"(123, 89)",2,2.01
"(296, 339)",2,2.01
"(167, 773)",2,2.01
"(2412, 101)",2,2.01
"(420, 1905)",2,2.01
"(892, 597)",2,2.01
"(94, 101)",2,2.01
"(88, 97)",2,2.01
"(104, 191)",2,2.01
"(204, 179)",2,2.01
"(113, 1691)",2,2.01
"(117, 814)",2,2.01
"(88, 443)",2,2.01
"(1713, 350)",2,2.01
"(442, 1183)",2,2.01
"(292, 791)",2,2.01
"(348, 153)",2,2.01
"(272, 1584)",2,2.01
"(2500, 1951)",2,2.01
"(34, 145)",2,2.01
"(145, 2891)",2,2.01
"(909, 88)",2,2.01
"(464, 116)",2,2.01
"(144, 89)",2,2.01
"(1691, 1121)",2,2.01
"(1121, 129)",2,2.01
"(191, 2962)",2,2.01
"(2578, 165)",2,2.01
"(290, 101)",2,2.01
"(822, 147)",2,2.01
"(102, 2578)",2,2.01
"(11, 1353)",2,2.01
"(106, 892)",2,2.01
"(101, 102)",2,2.01
"(136, 786)",2,2.01
"(101, 87)",2,2.01
"(193, 589)",2,2.01
"(2003, 103)",2,2.01
"(2425, 101)",2,2.01
"(1397, 54)",2,2.01
"(9, 1078)",2,2.01
"(603, 101)",2,2.01
"(116, 2614)",2,2.01
"(1078, 9)",2,2.01
"(1021, 109)",2,2.01
"(176, 106)",2,2.01
"(102, 1093)",2,2.01
"(678, 172)",2,2.01
"(2393, 11)",2,2.01
"(215, 72)",2,2.01
"(190, 54)",2,2.01
"(26, 169)",2,2.01
"(607, 869)",2,2.01
"(54, 906)",2,2.01
"(290, 166)",2,2.01
"(642, 831)",2,2.01
"(2189, 1016)",2,2.01
"(166, 399)",2,2.01
"(212, 481)",2,2.01
"(149, 488)",2,2.01
"(78, 1510)",2,2.01
"(2042, 1052)",2,2.01
"(129, 1091)",2,2.01
"(558, 258)",2,2.01
"(169, 123)",2,2.01
"(102, 442)",2,2.01
"(1139, 213)",2,2.01
"(74, 102)",2,2.01
"(41, 74)",2,2.01
"(1606, 828)",2,2.01
"(344, 453)",2,2.01
"(204, 1984)",2,2.01
"(72, 1593)",2,2.01
"(138, 75)",2,2.01
"(2344, 103)",2,2.01
"(156, 204)",2,2.01
"(1771, 10)",2,2.01
"(102, 1508)",2,2.01
"(344, 926)",2,2.01
"(230, 224)",2,2.01
"(54, 1403)",2,2.01
"(2342, 109)",2,2.01
"(122, 2936)",2,2.01
"(99, 122)",2,2.01
"(41, 99)",2,2.01
"(54, 855)",2,2.01
"(388, 437)",2,2.01
"(283, 59)",2,2.01
"(88, 1061)",2,2.01
"(865, 204)",2,2.01
"(953, 313)",2,2.01
"(356, 136)",2,2.01
"(914, 2612)",2,2.01
"(503, 2356)",2,2.01
"(1629, 96)",2,2.01
"(93, 1672)",2,2.01
"(54, 1693)",2,2.01
"(1820, 103)",2,2.01
"(560, 2490)",2,2.01
"(88, 618)",2,2.01
"(289, 1298)",2,2.01
"(2173, 9)",2,2.01
"(93, 2133)",2,2.01
"(2490, 101)",2,2.01
"(1334, 11)",2,2.01
"(304, 191)",2,2.01
"(383, 1658)",2,2.01
"(88, 490)",2,2.01
"(114, 2987)",2,2.01
"(470, 191)",2,2.01
"(135, 242)",2,2.01
"(151, 221)",2,2.01
"(1744, 131)",2,2.01
"(76, 110)",2,2.01
"(220, 142)",2,2.01
"(68, 1744)",2,2.01
"(110, 199)",2,2.01
"(136, 2831)",2,2.01
"(1639, 11)",2,2.01
"(204, 293)",2,2.01
"(351, 2336)",2,2.01
"(2758, 804)",2,2.01
"(442, 68)",2,2.01
"(2595, 74)",2,2.01
"(1364, 89)",2,2.01
"(188, 59)",2,2.01
"(601, 2402)",2,2.01
"(93, 161)",2,2.01
"(653, 142)",2,2.01
"(140, 99)",2,2.01
"(451, 596)",2,2.01
"(383, 1368)",2,2.01
"(295, 831)",2,2.01
"(292, 560)",2,2.01
"(56, 143)",2,2.01
"(381, 147)",2,2.01
"(1792, 108)",2,2.01
"(65, 507)",2,2.01
"(166, 1792)",2,2.01
"(363, 1714)",2,2.01
"(131, 370)",2,2.01
"(90, 615)",2,2.01
"(1346, 290)",2,2.01
"(1929, 34)",2,2.01
"(1453, 90)",2,2.01
"(700, 1956)",2,2.01
"(121, 65)",2,2.01
"(1594, 9)",2,2.01
"(181, 57)",2,2.01
"(332, 102)",2,2.01
"(191, 523)",2,2.01
"(725, 1594)",2,2.01
"(57, 116)",2,2.01
"(116, 694)",2,2.01
"(72, 832)",2,2.01
"(2973, 9)",2,2.01
"(1444, 114)",2,2.01
"(102, 1015)",2,2.01
"(93, 1782)",2,2.01
"(377, 821)",2,2.01
"(93, 1862)",2,2.01
"(112, 190)",2,2.01
"(131, 98)",2,2.01
"(353, 89)",2,2.01
"(3, 877)",2,2.01
"(3, 1379)",2,2.01
"(9, 76)",2,2.01
"(383, 66)",2,2.01
"(59, 1620)",2,2.01
"(6, 93)",2,2.01
"(160, 529)",2,2.01
"(6, 101)",2,2.01
"(1759, 191)",2,2.01
"(76, 119)",2,2.01
"(116, 154)",2,2.01
"(114, 645)",2,2.01
"(1938, 72)",2,2.01
"(796, 999)",2,2.01
"(2986, 381)",2,2.01
"(67, 2664)",2,2.01
"(204, 363)",2,2.01
"(347, 243)",2,2.01
"(2705, 9)",2,2.01
"(1450, 93)",2,2.01
"(90, 332)",2,2.01
"(89, 2108)",2,2.01
"(2418, 307)",2,2.01
"(1807, 135)",2,2.01
"(1771, 2515)",2,2.01
"(108, 667)",2,2.01
"(10, 1691)",2,2.01
"(226, 845)",2,2.01
"(54, 1155)",2,2.01
"(147, 2351)",2,2.01
"(272, 134)",2,2.01
"(994, 11)",2,2.01
"(1477, 11)",2,2.01
"(140, 11)",2,2.01
"(1170, 108)",2,2.01
"(905, 77)",2,2.01
"(2664, 9)",2,2.01
"(597, 190)",2,2.01
"(90, 2950)",2,2.01
"(1150, 103)",2,2.01
"(644, 319)",2,2.01
"(1550, 153)",2,2.01
"(135, 1834)",2,2.01
"(98, 996)",2,2.01
"(88, 271)",2,2.01
"(2035, 101)",2,2.01
"(1251, 89)",2,2.01
"(93, 1479)",2,2.01
"(725, 240)",2,2.01
"(1711, 118)",2,2.01
"(136, 489)",2,2.01
"(94, 103)",2,2.01
"(77, 750)",2,2.01
"(9, 254)",2,2.01
"(9, 1407)",2,2.01
"(96, 102)",2,2.01
"(582, 755)",2,2.01
"(303, 98)",2,2.01
"(218, 315)",2,2.01
"(2178, 109)",2,2.01
"(2867, 1802)",2,2.01
"(111, 290)",2,2.01
"(339, 258)",2,2.01
"(1173, 11)",2,2.01
"(2590, 11)",2,2.01
"(2350, 258)",2,2.01
"(2351, 2867)",2,2.01
"(11, 2938)",2,2.01
"(2715, 290)",2,2.01
"(240, 618)",2,2.01
"(711, 2811)",2,2.01
"(1243, 271)",2,2.01
"(69, 2350)",2,2.01
"(54, 1749)",2,2.01
"(54, 2092)",2,2.01
"(101, 2663)",2,2.01
"(782, 117)",2,2.01
"(620, 2349)",2,2.01
"(1407, 101)",2,2.01
"(116, 2776)",2,2.01
"(93, 1535)",2,2.01
"(832, 527)",2,2.01
"(54, 868)",2,2.01
"(254, 109)",2,2.01
"(9, 905)",2,2.01
"(2032, 101)",2,2.01
"(136, 1063)",2,2.01
"(1225, 129)",2,2.01
"(9, 1927)",2,2.01
"(2275, 9)",2,2.01
"(1708, 147)",2,2.01
"(1966, 9)",2,2.01
"(204, 876)",2,2.01
"(10, 605)",2,2.01
"(282, 59)",2,2.01
"(449, 147)",2,2.01
"(313, 113)",2,2.01
"(466, 89)",2,2.01
"(204, 55)",2,2.01
"(160, 443)",2,2.01
"(128, 1323)",2,2.01
"(551, 123)",2,2.01
"(426, 204)",2,2.01
"(54, 2276)",2,2.01
"(149, 894)",2,2.01
"(88, 1749)",2,2.01
"(68, 358)",2,2.01
"(204, 69)",2,2.01
"(135, 1489)",2,2.01
"(93, 1800)",2,2.01
"(268, 343)",2,2.01
"(2427, 109)",2,2.01
"(784, 102)",2,2.01
"(6, 2654)",2,2.01
"(166, 1189)",2,2.01
"(2336, 258)",2,2.01
"(97, 2472)",2,2.01
"(577, 34)",2,2.01
"(101, 1568)",2,2.01
"(695, 160)",2,2.01
"(2483, 423)",2,2.01
"(1038, 93)",2,2.01
"(203, 519)",2,2.01
"(73, 116)",2,2.01
"(9, 145)",2,2.01
"(354, 9)",2,2.01
"(102, 31)",2,2.01
"(1069, 90)",2,2.01
"(109, 432)",2,2.01
"(651, 271)",2,2.01
"(116, 114)",2,2.01
"(135, 2275)",2,2.01
"(183, 94)",2,2.01
"(2474, 1863)",2,2.01
"(1900, 88)",2,2.01
"(904, 695)",2,2.01
"(88, 394)",2,2.01
"(1547, 101)",2,2.01
"(786, 9)",2,2.01
"(54, 1547)",2,2.01
"(2221, 786)",2,2.01
"(123, 3)",2,2.01
"(734, 2336)",2,2.01
"(2472, 89)",2,2.01
"(88, 2113)",2,2.01
"(282, 293)",2,2.01
"(144, 64)",2,2.01
"(90, 134)",2,2.01
"(2040, 258)",2,2.01
"(1563, 101)",2,2.01
"(117, 2053)",2,2.01
"(161, 2227)",2,2.01
"(10, 1563)",2,2.01
"(2382, 1620)",2,2.01
"(353, 446)",2,2.01
"(267, 204)",2,2.01
"(2896, 191)",2,2.01
"(2718, 72)",2,2.01
"(533, 219)",2,2.01
"(2876, 172)",2,2.01
"(160, 2773)",2,2.01
"(131, 106)",2,2.01
"(547, 394)",2,2.01
"(106, 312)",2,2.01
"(1572, 93)",2,2.01
"(2102, 99)",2,2.01
"(142, 41)",2,2.01
"(519, 2283)",2,2.01
"(93, 191)",2,2.01
"(45, 198)",2,2.01
"(54, 27)",2,2.01
"(2283, 1052)",2,2.01
"(198, 502)",2,2.01
"(2972, 589)",2,2.01
"(273, 9)",2,2.01
"(2398, 864)",2,2.01
"(127, 894)",2,2.01
"(1858, 101)",2,2.01
"(1928, 101)",2,2.01
"(1849, 127)",2,2.01
"(330, 102)",2,2.01
"(1887, 284)",2,2.01
"(523, 147)",2,2.01
"(284, 159)",2,2.01
"(958, 302)",2,2.01
"(159, 518)",2,2.01
"(326, 93)",2,2.01
"(988, 102)",2,2.01
"(344, 161)",2,2.01
"(171, 1751)",2,2.01
"(292, 218)",2,2.01
"(311, 107)",2,2.01
"(738, 9)",2,2.01
"(399, 147)",2,2.01
"(1858, 9)",2,2.01
"(54, 2144)",2,2.01
"(108, 136)",2,2.01
"(201, 94)",2,2.01
"(91, 132)",2,2.01
"(447, 101)",2,2.01
"(720, 1289)",2,2.01
"(182, 270)",2,2.01
"(1289, 101)",2,2.01
"(1011, 477)",2,2.01
"(11, 2079)",2,2.01
"(88, 2205)",2,2.01
"(151, 173)",2,2.01
"(9, 1327)",2,2.01
"(160, 144)",2,2.01
"(238, 77)",2,2.01
"(117, 2019)",2,2.01
"(892, 9)",2,2.01
"(134, 237)",2,2.01
"(602, 2508)",2,2.01
"(181, 1664)",2,2.01
"(54, 2331)",2,2.01
"(859, 9)",2,2.01
"(1093, 360)",2,2.01
"(98, 492)",2,2.01
"(315, 188)",2,2.01
"(10, 67)",2,2.01
"(1215, 9)",2,2.01
"(1532, 1383)",2,2.01
"(160, 851)",2,2.01
"(109, 2998)",2,2.01
"(241, 493)",2,2.01
"(1698, 93)",2,2.01
"(2759, 203)",2,2.01
"(93, 113)",2,2.01
"(133, 89)",2,2.01
"(530, 10)",2,2.01
"(2773, 753)",2,2.01
"(288, 2665)",2,2.01
"(134, 254)",2,2.01
"(301, 387)",2,2.01
"(428, 427)",2,2.01
"(218, 1028)",2,2.01
"(1384, 102)",2,2.01
"(1177, 1746)",2,2.01
"(1499, 109)",2,2.01
"(353, 181)",2,2.01
"(415, 102)",2,2.01
"(288, 303)",2,2.01
"(65, 98)",2,2.01
"(162, 158)",2,2.01
"(158, 258)",2,2.01
"(204, 2959)",2,2.01
"(8, 34)",2,2.01
"(1149, 97)",2,2.01
"(1750, 9)",2,2.01
"(378, 109)",2,2.01
"(1169, 350)",2,2.01
"(2402, 9)",2,2.01
"(415, 127)",2,2.01
"(160, 1387)",2,2.01
"(302, 622)",2,2.01
"(232, 263)",2,2.01
"(445, 34)",2,2.01
"(193, 416)",2,2.01
"(54, 1315)",2,2.01
"(561, 421)",2,2.01
"(633, 11)",2,2.01
"(91, 561)",2,2.01
"(58, 1499)",2,2.01
"(460, 214)",2,2.01
"(177, 45)",2,2.01
"(630, 188)",2,2.01
"(2908, 102)",2,2.01
"(330, 442)",2,2.01
"(2204, 203)",2,2.01
"(302, 32)",2,2.01
"(33, 68)",2,2.01
"(420, 204)",2,2.01
"(137, 2757)",2,2.01
"(117, 388)",2,2.01
"(1809, 191)",2,2.01
"(806, 9)",2,2.01
"(451, 1721)",2,2.01
"(833, 271)",2,2.01
"(1106, 93)",2,2.01
"(2067, 11)",2,2.01
"(6, 45)",2,2.01
"(1392, 72)",2,2.01
"(72, 412)",2,2.01
"(144, 56)",2,2.01
"(127, 280)",2,2.01
"(792, 127)",2,2.01
"(2138, 113)",2,2.01
"(1585, 523)",2,2.01
"(288, 153)",2,2.01
"(93, 350)",2,2.01
"(336, 281)",2,2.01
"(181, 190)",2,2.01
"(166, 2355)",2,2.01
"(921, 155)",2,2.01
"(375, 76)",2,2.01
"(106, 108)",2,2.01
"(54, 170)",2,2.01
"(2082, 93)",2,2.01
"(2334, 101)",2,2.01
"(475, 127)",2,2.01
"(89, 1532)",2,2.01
"(2213, 11)",2,2.01
"(57, 604)",2,2.01
"(293, 258)",2,2.01
"(494, 90)",2,2.01
"(291, 103)",2,2.01
"(322, 603)",2,2.01
"(88, 1543)",2,2.01
"(1397, 383)",2,2.01
"(466, 9)",2,2.01
"(1612, 121)",2,2.01
"(1505, 9)",2,2.01
"(460, 252)",2,2.01
"(90, 1612)",2,2.01
"(166, 1505)",2,2.01
"(102, 832)",2,2.01
"(921, 54)",2,2.01
"(571, 165)",2,2.01
"(253, 571)",2,2.01
"(65, 290)",2,2.01
"(135, 962)",2,2.01
"(78, 96)",2,2.01
"(241, 1842)",2,2.01
"(1063, 11)",2,2.01
"(509, 528)",2,2.01
"(1364, 93)",2,2.01
"(88, 1364)",2,2.01
"(2630, 93)",2,2.01
"(10, 58)",2,2.01
"(88, 130)",2,2.01
"(2737, 374)",2,2.01
"(570, 166)",2,2.01
"(423, 626)",2,2.01
"(566, 305)",2,2.01
"(241, 867)",2,2.01
"(48, 1415)",2,2.01
"(1100, 54)",2,2.01
"(1415, 45)",2,2.01
"(109, 620)",2,2.01
"(1917, 109)",2,2.01
"(97, 1917)",2,2.01
"(558, 204)",2,2.01
"(937, 166)",2,2.01
"(117, 390)",2,2.01
"(2382, 169)",2,2.01
"(1234, 1693)",2,2.01
"(89, 36)",2,2.01
"(1757, 645)",2,2.01
"(77, 11)",2,2.01
"(1177, 103)",2,2.01
"(869, 9)",2,2.01
"(160, 1375)",2,2.01
"(97, 445)",2,2.01
"(129, 1316)",2,2.01
"(1421, 475)",2,2.01
"(762, 313)",2,2.01
"(181, 2287)",2,2.01
"(310, 104)",2,2.01
"(101, 1634)",2,2.01
"(101, 425)",2,2.01
"(626, 147)",2,2.01
"(72, 602)",2,2.01
"(97, 715)",2,2.01
"(98, 73)",2,2.01
"(71, 212)",2,2.01
"(2790, 126)",2,2.01
"(647, 190)",2,2.01
"(197, 118)",2,2.01
"(763, 307)",2,2.01
"(135, 69)",2,2.01
"(962, 229)",2,2.01
"(93, 570)",2,2.01
"(34, 2455)",2,2.01
"(135, 2583)",2,2.01
"(2091, 109)",2,2.01
"(237, 171)",2,2.01
"(2142, 102)",2,2.01
"(1204, 237)",2,2.01
"(78, 350)",2,2.01
"(1248, 109)",2,2.01
"(302, 71)",2,2.01
"(1488, 73)",2,2.01
"(166, 281)",2,2.01
"(54, 237)",2,2.01
"(683, 11)",2,2.01
"(1322, 172)",2,2.01
"(943, 11)",2,2.01
"(2355, 1367)",2,2.01
"(1706, 89)",2,2.01
"(68, 1639)",2,2.01
"(136, 135)",2,2.01
"(109, 149)",2,2.01
"(1213, 9)",2,2.01
"(1164, 98)",2,2.01
"(89, 278)",2,2.01
"(78, 204)",2,2.01
"(1593, 9)",2,2.01
"(281, 1347)",2,2.01
"(533, 377)",2,2.01
"(1130, 578)",2,2.01
"(9, 66)",2,2.01
"(2285, 290)",2,2.01
"(54, 1330)",2,2.01
"(170, 87)",2,2.01
"(112, 90)",2,2.01
"(283, 314)",2,2.01
"(10, 2755)",2,2.01
"(406, 1572)",2,2.01
"(94, 1213)",2,2.01
"(1649, 93)",2,2.01
"(114, 1963)",2,2.01
"(97, 114)",2,2.01
"(101, 498)",2,2.01
"(2735, 1052)",2,2.01
"(2748, 89)",2,2.01
"(127, 2248)",2,2.01
"(347, 2713)",2,2.01
"(102, 2181)",2,2.01
"(102, 1750)",2,2.01
"(274, 190)",2,2.01
"(1705, 288)",2,2.01
"(107, 682)",2,2.01
"(316, 979)",2,2.01
"(2771, 101)",2,2.01
"(468, 126)",2,2.01
"(795, 135)",2,2.01
"(54, 2592)",2,2.01
"(199, 191)",2,2.01
"(116, 245)",2,2.01
"(41, 316)",2,2.01
"(839, 1641)",2,2.01
"(114, 1466)",2,2.01
"(486, 238)",2,2.01
"(204, 2024)",2,2.01
"(96, 1058)",2,2.01
"(601, 936)",2,2.01
"(135, 745)",2,2.01
"(986, 464)",2,2.01
"(1708, 1464)",2,2.01
"(1464, 129)",2,2.01
"(950, 11)",2,2.01
"(1529, 96)",2,2.01
"(116, 1823)",2,2.01
"(10, 369)",2,2.01
"(1245, 102)",2,2.01
"(263, 1172)",2,2.01
"(2102, 101)",2,2.01
"(935, 1474)",2,2.01
"(2745, 2431)",2,2.01
"(2832, 639)",2,2.01
"(188, 72)",2,2.01
"(218, 1932)",2,2.01
"(403, 423)",2,2.01
"(102, 2713)",2,2.01
"(268, 844)",2,2.01
"(1007, 2137)",2,2.01
"(1252, 747)",2,2.01
"(1001, 98)",2,2.01
"(542, 147)",2,2.01
"(142, 59)",2,2.01
"(61, 88)",2,2.01
"(1198, 191)",2,2.01
"(135, 2922)",2,2.01
"(117, 2206)",2,2.01
"(204, 222)",2,2.01
"(41, 65)",2,2.01
"(1668, 9)",2,2.01
"(102, 44)",2,2.01
"(519, 97)",2,2.01
"(557, 93)",2,2.01
"(2713, 147)",2,2.01
"(2208, 9)",2,2.01
"(89, 1495)",2,2.01
"(427, 101)",2,2.01
"(1780, 11)",2,2.01
"(2897, 191)",2,2.01
"(133, 870)",2,2.01
"(30, 133)",2,2.01
"(312, 64)",2,2.01
"(359, 104)",2,2.01
"(904, 98)",2,2.01
"(268, 98)",2,2.01
"(117, 1865)",2,2.01
"(647, 6)",2,2.01
"(237, 492)",2,2.01
"(2474, 1139)",2,2.01
"(6, 94)",2,2.01
"(54, 992)",2,2.01
"(822, 11)",2,2.01
"(2658, 93)",2,2.01
"(1839, 11)",2,2.01
"(188, 2012)",2,2.01
"(382, 88)",2,2.01
"(268, 69)",2,2.01
"(69, 793)",2,2.01
"(271, 9)",2,2.01
"(278, 135)",2,2.01
"(229, 680)",2,2.01
"(963, 257)",2,2.01
"(2052, 72)",2,2.01
"(444, 930)",2,2.01
"(930, 93)",2,2.01
"(93, 260)",2,2.01
"(6, 1770)",2,2.01
"(533, 1180)",2,2.01
"(460, 116)",2,2.01
"(679, 239)",2,2.01
"(268, 251)",2,2.01
"(398, 96)",2,2.01
"(55, 274)",2,2.01
"(109, 381)",2,2.01
"(2861, 839)",2,2.01
"(143, 550)",2,2.01
"(521, 89)",2,2.01
"(160, 763)",2,2.01
"(128, 424)",2,2.01
"(830, 9)",2,2.01
"(488, 1563)",2,2.01
"(10, 781)",2,2.01
"(833, 147)",2,2.01
"(88, 1266)",2,2.01
"(129, 2655)",2,2.01
"(127, 762)",2,2.01
"(438, 102)",2,2.01
"(118, 639)",2,2.01
"(787, 1400)",2,2.01
"(160, 972)",2,2.01
"(836, 11)",2,2.01
"(240, 836)",2,2.01
"(2522, 117)",2,2.01
"(455, 99)",2,2.01
"(129, 455)",2,2.01
"(241, 1766)",2,2.01
"(255, 54)",2,2.01
"(697, 9)",2,2.01
"(166, 1130)",2,2.01
"(54, 2690)",2,2.01
"(1733, 270)",2,2.01
"(248, 1029)",2,2.01
"(93, 2049)",2,2.01
"(169, 1115)",2,2.01
"(163, 184)",2,2.01
"(646, 10)",2,2.01
"(88, 1463)",2,2.01
"(109, 255)",2,2.01
"(160, 177)",2,2.01
"(101, 1490)",2,2.01
"(93, 28)",2,2.01
"(560, 380)",2,2.01
"(1093, 129)",2,2.01
"(143, 133)",2,2.01
"(1398, 89)",2,2.01
"(2586, 1242)",2,2.01
"(302, 2586)",2,2.01
"(738, 313)",2,2.01
"(107, 555)",2,2.01
"(60, 1913)",2,2.01
"(2533, 2178)",2,2.01
"(155, 584)",2,2.01
"(101, 2794)",2,2.01
"(74, 156)",2,2.01
"(1167, 450)",2,2.01
"(93, 2188)",2,2.01
"(994, 188)",2,2.01
"(133, 126)",2,2.01
"(2666, 9)",2,2.01
"(1517, 184)",2,2.01
"(29, 74)",2,2.01
"(75, 2330)",2,2.01
"(171, 221)",2,2.01
"(359, 75)",2,2.01
"(948, 103)",2,2.01
"(2430, 1504)",2,2.01
"(93, 203)",2,2.01
"(9, 1712)",2,2.01
"(1107, 89)",2,2.01
"(54, 1508)",2,2.01
"(1661, 421)",2,2.01
"(7, 32)",2,2.01
"(166, 158)",2,2.01
"(538, 392)",2,2.01
"(392, 93)",2,2.01
"(88, 1366)",2,2.01
"(163, 293)",2,2.01
"(2794, 110)",2,2.01
"(127, 315)",2,2.01
"(1661, 25)",2,2.01
"(332, 658)",2,2.01
"(442, 407)",2,2.01
"(2132, 113)",2,2.01
"(1750, 99)",2,2.01
"(116, 483)",2,2.01
"(315, 2973)",2,2.01
"(1504, 9)",2,2.01
"(347, 650)",2,2.01
"(1489, 75)",2,2.01
"(1699, 172)",2,2.01
"(89, 1729)",2,2.01
"(888, 211)",2,2.01
"(1522, 313)",2,2.01
"(1209, 9)",2,2.01
"(1799, 888)",2,2.01
"(102, 283)",2,2.01
"(768, 134)",2,2.01
"(147, 226)",2,2.01
"(1729, 176)",2,2.01
"(181, 1170)",2,2.01
"(1516, 1763)",2,2.01
"(850, 522)",2,2.01
"(446, 128)",2,2.01
"(1170, 278)",2,2.01
"(268, 94)",2,2.01
"(469, 148)",2,2.01
"(862, 591)",2,2.01
"(4, 2217)",2,2.01
"(75, 573)",2,2.01
"(255, 700)",2,2.01
"(271, 241)",2,2.01
"(823, 1766)",2,2.01
"(254, 584)",2,2.01
"(2732, 7)",2,2.01
"(130, 131)",2,2.01
"(555, 191)",2,2.01
"(714, 72)",2,2.01
"(71, 974)",2,2.01
"(922, 942)",2,2.01
"(88, 2307)",2,2.01
"(2307, 306)",2,2.01
"(56, 142)",2,2.01
"(278, 523)",2,2.01
"(102, 1221)",2,2.01
"(2524, 258)",2,2.01
"(69, 349)",2,2.01
"(4, 1873)",2,2.01
"(62, 107)",2,2.01
"(9, 1104)",2,2.01
"(88, 2084)",2,2.01
"(2177, 89)",2,2.01
"(474, 118)",2,2.01
"(172, 350)",2,2.01
"(669, 101)",2,2.01
"(117, 286)",2,2.01
"(724, 126)",2,2.01
"(54, 2356)",2,2.01
"(78, 25)",2,2.01
"(1991, 597)",2,2.01
"(394, 497)",2,2.01
"(106, 258)",2,2.01
"(971, 10)",2,2.01
"(1301, 615)",2,2.01
"(821, 1452)",2,2.01
"(753, 135)",2,2.01
"(187, 101)",2,2.01
"(365, 2350)",2,2.01
"(118, 200)",2,2.01
"(88, 1871)",2,2.01
"(304, 1641)",2,2.01
"(90, 670)",2,2.01
"(2356, 2205)",2,2.01
"(2589, 277)",2,2.01
"(277, 88)",2,2.01
"(1104, 34)",2,2.01
"(486, 465)",2,2.01
"(176, 54)",2,2.01
"(1266, 354)",2,2.01
"(933, 90)",2,2.01
"(412, 304)",2,2.01
"(316, 176)",2,2.01
"(2274, 102)",2,2.01
"(184, 642)",2,2.01
"(241, 555)",2,2.01
"(799, 93)",2,2.01
"(223, 1640)",2,2.01
"(99, 412)",2,2.01
"(2132, 88)",2,2.01
"(2735, 9)",2,2.01
"(522, 2455)",2,2.01
"(372, 1013)",2,2.01
"(101, 192)",2,2.01
"(6, 26)",2,2.01
"(498, 73)",2,2.01
"(73, 254)",2,2.01
"(7, 28)",2,2.01
"(4, 856)",2,2.01
"(856, 208)",2,2.01
"(407, 1091)",2,2.01
"(101, 1914)",2,2.01
"(840, 101)",2,2.01
"(1322, 204)",2,2.01
"(2873, 1641)",2,2.01
"(1500, 2335)",2,2.01
"(114, 1300)",2,2.01
"(117, 2340)",2,2.01
"(1701, 191)",2,2.01
"(497, 9)",2,2.01
"(144, 307)",2,2.01
"(290, 252)",2,2.01
"(104, 760)",2,2.01
"(1286, 88)",2,2.01
"(397, 272)",2,2.01
"(2776, 102)",2,2.01
"(2356, 9)",2,2.01
"(117, 2776)",2,2.01
"(166, 280)",2,2.01
"(2728, 104)",2,2.01
"(218, 651)",2,2.01
"(2199, 89)",2,2.01
"(1649, 127)",2,2.01
"(129, 116)",2,2.01
"(100, 1649)",2,2.01
"(204, 2084)",2,2.01
"(1869, 11)",2,2.01
"(330, 93)",2,2.01
"(272, 1275)",2,2.01
"(1339, 1786)",2,2.01
"(1770, 32)",2,2.01
"(9, 469)",2,2.01
"(274, 38)",2,2.01
"(9, 2576)",2,2.01
"(88, 1909)",2,2.01
"(38, 132)",2,2.01
"(88, 297)",2,2.01
"(481, 9)",2,2.01
"(147, 69)",2,2.01
"(1586, 643)",2,2.01
"(328, 9)",2,2.01
"(198, 99)",2,2.01
"(193, 191)",2,2.01
"(267, 2023)",2,2.01
"(288, 117)",2,2.01
"(1904, 103)",2,2.01
"(26, 363)",2,2.01
"(882, 1872)",2,2.01
"(241, 1197)",2,2.01
"(227, 350)",2,2.01
"(109, 1212)",2,2.01
"(191, 394)",2,2.01
"(101, 151)",2,2.01
"(473, 434)",2,2.01
"(101, 1673)",2,2.01
"(101, 1130)",2,2.01
"(54, 1171)",2,2.01
"(54, 2511)",2,2.01
"(347, 61)",2,2.01
"(54, 1341)",2,2.01
"(145, 75)",2,2.01
"(109, 473)",2,2.01
"(674, 1144)",2,2.01
"(839, 1030)",2,2.01
"(41, 145)",2,2.01
"(90, 1848)",2,2.01
"(261, 167)",2,2.01
"(127, 28)",2,2.01
"(98, 872)",2,2.01
"(1501, 263)",2,2.01
"(190, 254)",2,2.01
"(555, 1488)",2,2.01
"(387, 54)",2,2.01
"(2193, 10)",2,2.01
"(54, 1059)",2,2.01
"(88, 775)",2,2.01
"(131, 93)",2,2.01
"(1059, 56)",2,2.01
"(126, 94)",2,2.01
"(94, 2228)",2,2.01
"(1283, 237)",2,2.01
"(34, 2190)",2,2.01
"(465, 99)",2,2.01
"(2922, 9)",2,2.01
"(204, 1152)",2,2.01
"(76, 65)",2,2.01
"(188, 2922)",2,2.01
"(1566, 9)",2,2.01
"(88, 2046)",2,2.01
"(9, 2701)",2,2.01
"(201, 90)",2,2.01
"(34, 579)",2,2.01
"(651, 213)",2,2.01
"(54, 403)",2,2.01
"(916, 203)",2,2.01
"(2799, 88)",2,2.01
"(72, 1904)",2,2.01
"(149, 816)",2,2.01
"(98, 328)",2,2.01
"(347, 341)",2,2.01
"(341, 221)",2,2.01
"(1915, 11)",2,2.01
"(239, 102)",2,2.01
"(922, 2561)",2,2.01
"(95, 142)",2,2.01
"(54, 1218)",2,2.01
"(88, 1533)",2,2.01
"(109, 359)",2,2.01
"(173, 239)",2,2.01
"(136, 589)",2,2.01
"(93, 1160)",2,2.01
"(88, 474)",2,2.01
"(165, 1880)",2,2.01
"(1803, 93)",2,2.01
"(1361, 188)",2,2.01
"(1483, 99)",2,2.01
"(2312, 2272)",2,2.01
"(1922, 2312)",2,2.01
"(99, 1111)",2,2.01
"(351, 9)",2,2.01
"(136, 701)",2,2.01
"(54, 76)",2,2.01
"(213, 128)",2,2.01
"(597, 203)",2,2.01
"(93, 797)",2,2.01
"(167, 782)",2,2.01
"(473, 167)",2,2.01
"(159, 1098)",2,2.01
"(734, 117)",2,2.01
"(894, 1136)",2,2.01
"(1003, 254)",2,2.01
"(88, 696)",2,2.01
"(114, 34)",2,2.01
"(1136, 630)",2,2.01
"(88, 536)",2,2.01
"(78, 2006)",2,2.01
"(245, 54)",2,2.01
"(489, 882)",2,2.01
"(88, 2639)",2,2.01
"(103, 90)",2,2.01
"(1628, 1641)",2,2.01
"(88, 2679)",2,2.01
"(536, 66)",2,2.01
"(10, 132)",2,2.01
"(88, 470)",2,2.01
"(127, 1868)",2,2.01
"(317, 136)",2,2.01
"(240, 605)",2,2.01
"(117, 11)",2,2.01
"(1567, 108)",2,2.01
"(2767, 101)",2,2.01
"(2114, 142)",2,2.01
"(193, 171)",2,2.01
"(58, 123)",2,2.01
"(34, 2600)",2,2.01
"(188, 2402)",2,2.01
"(91, 1705)",2,2.01
"(700, 74)",2,2.01
"(969, 254)",2,2.01
"(74, 885)",2,2.01
"(885, 450)",2,2.01
"(56, 239)",2,2.01
"(38, 978)",2,2.01
"(2402, 258)",2,2.01
"(88, 319)",2,2.01
"(728, 190)",2,2.01
"(1134, 828)",2,2.01
"(1095, 96)",2,2.01
"(1672, 11)",2,2.01
"(548, 54)",2,2.01
"(188, 1085)",2,2.01
"(10, 1009)",2,2.01
"(93, 1069)",2,2.01
"(142, 64)",2,2.01
"(2130, 176)",2,2.01
"(89, 490)",2,2.01
"(356, 34)",2,2.01
"(97, 1522)",2,2.01
"(685, 339)",2,2.01
"(109, 176)",2,2.01
"(129, 96)",2,2.01
"(99, 240)",2,2.01
"(136, 445)",2,2.01
"(847, 1557)",2,2.01
"(135, 1808)",2,2.01
"(88, 1548)",2,2.01
"(1557, 72)",2,2.01
"(2683, 60)",2,2.01
"(942, 873)",2,2.01
"(60, 410)",2,2.01
"(1548, 88)",2,2.01
"(119, 1128)",2,2.01
"(980, 23)",2,2.01
"(2900, 9)",2,2.01
"(93, 2130)",2,2.01
"(102, 1793)",2,2.01
"(144, 2632)",2,2.01
"(159, 118)",2,2.01
"(2632, 129)",2,2.01
"(1852, 270)",2,2.01
"(45, 159)",2,2.01
"(2596, 88)",2,2.01
"(2477, 93)",2,2.01
"(57, 72)",2,2.01
"(584, 1324)",2,2.01
"(102, 2596)",2,2.01
"(6, 409)",2,2.01
"(1809, 101)",2,2.01
"(101, 1266)",2,2.01
"(117, 548)",2,2.01
"(2012, 93)",2,2.01
"(577, 348)",2,2.01
"(1728, 102)",2,2.01
"(1948, 191)",2,2.01
"(158, 1785)",2,2.01
"(2431, 451)",2,2.01
"(109, 1020)",2,2.01
"(54, 991)",2,2.01
"(71, 741)",2,2.01
"(985, 99)",2,2.01
"(195, 985)",2,2.01
"(415, 166)",2,2.01
"(616, 9)",2,2.01
"(107, 381)",2,2.01
"(102, 158)",2,2.01
"(1494, 1971)",2,2.01
"(88, 931)",2,2.01
"(353, 1127)",2,2.01
"(931, 101)",2,2.01
"(1706, 9)",2,2.01
"(240, 465)",2,2.01
"(451, 998)",2,2.01
"(300, 1403)",2,2.01
"(89, 1744)",2,2.01
"(407, 54)",2,2.01
"(158, 346)",2,2.01
"(323, 1607)",2,2.01
"(231, 58)",2,2.01
"(2259, 142)",2,2.01
"(54, 955)",2,2.01
"(34, 1384)",2,2.01
"(2277, 109)",2,2.01
"(58, 334)",2,2.01
"(603, 191)",2,2.01
"(1747, 2051)",2,2.01
"(222, 74)",2,2.01
"(93, 340)",2,2.01
"(2775, 129)",2,2.01
"(177, 2346)",2,2.01
"(598, 135)",2,2.01
"(1400, 581)",2,2.01
"(135, 66)",2,2.01
"(300, 216)",2,2.01
"(133, 73)",2,2.01
"(1576, 2932)",2,2.01
"(854, 11)",2,2.01
"(233, 102)",2,2.01
"(2041, 88)",2,2.01
"(1068, 270)",2,2.01
"(95, 1649)",2,2.01
"(102, 2041)",2,2.01
"(54, 2728)",2,2.01
"(574, 2020)",2,2.01
"(193, 492)",2,2.01
"(117, 2241)",2,2.01
"(415, 172)",2,2.01
"(179, 127)",2,2.01
"(877, 231)",2,2.01
"(1989, 34)",2,2.01
"(31, 452)",2,2.01
"(452, 1902)",2,2.01
"(166, 515)",2,2.01
"(573, 135)",2,2.01
"(98, 488)",2,2.01
"(131, 160)",2,2.01
"(203, 98)",2,2.01
"(10, 208)",2,2.01
"(2620, 11)",2,2.01
"(88, 2888)",2,2.01
"(55, 540)",2,2.01
"(114, 578)",2,2.01
"(557, 462)",2,2.01
"(93, 1528)",2,2.01
"(303, 2273)",2,2.01
"(911, 127)",2,2.01
"(91, 486)",2,2.01
"(141, 1001)",2,2.01
"(1109, 2213)",2,2.01
"(265, 99)",2,2.01
"(130, 2726)",2,2.01
"(988, 114)",2,2.01
"(2918, 117)",2,2.01
"(1088, 88)",2,2.01
"(152, 307)",2,2.01
"(596, 188)",2,2.01
"(1966, 99)",2,2.01
"(704, 302)",2,2.01
"(160, 231)",2,2.01
"(88, 866)",2,2.01
"(866, 101)",2,2.01
"(387, 88)",2,2.01
"(519, 832)",2,2.01
"(344, 218)",2,2.01
"(9, 2009)",2,2.01
"(594, 2102)",2,2.01
"(369, 94)",2,2.01
"(570, 9)",2,2.01
"(630, 135)",2,2.01
"(1185, 7)",2,2.01
"(330, 351)",2,2.01
"(540, 470)",2,2.01
"(1065, 116)",2,2.01
"(88, 1341)",2,2.01
"(1109, 502)",2,2.01
"(348, 292)",2,2.01
"(738, 89)",2,2.01
"(882, 1915)",2,2.01
"(88, 2829)",2,2.01
"(226, 807)",2,2.01
"(54, 976)",2,2.01
"(807, 213)",2,2.01
"(1626, 9)",2,2.01
"(555, 203)",2,2.01
"(2273, 25)",2,2.01
"(88, 1252)",2,2.01
"(1037, 123)",2,2.01
"(1915, 9)",2,2.01
"(106, 166)",2,2.01
"(1252, 137)",2,2.01
"(167, 162)",2,2.01
"(252, 483)",2,2.01
"(135, 2544)",2,2.01
"(555, 93)",2,2.01
"(72, 1119)",2,2.01
"(560, 315)",2,2.01
"(247, 1773)",2,2.01
"(54, 1122)",2,2.01
"(149, 2801)",2,2.01
"(489, 293)",2,2.01
"(188, 314)",2,2.01
"(1021, 88)",2,2.01
"(2925, 454)",2,2.01
"(572, 65)",2,2.01
"(2105, 101)",2,2.01
"(6, 2149)",2,2.01
"(166, 1210)",2,2.01
"(704, 286)",2,2.01
"(1172, 9)",2,2.01
"(69, 274)",2,2.01
"(2463, 1699)",2,2.01
"(296, 11)",2,2.01
"(1001, 101)",2,2.01
"(143, 985)",2,2.01
"(579, 181)",2,2.01
"(1650, 130)",2,2.01
"(93, 1096)",2,2.01
"(112, 187)",2,2.01
"(672, 150)",2,2.01
"(959, 89)",2,2.01
"(45, 338)",2,2.01
"(1892, 1649)",2,2.01
"(657, 167)",2,2.01
"(167, 1962)",2,2.01
"(88, 906)",2,2.01
"(147, 1974)",2,2.01
"(181, 272)",2,2.01
"(1967, 348)",2,2.01
"(54, 2452)",2,2.01
"(108, 191)",2,2.01
"(261, 586)",2,2.01
"(183, 437)",2,2.01
"(999, 9)",2,2.01
"(1983, 101)",2,2.01
"(250, 58)",2,2.01
"(220, 128)",2,2.01
"(54, 672)",2,2.01
"(31, 71)",2,2.01
"(200, 89)",2,2.01
"(306, 1579)",2,2.01
"(1579, 72)",2,2.01
"(1192, 1005)",2,2.01
"(191, 396)",2,2.01
"(502, 213)",2,2.01
"(213, 91)",2,2.01
"(1719, 11)",2,2.01
"(93, 71)",2,2.01
"(2858, 573)",2,2.01
"(189, 519)",2,2.01
"(139, 591)",2,2.01
"(237, 9)",2,2.01
"(1378, 421)",2,2.01
"(299, 1578)",2,2.01
"(464, 1364)",2,2.01
"(130, 2858)",2,2.01
"(504, 101)",2,2.01
"(687, 88)",2,2.01
"(93, 2232)",2,2.01
"(30, 250)",2,2.01
"(149, 107)",2,2.01
"(1442, 598)",2,2.01
"(34, 440)",2,2.01
"(63, 137)",2,2.01
"(10, 1257)",2,2.01
"(1889, 201)",2,2.01
"(903, 71)",2,2.01
"(351, 93)",2,2.01
"(160, 94)",2,2.01
"(545, 88)",2,2.01
"(68, 805)",2,2.01
"(590, 351)",2,2.01
"(805, 1942)",2,2.01
"(179, 437)",2,2.01
"(1346, 598)",2,2.01
"(217, 101)",2,2.01
"(180, 179)",2,2.01
"(147, 755)",2,2.01
"(204, 502)",2,2.01
"(2522, 11)",2,2.01
"(72, 345)",2,2.01
"(171, 598)",2,2.01
"(135, 310)",2,2.01
"(310, 253)",2,2.01
"(125, 687)",2,2.01
"(65, 10)",2,2.01
"(10, 2560)",2,2.01
"(40, 77)",2,2.01
"(1230, 101)",2,2.01
"(282, 591)",2,2.01
"(268, 130)",2,2.01
"(116, 110)",2,2.01
"(2750, 161)",2,2.01
"(89, 1418)",2,2.01
"(826, 109)",2,2.01
"(93, 907)",2,2.01
"(907, 190)",2,2.01
"(87, 145)",2,2.01
"(88, 1261)",2,2.01
"(1378, 191)",2,2.01
"(116, 1421)",2,2.01
"(1383, 191)",2,2.01
"(1788, 531)",2,2.01
"(2237, 94)",2,2.01
"(201, 506)",2,2.01
"(1358, 101)",2,2.01
"(542, 88)",2,2.01
"(267, 1570)",2,2.01
"(658, 819)",2,2.01
"(819, 597)",2,2.01
"(628, 102)",2,2.01
"(268, 334)",2,2.01
"(101, 2842)",2,2.01
"(142, 219)",2,2.01
"(111, 2273)",2,2.01
"(1334, 60)",2,2.01
"(31, 65)",2,2.01
"(252, 128)",2,2.01
"(936, 9)",2,2.01
"(197, 1146)",2,2.01
"(517, 11)",2,2.01
"(201, 437)",2,2.01
"(857, 164)",2,2.01
"(101, 1876)",2,2.01
"(87, 857)",2,2.01
"(295, 177)",2,2.01
"(58, 87)",2,2.01
"(935, 58)",2,2.01
"(1339, 935)",2,2.01
"(1482, 219)",2,2.01
"(1623, 440)",2,2.01
"(464, 101)",2,2.01
"(1056, 11)",2,2.01
"(241, 1568)",2,2.01
"(74, 154)",2,2.01
"(1016, 1003)",2,2.01
"(191, 1286)",2,2.01
"(941, 102)",2,2.01
"(65, 771)",2,2.01
"(1253, 114)",2,2.01
"(78, 444)",2,2.01
"(476, 511)",2,2.01
"(2576, 93)",2,2.01
"(116, 445)",2,2.01
"(2092, 76)",2,2.01
"(426, 113)",2,2.01
"(101, 66)",2,2.01
"(2217, 380)",2,2.01
"(1397, 166)",2,2.01
"(382, 1397)",2,2.01
"(191, 135)",2,2.01
"(26, 1035)",2,2.01
"(101, 73)",2,2.01
"(73, 2997)",2,2.01
"(128, 371)",2,2.01
"(181, 89)",2,2.01
"(139, 1281)",2,2.01
"(743, 142)",2,2.01
"(166, 1385)",2,2.01
"(55, 1141)",2,2.01
"(297, 678)",2,2.01
"(268, 144)",2,2.01
"(815, 93)",2,2.01
"(588, 113)",2,2.01
"(383, 2024)",2,2.01
"(72, 410)",2,2.01
"(103, 78)",2,2.01
"(107, 106)",2,2.01
"(334, 96)",2,2.01
"(1366, 101)",2,2.01
"(781, 108)",2,2.01
"(927, 11)",2,2.01
"(293, 322)",2,2.01
"(322, 187)",2,2.01
"(3, 1363)",2,2.01
"(26, 2137)",2,2.01
"(136, 642)",2,2.01
"(1708, 437)",2,2.01
"(157, 180)",2,2.01
"(297, 112)",2,2.01
"(58, 912)",2,2.01
"(168, 6)",2,2.01
"(1318, 101)",2,2.01
"(1706, 127)",2,2.01
"(73, 370)",2,2.01
"(2112, 1706)",2,2.01
"(552, 1799)",2,2.01
"(10, 943)",2,2.01
"(1245, 54)",2,2.01
"(111, 93)",2,2.01
"(6, 113)",2,2.01
"(231, 1318)",2,2.01
"(1085, 9)",2,2.01
"(9, 715)",2,2.01
"(128, 508)",2,2.01
"(626, 95)",2,2.01
"(102, 626)",2,2.01
"(2516, 102)",2,2.01
"(309, 89)",2,2.01
"(7, 686)",2,2.01
"(943, 270)",2,2.01
"(869, 547)",2,2.01
"(377, 319)",2,2.01
"(1781, 103)",2,2.01
"(974, 645)",2,2.01
"(65, 974)",2,2.01
"(376, 129)",2,2.01
"(1511, 109)",2,2.01
"(1658, 117)",2,2.01
"(25, 848)",2,2.01
"(2770, 117)",2,2.01
"(463, 100)",2,2.01
"(239, 492)",2,2.01
"(40, 463)",2,2.01
"(1861, 806)",2,2.01
"(174, 1781)",2,2.01
"(172, 25)",2,2.01
"(88, 1724)",2,2.01
"(1138, 11)",2,2.01
"(311, 2516)",2,2.01
"(579, 116)",2,2.01
"(399, 290)",2,2.01
"(134, 184)",2,2.01
"(1785, 93)",2,2.01
"(73, 392)",2,2.01
"(290, 109)",2,2.01
"(424, 381)",2,2.01
"(756, 424)",2,2.01
"(61, 109)",2,2.01
"(55, 157)",2,2.01
"(149, 292)",2,2.01
"(157, 136)",2,2.01
"(715, 109)",2,2.01
"(93, 787)",2,2.01
"(4, 1361)",2,2.01
"(73, 852)",2,2.01
"(54, 2654)",2,2.01
"(2654, 9)",2,2.01
"(88, 2654)",2,2.01
"(101, 650)",2,2.01
"(73, 561)",2,2.01
"(476, 445)",2,2.01
"(964, 172)",2,2.01
"(141, 720)",2,2.01
"(1886, 628)",2,2.01
"(715, 88)",2,2.01
"(183, 155)",2,2.01
"(166, 1560)",2,2.01
"(1334, 1550)",2,2.01
"(123, 353)",2,2.01
"(268, 286)",2,2.01
"(89, 2528)",2,2.01
"(832, 116)",2,2.01
"(93, 2168)",2,2.01
"(46, 60)",2,2.01
"(1052, 101)",2,2.01
"(245, 96)",2,2.01
"(1479, 1243)",2,2.01
"(88, 1442)",2,2.01
"(9, 168)",2,2.01
"(847, 371)",2,2.01
"(1024, 130)",2,2.01
"(117, 284)",2,2.01
"(97, 2427)",2,2.01
"(859, 2815)",2,2.01
"(118, 1398)",2,2.01
"(1398, 616)",2,2.01
"(922, 859)",2,2.01
"(328, 102)",2,2.01
"(97, 554)",2,2.01
"(113, 293)",2,2.01
"(190, 203)",2,2.01
"(199, 464)",2,2.01
"(720, 1698)",2,2.01
"(204, 178)",2,2.01
"(425, 126)",2,2.01
"(1814, 89)",2,2.01
"(226, 2042)",2,2.01
"(803, 1653)",2,2.01
"(93, 1807)",2,2.01
"(2276, 346)",2,2.01
"(151, 1111)",2,2.01
"(62, 69)",2,2.01
"(1180, 101)",2,2.01
"(136, 858)",2,2.01
"(2191, 1024)",2,2.01
"(1703, 160)",2,2.01
"(101, 2639)",2,2.01
"(885, 381)",2,2.01
"(239, 859)",2,2.01
"(88, 2695)",2,2.01
"(1061, 10)",2,2.01
"(63, 126)",2,2.01
"(1929, 88)",2,2.01
"(9, 528)",2,2.01
"(833, 54)",2,2.01
"(54, 1259)",2,2.01
"(140, 101)",2,2.01
"(581, 191)",2,2.01
"(187, 571)",2,2.01
"(276, 102)",2,2.01
"(622, 191)",2,2.01
"(107, 102)",2,2.01
"(91, 914)",2,2.01
"(101, 33)",2,2.01
"(54, 2060)",2,2.01
"(837, 11)",2,2.01
"(876, 700)",2,2.01
"(88, 1585)",2,2.01
"(1585, 493)",2,2.01
"(2395, 2157)",2,2.01
"(950, 502)",2,2.01
"(277, 142)",2,2.01
"(88, 2579)",2,2.01
"(88, 2402)",2,2.01
"(211, 191)",2,2.01
"(1367, 11)",2,2.01
"(741, 1092)",2,2.01
"(991, 93)",2,2.01
"(115, 11)",2,2.01
"(54, 1654)",2,2.01
"(1578, 11)",2,2.01
"(416, 457)",2,2.01
"(645, 127)",2,2.01
"(2042, 233)",2,2.01
"(363, 57)",2,2.01
"(1511, 11)",2,2.01
"(54, 2426)",2,2.01
"(9, 75)",2,2.01
"(129, 753)",2,2.01
"(103, 131)",2,2.01
"(101, 39)",2,2.01
"(2876, 11)",2,2.01
"(210, 111)",2,2.01
"(1203, 1684)",2,2.01
"(1684, 1393)",2,2.01
"(1393, 68)",2,2.01
"(1800, 89)",2,2.01
"(9, 620)",2,2.01
"(660, 93)",2,2.01
"(268, 280)",2,2.01
"(88, 638)",2,2.01
"(119, 203)",2,2.01
"(173, 335)",2,2.01
"(1949, 9)",2,2.01
"(1224, 88)",2,2.01
"(460, 213)",2,2.01
"(1992, 93)",2,2.01
"(88, 2670)",2,2.01
"(191, 128)",2,2.01
"(1763, 127)",2,2.01
"(101, 1230)",2,2.01
"(142, 310)",2,2.01
"(416, 1475)",2,2.01
"(55, 1468)",2,2.01
"(1475, 127)",2,2.01
"(191, 2665)",2,2.01
"(111, 1187)",2,2.01
"(268, 1266)",2,2.01
"(7, 44)",2,2.01
"(186, 348)",2,2.01
"(937, 508)",2,2.01
"(508, 142)",2,2.01
"(125, 88)",2,2.01
"(2833, 96)",2,2.01
"(1366, 225)",2,2.01
"(28, 97)",2,2.01
"(166, 1366)",2,2.01
"(647, 134)",2,2.01
"(2596, 11)",2,2.01
"(183, 161)",2,2.01
"(34, 208)",2,2.01
"(2568, 34)",2,2.01
"(98, 181)",2,2.01
"(1292, 93)",2,2.01
"(93, 2596)",2,2.01
"(302, 1169)",2,2.01
"(1280, 252)",2,2.01
"(1767, 990)",2,2.01
"(132, 68)",2,2.01
"(88, 125)",2,2.01
"(2274, 11)",2,2.01
"(2572, 45)",2,2.01
"(34, 2274)",2,2.01
"(873, 102)",2,2.01
"(49, 45)",2,2.01
"(9, 383)",2,2.01
"(719, 73)",2,2.01
"(557, 38)",2,2.01
"(971, 335)",2,2.01
"(171, 1107)",2,2.01
"(1338, 96)",2,2.01
"(119, 2060)",2,2.01
"(191, 2423)",2,2.01
"(603, 89)",2,2.01
"(1004, 573)",2,2.01
"(114, 73)",2,2.01
"(93, 2425)",2,2.01
"(73, 2510)",2,2.01
"(416, 252)",2,2.01
"(34, 953)",2,2.01
"(2141, 1872)",2,2.01
"(1255, 11)",2,2.01
"(93, 584)",2,2.01
"(88, 2135)",2,2.01
"(1552, 813)",2,2.01
"(813, 191)",2,2.01
"(156, 179)",2,2.01
"(190, 219)",2,2.01
"(1421, 155)",2,2.01
"(388, 98)",2,2.01
"(303, 314)",2,2.01
"(145, 346)",2,2.01
"(581, 54)",2,2.01
"(91, 2815)",2,2.01
"(323, 145)",2,2.01
"(114, 1252)",2,2.01
"(9, 1580)",2,2.01
"(54, 1103)",2,2.01
"(24, 127)",2,2.01
"(1117, 581)",2,2.01
"(347, 647)",2,2.01
"(2921, 160)",2,2.01
"(1136, 89)",2,2.01
"(600, 113)",2,2.01
"(101, 46)",2,2.01
"(315, 268)",2,2.01
"(957, 9)",2,2.01
"(9, 351)",2,2.01
"(872, 9)",2,2.01
"(54, 872)",2,2.01
"(422, 89)",2,2.01
"(111, 127)",2,2.01
"(95, 850)",2,2.01
"(462, 44)",2,2.01
"(1020, 9)",2,2.01
"(319, 350)",2,2.01
"(163, 344)",2,2.01
"(2693, 62)",2,2.01
"(75, 239)",2,2.01
"(1872, 775)",2,2.01
"(144, 260)",2,2.01
"(46, 1650)",2,2.01
"(2626, 89)",2,2.01
"(88, 2703)",2,2.01
"(59, 157)",2,2.01
"(359, 118)",2,2.01
"(136, 238)",2,2.01
"(148, 839)",2,2.01
"(3, 29)",2,2.01
"(839, 93)",2,2.01
"(93, 2210)",2,2.01
"(6, 1302)",2,2.01
"(1917, 135)",2,2.01
"(972, 209)",2,2.01
"(163, 851)",2,2.01
"(851, 54)",2,2.01
"(2371, 9)",2,2.01
"(2050, 11)",2,2.01
"(1401, 147)",2,2.01
"(88, 1817)",2,2.01
"(1697, 313)",2,2.01
"(114, 548)",2,2.01
"(167, 282)",2,2.01
"(73, 590)",2,2.01
"(45, 745)",2,2.01
"(176, 93)",2,2.01
"(680, 113)",2,2.01
"(135, 1775)",2,2.01
"(54, 2996)",2,2.01
"(61, 930)",2,2.01
"(2982, 628)",2,2.01
"(163, 1593)",2,2.01
"(745, 87)",2,2.01
"(2213, 372)",2,2.01
"(87, 106)",2,2.01
"(106, 1869)",2,2.01
"(136, 2608)",2,2.01
"(1030, 34)",2,2.01
"(166, 178)",2,2.01
"(311, 1377)",2,2.01
"(525, 54)",2,2.01
"(229, 11)",2,2.01
"(139, 1239)",2,2.01
"(98, 1336)",2,2.01
"(248, 101)",2,2.01
"(1336, 129)",2,2.01
"(102, 1505)",2,2.01
"(853, 450)",2,2.01
"(2543, 9)",2,2.01
"(93, 2645)",2,2.01
"(204, 59)",2,2.01
"(427, 9)",2,2.01
"(305, 11)",2,2.01
"(282, 11)",2,2.01
"(1495, 102)",2,2.01
"(191, 227)",2,2.01
"(823, 300)",2,2.01
"(1529, 210)",2,2.01
"(2973, 11)",2,2.01
"(957, 977)",2,2.01
"(629, 103)",2,2.01
"(168, 101)",2,2.01
"(88, 137)",2,2.01
"(218, 71)",2,2.01
"(55, 366)",2,2.01
"(166, 2045)",2,2.01
"(1915, 101)",2,2.01
"(299, 41)",2,2.01
"(72, 91)",2,2.01
"(2910, 88)",2,2.01
"(647, 349)",2,2.01
"(9, 589)",2,2.01
"(100, 299)",2,2.01
"(44, 100)",2,2.01
"(239, 350)",2,2.01
"(4, 96)",2,2.01
"(315, 109)",2,2.01
"(114, 601)",2,2.01
"(2790, 2395)",2,2.01
"(211, 3)",2,2.01
"(273, 258)",2,2.01
"(2941, 1129)",2,2.01
"(1256, 142)",2,2.01
"(727, 437)",2,2.01
"(188, 1364)",2,2.01
"(1451, 2507)",2,2.01
"(2701, 1398)",2,2.01
"(1398, 319)",2,2.01
"(319, 93)",2,2.01
"(39, 730)",2,2.01
"(3, 39)",2,2.01
"(1169, 106)",2,2.01
"(167, 88)",2,2.01
"(253, 11)",2,2.01
"(268, 155)",2,2.01
"(314, 2687)",2,2.01
"(1169, 9)",2,2.01
"(346, 372)",2,2.01
"(1729, 2391)",2,2.01
"(1524, 89)",2,2.01
"(1266, 909)",2,2.01
"(157, 100)",2,2.01
"(271, 365)",2,2.01
"(90, 1814)",2,2.01
"(1441, 671)",2,2.01
"(191, 1524)",2,2.01
"(706, 1014)",2,2.01
"(54, 2311)",2,2.01
"(116, 9)",2,2.01
"(44, 441)",2,2.01
"(961, 72)",2,2.01
"(2121, 719)",2,2.01
"(1110, 103)",2,2.01
"(88, 1422)",2,2.01
"(34, 2683)",2,2.01
"(1059, 9)",2,2.01
"(1422, 112)",2,2.01
"(827, 306)",2,2.01
"(177, 639)",2,2.01
"(93, 1028)",2,2.01
"(419, 93)",2,2.01
"(72, 1489)",2,2.01
"(117, 280)",2,2.01
"(9, 672)",2,2.01
"(1814, 270)",2,2.01
"(975, 173)",2,2.01
"(34, 1076)",2,2.01
"(519, 1868)",2,2.01
"(54, 1441)",2,2.01
"(98, 2833)",2,2.01
"(126, 2067)",2,2.01
"(26, 2941)",2,2.01
"(523, 258)",2,2.01
"(1494, 108)",2,2.01
"(672, 68)",2,2.01
"(1233, 2454)",2,2.01
"(1275, 241)",2,2.01
"(1965, 1894)",2,2.01
"(109, 1659)",2,2.01
"(2598, 67)",2,2.01
"(68, 2702)",2,2.01
"(1462, 191)",2,2.01
"(101, 476)",2,2.01
"(1810, 9)",2,2.01
"(497, 11)",2,2.01
"(332, 127)",2,2.01
"(2248, 102)",2,2.01
"(102, 412)",2,2.01
"(160, 107)",2,2.01
"(426, 166)",2,2.01
"(135, 11)",2,2.01
"(163, 347)",2,2.01
"(593, 203)",2,2.01
"(1240, 166)",2,2.01
"(2409, 93)",2,2.01
"(72, 2435)",2,2.01
"(136, 401)",2,2.01
"(523, 281)",2,2.01
"(134, 67)",2,2.01
"(67, 279)",2,2.01
"(198, 88)",2,2.01
"(1232, 144)",2,2.01
"(144, 253)",2,2.01
"(88, 2284)",2,2.01
"(35, 166)",2,2.01
"(281, 100)",2,2.01
"(193, 252)",2,2.01
"(1073, 2848)",2,2.01
"(508, 89)",2,2.01
"(90, 1229)",2,2.01
"(1320, 427)",2,2.01
"(376, 1156)",2,2.01
"(2200, 1300)",2,2.01
"(241, 167)",2,2.01
"(114, 2789)",2,2.01
"(98, 281)",2,2.01
"(128, 807)",2,2.01
"(200, 2481)",2,2.01
"(166, 2088)",2,2.01
"(99, 290)",2,2.01
"(89, 1107)",2,2.01
"(7, 1730)",2,2.01
"(34, 428)",2,2.01
"(421, 232)",2,2.01
"(211, 258)",2,2.01
"(126, 179)",2,2.01
"(102, 77)",2,2.01
"(136, 2789)",2,2.01
"(160, 166)",2,2.01
"(297, 1375)",2,2.01
"(77, 306)",2,2.01
"(707, 139)",2,2.01
"(34, 1355)",2,2.01
"(307, 93)",2,2.01
"(2901, 103)",2,2.01
"(1289, 127)",2,2.01
"(73, 596)",2,2.01
"(54, 2642)",2,2.01
"(877, 640)",2,2.01
"(845, 310)",2,2.01
"(176, 102)",2,2.01
"(34, 1699)",2,2.01
"(744, 225)",2,2.01
"(2879, 9)",2,2.01
"(2776, 9)",2,2.01
"(94, 383)",2,2.01
"(1081, 290)",2,2.01
"(2101, 1319)",2,2.01
"(28, 148)",2,2.01
"(253, 93)",2,2.01
"(148, 34)",2,2.01
"(2330, 135)",2,2.01
"(102, 221)",2,2.01
"(2555, 127)",2,2.01
"(1572, 9)",2,2.01
"(181, 1062)",2,2.01
"(582, 88)",2,2.01
"(191, 2976)",2,2.01
"(2332, 67)",2,2.01
"(245, 642)",2,2.01
"(915, 11)",2,2.01
"(104, 292)",2,2.01
"(106, 227)",2,2.01
"(188, 511)",2,2.01
"(92, 179)",2,2.01
"(1316, 211)",2,2.01
"(2891, 9)",2,2.01
"(758, 137)",2,2.01
"(129, 109)",2,2.01
"(137, 1616)",2,2.01
"(922, 9)",2,2.01
"(457, 286)",2,2.01
"(643, 9)",2,2.01
"(153, 457)",2,2.01
"(1383, 11)",2,2.01
"(101, 1966)",2,2.01
"(528, 89)",2,2.01
"(948, 102)",2,2.01
"(88, 2841)",2,2.01
"(163, 397)",2,2.01
"(573, 102)",2,2.01
"(1382, 78)",2,2.01
"(91, 1129)",2,2.01
"(758, 1618)",2,2.01
"(2650, 142)",2,2.01
"(297, 422)",2,2.01
"(256, 93)",2,2.01
"(791, 88)",2,2.01
"(155, 2523)",2,2.01
"(54, 1378)",2,2.01
"(1928, 11)",2,2.01
"(453, 267)",2,2.01
"(93, 293)",2,2.01
"(923, 11)",2,2.01
"(101, 665)",2,2.01
"(312, 103)",2,2.01
"(1383, 9)",2,2.01
"(413, 1383)",2,2.01
"(155, 598)",2,2.01
"(33, 1823)",2,2.01
"(256, 11)",2,2.01
"(10, 111)",2,2.01
"(245, 256)",2,2.01
"(111, 2891)",2,2.01
"(686, 315)",2,2.01
"(1537, 93)",2,2.01
"(149, 1537)",2,2.01
"(594, 93)",2,2.01
"(1802, 160)",2,2.01
"(153, 1159)",2,2.01
"(117, 2131)",2,2.01
"(190, 313)",2,2.01
"(54, 2855)",2,2.01
"(141, 256)",2,2.01
"(184, 526)",2,2.01
"(160, 1812)",2,2.01
"(310, 149)",2,2.01
"(153, 1508)",2,2.01
"(145, 463)",2,2.01
"(528, 128)",2,2.01
"(1257, 101)",2,2.01
"(1065, 263)",2,2.01
"(172, 421)",2,2.01
"(107, 56)",2,2.01
"(725, 2283)",2,2.01
"(202, 426)",2,2.01
"(260, 322)",2,2.01
"(9, 1031)",2,2.01
"(1293, 9)",2,2.01
"(160, 69)",2,2.01
"(88, 2838)",2,2.01
"(420, 438)",2,2.01
"(1695, 977)",2,2.01
"(87, 66)",2,2.01
"(103, 1412)",2,2.01
"(9, 1266)",2,2.01
"(99, 218)",2,2.01
"(96, 643)",2,2.01
"(158, 385)",2,2.01
"(643, 93)",2,2.01
"(212, 11)",2,2.01
"(117, 584)",2,2.01
"(88, 1798)",2,2.01
"(197, 390)",2,2.01
"(197, 127)",2,2.01
"(1940, 103)",2,2.01
"(97, 229)",2,2.01
"(615, 98)",2,2.01
"(165, 202)",2,2.01
"(1377, 117)",2,2.01
"(2018, 1095)",2,2.01
"(203, 492)",2,2.01
"(1879, 6)",2,2.01
"(2066, 203)",2,2.01
"(117, 73)",2,2.01
"(1862, 95)",2,2.01
"(109, 1059)",2,2.01
"(88, 2541)",2,2.01
"(695, 9)",2,2.01
"(101, 700)",2,2.01
"(69, 224)",2,2.01
"(1048, 1248)",2,2.01
"(213, 506)",2,2.01
"(426, 383)",2,2.01
"(1296, 95)",2,2.01
"(88, 2646)",2,2.01
"(111, 116)",2,2.01
"(523, 160)",2,2.01
"(58, 54)",2,2.01
"(485, 9)",2,2.01
"(101, 1409)",2,2.01
"(909, 11)",2,2.01
"(286, 360)",2,2.01
"(104, 131)",2,2.01
"(131, 2983)",2,2.01
"(138, 412)",2,2.01
"(10, 2457)",2,2.01
"(161, 218)",2,2.01
"(420, 2696)",2,2.01
"(1441, 89)",2,2.01
"(2457, 93)",2,2.01
"(672, 123)",2,2.01
"(1744, 199)",2,2.01
"(463, 101)",2,2.01
"(167, 93)",2,2.01
"(1529, 11)",2,2.01
"(88, 158)",2,2.01
"(54, 322)",2,2.01
"(102, 969)",2,2.01
"(135, 377)",2,2.01
"(1634, 203)",2,2.01
"(123, 172)",2,2.01
"(88, 1839)",2,2.01
"(9, 920)",2,2.01
"(2366, 11)",2,2.01
"(93, 1145)",2,2.01
"(191, 1298)",2,2.01
"(112, 2109)",2,2.01
"(117, 1717)",2,2.01
"(193, 94)",2,2.01
"(353, 117)",2,2.01
"(93, 1556)",2,2.01
"(2942, 2411)",2,2.01
"(1753, 762)",2,2.01
"(72, 2066)",2,2.01
"(2022, 312)",2,2.01
"(1707, 11)",2,2.01
"(159, 73)",2,2.01
"(9, 1211)",2,2.01
"(1839, 237)",2,2.01
"(59, 573)",2,2.01
"(359, 131)",2,2.01
"(204, 2635)",2,2.01
"(2435, 89)",2,2.01
"(1382, 9)",2,2.01
"(2023, 9)",2,2.01
"(349, 96)",2,2.01
"(509, 2339)",2,2.01
"(149, 89)",2,2.01
"(522, 102)",2,2.01
"(128, 1076)",2,2.01
"(66, 830)",2,2.01
"(1930, 103)",2,2.01
"(1016, 94)",2,2.01
"(54, 247)",2,2.01
"(88, 2026)",2,2.01
"(571, 191)",2,2.01
"(191, 2750)",2,2.01
"(1062, 101)",2,2.01
"(2891, 135)",2,2.01
"(198, 225)",2,2.01
"(160, 2029)",2,2.01
"(195, 886)",2,2.01
"(348, 214)",2,2.01
"(1099, 89)",2,2.01
"(56, 2089)",2,2.01
"(209, 1796)",2,2.01
"(2839, 209)",2,2.01
"(1451, 9)",2,2.01
"(55, 2099)",2,2.01
"(72, 2943)",2,2.01
"(72, 190)",2,2.01
"(307, 258)",2,2.01
"(263, 1612)",2,2.01
"(1612, 55)",2,2.01
"(55, 2329)",2,2.01
"(420, 102)",2,2.01
"(91, 133)",2,2.01
"(133, 971)",2,2.01
"(290, 377)",2,2.01
"(2425, 93)",2,2.01
"(10, 114)",2,2.01
"(390, 197)",2,2.01
"(200, 10)",2,2.01
"(343, 127)",2,2.01
"(276, 89)",2,2.01
"(1813, 160)",2,2.01
"(1539, 1256)",2,2.01
"(166, 489)",2,2.01
"(54, 816)",2,2.01
"(241, 195)",2,2.01
"(433, 88)",2,2.01
"(88, 962)",2,2.01
"(2786, 2462)",2,2.01
"(1103, 65)",2,2.01
"(1517, 263)",2,2.01
"(136, 2665)",2,2.01
"(869, 93)",2,2.01
"(65, 119)",2,2.01
"(203, 26)",2,2.01
"(10, 1358)",2,2.01
"(350, 523)",2,2.01
"(9, 1826)",2,2.01
"(114, 347)",2,2.01
"(210, 129)",2,2.01
"(116, 66)",2,2.01
"(66, 152)",2,2.01
"(90, 131)",2,2.01
"(98, 835)",2,2.01
"(439, 11)",2,2.01
"(835, 98)",2,2.01
"(88, 2471)",2,2.01
"(98, 2802)",2,2.01
"(642, 903)",2,2.01
"(103, 667)",2,2.01
"(2611, 116)",2,2.01
"(160, 644)",2,2.01
"(153, 833)",2,2.01
"(114, 204)",2,2.01
"(9, 991)",2,2.01
"(147, 1501)",2,2.01
"(381, 113)",2,2.01
"(600, 885)",2,2.01
"(270, 533)",2,2.01
"(439, 136)",2,2.01
"(2353, 102)",2,2.01
"(1828, 67)",2,2.01
"(88, 594)",2,2.01
"(38, 94)",2,2.01
"(183, 138)",2,2.01
"(208, 179)",2,2.01
"(99, 2255)",2,2.01
"(1826, 103)",2,2.01
"(959, 290)",2,2.01
"(134, 290)",2,2.01
"(135, 157)",2,2.01
"(268, 1896)",2,2.01
"(93, 194)",2,2.01
"(813, 270)",2,2.01
"(1524, 88)",2,2.01
"(1469, 93)",2,2.01
"(2901, 9)",2,2.01
"(161, 437)",2,2.01
"(56, 1436)",2,2.01
"(101, 9)",2,2.01
"(115, 93)",2,2.01
"(10, 2645)",2,2.01
"(149, 666)",2,2.01
"(1130, 11)",2,2.01
"(88, 1145)",2,2.01
"(519, 263)",2,2.01
"(430, 277)",2,2.01
"(437, 237)",2,2.01
"(263, 11)",2,2.01
"(1707, 89)",2,2.01
"(88, 1532)",2,2.01
"(1532, 1081)",2,2.01
"(1065, 1302)",2,2.01
"(149, 68)",2,2.01
"(2040, 11)",2,2.01
"(68, 233)",2,2.01
"(268, 1002)",2,2.01
"(468, 1441)",2,2.01
"(123, 10)",2,2.01
"(560, 303)",2,2.01
"(54, 323)",2,2.01
"(1260, 9)",2,2.01
"(88, 390)",2,2.01
"(89, 1569)",2,2.01
"(2611, 101)",2,2.01
"(136, 240)",2,2.01
"(25, 2149)",2,2.01
"(293, 102)",2,2.01
"(1441, 203)",2,2.01
"(1684, 391)",2,2.01
"(208, 544)",2,2.01
"(21, 87)",2,2.01
"(87, 290)",2,2.01
"(10, 264)",2,2.01
"(1106, 9)",2,2.01
"(11, 2795)",2,2.01
"(1063, 101)",2,2.01
"(114, 234)",2,2.01
"(155, 302)",2,2.01
"(135, 1967)",2,2.01
"(201, 227)",2,2.01
"(1859, 89)",2,2.01
"(263, 350)",2,2.01
"(1806, 11)",2,2.01
"(1715, 89)",2,2.01
"(1063, 523)",2,2.01
"(166, 283)",2,2.01
"(54, 34)",2,2.01
"(432, 161)",2,2.01
"(547, 964)",2,2.01
"(34, 1397)",2,2.01
"(422, 132)",2,2.01
"(427, 104)",2,2.01
"(399, 10)",2,2.01
"(964, 9)",2,2.01
"(1886, 129)",2,2.01
"(2717, 101)",2,2.01
"(101, 38)",2,2.01
"(38, 130)",2,2.01
"(195, 375)",2,2.01
"(2756, 161)",2,2.01
"(76, 9)",2,2.01
"(640, 142)",2,2.01
"(1017, 1038)",2,2.01
"(330, 88)",2,2.01
"(1454, 93)",2,2.01
"(2274, 9)",2,2.01
"(449, 204)",2,2.01
"(1470, 28)",2,2.01
"(1775, 9)",2,2.01
"(88, 1772)",2,2.01
"(113, 218)",2,2.01
"(1737, 191)",2,2.01
"(323, 1187)",2,2.01
"(72, 379)",2,2.01
"(88, 1644)",2,2.01
"(1119, 323)",2,2.01
"(2788, 1495)",2,2.01
"(9, 1069)",2,2.01
"(2132, 197)",2,2.01
"(449, 109)",2,2.01
"(88, 2239)",2,2.01
"(9, 1111)",2,2.01
"(2562, 254)",2,2.01
"(1698, 109)",2,2.01
"(1713, 11)",2,2.01
"(2807, 1032)",2,2.01
"(9, 563)",2,2.01
"(315, 97)",2,2.01
"(701, 155)",2,2.01
"(3, 1876)",2,2.01
"(103, 73)",2,2.01
"(839, 1255)",2,2.01
"(962, 2183)",2,2.01
"(2355, 11)",2,2.01
"(271, 1560)",2,2.01
"(9, 582)",2,2.01
"(9, 962)",2,2.01
"(755, 147)",2,2.01
"(273, 102)",2,2.01
"(1197, 58)",2,2.01
"(158, 109)",2,2.01
"(833, 127)",2,2.01
"(72, 2059)",2,2.01
"(369, 2807)",2,2.01
"(883, 598)",2,2.01
"(1698, 88)",2,2.01
"(416, 184)",2,2.01
"(387, 155)",2,2.01
"(185, 179)",2,2.01
"(9, 2029)",2,2.01
"(30, 405)",2,2.01
"(434, 188)",2,2.01
"(405, 603)",2,2.01
"(603, 346)",2,2.01
"(690, 1382)",2,2.01
"(851, 290)",2,2.01
"(72, 198)",2,2.01
"(106, 2019)",2,2.01
"(55, 1075)",2,2.01
"(281, 1304)",2,2.01
"(237, 2195)",2,2.01
"(2052, 191)",2,2.01
"(1359, 9)",2,2.01
"(1069, 152)",2,2.01
"(1277, 9)",2,2.01
"(62, 1951)",2,2.01
"(147, 416)",2,2.01
"(2918, 9)",2,2.01
"(9, 170)",2,2.01
"(1532, 2950)",2,2.01
"(102, 112)",2,2.01
"(9, 151)",2,2.01
"(720, 225)",2,2.01
"(89, 303)",2,2.01
"(93, 552)",2,2.01
"(104, 34)",2,2.01
"(188, 363)",2,2.01
"(1227, 286)",2,2.01
"(88, 2319)",2,2.01
"(263, 1227)",2,2.01
"(150, 365)",2,2.01
"(102, 2310)",2,2.01
"(423, 171)",2,2.01
"(101, 647)",2,2.01
"(128, 118)",2,2.01
"(1855, 191)",2,2.01
"(290, 353)",2,2.01
"(118, 108)",2,2.01
"(791, 161)",2,2.01
"(141, 240)",2,2.01
"(1756, 9)",2,2.01
"(116, 385)",2,2.01
"(144, 2829)",2,2.01
"(241, 2452)",2,2.01
"(312, 102)",2,2.01
"(141, 475)",2,2.01
"(2227, 255)",2,2.01
"(489, 2629)",2,2.01
"(105, 89)",2,2.01
"(166, 590)",2,2.01
"(29, 2763)",2,2.01
"(1655, 88)",2,2.01
"(733, 88)",2,2.01
"(377, 743)",2,2.01
"(88, 701)",2,2.01
"(72, 8)",2,2.01
"(404, 153)",2,2.01
"(204, 2616)",2,2.01
"(243, 157)",2,2.01
"(157, 306)",2,2.01
"(156, 134)",2,2.01
"(1327, 11)",2,2.01
"(34, 558)",2,2.01
"(181, 763)",2,2.01
"(763, 818)",2,2.01
"(818, 101)",2,2.01
"(54, 1687)",2,2.01
"(118, 2976)",2,2.01
"(1070, 113)",2,2.01
"(138, 772)",2,2.01
"(563, 2325)",2,2.01
"(181, 61)",2,2.01
"(166, 563)",2,2.01
"(10, 906)",2,2.01
"(95, 645)",2,2.01
"(1824, 101)",2,2.01
"(93, 157)",2,2.01
"(353, 237)",2,2.01
"(64, 142)",2,2.01
"(240, 835)",2,2.01
"(90, 1533)",2,2.01
"(169, 60)",2,2.01
"(2552, 203)",2,2.01
"(203, 380)",2,2.01
"(1508, 93)",2,2.01
"(2151, 959)",2,2.01
"(135, 1122)",2,2.01
"(251, 108)",2,2.01
"(843, 307)",2,2.01
"(102, 1224)",2,2.01
"(1224, 109)",2,2.01
"(66, 947)",2,2.01
"(1078, 1052)",2,2.01
"(2083, 93)",2,2.01
"(102, 367)",2,2.01
"(160, 109)",2,2.01
"(750, 9)",2,2.01
"(982, 88)",2,2.01
"(1029, 237)",2,2.01
"(489, 371)",2,2.01
"(503, 89)",2,2.01
"(112, 2520)",2,2.01
"(89, 1073)",2,2.01
"(58, 134)",2,2.01
"(757, 1962)",2,2.01
"(268, 283)",2,2.01
"(102, 600)",2,2.01
"(893, 127)",2,2.01
"(2106, 9)",2,2.01
"(58, 2106)",2,2.01
"(489, 1763)",2,2.01
"(509, 102)",2,2.01
"(93, 2252)",2,2.01
"(232, 451)",2,2.01
"(10, 90)",2,2.01
"(241, 797)",2,2.01
"(1471, 719)",2,2.01
"(2285, 11)",2,2.01
"(672, 72)",2,2.01
"(270, 436)",2,2.01
"(621, 101)",2,2.01
"(88, 194)",2,2.01
"(72, 864)",2,2.01
"(858, 208)",2,2.01
"(179, 191)",2,2.01
"(1221, 102)",2,2.01
"(2196, 161)",2,2.01
"(2211, 101)",2,2.01
"(166, 2564)",2,2.01
"(515, 1340)",2,2.01
"(174, 585)",2,2.01
"(2841, 515)",2,2.01
"(1292, 9)",2,2.01
"(585, 161)",2,2.01
"(116, 1473)",2,2.01
"(151, 61)",2,2.01
"(132, 102)",2,2.01
"(1518, 102)",2,2.01
"(1705, 103)",2,2.01
"(620, 102)",2,2.01
"(141, 1597)",2,2.01
"(117, 1571)",2,2.01
"(1597, 213)",2,2.01
"(34, 2114)",2,2.01
"(305, 54)",2,2.01
"(383, 1221)",2,2.01
"(662, 72)",2,2.01
"(89, 91)",2,2.01
"(72, 724)",2,2.01
"(1385, 101)",2,2.01
"(724, 581)",2,2.01
"(486, 195)",2,2.01
"(129, 203)",2,2.01
"(102, 1444)",2,2.01
"(88, 761)",2,2.01
"(101, 1965)",2,2.01
"(1082, 102)",2,2.01
"(54, 2097)",2,2.01
"(207, 483)",2,2.01
"(2038, 101)",2,2.01
"(11, 2797)",2,2.01
"(820, 11)",2,2.01
"(93, 704)",2,2.01
"(2317, 11)",2,2.01
"(1227, 1173)",2,2.01
"(88, 2456)",2,2.01
"(1738, 129)",2,2.01
"(381, 96)",2,2.01
"(55, 544)",2,2.01
"(136, 1637)",2,2.01
"(667, 9)",2,2.01
"(88, 1349)",2,2.01
"(101, 605)",2,2.01
"(1598, 11)",2,2.01
"(330, 89)",2,2.01
"(54, 893)",2,2.01
"(191, 165)",2,2.01
"(213, 558)",2,2.01
"(377, 994)",2,2.01
"(585, 88)",2,2.01
"(2782, 11)",2,2.01
"(2348, 11)",2,2.01
"(585, 155)",2,2.01
"(101, 2362)",2,2.01
"(9, 2092)",2,2.01
"(949, 89)",2,2.01
"(116, 570)",2,2.01
"(116, 2706)",2,2.01
"(1524, 10)",2,2.01
"(1331, 9)",2,2.01
"(136, 1834)",2,2.01
"(1806, 136)",2,2.01
"(397, 1163)",2,2.01
"(594, 247)",2,2.01
"(241, 1591)",2,2.01
"(1111, 594)",2,2.01
"(69, 138)",2,2.01
"(230, 258)",2,2.01
"(225, 237)",2,2.01
"(921, 891)",2,2.01
"(88, 921)",2,2.01
"(10, 1912)",2,2.01
"(1548, 190)",2,2.01
"(191, 1751)",2,2.01
"(870, 166)",2,2.01
"(136, 444)",2,2.01
"(1916, 623)",2,2.01
"(541, 136)",2,2.01
"(72, 601)",2,2.01
"(1634, 142)",2,2.01
"(1668, 161)",2,2.01
"(147, 2920)",2,2.01
"(1912, 99)",2,2.01
"(54, 2901)",2,2.01
"(1164, 171)",2,2.01
"(88, 2812)",2,2.01
"(2317, 9)",2,2.01
"(34, 1917)",2,2.01
"(1202, 598)",2,2.01
"(522, 959)",2,2.01
"(147, 1030)",2,2.01
"(88, 459)",2,2.01
"(1317, 59)",2,2.01
"(400, 167)",2,2.01
"(243, 90)",2,2.01
"(90, 284)",2,2.01
"(284, 2418)",2,2.01
"(2418, 73)",2,2.01
"(2943, 400)",2,2.01
"(343, 3)",2,2.01
"(2396, 54)",2,2.01
"(115, 101)",2,2.01
"(311, 444)",2,2.01
"(303, 810)",2,2.01
"(57, 66)",2,2.01
"(2108, 1327)",2,2.01
"(2531, 101)",2,2.01
"(89, 159)",2,2.01
"(94, 2955)",2,2.01
"(443, 270)",2,2.01
"(193, 2935)",2,2.01
"(509, 330)",2,2.01
"(994, 98)",2,2.01
"(650, 113)",2,2.01
"(364, 1851)",2,2.01
"(2262, 11)",2,2.01
"(93, 2437)",2,2.01
"(618, 172)",2,2.01
"(439, 89)",2,2.01
"(101, 810)",2,2.01
"(55, 201)",2,2.01
"(9, 1302)",2,2.01
"(142, 288)",2,2.01
"(288, 607)",2,2.01
"(704, 11)",2,2.01
"(136, 98)",2,2.01
"(994, 191)",2,2.01
"(191, 142)",2,2.01
"(90, 1804)",2,2.01
"(459, 94)",2,2.01
"(539, 11)",2,2.01
"(287, 101)",2,2.01
"(158, 116)",2,2.01
"(388, 188)",2,2.01
"(44, 230)",2,2.01
"(201, 116)",2,2.01
"(1193, 628)",2,2.01
"(2833, 103)",2,2.01
"(902, 99)",2,2.01
"(359, 587)",2,2.01
"(99, 99)",2,2.01
"(2878, 102)",2,2.01
"(889, 11)",2,2.01
"(1621, 103)",2,2.01
"(2328, 9)",2,2.01
"(254, 907)",2,2.01
"(1500, 200)",2,2.01
"(200, 1450)",2,2.01
"(177, 95)",2,2.01
"(2508, 190)",2,2.01
"(307, 270)",2,2.01
"(1724, 9)",2,2.01
"(200, 1175)",2,2.01
"(201, 272)",2,2.01
"(107, 11)",2,2.01
"(141, 1081)",2,2.01
"(94, 1519)",2,2.01
"(1519, 438)",2,2.01
"(93, 488)",2,2.01
"(1078, 89)",2,2.01
"(117, 1146)",2,2.01
"(500, 93)",2,2.01
"(552, 34)",2,2.01
"(1081, 101)",2,2.01
"(1063, 89)",2,2.01
"(89, 2772)",2,2.01
"(2772, 166)",2,2.01
"(363, 2121)",2,2.01
"(2629, 437)",2,2.01
"(437, 190)",2,2.01
"(88, 2965)",2,2.01
"(406, 2517)",2,2.01
"(314, 1419)",2,2.01
"(1884, 6)",2,2.01
"(292, 416)",2,2.01
"(68, 1294)",2,2.01
"(1387, 561)",2,2.01
"(515, 68)",2,2.01
"(89, 171)",2,2.01
"(2527, 1504)",2,2.01
"(2546, 9)",2,2.01
"(10, 690)",2,2.01
"(784, 127)",2,2.01
"(743, 103)",2,2.01
"(666, 545)",2,2.01
"(348, 810)",2,2.01
"(141, 1120)",2,2.01
"(1018, 9)",2,2.01
"(116, 2449)",2,2.01
"(560, 984)",2,2.01
"(884, 78)",2,2.01
"(117, 208)",2,2.01
"(149, 117)",2,2.01
"(261, 305)",2,2.01
"(132, 94)",2,2.01
"(305, 454)",2,2.01
"(34, 2253)",2,2.01
"(93, 640)",2,2.01
"(2723, 102)",2,2.01
"(831, 416)",2,2.01
"(28, 2723)",2,2.01
"(1001, 11)",2,2.01
"(117, 161)",2,2.01
"(754, 335)",2,2.01
"(88, 669)",2,2.01
"(857, 117)",2,2.01
"(94, 113)",2,2.01
"(2835, 2530)",2,2.01
"(2530, 374)",2,2.01
"(830, 224)",2,2.01
"(2462, 101)",2,2.01
"(160, 506)",2,2.01
"(1872, 605)",2,2.01
"(102, 96)",2,2.01
"(715, 489)",2,2.01
"(102, 1473)",2,2.01
"(202, 122)",2,2.01
"(218, 541)",2,2.01
"(1315, 202)",2,2.01
"(2814, 9)",2,2.01
"(101, 2385)",2,2.01
"(99, 1771)",2,2.01
"(1771, 9)",2,2.01
"(57, 152)",2,2.01
"(93, 1858)",2,2.01
"(243, 161)",2,2.01
"(147, 98)",2,2.01
"(229, 314)",2,2.01
"(2333, 2735)",2,2.01
"(153, 11)",2,2.01
"(280, 805)",2,2.01
"(844, 9)",2,2.01
"(199, 94)",2,2.01
"(122, 2963)",2,2.01
"(152, 921)",2,2.01
"(60, 104)",2,2.01
"(740, 69)",2,2.01
"(396, 292)",2,2.01
"(89, 573)",2,2.01
"(116, 1847)",2,2.01
"(416, 1359)",2,2.01
"(1859, 9)",2,2.01
"(132, 994)",2,2.01
"(1163, 132)",2,2.01
"(9, 1163)",2,2.01
"(60, 381)",2,2.01
"(56, 1459)",2,2.01
"(147, 177)",2,2.01
"(2884, 2002)",2,2.01
"(290, 219)",2,2.01
"(1419, 67)",2,2.01
"(6, 282)",2,2.01
"(290, 142)",2,2.01
"(153, 647)",2,2.01
"(54, 164)",2,2.01
"(685, 258)",2,2.01
"(124, 11)",2,2.01
"(1580, 69)",2,2.01
"(263, 1580)",2,2.01
"(879, 88)",2,2.01
"(355, 132)",2,2.01
"(35, 821)",2,2.01
"(93, 2179)",2,2.01
"(2867, 9)",2,2.01
"(243, 760)",2,2.01
"(2434, 117)",2,2.01
"(117, 91)",2,2.01
"(89, 906)",2,2.01
"(906, 1466)",2,2.01
"(1073, 154)",2,2.01
"(166, 462)",2,2.01
"(218, 2546)",2,2.01
"(34, 425)",2,2.01
"(2285, 34)",2,2.01
"(436, 158)",2,2.01
"(123, 381)",2,2.01
"(831, 11)",2,2.01
"(101, 30)",2,2.01
"(1247, 54)",2,2.01
"(93, 310)",2,2.01
"(56, 101)",2,2.01
"(376, 1792)",2,2.01
"(93, 2900)",2,2.01
"(2688, 89)",2,2.01
"(2459, 89)",2,2.01
"(58, 116)",2,2.01
"(1063, 166)",2,2.01
"(166, 151)",2,2.01
"(151, 1133)",2,2.01
"(513, 72)",2,2.01
"(344, 96)",2,2.01
"(93, 757)",2,2.01
"(768, 454)",2,2.01
"(691, 350)",2,2.01
"(100, 355)",2,2.01
"(606, 416)",2,2.01
"(939, 292)",2,2.01
"(101, 35)",2,2.01
"(132, 99)",2,2.01
"(1696, 882)",2,2.01
"(1407, 104)",2,2.01
"(2629, 116)",2,2.01
"(2287, 11)",2,2.01
"(142, 523)",2,2.01
"(218, 1407)",2,2.01
"(1081, 1498)",2,2.01
"(1498, 845)",2,2.01
"(845, 1085)",2,2.01
"(160, 283)",2,2.01
"(37, 40)",2,2.01
"(666, 671)",2,2.01
"(165, 165)",2,2.01
"(219, 1102)",2,2.01
"(103, 831)",2,2.01
"(97, 1640)",2,2.01
"(2663, 831)",2,2.01
"(374, 784)",2,2.01
"(310, 833)",2,2.01
"(983, 88)",2,2.01
"(299, 145)",2,2.01
"(153, 415)",2,2.01
"(1760, 102)",2,2.01
"(101, 284)",2,2.01
"(93, 131)",2,2.01
"(34, 2998)",2,2.01
"(109, 214)",2,2.01
"(271, 1016)",2,2.01
"(560, 976)",2,2.01
"(147, 560)",2,2.01
"(54, 1097)",2,2.01
"(1097, 1022)",2,2.01
"(1022, 109)",2,2.01
"(1159, 197)",2,2.01
"(1098, 583)",2,2.01
"(366, 9)",2,2.01
"(191, 322)",2,2.01
"(360, 129)",2,2.01
"(117, 1078)",2,2.01
"(1855, 11)",2,2.01
"(430, 99)",2,2.01
"(257, 1143)",2,2.01
"(128, 1001)",2,2.01
"(2885, 9)",2,2.01
"(9, 2135)",2,2.01
"(332, 267)",2,2.01
"(427, 191)",2,2.01
"(179, 457)",2,2.01
"(971, 89)",2,2.01
"(1813, 11)",2,2.01
"(782, 72)",2,2.01
"(1704, 9)",2,2.01
"(179, 2002)",2,2.01
"(127, 90)",2,2.01
"(442, 104)",2,2.01
"(104, 442)",2,2.01
"(959, 117)",2,2.01
"(814, 190)",2,2.01
"(54, 2534)",2,2.01
"(558, 54)",2,2.01
"(2536, 101)",2,2.01
"(9, 625)",2,2.01
"(404, 290)",2,2.01
"(95, 921)",2,2.01
"(351, 129)",2,2.01
"(102, 1967)",2,2.01
"(93, 220)",2,2.01
"(220, 1779)",2,2.01
"(101, 671)",2,2.01
"(879, 95)",2,2.01
"(117, 879)",2,2.01
"(6, 88)",2,2.01
"(449, 9)",2,2.01
"(55, 782)",2,2.01
"(68, 199)",2,2.01
"(2392, 180)",2,2.01
"(177, 126)",2,2.01
"(686, 116)",2,2.01
"(1422, 330)",2,2.01
"(1339, 89)",2,2.01
"(979, 9)",2,2.01
"(528, 9)",2,2.01
"(1202, 101)",2,2.01
"(528, 589)",2,2.01
"(651, 136)",2,2.01
"(109, 2665)",2,2.01
"(9, 243)",2,2.01
"(54, 2285)",2,2.01
"(1903, 9)",2,2.01
"(2003, 267)",2,2.01
"(54, 2258)",2,2.01
"(1842, 9)",2,2.01
"(116, 846)",2,2.01
"(134, 528)",2,2.01
"(102, 635)",2,2.01
"(219, 88)",2,2.01
"(502, 94)",2,2.01
"(365, 1326)",2,2.01
"(727, 109)",2,2.01
"(2929, 258)",2,2.01
"(226, 9)",2,2.01
"(421, 918)",2,2.01
"(830, 349)",2,2.01
"(114, 774)",2,2.01
"(444, 229)",2,2.01
"(139, 1552)",2,2.01
"(180, 116)",2,2.01
"(93, 707)",2,2.01
"(136, 2449)",2,2.01
"(166, 2019)",2,2.01
"(707, 298)",2,2.01
"(2351, 129)",2,2.01
"(925, 419)",2,2.01
"(129, 388)",2,2.01
"(93, 753)",2,2.01
"(213, 865)",2,2.01
"(2006, 101)",2,2.01
"(171, 438)",2,2.01
"(1450, 11)",2,2.01
"(88, 2065)",2,2.01
"(54, 604)",2,2.01
"(88, 1634)",2,2.01
"(1143, 9)",2,2.01
"(1584, 93)",2,2.01
"(54, 683)",2,2.01
"(683, 225)",2,2.01
"(31, 166)",2,2.01
"(225, 147)",2,2.01
"(66, 126)",2,2.01
"(97, 73)",2,2.01
"(55, 265)",2,2.01
"(202, 215)",2,2.01
"(293, 330)",2,2.01
"(190, 1286)",2,2.01
"(93, 2037)",2,2.01
"(167, 394)",2,2.01
"(1224, 153)",2,2.01
"(1563, 9)",2,2.01
"(166, 823)",2,2.01
"(201, 280)",2,2.01
"(647, 172)",2,2.01
"(2593, 108)",2,2.01
"(219, 226)",2,2.01
"(34, 2091)",2,2.01
"(109, 237)",2,2.01
"(144, 600)",2,2.01
"(116, 697)",2,2.01
"(180, 203)",2,2.01
"(10, 1927)",2,2.01
"(1629, 172)",2,2.01
"(353, 166)",2,2.01
"(89, 1869)",2,2.01
"(281, 89)",2,2.01
"(61, 1281)",2,2.01
"(1102, 149)",2,2.01
"(149, 1193)",2,2.01
"(101, 2860)",2,2.01
"(54, 1425)",2,2.01
"(1312, 214)",2,2.01
"(317, 416)",2,2.01
"(808, 11)",2,2.01
"(1944, 109)",2,2.01
"(6, 1361)",2,2.01
"(889, 72)",2,2.01
"(166, 1381)",2,2.01
"(242, 597)",2,2.01
"(10, 896)",2,2.01
"(116, 504)",2,2.01
"(1377, 101)",2,2.01
"(2400, 481)",2,2.01
"(100, 1800)",2,2.01
"(623, 206)",2,2.01
"(332, 98)",2,2.01
"(1225, 11)",2,2.01
"(171, 1225)",2,2.01
"(281, 2885)",2,2.01
"(204, 72)",2,2.01
"(353, 893)",2,2.01
"(2411, 9)",2,2.01
"(93, 1521)",2,2.01
"(1634, 101)",2,2.01
"(505, 172)",2,2.01
"(1408, 286)",2,2.01
"(457, 116)",2,2.01
"(98, 475)",2,2.01
"(1682, 98)",2,2.01
"(811, 9)",2,2.01
"(88, 1284)",2,2.01
"(181, 242)",2,2.01
"(225, 103)",2,2.01
"(1720, 102)",2,2.01
"(421, 26)",2,2.01
"(1545, 11)",2,2.01
"(54, 87)",2,2.01
"(49, 4)",2,2.01
"(56, 1260)",2,2.01
"(1240, 88)",2,2.01
"(204, 1813)",2,2.01
"(101, 904)",2,2.01
"(748, 1275)",2,2.01
"(896, 9)",2,2.01
"(101, 1240)",2,2.01
"(218, 976)",2,2.01
"(1649, 3)",2,2.01
"(344, 190)",2,2.01
"(103, 313)",2,2.01
"(88, 2524)",2,2.01
"(54, 961)",2,2.01
"(510, 93)",2,2.01
"(213, 280)",2,2.01
"(319, 399)",2,2.01
"(241, 1138)",2,2.01
"(1138, 101)",2,2.01
"(109, 1106)",2,2.01
"(72, 501)",2,2.01
"(190, 437)",2,2.01
"(89, 1469)",2,2.01
"(911, 380)",2,2.01
"(2539, 101)",2,2.01
"(441, 179)",2,2.01
"(1790, 239)",2,2.01
"(198, 237)",2,2.01
"(271, 399)",2,2.01
"(136, 172)",2,2.01
"(64, 437)",2,2.01
"(1484, 147)",2,2.01
"(55, 90)",2,2.01
"(356, 116)",2,2.01
"(631, 11)",2,2.01
"(278, 89)",2,2.01
"(106, 784)",2,2.01
"(78, 508)",2,2.01
"(596, 226)",2,2.01
"(1025, 89)",2,2.01
"(2927, 11)",2,2.01
"(59, 752)",2,2.01
"(201, 166)",2,2.01
"(101, 208)",2,2.01
"(97, 2049)",2,2.01
"(136, 113)",2,2.01
"(106, 423)",2,2.01
"(71, 89)",2,2.01
"(135, 1969)",2,2.01
"(181, 1633)",2,2.01
"(518, 106)",2,2.01
"(606, 109)",2,2.01
"(669, 11)",2,2.01
"(1462, 11)",2,2.01
"(9, 425)",2,2.01
"(73, 167)",2,2.01
"(54, 1193)",2,2.01
"(218, 1139)",2,2.01
"(1781, 78)",2,2.01
"(78, 377)",2,2.01
"(2459, 93)",2,2.01
"(2288, 11)",2,2.01
"(107, 118)",2,2.01
"(97, 1481)",2,2.01
"(131, 1553)",2,2.01
"(1131, 93)",2,2.01
"(953, 11)",2,2.01
"(88, 1560)",2,2.01
"(153, 1286)",2,2.01
"(9, 1484)",2,2.01
"(88, 2404)",2,2.01
"(523, 237)",2,2.01
"(784, 117)",2,2.01
"(1386, 11)",2,2.01
"(1193, 2803)",2,2.01
"(2869, 11)",2,2.01
"(1255, 112)",2,2.01
"(112, 130)",2,2.01
"(1187, 54)",2,2.01
"(9, 853)",2,2.01
"(381, 94)",2,2.01
"(1555, 225)",2,2.01
"(241, 219)",2,2.01
"(1299, 571)",2,2.01
"(319, 1715)",2,2.01
"(2822, 54)",2,2.01
"(69, 2863)",2,2.01
"(2016, 101)",2,2.01
"(1005, 54)",2,2.01
"(1715, 88)",2,2.01
"(561, 101)",2,2.01
"(1184, 136)",2,2.01
"(573, 241)",2,2.01
"(117, 55)",2,2.01
"(93, 231)",2,2.01
"(108, 237)",2,2.01
"(1329, 108)",2,2.01
"(984, 10)",2,2.01
"(171, 96)",2,2.01
"(1109, 526)",2,2.01
"(149, 1851)",2,2.01
"(319, 1382)",2,2.01
"(422, 88)",2,2.01
"(67, 191)",2,2.01
"(1003, 161)",2,2.01
"(9, 347)",2,2.01
"(268, 126)",2,2.01
"(221, 99)",2,2.01
"(1723, 9)",2,2.01
"(106, 11)",2,2.01
"(147, 1758)",2,2.01
"(977, 616)",2,2.01
"(335, 581)",2,2.01
"(10, 2249)",2,2.01
"(93, 331)",2,2.01
"(2785, 280)",2,2.01
"(771, 99)",2,2.01
"(404, 166)",2,2.01
"(170, 55)",2,2.01
"(1245, 11)",2,2.01
"(116, 922)",2,2.01
"(166, 2616)",2,2.01
"(468, 570)",2,2.01
"(166, 879)",2,2.01
"(2801, 170)",2,2.01
"(355, 189)",2,2.01
"(141, 620)",2,2.01
"(222, 103)",2,2.01
"(93, 226)",2,2.01
"(4, 1642)",2,2.01
"(226, 869)",2,2.01
"(1180, 116)",2,2.01
"(953, 88)",2,2.01
"(671, 89)",2,2.01
"(251, 335)",2,2.01
"(88, 2081)",2,2.01
"(1474, 127)",2,2.01
"(72, 185)",2,2.01
"(141, 709)",2,2.01
"(864, 89)",2,2.01
"(101, 98)",2,2.01
"(389, 1103)",2,2.01
"(93, 1062)",2,2.01
"(1303, 270)",2,2.01
"(155, 166)",2,2.01
"(220, 932)",2,2.01
"(1178, 220)",2,2.01
"(54, 221)",2,2.01
"(2634, 127)",2,2.01
"(73, 319)",2,2.01
"(511, 9)",2,2.01
"(54, 2312)",2,2.01
"(2029, 1697)",2,2.01
"(2182, 9)",2,2.01
"(1697, 753)",2,2.01
"(853, 71)",2,2.01
"(351, 10)",2,2.01
"(65, 354)",2,2.01
"(54, 251)",2,2.01
"(836, 9)",2,2.01
"(106, 1721)",2,2.01
"(90, 606)",2,2.01
"(606, 151)",2,2.01
"(151, 62)",2,2.01
"(62, 1651)",2,2.01
"(561, 1693)",2,2.01
"(2973, 258)",2,2.01
"(258, 642)",2,2.01
"(10, 620)",2,2.01
"(56, 1134)",2,2.01
"(992, 89)",2,2.01
"(147, 1387)",2,2.01
"(743, 346)",2,2.01
"(807, 136)",2,2.01
"(166, 2643)",2,2.01
"(118, 675)",2,2.01
"(97, 1906)",2,2.01
"(1286, 1581)",2,2.01
"(10, 536)",2,2.01
"(272, 2958)",2,2.01
"(2116, 102)",2,2.01
"(396, 89)",2,2.01
"(93, 1048)",2,2.01
"(54, 613)",2,2.01
"(701, 101)",2,2.01
"(486, 112)",2,2.01
"(106, 1590)",2,2.01
"(2442, 88)",2,2.01
"(266, 99)",2,2.01
"(823, 1752)",2,2.01
"(1048, 733)",2,2.01
"(317, 153)",2,2.01
"(382, 2897)",2,2.01
"(9, 503)",2,2.01
"(135, 366)",2,2.01
"(7, 109)",2,2.01
"(252, 89)",2,2.01
"(895, 147)",2,2.01
"(166, 2179)",2,2.01
"(190, 227)",2,2.01
"(216, 586)",2,2.01
"(1127, 225)",2,2.01
"(190, 332)",2,2.01
"(145, 193)",2,2.01
"(883, 102)",2,2.01
"(884, 57)",2,2.01
"(93, 2804)",2,2.01
"(154, 784)",2,2.01
"(1696, 1143)",2,2.01
"(425, 109)",2,2.01
"(69, 1704)",2,2.01
"(88, 2421)",2,2.01
"(2804, 573)",2,2.01
"(135, 950)",2,2.01
"(193, 149)",2,2.01
"(1955, 272)",2,2.01
"(1361, 204)",2,2.01
"(88, 2772)",2,2.01
"(90, 90)",2,2.01
"(446, 350)",2,2.01
"(163, 446)",2,2.01
"(243, 559)",2,2.01
"(75, 402)",2,2.01
"(1358, 134)",2,2.01
"(700, 477)",2,2.01
"(9, 734)",2,2.01
"(88, 832)",2,2.01
"(117, 100)",2,2.01
"(1064, 2434)",2,2.01
"(160, 489)",2,2.01
"(1119, 76)",2,2.01
"(489, 72)",2,2.01
"(290, 492)",2,2.01
"(135, 1023)",2,2.01
"(430, 194)",2,2.01
"(314, 576)",2,2.01
"(1327, 102)",2,2.01
"(2227, 142)",2,2.01
"(2629, 11)",2,2.01
"(2548, 9)",2,2.01
"(273, 371)",2,2.01
"(93, 264)",2,2.01
"(791, 296)",2,2.01
"(876, 9)",2,2.01
"(2500, 740)",2,2.01
"(4, 89)",2,2.01
"(725, 876)",2,2.01
"(2115, 102)",2,2.01
"(344, 109)",2,2.01
"(615, 381)",2,2.01
"(135, 1758)",2,2.01
"(147, 144)",2,2.01
"(388, 135)",2,2.01
"(449, 89)",2,2.01
"(276, 88)",2,2.01
"(160, 261)",2,2.01
"(1331, 95)",2,2.01
"(88, 1331)",2,2.01
"(530, 118)",2,2.01
"(288, 462)",2,2.01
"(93, 1073)",2,2.01
"(101, 673)",2,2.01
"(759, 523)",2,2.01
"(319, 383)",2,2.01
"(383, 73)",2,2.01
"(857, 106)",2,2.01
"(1007, 127)",2,2.01
"(93, 1249)",2,2.01
"(27, 726)",2,2.01
"(1627, 335)",2,2.01
"(2782, 9)",2,2.01
"(231, 359)",2,2.01
"(9, 2258)",2,2.01
"(380, 90)",2,2.01
"(204, 873)",2,2.01
"(219, 442)",2,2.01
"(310, 267)",2,2.01
"(2224, 34)",2,2.01
"(255, 203)",2,2.01
"(166, 2663)",2,2.01
"(502, 425)",2,2.01
"(55, 659)",2,2.01
"(846, 101)",2,2.01
"(410, 270)",2,2.01
"(229, 89)",2,2.01
"(99, 1469)",2,2.01
"(1523, 999)",2,2.01
"(9, 1896)",2,2.01
"(404, 65)",2,2.01
"(75, 1273)",2,2.01
"(200, 1401)",2,2.01
"(97, 181)",2,2.01
"(1401, 453)",2,2.01
"(640, 9)",2,2.01
"(89, 74)",2,2.01
"(54, 2868)",2,2.01
"(97, 2093)",2,2.01
"(1400, 191)",2,2.01
"(54, 1060)",2,2.01
"(494, 1319)",2,2.01
"(88, 1255)",2,2.01
"(2831, 93)",2,2.01
"(187, 1401)",2,2.01
"(488, 2134)",2,2.01
"(104, 333)",2,2.01
"(155, 109)",2,2.01
"(2134, 11)",2,2.01
"(1723, 225)",2,2.01
"(2562, 88)",2,2.01
"(90, 1723)",2,2.01
"(1286, 388)",2,2.01
"(109, 630)",2,2.01
"(424, 72)",2,2.01
"(239, 2639)",2,2.01
"(2639, 78)",2,2.01
"(9, 2893)",2,2.01
"(506, 708)",2,2.01
"(1102, 352)",2,2.01
"(2851, 129)",2,2.01
"(95, 116)",2,2.01
"(2629, 213)",2,2.01
"(330, 109)",2,2.01
"(874, 203)",2,2.01
"(853, 556)",2,2.01
"(219, 372)",2,2.01
"(155, 237)",2,2.01
"(93, 2658)",2,2.01
"(1851, 127)",2,2.01
"(88, 1253)",2,2.01
"(106, 748)",2,2.01
"(2264, 853)",2,2.01
"(1018, 93)",2,2.01
"(177, 10)",2,2.01
"(665, 2719)",2,2.01
"(152, 503)",2,2.01
"(2187, 11)",2,2.01
"(1029, 11)",2,2.01
"(101, 2462)",2,2.01
"(1029, 102)",2,2.01
"(218, 89)",2,2.01
"(2303, 2993)",2,2.01
"(54, 2345)",2,2.01
"(181, 1286)",2,2.01
"(272, 1599)",2,2.01
"(201, 1247)",2,2.01
"(1247, 89)",2,2.01
"(1313, 404)",2,2.01
"(974, 11)",2,2.01
"(377, 101)",2,2.01
"(198, 1637)",2,2.01
"(404, 2973)",2,2.01
"(1596, 89)",2,2.01
"(134, 72)",2,2.01
"(827, 134)",2,2.01
"(326, 274)",2,2.01
"(173, 93)",2,2.01
"(74, 9)",2,2.01
"(141, 936)",2,2.01
"(2288, 191)",2,2.01
"(1560, 11)",2,2.01
"(135, 1560)",2,2.01
"(1091, 153)",2,2.01
"(2105, 9)",2,2.01
"(980, 101)",2,2.01
"(300, 1177)",2,2.01
"(88, 2437)",2,2.01
"(494, 68)",2,2.01
"(2837, 101)",2,2.01
"(1668, 155)",2,2.01
"(636, 160)",2,2.01
"(2364, 101)",2,2.01
"(390, 190)",2,2.01
"(916, 93)",2,2.01
"(317, 97)",2,2.01
"(1226, 502)",2,2.01
"(717, 1032)",2,2.01
"(581, 142)",2,2.01
"(1619, 9)",2,2.01
"(1516, 489)",2,2.01
"(711, 11)",2,2.01
"(2831, 1015)",2,2.01
"(2729, 1452)",2,2.01
"(98, 204)",2,2.01
"(2737, 56)",2,2.01
"(101, 365)",2,2.01
"(121, 609)",2,2.01
"(241, 300)",2,2.01
"(300, 742)",2,2.01
"(93, 65)",2,2.01
"(145, 374)",2,2.01
"(468, 1955)",2,2.01
"(724, 118)",2,2.01
"(790, 543)",2,2.01
"(543, 102)",2,2.01
"(172, 136)",2,2.01
"(2396, 168)",2,2.01
"(168, 239)",2,2.01
"(239, 810)",2,2.01
"(88, 2206)",2,2.01
"(1328, 93)",2,2.01
"(104, 303)",2,2.01
"(9, 1893)",2,2.01
"(959, 98)",2,2.01
"(821, 104)",2,2.01
"(99, 166)",2,2.01
"(166, 2783)",2,2.01
"(147, 2379)",2,2.01
"(1626, 102)",2,2.01
"(609, 9)",2,2.01
"(136, 1955)",2,2.01
"(1312, 98)",2,2.01
"(507, 1752)",2,2.01
"(73, 1209)",2,2.01
"(9, 1882)",2,2.01
"(58, 55)",2,2.01
"(2783, 11)",2,2.01
"(136, 497)",2,2.01
"(107, 9)",2,2.01
"(561, 191)",2,2.01
"(505, 197)",2,2.01
"(1882, 687)",2,2.01
"(1896, 237)",2,2.01
"(683, 9)",2,2.01
"(68, 635)",2,2.01
"(498, 255)",2,2.01
"(791, 219)",2,2.01
"(523, 421)",2,2.01
"(135, 2102)",2,2.01
"(281, 98)",2,2.01
"(93, 1299)",2,2.01
"(582, 147)",2,2.01
"(1225, 2580)",2,2.01
"(1204, 233)",2,2.01
"(1059, 93)",2,2.01
"(7, 97)",2,2.01
"(95, 307)",2,2.01
"(690, 622)",2,2.01
"(41, 229)",2,2.01
"(229, 74)",2,2.01
"(354, 690)",2,2.01
"(135, 1609)",2,2.01
"(1362, 93)",2,2.01
"(1510, 89)",2,2.01
"(714, 116)",2,2.01
"(187, 650)",2,2.01
"(1500, 2099)",2,2.01
"(2507, 2569)",2,2.01
"(135, 1107)",2,2.01
"(113, 440)",2,2.01
"(558, 113)",2,2.01
"(858, 558)",2,2.01
"(937, 109)",2,2.01
"(88, 488)",2,2.01
"(119, 229)",2,2.01
"(126, 914)",2,2.01
"(163, 1172)",2,2.01
"(2099, 101)",2,2.01
"(792, 128)",2,2.01
"(1092, 9)",2,2.01
"(1282, 867)",2,2.01
"(78, 65)",2,2.01
"(201, 127)",2,2.01
"(1742, 434)",2,2.01
"(150, 91)",2,2.01
"(797, 11)",2,2.01
"(877, 88)",2,2.01
"(1155, 229)",2,2.01
"(2503, 89)",2,2.01
"(34, 69)",2,2.01
"(914, 102)",2,2.01
"(54, 1839)",2,2.01
"(354, 54)",2,2.01
"(370, 72)",2,2.01
"(2194, 9)",2,2.01
"(74, 581)",2,2.01
"(1309, 54)",2,2.01
"(113, 640)",2,2.01
"(165, 91)",2,2.01
"(2432, 96)",2,2.01
"(89, 89)",2,2.01
"(38, 143)",2,2.01
"(54, 2275)",2,2.01
"(9, 63)",2,2.01
"(95, 2957)",2,2.01
"(117, 717)",2,2.01
"(136, 498)",2,2.01
"(1350, 1939)",2,2.01
"(1939, 88)",2,2.01
"(136, 130)",2,2.01
"(93, 854)",2,2.01
"(66, 183)",2,2.01
"(1404, 9)",2,2.01
"(10, 1404)",2,2.01
"(791, 9)",2,2.01
"(106, 589)",2,2.01
"(2521, 11)",2,2.01
"(1184, 468)",2,2.01
"(91, 102)",2,2.01
"(89, 903)",2,2.01
"(9, 1155)",2,2.01
"(1115, 62)",2,2.01
"(570, 539)",2,2.01
"(2213, 160)",2,2.01
"(175, 96)",2,2.01
"(188, 832)",2,2.01
"(93, 1266)",2,2.01
"(135, 1218)",2,2.01
"(1282, 166)",2,2.01
"(88, 534)",2,2.01
"(25, 26)",2,2.01
"(26, 1028)",2,2.01
"(95, 628)",2,2.01
"(127, 1247)",2,2.01
"(4, 440)",2,2.01
"(310, 468)",2,2.01
"(352, 268)",2,2.01
"(1184, 555)",2,2.01
"(605, 203)",2,2.01
"(160, 138)",2,2.01
"(268, 11)",2,2.01
"(106, 155)",2,2.01
"(577, 213)",2,2.01
"(155, 937)",2,2.01
"(94, 560)",2,2.01
"(160, 1082)",2,2.01
"(1809, 96)",2,2.01
"(1918, 101)",2,2.01
"(219, 134)",2,2.01
"(433, 219)",2,2.01
"(105, 1255)",2,2.01
"(281, 1669)",2,2.01
"(88, 2751)",2,2.01
"(1607, 67)",2,2.01
"(7, 142)",2,2.01
"(653, 219)",2,2.01
"(555, 297)",2,2.01
"(243, 1326)",2,2.01
"(383, 2428)",2,2.01
"(602, 539)",2,2.01
"(352, 10)",2,2.01
"(1959, 103)",2,2.01
"(245, 166)",2,2.01
"(807, 203)",2,2.01
"(1289, 89)",2,2.01
"(497, 109)",2,2.01
"(93, 2650)",2,2.01
"(1517, 2254)",2,2.01
"(2254, 288)",2,2.01
"(2016, 438)",2,2.01
"(438, 88)",2,2.01
"(1886, 1918)",2,2.01
"(1802, 93)",2,2.01
"(9, 539)",2,2.01
"(88, 1982)",2,2.01
"(163, 1621)",2,2.01
"(489, 903)",2,2.01
"(1256, 281)",2,2.01
"(317, 892)",2,2.01
"(91, 291)",2,2.01
"(89, 288)",2,2.01
"(172, 431)",2,2.01
"(324, 103)",2,2.01
"(292, 219)",2,2.01
"(10, 2131)",2,2.01
"(206, 73)",2,2.01
"(594, 175)",2,2.01
"(166, 59)",2,2.01
"(678, 453)",2,2.01
"(103, 216)",2,2.01
"(89, 144)",2,2.01
"(254, 96)",2,2.01
"(72, 182)",2,2.01
"(238, 398)",2,2.01
"(66, 998)",2,2.01
"(193, 128)",2,2.01
"(25, 877)",2,2.01
"(443, 99)",2,2.01
"(310, 416)",2,2.01
"(416, 163)",2,2.01
"(114, 432)",2,2.01
"(339, 2029)",2,2.01
"(72, 622)",2,2.01
"(136, 72)",2,2.01
"(93, 1192)",2,2.01
"(1160, 93)",2,2.01
"(1099, 55)",2,2.01
"(101, 1160)",2,2.01
"(94, 239)",2,2.01
"(204, 1927)",2,2.01
"(1834, 2504)",2,2.01
"(88, 1996)",2,2.01
"(135, 280)",2,2.01
"(100, 1789)",2,2.01
"(91, 203)",2,2.01
"(1954, 550)",2,2.01
"(93, 989)",2,2.01
"(772, 54)",2,2.01
"(54, 743)",2,2.01
"(203, 399)",2,2.01
"(102, 1234)",2,2.01
"(54, 2625)",2,2.01
"(191, 1018)",2,2.01
"(198, 873)",2,2.01
"(1828, 677)",2,2.01
"(1234, 9)",2,2.01
"(677, 66)",2,2.01
"(328, 11)",2,2.01
"(1438, 101)",2,2.01
"(88, 1939)",2,2.01
"(1939, 95)",2,2.01
"(149, 91)",2,2.01
"(264, 2406)",2,2.01
"(833, 11)",2,2.01
"(129, 88)",2,2.01
"(172, 213)",2,2.01
"(637, 127)",2,2.01
"(93, 2089)",2,2.01
"(181, 1159)",2,2.01
"(94, 114)",2,2.01
"(143, 104)",2,2.01
"(671, 319)",2,2.01
"(2825, 1830)",2,2.01
"(303, 171)",2,2.01
"(2090, 11)",2,2.01
"(218, 2271)",2,2.01
"(93, 295)",2,2.01
"(2491, 72)",2,2.01
"(272, 258)",2,2.01
"(136, 151)",2,2.01
"(88, 1271)",2,2.01
"(88, 134)",2,2.01
"(88, 2554)",2,2.01
"(193, 313)",2,2.01
"(827, 2032)",2,2.01
"(2272, 101)",2,2.01
"(93, 1395)",2,2.01
"(313, 127)",2,2.01
"(90, 62)",2,2.01
"(54, 761)",2,2.01
"(182, 104)",2,2.01
"(104, 117)",2,2.01
"(9, 402)",2,2.01
"(155, 332)",2,2.01
"(2204, 9)",2,2.01
"(1207, 34)",2,2.01
"(158, 88)",2,2.01
"(158, 97)",2,2.01
"(1409, 2947)",2,2.01
"(101, 71)",2,2.01
"(71, 126)",2,2.01
"(26, 300)",2,2.01
"(204, 118)",2,2.01
"(184, 313)",2,2.01
"(134, 788)",2,2.01
"(102, 1705)",2,2.01
"(1863, 101)",2,2.01
"(1393, 99)",2,2.01
"(73, 54)",2,2.01
"(114, 322)",2,2.01
"(93, 1545)",2,2.01
"(102, 1637)",2,2.01
"(135, 142)",2,2.01
"(68, 54)",2,2.01
"(32, 95)",2,2.01
"(9, 1976)",2,2.01
"(443, 147)",2,2.01
"(132, 547)",2,2.01
"(88, 1097)",2,2.01
"(1200, 9)",2,2.01
"(10, 2097)",2,2.01
"(1134, 94)",2,2.01
"(489, 10)",2,2.01
"(128, 343)",2,2.01
"(211, 421)",2,2.01
"(153, 446)",2,2.01
"(135, 243)",2,2.01
"(1178, 9)",2,2.01
"(9, 1178)",2,2.01
"(955, 154)",2,2.01
"(1488, 2587)",2,2.01
"(1172, 539)",2,2.01
"(93, 2091)",2,2.01
"(135, 1488)",2,2.01
"(2958, 1452)",2,2.01
"(96, 2974)",2,2.01
"(1150, 267)",2,2.01
"(725, 1976)",2,2.01
"(90, 1525)",2,2.01
"(2974, 9)",2,2.01
"(491, 78)",2,2.01
"(78, 470)",2,2.01
"(281, 34)",2,2.01
"(103, 350)",2,2.01
"(168, 11)",2,2.01
"(96, 1502)",2,2.01
"(89, 363)",2,2.01
"(1954, 343)",2,2.01
"(300, 1274)",2,2.01
"(715, 204)",2,2.01
"(107, 371)",2,2.01
"(2398, 95)",2,2.01
"(416, 2907)",2,2.01
"(2828, 133)",2,2.01
"(298, 955)",2,2.01
"(97, 678)",2,2.01
"(181, 334)",2,2.01
"(97, 312)",2,2.01
"(312, 9)",2,2.01
"(1407, 882)",2,2.01
"(245, 135)",2,2.01
"(2609, 101)",2,2.01
"(910, 804)",2,2.01
"(101, 1556)",2,2.01
"(111, 180)",2,2.01
"(7, 1629)",2,2.01
"(188, 438)",2,2.01
"(62, 2590)",2,2.01
"(372, 1207)",2,2.01
"(1061, 9)",2,2.01
"(1379, 93)",2,2.01
"(88, 2108)",2,2.01
"(655, 9)",2,2.01
"(54, 2883)",2,2.01
"(762, 390)",2,2.01
"(95, 191)",2,2.01
"(117, 377)",2,2.01
"(377, 2541)",2,2.01
"(859, 11)",2,2.01
"(1286, 172)",2,2.01
"(306, 101)",2,2.01
"(172, 753)",2,2.01
"(188, 243)",2,2.01
"(1516, 2771)",2,2.01
"(466, 130)",2,2.01
"(134, 431)",2,2.01
"(54, 1061)",2,2.01
"(623, 69)",2,2.01
"(281, 840)",2,2.01
"(199, 11)",2,2.01
"(1207, 102)",2,2.01
"(300, 934)",2,2.01
"(93, 87)",2,2.01
"(153, 429)",2,2.01
"(795, 96)",2,2.01
"(41, 2226)",2,2.01
"(2226, 139)",2,2.01
"(139, 54)",2,2.01
"(69, 154)",2,2.01
"(188, 1863)",2,2.01
"(136, 1672)",2,2.01
"(1787, 11)",2,2.01
"(2670, 69)",2,2.01
"(945, 9)",2,2.01
"(69, 226)",2,2.01
"(941, 11)",2,2.01
"(129, 144)",2,2.01
"(88, 570)",2,2.01
"(701, 1016)",2,2.01
"(170, 253)",2,2.01
"(1280, 102)",2,2.01
"(2086, 116)",2,2.01
"(2134, 2086)",2,2.01
"(101, 240)",2,2.01
"(775, 11)",2,2.01
"(302, 89)",2,2.01
"(346, 142)",2,2.01
"(457, 99)",2,2.01
"(2040, 2975)",2,2.01
"(262, 98)",2,2.01
"(2465, 191)",2,2.01
"(106, 1021)",2,2.01
"(390, 116)",2,2.01
"(191, 1859)",2,2.01
"(768, 101)",2,2.01
"(2061, 191)",2,2.01
"(1390, 88)",2,2.01
"(138, 60)",2,2.01
"(91, 170)",2,2.01
"(2184, 102)",2,2.01
"(211, 203)",2,2.01
"(182, 11)",2,2.01
"(443, 114)",2,2.01
"(166, 2527)",2,2.01
"(102, 2278)",2,2.01
"(1965, 249)",2,2.01
"(102, 1965)",2,2.01
"(2382, 1649)",2,2.01
"(372, 367)",2,2.01
"(134, 142)",2,2.01
"(142, 1240)",2,2.01
"(54, 2302)",2,2.01
"(1444, 9)",2,2.01
"(158, 102)",2,2.01
"(102, 154)",2,2.01
"(93, 209)",2,2.01
"(95, 291)",2,2.01
"(291, 88)",2,2.01
"(106, 1717)",2,2.01
"(55, 106)",2,2.01
"(1282, 11)",2,2.01
"(2913, 11)",2,2.01
"(169, 1117)",2,2.01
"(383, 65)",2,2.01
"(211, 102)",2,2.01
"(167, 154)",2,2.01
"(359, 167)",2,2.01
"(1391, 414)",2,2.01
"(1099, 72)",2,2.01
"(410, 106)",2,2.01
"(1737, 102)",2,2.01
"(960, 54)",2,2.01
"(852, 350)",2,2.01
"(10, 238)",2,2.01
"(1695, 161)",2,2.01
"(247, 150)",2,2.01
"(2596, 9)",2,2.01
"(1357, 2945)",2,2.01
"(62, 1110)",2,2.01
"(204, 61)",2,2.01
"(2184, 9)",2,2.01
"(72, 113)",2,2.01
"(127, 2283)",2,2.01
"(88, 1569)",2,2.01
"(639, 258)",2,2.01
"(688, 1474)",2,2.01
"(88, 1647)",2,2.01
"(302, 1108)",2,2.01
"(760, 102)",2,2.01
"(117, 2994)",2,2.01
"(135, 707)",2,2.01
"(4, 142)",2,2.01
"(2483, 307)",2,2.01
"(116, 231)",2,2.01
"(744, 128)",2,2.01
"(891, 98)",2,2.01
"(416, 1906)",2,2.01
"(2504, 9)",2,2.01
"(11, 1515)",2,2.01
"(66, 466)",2,2.01
"(572, 89)",2,2.01
"(791, 34)",2,2.01
"(396, 214)",2,2.01
"(322, 157)",2,2.01
"(101, 578)",2,2.01
"(111, 147)",2,2.01
"(57, 9)",2,2.01
"(113, 213)",2,2.01
"(60, 152)",2,2.01
"(163, 1076)",2,2.01
"(719, 69)",2,2.01
"(1337, 470)",2,2.01
"(118, 131)",2,2.01
"(88, 1337)",2,2.01
"(9, 1409)",2,2.01
"(169, 591)",2,2.01
"(1173, 102)",2,2.01
"(481, 135)",2,2.01
"(201, 1590)",2,2.01
"(91, 229)",2,2.01
"(753, 11)",2,2.01
"(589, 1302)",2,2.01
"(594, 11)",2,2.01
"(1209, 93)",2,2.01
"(135, 2564)",2,2.01
"(200, 264)",2,2.01
"(264, 398)",2,2.01
"(160, 1247)",2,2.01
"(475, 258)",2,2.01
"(252, 949)",2,2.01
"(1280, 136)",2,2.01
"(1671, 254)",2,2.01
"(1180, 292)",2,2.01
"(465, 543)",2,2.01
"(109, 286)",2,2.01
"(2749, 11)",2,2.01
"(344, 203)",2,2.01
"(88, 1413)",2,2.01
"(135, 114)",2,2.01
"(129, 60)",2,2.01
"(1316, 155)",2,2.01
"(93, 11)",2,2.01
"(88, 1356)",2,2.01
"(147, 503)",2,2.01
"(89, 1319)",2,2.01
"(113, 128)",2,2.01
"(367, 9)",2,2.01
"(88, 711)",2,2.01
"(374, 93)",2,2.01
"(93, 920)",2,2.01
"(920, 784)",2,2.01
"(1326, 135)",2,2.01
"(135, 195)",2,2.01
"(93, 700)",2,2.01
"(153, 183)",2,2.01
"(93, 1911)",2,2.01
"(293, 241)",2,2.01
"(284, 2338)",2,2.01
"(2338, 135)",2,2.01
"(135, 738)",2,2.01
"(245, 431)",2,2.01
"(1001, 343)",2,2.01
"(88, 1344)",2,2.01
"(1037, 349)",2,2.01
"(136, 208)",2,2.01
"(271, 1119)",2,2.01
"(66, 169)",2,2.01
"(347, 719)",2,2.01
"(10, 1717)",2,2.01
"(9, 646)",2,2.01
"(109, 753)",2,2.01
"(404, 34)",2,2.01
"(96, 10)",2,2.01
"(34, 1481)",2,2.01
"(1294, 102)",2,2.01
"(9, 1300)",2,2.01
"(9, 1879)",2,2.01
"(166, 1019)",2,2.01
"(38, 277)",2,2.01
"(1052, 160)",2,2.01
"(102, 2938)",2,2.01
"(100, 683)",2,2.01
"(1716, 56)",2,2.01
"(578, 276)",2,2.01
"(93, 56)",2,2.01
"(255, 416)",2,2.01
"(397, 230)",2,2.01
"(2276, 89)",2,2.01
"(65, 112)",2,2.01
"(444, 730)",2,2.01
"(166, 315)",2,2.01
"(380, 218)",2,2.01
"(174, 65)",2,2.01
"(93, 159)",2,2.01
"(88, 797)",2,2.01
"(2909, 93)",2,2.01
"(701, 254)",2,2.01
"(369, 34)",2,2.01
"(2127, 103)",2,2.01
"(57, 180)",2,2.01
"(263, 1076)",2,2.01
"(88, 98)",2,2.01
"(341, 1622)",2,2.01
"(191, 1849)",2,2.01
"(1343, 129)",2,2.01
"(319, 704)",2,2.01
"(78, 1023)",2,2.01
"(101, 32)",2,2.01
"(102, 298)",2,2.01
"(141, 518)",2,2.01
"(88, 896)",2,2.01
"(166, 1749)",2,2.01
"(101, 2938)",2,2.01
"(1023, 60)",2,2.01
"(2554, 61)",2,2.01
"(31, 586)",2,2.01
"(1224, 34)",2,2.01
"(2870, 54)",2,2.01
"(104, 1224)",2,2.01
"(126, 1852)",2,2.01
"(237, 608)",2,2.01
"(704, 172)",2,2.01
"(284, 2977)",2,2.01
"(2244, 10)",2,2.01
"(1521, 815)",2,2.01
"(9, 245)",2,2.01
"(803, 645)",2,2.01
"(454, 1879)",2,2.01
"(144, 1828)",2,2.01
"(921, 237)",2,2.01
"(226, 2041)",2,2.01
"(332, 290)",2,2.01
"(8, 116)",2,2.01
"(2041, 89)",2,2.01
"(426, 645)",2,2.01
"(1728, 258)",2,2.01
"(102, 351)",2,2.01
"(1385, 786)",2,2.01
"(1696, 87)",2,2.01
"(226, 347)",2,2.01
"(136, 1385)",2,2.01
"(1242, 1650)",2,2.01
"(166, 87)",2,2.01
"(1650, 191)",2,2.01
"(93, 1497)",2,2.01
"(114, 440)",2,2.01
"(218, 1333)",2,2.01
"(1304, 54)",2,2.01
"(88, 511)",2,2.01
"(397, 282)",2,2.01
"(667, 89)",2,2.01
"(2686, 102)",2,2.01
"(2775, 88)",2,2.01
"(241, 2551)",2,2.01
"(166, 1369)",2,2.01
"(144, 1322)",2,2.01
"(1408, 11)",2,2.01
"(348, 171)",2,2.01
"(668, 219)",2,2.01
"(2711, 9)",2,2.01
"(326, 103)",2,2.01
"(90, 2226)",2,2.01
"(272, 34)",2,2.01
"(281, 333)",2,2.01
"(98, 226)",2,2.01
"(2630, 9)",2,2.01
"(339, 98)",2,2.01
"(130, 1773)",2,2.01
"(895, 11)",2,2.01
"(172, 166)",2,2.01
"(1814, 117)",2,2.01
"(315, 101)",2,2.01
"(45, 2692)",2,2.01
"(300, 604)",2,2.01
"(604, 93)",2,2.01
"(9, 1707)",2,2.01
"(378, 9)",2,2.01
"(974, 101)",2,2.01
"(160, 272)",2,2.01
"(198, 161)",2,2.01
"(117, 355)",2,2.01
"(891, 11)",2,2.01
"(272, 104)",2,2.01
"(104, 464)",2,2.01
"(102, 2615)",2,2.01
"(2692, 130)",2,2.01
"(178, 891)",2,2.01
"(9, 2725)",2,2.01
"(331, 354)",2,2.01
"(380, 421)",2,2.01
"(987, 11)",2,2.01
"(364, 88)",2,2.01
"(406, 868)",2,2.01
"(141, 363)",2,2.01
"(1234, 10)",2,2.01
"(54, 555)",2,2.01
"(88, 2425)",2,2.01
"(38, 201)",2,2.01
"(300, 57)",2,2.01
"(103, 171)",2,2.01
"(1157, 102)",2,2.01
"(102, 669)",2,2.01
"(251, 201)",2,2.01
"(44, 251)",2,2.01
"(1773, 44)",2,2.01
"(96, 204)",2,2.01
"(464, 89)",2,2.01
"(1209, 11)",2,2.01
"(270, 918)",2,2.01
"(201, 188)",2,2.01
"(1358, 88)",2,2.01
"(347, 2911)",2,2.01
"(204, 2544)",2,2.01
"(93, 1275)",2,2.01
"(117, 112)",2,2.01
"(160, 67)",2,2.01
"(234, 99)",2,2.01
"(157, 67)",2,2.01
"(239, 2814)",2,2.01
"(34, 1949)",2,2.01
"(88, 376)",2,2.01
"(1780, 510)",2,2.01
"(54, 993)",2,2.01
"(665, 354)",2,2.01
"(2814, 101)",2,2.01
"(199, 127)",2,2.01
"(117, 1889)",2,2.01
"(2544, 11)",2,2.01
"(1023, 1943)",2,2.01
"(9, 1023)",2,2.01
"(1107, 11)",2,2.01
"(529, 140)",2,2.01
"(2251, 348)",2,2.01
"(515, 95)",2,2.01
"(34, 1695)",2,2.01
"(1695, 89)",2,2.01
"(103, 59)",2,2.01
"(1386, 147)",2,2.01
"(950, 9)",2,2.01
"(2250, 346)",2,2.01
"(1554, 203)",2,2.01
"(154, 142)",2,2.01
"(89, 1028)",2,2.01
"(1708, 203)",2,2.01
"(2155, 9)",2,2.01
"(93, 151)",2,2.01
"(54, 2460)",2,2.01
"(2366, 6)",2,2.01
"(2272, 9)",2,2.01
"(73, 647)",2,2.01
"(313, 597)",2,2.01
"(186, 388)",2,2.01
"(1450, 24)",2,2.01
"(404, 54)",2,2.01
"(188, 662)",2,2.01
"(147, 671)",2,2.01
"(374, 188)",2,2.01
"(155, 440)",2,2.01
"(67, 147)",2,2.01
"(354, 153)",2,2.01
"(2006, 9)",2,2.01
"(717, 307)",2,2.01
"(403, 1256)",2,2.01
"(1329, 78)",2,2.01
"(596, 90)",2,2.01
"(54, 464)",2,2.01
"(671, 191)",2,2.01
"(116, 69)",2,2.01
"(213, 1621)",2,2.01
"(317, 404)",2,2.01
"(10, 556)",2,2.01
"(99, 462)",2,2.01
"(618, 127)",2,2.01
"(181, 34)",2,2.01
"(9, 1868)",2,2.01
"(143, 1439)",2,2.01
"(127, 204)",2,2.01
"(262, 72)",2,2.01
"(11, 2674)",2,2.01
"(1852, 9)",2,2.01
"(453, 88)",2,2.01
"(88, 1501)",2,2.01
"(104, 167)",2,2.01
"(1527, 10)",2,2.01
"(2389, 104)",2,2.01
"(1479, 2389)",2,2.01
"(117, 663)",2,2.01
"(394, 322)",2,2.01
"(93, 1815)",2,2.01
"(625, 273)",2,2.01
"(94, 98)",2,2.01
"(98, 2496)",2,2.01
"(98, 1127)",2,2.01
"(89, 2067)",2,2.01
"(173, 101)",2,2.01
"(444, 573)",2,2.01
"(1004, 343)",2,2.01
"(814, 135)",2,2.01
"(582, 2928)",2,2.01
"(257, 1746)",2,2.01
"(170, 615)",2,2.01
"(201, 155)",2,2.01
"(483, 344)",2,2.01
"(1277, 72)",2,2.01
"(263, 483)",2,2.01
"(1173, 93)",2,2.01
"(602, 831)",2,2.01
"(114, 2911)",2,2.01
"(54, 1658)",2,2.01
"(1658, 101)",2,2.01
"(228, 108)",2,2.01
"(354, 93)",2,2.01
"(93, 2141)",2,2.01
"(95, 364)",2,2.01
"(1632, 573)",2,2.01
"(2926, 88)",2,2.01
"(573, 288)",2,2.01
"(8, 93)",2,2.01
"(117, 2467)",2,2.01
"(98, 816)",2,2.01
"(676, 213)",2,2.01
"(1421, 95)",2,2.01
"(2141, 605)",2,2.01
"(160, 1421)",2,2.01
"(117, 2468)",2,2.01
"(298, 703)",2,2.01
"(63, 164)",2,2.01
"(203, 118)",2,2.01
"(637, 34)",2,2.01
"(2211, 93)",2,2.01
"(102, 1244)",2,2.01
"(388, 102)",2,2.01
"(149, 1334)",2,2.01
"(89, 114)",2,2.01
"(4, 88)",2,2.01
"(302, 347)",2,2.01
"(130, 363)",2,2.01
"(95, 346)",2,2.01
"(111, 253)",2,2.01
"(1340, 11)",2,2.01
"(88, 2929)",2,2.01
"(2714, 594)",2,2.01
"(594, 106)",2,2.01
"(523, 290)",2,2.01
"(1432, 307)",2,2.01
"(136, 1745)",2,2.01
"(226, 874)",2,2.01
"(385, 116)",2,2.01
"(58, 213)",2,2.01
"(95, 281)",2,2.01
"(596, 376)",2,2.01
"(1277, 451)",2,2.01
"(9, 2615)",2,2.01
"(1334, 127)",2,2.01
"(688, 346)",2,2.01
"(286, 106)",2,2.01
"(93, 258)",2,2.01
"(567, 221)",2,2.01
"(949, 72)",2,2.01
"(539, 204)",2,2.01
"(102, 768)",2,2.01
"(147, 65)",2,2.01
"(9, 1425)",2,2.01
"(2284, 1578)",2,2.01
"(1304, 286)",2,2.01
"(177, 2395)",2,2.01
"(1214, 270)",2,2.01
"(90, 175)",2,2.01
"(844, 132)",2,2.01
"(2802, 11)",2,2.01
"(166, 107)",2,2.01
"(166, 1634)",2,2.01
"(135, 1953)",2,2.01
"(123, 101)",2,2.01
"(926, 73)",2,2.01
"(315, 292)",2,2.01
"(2082, 11)",2,2.01
"(2800, 117)",2,2.01
"(310, 96)",2,2.01
"(166, 982)",2,2.01
"(233, 89)",2,2.01
"(2510, 127)",2,2.01
"(109, 1704)",2,2.01
"(26, 527)",2,2.01
"(160, 1526)",2,2.01
"(396, 462)",2,2.01
"(523, 106)",2,2.01
"(88, 2767)",2,2.01
"(54, 465)",2,2.01
"(167, 95)",2,2.01
"(193, 1395)",2,2.01
"(135, 145)",2,2.01
"(281, 858)",2,2.01
"(372, 825)",2,2.01
"(102, 208)",2,2.01
"(503, 10)",2,2.01
"(1257, 93)",2,2.01
"(39, 1263)",2,2.01
"(1712, 374)",2,2.01
"(76, 559)",2,2.01
"(802, 96)",2,2.01
"(442, 443)",2,2.01
"(93, 2265)",2,2.01
"(2456, 304)",2,2.01
"(827, 633)",2,2.01
"(198, 127)",2,2.01
"(88, 1257)",2,2.01
"(554, 286)",2,2.01
"(268, 353)",2,2.01
"(166, 183)",2,2.01
"(394, 602)",2,2.01
"(181, 208)",2,2.01
"(1125, 258)",2,2.01
"(109, 1196)",2,2.01
"(163, 333)",2,2.01
"(333, 161)",2,2.01
"(72, 749)",2,2.01
"(744, 166)",2,2.01
"(744, 226)",2,2.01
"(365, 507)",2,2.01
"(307, 160)",2,2.01
"(88, 1930)",2,2.01
"(2875, 102)",2,2.01
"(286, 203)",2,2.01
"(56, 2151)",2,2.01
"(587, 346)",2,2.01
"(167, 283)",2,2.01
"(9, 578)",2,2.01
"(260, 67)",2,2.01
"(1516, 2061)",2,2.01
"(220, 227)",2,2.01
"(160, 116)",2,2.01
"(67, 188)",2,2.01
"(188, 395)",2,2.01
"(2151, 54)",2,2.01
"(241, 230)",2,2.01
"(847, 95)",2,2.01
"(300, 54)",2,2.01
"(127, 203)",2,2.01
"(160, 113)",2,2.01
"(93, 656)",2,2.01
"(1807, 388)",2,2.01
"(231, 2287)",2,2.01
"(678, 267)",2,2.01
"(1030, 93)",2,2.01
"(1941, 993)",2,2.01
"(579, 333)",2,2.01
"(149, 300)",2,2.01
"(1537, 99)",2,2.01
"(226, 96)",2,2.01
"(489, 272)",2,2.01
"(54, 4)",2,2.01
"(297, 372)",2,2.01
"(340, 9)",2,2.01
"(10, 1693)",2,2.01
"(348, 166)",2,2.01
"(1304, 190)",2,2.01
"(104, 473)",2,2.01
"(166, 382)",2,2.01
"(2006, 89)",2,2.01
"(161, 95)",2,2.01
"(95, 867)",2,2.01
"(58, 89)",2,2.01
"(127, 442)",2,2.01
"(123, 113)",2,2.01
"(129, 2790)",2,2.01
"(181, 1320)",2,2.01
"(1251, 489)",2,2.01
"(489, 904)",2,2.01
"(67, 87)",2,2.01
"(334, 1371)",2,2.01
"(944, 442)",2,2.01
"(106, 272)",2,2.01
"(944, 89)",2,2.01
"(54, 944)",2,2.01
"(1326, 166)",2,2.01
"(547, 1625)",2,2.01
"(278, 416)",2,2.01
"(541, 11)",2,2.01
"(1563, 102)",2,2.01
"(589, 213)",2,2.01
"(2748, 101)",2,2.01
"(1037, 274)",2,2.01
"(972, 101)",2,2.01
"(283, 644)",2,2.01
"(89, 128)",2,2.01
"(90, 542)",2,2.01
"(1772, 160)",2,2.01
"(1432, 1607)",2,2.01
"(1975, 255)",2,2.01
"(9, 443)",2,2.01
"(193, 102)",2,2.01
"(72, 750)",2,2.01
"(928, 72)",2,2.01
"(200, 1962)",2,2.01
"(71, 1461)",2,2.01
"(2904, 431)",2,2.01
"(25, 1335)",2,2.01
"(97, 1807)",2,2.01
"(136, 149)",2,2.01
"(452, 117)",2,2.01
"(58, 176)",2,2.01
"(176, 2088)",2,2.01
"(138, 304)",2,2.01
"(164, 447)",2,2.01
"(322, 171)",2,2.01
"(89, 1358)",2,2.01
"(88, 170)",2,2.01
"(444, 164)",2,2.01
"(88, 2616)",2,2.01
"(1131, 116)",2,2.01
"(9, 1820)",2,2.01
"(56, 542)",2,2.01
"(542, 172)",2,2.01
"(477, 381)",2,2.01
"(227, 127)",2,2.01
"(141, 452)",2,2.01
"(2996, 98)",2,2.01
"(508, 243)",2,2.01
"(98, 690)",2,2.01
"(9, 264)",2,2.01
"(751, 134)",2,2.01
"(264, 366)",2,2.01
"(93, 1172)",2,2.01
"(797, 161)",2,2.01
"(122, 78)",2,2.01
"(204, 2211)",2,2.01
"(2616, 11)",2,2.01
"(101, 325)",2,2.01
"(142, 483)",2,2.01
"(147, 2616)",2,2.01
"(88, 1775)",2,2.01
"(371, 147)",2,2.01
"(1383, 101)",2,2.01
"(88, 1651)",2,2.01
"(66, 545)",2,2.01
"(545, 98)",2,2.01
"(89, 1001)",2,2.01
"(2071, 365)",2,2.01
"(852, 127)",2,2.01
"(2480, 9)",2,2.01
"(1224, 116)",2,2.01
"(227, 104)",2,2.01
"(1147, 9)",2,2.01
"(183, 254)",2,2.01
"(228, 73)",2,2.01
"(109, 95)",2,2.01
"(397, 388)",2,2.01
"(394, 272)",2,2.01
"(88, 2305)",2,2.01
"(2610, 1530)",2,2.01
"(1530, 6)",2,2.01
"(102, 71)",2,2.01
"(71, 247)",2,2.01
"(1389, 93)",2,2.01
"(201, 440)",2,2.01
"(440, 237)",2,2.01
"(6, 127)",2,2.01
"(263, 109)",2,2.01
"(922, 2616)",2,2.01
"(270, 462)",2,2.01
"(93, 1264)",2,2.01
"(2860, 59)",2,2.01
"(1704, 93)",2,2.01
"(445, 116)",2,2.01
"(88, 926)",2,2.01
"(777, 93)",2,2.01
"(93, 2483)",2,2.01
"(147, 280)",2,2.01
"(1123, 93)",2,2.01
"(135, 1508)",2,2.01
"(333, 667)",2,2.01
"(2144, 102)",2,2.01
"(106, 1015)",2,2.01
"(63, 2196)",2,2.01
"(2106, 11)",2,2.01
"(1752, 11)",2,2.01
"(56, 593)",2,2.01
"(1922, 9)",2,2.01
"(89, 561)",2,2.01
"(431, 89)",2,2.01
"(98, 126)",2,2.01
"(142, 560)",2,2.01
"(93, 125)",2,2.01
"(10, 230)",2,2.01
"(543, 127)",2,2.01
"(685, 254)",2,2.01
"(190, 136)",2,2.01
"(2173, 89)",2,2.01
"(127, 310)",2,2.01
"(78, 106)",2,2.01
"(136, 185)",2,2.01
"(9, 526)",2,2.01
"(122, 1963)",2,2.01
"(213, 1331)",2,2.01
"(93, 2204)",2,2.01
"(9, 488)",2,2.01
"(797, 786)",2,2.01
"(1677, 142)",2,2.01
"(560, 1333)",2,2.01
"(753, 290)",2,2.01
"(241, 1535)",2,2.01
"(1204, 300)",2,2.01
"(116, 100)",2,2.01
"(91, 2423)",2,2.01
"(2423, 230)",2,2.01
"(230, 349)",2,2.01
"(219, 2066)",2,2.01
"(166, 72)",2,2.01
"(88, 841)",2,2.01
"(65, 423)",2,2.01
"(1215, 561)",2,2.01
"(2781, 11)",2,2.01
"(359, 230)",2,2.01
"(91, 490)",2,2.01
"(79, 93)",2,2.01
"(147, 1879)",2,2.01
"(141, 2915)",2,2.01
"(179, 455)",2,2.01
"(1859, 219)",2,2.01
"(204, 1537)",2,2.01
"(760, 1108)",2,2.01
"(56, 689)",2,2.01
"(197, 203)",2,2.01
"(225, 753)",2,2.01
"(89, 1068)",2,2.01
"(948, 258)",2,2.01
"(142, 383)",2,2.01
"(96, 2938)",2,2.01
"(330, 136)",2,2.01
"(333, 93)",2,2.01
"(412, 73)",2,2.01
"(237, 475)",2,2.01
"(1131, 11)",2,2.01
"(102, 1030)",2,2.01
"(172, 254)",2,2.01
"(88, 781)",2,2.01
"(194, 412)",2,2.01
"(781, 99)",2,2.01
"(348, 116)",2,2.01
"(1146, 10)",2,2.01
"(2282, 93)",2,2.01
"(1107, 2993)",2,2.01
"(93, 832)",2,2.01
"(494, 54)",2,2.01
"(57, 1554)",2,2.01
"(656, 24)",2,2.01
"(382, 555)",2,2.01
"(1642, 827)",2,2.01
"(959, 203)",2,2.01
"(856, 138)",2,2.01
"(138, 494)",2,2.01
"(1194, 89)",2,2.01
"(903, 371)",2,2.01
"(116, 1021)",2,2.01
"(188, 1037)",2,2.01
"(98, 551)",2,2.01
"(551, 118)",2,2.01
"(93, 31)",2,2.01
"(58, 191)",2,2.01
"(93, 68)",2,2.01
"(1408, 270)",2,2.01
"(2617, 155)",2,2.01
"(106, 555)",2,2.01
"(114, 147)",2,2.01
"(225, 161)",2,2.01
"(858, 54)",2,2.01
"(58, 374)",2,2.01
"(2829, 58)",2,2.01
"(93, 2829)",2,2.01
"(317, 380)",2,2.01
"(216, 389)",2,2.01
"(166, 2869)",2,2.01
"(2312, 1009)",2,2.01
"(1009, 11)",2,2.01
"(1030, 127)",2,2.01
"(9, 1535)",2,2.01
"(167, 1820)",2,2.01
"(440, 127)",2,2.01
"(256, 102)",2,2.01
"(88, 2087)",2,2.01
"(213, 538)",2,2.01
"(195, 602)",2,2.01
"(225, 437)",2,2.01
"(91, 1021)",2,2.01
"(2316, 89)",2,2.01
"(76, 72)",2,2.01
"(1880, 58)",2,2.01
"(1020, 89)",2,2.01
"(620, 2731)",2,2.01
"(97, 833)",2,2.01
"(88, 1718)",2,2.01
"(160, 59)",2,2.01
"(135, 493)",2,2.01
"(1494, 398)",2,2.01
"(2321, 11)",2,2.01
"(1092, 109)",2,2.01
"(1238, 88)",2,2.01
"(1037, 410)",2,2.01
"(1508, 9)",2,2.01
"(671, 117)",2,2.01
"(62, 335)",2,2.01
"(958, 109)",2,2.01
"(205, 1577)",2,2.01
"(382, 475)",2,2.01
"(73, 142)",2,2.01
"(1303, 1305)",2,2.01
"(93, 490)",2,2.01
"(88, 2394)",2,2.01
"(188, 187)",2,2.01
"(4, 2015)",2,2.01
"(1004, 2090)",2,2.01
"(988, 128)",2,2.01
"(746, 117)",2,2.01
"(109, 88)",2,2.01
"(602, 161)",2,2.01
"(31, 107)",2,2.01
"(66, 343)",2,2.01
"(101, 882)",2,2.01
"(926, 93)",2,2.01
"(1143, 11)",2,2.01
"(392, 1143)",2,2.01
"(851, 102)",2,2.01
"(868, 34)",2,2.01
"(2402, 11)",2,2.01
"(1262, 135)",2,2.01
"(365, 948)",2,2.01
"(281, 1183)",2,2.01
"(2082, 671)",2,2.01
"(188, 11)",2,2.01
"(54, 2632)",2,2.01
"(204, 56)",2,2.01
"(114, 2241)",2,2.01
"(420, 1861)",2,2.01
"(9, 2049)",2,2.01
"(193, 840)",2,2.01
"(225, 99)",2,2.01
"(1136, 310)",2,2.01
"(2900, 147)",2,2.01
"(1990, 350)",2,2.01
"(757, 262)",2,2.01
"(93, 708)",2,2.01
"(394, 628)",2,2.01
"(410, 102)",2,2.01
"(998, 11)",2,2.01
"(1038, 101)",2,2.01
"(314, 78)",2,2.01
"(88, 1540)",2,2.01
"(102, 711)",2,2.01
"(188, 131)",2,2.01
"(416, 102)",2,2.01
"(144, 96)",2,2.01
"(142, 1036)",2,2.01
"(1721, 109)",2,2.01
"(369, 93)",2,2.01
"(1267, 307)",2,2.01
"(177, 93)",2,2.01
"(1313, 109)",2,2.01
"(181, 166)",2,2.01
"(109, 97)",2,2.01
"(54, 205)",2,2.01
"(868, 346)",2,2.01
"(101, 114)",2,2.01
"(977, 11)",2,2.01
"(304, 160)",2,2.01
"(1198, 89)",2,2.01
"(750, 1198)",2,2.01
"(828, 750)",2,2.01
"(825, 89)",2,2.01
"(6, 10)",2,2.01
"(2398, 2999)",2,2.01
"(109, 1849)",2,2.01
"(584, 725)",2,2.01
"(149, 258)",2,2.01
"(6, 142)",2,2.01
"(241, 2975)",2,2.01
"(1960, 109)",2,2.01
"(2506, 828)",2,2.01
"(407, 219)",2,2.01
"(254, 10)",2,2.01
"(1484, 1984)",2,2.01
"(93, 208)",2,2.01
"(273, 99)",2,2.01
"(1149, 93)",2,2.01
"(54, 96)",2,2.01
"(2052, 464)",2,2.01
"(142, 1418)",2,2.01
"(459, 9)",2,2.01
"(714, 88)",2,2.01
"(1596, 142)",2,2.01
"(135, 138)",2,2.01
"(89, 485)",2,2.01
"(1382, 101)",2,2.01
"(136, 490)",2,2.01
"(102, 1198)",2,2.01
"(701, 102)",2,2.01
"(364, 34)",2,2.01
"(54, 1882)",2,2.01
"(101, 202)",2,2.01
"(583, 73)",2,2.01
"(202, 94)",2,2.01
"(94, 450)",2,2.01
"(252, 100)",2,2.01
"(98, 416)",2,2.01
"(2094, 101)",2,2.01
"(450, 326)",2,2.01
"(2282, 9)",2,2.01
"(56, 979)",2,2.01
"(4, 1936)",2,2.01
"(166, 1540)",2,2.01
"(102, 1238)",2,2.01
"(288, 136)",2,2.01
"(262, 106)",2,2.01
"(379, 2203)",2,2.01
"(2539, 350)",2,2.01
"(460, 272)",2,2.01
"(860, 101)",2,2.01
"(847, 89)",2,2.01
"(183, 55)",2,2.01
"(2188, 9)",2,2.01
"(9, 958)",2,2.01
"(2873, 101)",2,2.01
"(1438, 9)",2,2.01
"(1449, 1438)",2,2.01
"(9, 725)",2,2.01
"(147, 492)",2,2.01
"(1115, 9)",2,2.01
"(545, 101)",2,2.01
"(134, 696)",2,2.01
"(552, 163)",2,2.01
"(1938, 101)",2,2.01
"(2306, 56)",2,2.01
"(1700, 201)",2,2.01
"(294, 573)",2,2.01
"(30, 34)",2,2.01
"(165, 2969)",2,2.01
"(10, 2318)",2,2.01
"(94, 1055)",2,2.01
"(2682, 10)",2,2.01
"(517, 89)",2,2.01
"(96, 2682)",2,2.01
"(54, 1787)",2,2.01
"(102, 2036)",2,2.01
"(310, 552)",2,2.01
"(41, 1311)",2,2.01
"(28, 45)",2,2.01
"(45, 37)",2,2.01
"(37, 50)",2,2.01
"(130, 615)",2,2.01
"(686, 310)",2,2.01
"(114, 1709)",2,2.01
"(379, 127)",2,2.01
"(359, 158)",2,2.01
"(126, 857)",2,2.01
"(91, 287)",2,2.01
"(2239, 107)",2,2.01
"(57, 173)",2,2.01
"(9, 748)",2,2.01
"(772, 203)",2,2.01
"(2196, 63)",2,2.01
"(2709, 11)",2,2.01
"(147, 89)",2,2.01
"(552, 596)",2,2.01
"(1709, 149)",2,2.01
"(117, 292)",2,2.01
"(113, 117)",2,2.01
"(45, 62)",2,2.01
"(822, 102)",2,2.01
"(64, 1700)",2,2.01
"(1076, 54)",2,2.01
"(302, 1775)",2,2.01
"(1322, 102)",2,2.01
"(465, 1351)",2,2.01
"(268, 465)",2,2.01
"(109, 227)",2,2.01
"(263, 366)",2,2.01
"(54, 509)",2,2.01
"(33, 30)",2,2.01
"(110, 64)",2,2.01
"(65, 747)",2,2.01
"(182, 203)",2,2.01
"(56, 182)",2,2.01
"(30, 41)",2,2.01
"(54, 593)",2,2.01
"(67, 164)",2,2.01
"(278, 109)",2,2.01
"(2710, 2151)",2,2.01
"(44, 44)",2,2.01
"(1239, 101)",2,2.01
"(491, 56)",2,2.01
"(238, 927)",2,2.01
"(2269, 134)",2,2.01
"(2150, 1640)",2,2.01
"(1311, 44)",2,2.01
"(911, 11)",2,2.01
"(1640, 96)",2,2.01
"(1318, 9)",2,2.01
"(78, 34)",2,2.01
"(188, 1266)",2,2.01
"(88, 2001)",2,2.01
"(2024, 34)",2,2.01
"(470, 117)",2,2.01
"(117, 347)",2,2.01
"(104, 573)",2,2.01
"(573, 1106)",2,2.01
"(1349, 288)",2,2.01
"(1274, 93)",2,2.01
"(211, 270)",2,2.01
"(326, 573)",2,2.01
"(342, 211)",2,2.01
"(1773, 93)",2,2.01
"(93, 2201)",2,2.01
"(397, 155)",2,2.01
"(2390, 101)",2,2.01
"(149, 69)",2,2.01
"(69, 135)",2,2.01
"(696, 88)",2,2.01
"(1377, 191)",2,2.01
"(60, 703)",2,2.01
"(94, 326)",2,2.01
"(281, 353)",2,2.01
"(617, 94)",2,2.01
"(126, 571)",2,2.01
"(93, 670)",2,2.01
"(309, 127)",2,2.01
"(1360, 349)",2,2.01
"(91, 1790)",2,2.01
"(251, 2178)",2,2.01
"(25, 297)",2,2.01
"(127, 755)",2,2.01
"(1790, 349)",2,2.01
"(302, 2028)",2,2.01
"(474, 179)",2,2.01
"(1290, 101)",2,2.01
"(179, 229)",2,2.01
"(54, 1232)",2,2.01
"(437, 93)",2,2.01
"(1057, 102)",2,2.01
"(1839, 9)",2,2.01
"(1119, 11)",2,2.01
"(1800, 502)",2,2.01
"(2160, 113)",2,2.01
"(188, 1057)",2,2.01
"(1744, 2160)",2,2.01
"(2863, 9)",2,2.01
"(220, 188)",2,2.01
"(841, 109)",2,2.01
"(2012, 25)",2,2.01
"(109, 1744)",2,2.01
"(218, 529)",2,2.01
"(176, 6)",2,2.01
"(249, 130)",2,2.01
"(135, 412)",2,2.01
"(123, 483)",2,2.01
"(1232, 410)",2,2.01
"(93, 1617)",2,2.01
"(55, 800)",2,2.01
"(2202, 102)",2,2.01
"(134, 218)",2,2.01
"(483, 1745)",2,2.01
"(108, 211)",2,2.01
"(795, 147)",2,2.01
"(54, 1336)",2,2.01
"(2808, 90)",2,2.01
"(1122, 2808)",2,2.01
"(54, 2046)",2,2.01
"(101, 2474)",2,2.01
"(2474, 749)",2,2.01
"(65, 822)",2,2.01
"(142, 2291)",2,2.01
"(219, 281)",2,2.01
"(113, 108)",2,2.01
"(2673, 440)",2,2.01
"(9, 2371)",2,2.01
"(187, 172)",2,2.01
"(4, 134)",2,2.01
"(117, 1167)",2,2.01
"(434, 2379)",2,2.01
"(88, 1848)",2,2.01
"(78, 270)",2,2.01
"(480, 93)",2,2.01
"(2985, 102)",2,2.01
"(238, 1980)",2,2.01
"(839, 98)",2,2.01
"(2317, 93)",2,2.01
"(2087, 474)",2,2.01
"(136, 1535)",2,2.01
"(339, 197)",2,2.01
"(1288, 909)",2,2.01
"(460, 1196)",2,2.01
"(97, 685)",2,2.01
"(685, 271)",2,2.01
"(857, 129)",2,2.01
"(2604, 6)",2,2.01
"(48, 34)",2,2.01
"(665, 72)",2,2.01
"(136, 1395)",2,2.01
"(134, 1303)",2,2.01
"(247, 1256)",2,2.01
"(135, 1108)",2,2.01
"(2563, 237)",2,2.01
"(105, 949)",2,2.01
"(237, 91)",2,2.01
"(10, 395)",2,2.01
"(220, 25)",2,2.01
"(409, 89)",2,2.01
"(1766, 93)",2,2.01
"(2088, 1661)",2,2.01
"(193, 483)",2,2.01
"(89, 111)",2,2.01
"(28, 36)",2,2.01
"(142, 178)",2,2.01
"(34, 96)",2,2.01
"(1198, 11)",2,2.01
"(29, 30)",2,2.01
"(1475, 9)",2,2.01
"(2654, 11)",2,2.01
"(1745, 88)",2,2.01
"(4, 606)",2,2.01
"(925, 340)",2,2.01
"(433, 34)",2,2.01
"(154, 101)",2,2.01
"(46, 44)",2,2.01
"(105, 113)",2,2.01
"(2121, 247)",2,2.01
"(1232, 133)",2,2.01
"(10, 91)",2,2.01
"(1163, 88)",2,2.01
"(9, 73)",2,2.01
"(4, 1542)",2,2.01
"(1390, 2005)",2,2.01
"(171, 310)",2,2.01
"(346, 97)",2,2.01
"(111, 974)",2,2.01
"(415, 319)",2,2.01
"(210, 1318)",2,2.01
"(312, 98)",2,2.01
"(1106, 437)",2,2.01
"(77, 9)",2,2.01
"(132, 383)",2,2.01
"(232, 468)",2,2.01
"(2726, 1256)",2,2.01
"(98, 4)",2,2.01
"(483, 2582)",2,2.01
"(582, 270)",2,2.01
"(54, 494)",2,2.01
"(344, 219)",2,2.01
"(94, 73)",2,2.01
"(442, 245)",2,2.01
"(98, 44)",2,2.01
"(280, 1804)",2,2.01
"(44, 1601)",2,2.01
"(164, 73)",2,2.01
"(274, 136)",2,2.01
"(31, 274)",2,2.01
"(54, 200)",2,2.01
"(599, 54)",2,2.01
"(1307, 11)",2,2.01
"(1601, 31)",2,2.01
"(137, 94)",2,2.01
"(30, 60)",2,2.01
"(388, 237)",2,2.01
"(359, 69)",2,2.01
"(60, 660)",2,2.01
"(45, 34)",2,2.01
"(40, 129)",2,2.01
"(2668, 29)",2,2.01
"(187, 550)",2,2.01
"(65, 2350)",2,2.01
"(88, 1676)",2,2.01
"(25, 1411)",2,2.01
"(88, 1591)",2,2.01
"(440, 101)",2,2.01
"(201, 2112)",2,2.01
"(46, 2294)",2,2.01
"(860, 127)",2,2.01
"(214, 302)",2,2.01
"(348, 97)",2,2.01
"(255, 142)",2,2.01
"(3, 860)",2,2.01
"(9, 1011)",2,2.01
"(61, 335)",2,2.01
"(2479, 555)",2,2.01
"(306, 979)",2,2.01
"(230, 306)",2,2.01
"(69, 230)",2,2.01
"(34, 48)",2,2.01
"(183, 88)",2,2.01
"(128, 1030)",2,2.01
"(29, 48)",2,2.01
"(1571, 171)",2,2.01
"(94, 48)",2,2.01
"(114, 219)",2,2.01
"(153, 333)",2,2.01
"(402, 10)",2,2.01
"(271, 1139)",2,2.01
"(1139, 24)",2,2.01
"(103, 1136)",2,2.01
"(483, 54)",2,2.01
"(754, 72)",2,2.01
"(101, 293)",2,2.01
"(240, 1571)",2,2.01
"(347, 565)",2,2.01
"(364, 127)",2,2.01
"(44, 259)",2,2.01
"(962, 161)",2,2.01
"(161, 99)",2,2.01
"(194, 99)",2,2.01
"(1525, 142)",2,2.01
"(165, 57)",2,2.01
"(57, 978)",2,2.01
"(860, 402)",2,2.01
"(88, 193)",2,2.01
"(758, 224)",2,2.01
"(462, 24)",2,2.01
"(97, 1791)",2,2.01
"(106, 483)",2,2.01
"(34, 1132)",2,2.01
"(668, 97)",2,2.01
"(4, 27)",2,2.01
"(155, 1430)",2,2.01
"(202, 101)",2,2.01
"(812, 72)",2,2.01
"(3, 223)",2,2.01
"(63, 92)",2,2.01
"(272, 1590)",2,2.01
"(92, 150)",2,2.01
"(626, 11)",2,2.01
"(134, 440)",2,2.01
"(104, 90)",2,2.01
"(1716, 874)",2,2.01
"(90, 2136)",2,2.01
"(1234, 2579)",2,2.01
"(9, 376)",2,2.01
"(2184, 11)",2,2.01
"(1309, 142)",2,2.01
"(1926, 106)",2,2.01
"(11, 995)",2,2.01
"(4, 219)",2,2.01
"(48, 2668)",2,2.01
"(9, 30)",2,2.01
"(177, 54)",2,2.01
"(622, 363)",2,2.01
"(346, 25)",2,2.01
"(2091, 197)",2,2.01
"(1211, 147)",2,2.01
"(96, 560)",2,2.01
"(1331, 271)",2,2.01
"(45, 1601)",2,2.01
"(47, 1311)",2,2.01
"(507, 129)",2,2.01
"(103, 2824)",2,2.01
"(319, 10)",2,2.01
"(502, 641)",2,2.01
"(69, 1376)",2,2.01
"(374, 200)",2,2.01
"(90, 374)",2,2.01
"(2830, 977)",2,2.01
"(736, 11)",2,2.01
"(971, 450)",2,2.01
"(412, 95)",2,2.01
"(143, 229)",2,2.01
"(454, 93)",2,2.01
"(89, 234)",2,2.01
"(93, 1644)",2,2.01
"(142, 65)",2,2.01
"(102, 170)",2,2.01
"(1361, 302)",2,2.01
"(441, 134)",2,2.01
"(409, 495)",2,2.01
"(2300, 1495)",2,2.01
"(708, 147)",2,2.01
"(509, 577)",2,2.01
"(1493, 1256)",2,2.01
"(1096, 508)",2,2.01
"(93, 1163)",2,2.01
"(509, 34)",2,2.01
"(1678, 33)",2,2.01
"(4, 35)",2,2.01
"(123, 54)",2,2.01
"(155, 119)",2,2.01
"(64, 102)",2,2.01
"(118, 130)",2,2.01
"(133, 94)",2,2.01
"(188, 249)",2,2.01
"(334, 103)",2,2.01
"(102, 334)",2,2.01
"(304, 2228)",2,2.01
"(10, 1149)",2,2.01
"(101, 1073)",2,2.01
"(91, 2404)",2,2.01
"(187, 89)",2,2.01
"(302, 359)",2,2.01
"(191, 89)",2,2.01
"(605, 147)",2,2.01
"(1989, 7)",2,2.01
"(165, 240)",2,2.01
"(88, 347)",2,2.01
"(75, 379)",2,2.01
"(1735, 1601)",2,2.01
"(174, 66)",2,2.01
"(673, 75)",2,2.01
"(598, 132)",2,2.01
"(96, 919)",2,2.01
"(91, 500)",2,2.01
"(270, 44)",2,2.01
"(1000, 271)",2,2.01
"(60, 102)",2,2.01
"(137, 2493)",2,2.01
"(175, 137)",2,2.01
"(135, 283)",2,2.01
"(88, 2916)",2,2.01
"(129, 834)",2,2.01
"(101, 345)",2,2.01
"(410, 88)",2,2.01
"(74, 410)",2,2.01
"(55, 187)",2,2.01
"(199, 88)",2,2.01
"(347, 1150)",2,2.01
"(1192, 109)",2,2.01
"(117, 748)",2,2.01
"(317, 1721)",2,2.01
"(2539, 9)",2,2.01
"(69, 247)",2,2.01
"(106, 106)",2,2.01
"(229, 73)",2,2.01
"(54, 663)",2,2.01
"(139, 65)",2,2.01
"(65, 6)",2,2.01
"(898, 72)",2,2.01
"(9, 1146)",2,2.01
"(1185, 2917)",2,2.01
"(88, 149)",2,2.01
"(302, 280)",2,2.01
"(88, 1468)",2,2.01
"(963, 67)",2,2.01
"(383, 88)",2,2.01
"(88, 295)",2,2.01
"(54, 383)",2,2.01
"(910, 2492)",2,2.01
"(95, 289)",2,2.01
"(131, 147)",2,2.01
"(120, 62)",2,2.01
"(69, 1559)",2,2.01
"(975, 830)",2,2.01
"(1452, 3)",2,2.01
"(10, 1073)",2,2.01
"(297, 385)",2,2.01
"(3, 30)",2,2.01
"(193, 132)",2,2.01
"(102, 9)",2,2.01
"(486, 284)",2,2.01
"(284, 229)",2,2.01
"(229, 95)",2,2.01
"(353, 712)",2,2.01
"(158, 147)",2,2.01
"(136, 1212)",2,2.01
"(117, 2899)",2,2.01
"(156, 9)",2,2.01
"(254, 555)",2,2.01
"(1212, 96)",2,2.01
"(72, 151)",2,2.01
"(257, 6)",2,2.01
"(795, 9)",2,2.01
"(470, 96)",2,2.01
"(150, 504)",2,2.01
"(1096, 197)",2,2.01
"(103, 347)",2,2.01
"(97, 1695)",2,2.01
"(380, 54)",2,2.01
"(1131, 2086)",2,2.01
"(130, 1198)",2,2.01
"(33, 456)",2,2.01
"(72, 431)",2,2.01
"(2156, 144)",2,2.01
"(338, 795)",2,2.01
"(207, 312)",2,2.01
"(62, 2329)",2,2.01
"(430, 1158)",2,2.01
"(515, 62)",2,2.01
"(10, 207)",2,2.01
"(62, 518)",2,2.01
"(109, 653)",2,2.01
"(107, 427)",2,2.01
"(400, 107)",2,2.01
"(9, 310)",2,2.01
"(233, 290)",2,2.01
"(183, 147)",2,2.01
"(1065, 1196)",2,2.01
"(28, 400)",2,2.01
"(93, 710)",2,2.01
"(847, 650)",2,2.01
"(54, 28)",2,2.01
"(100, 680)",2,2.01
"(989, 100)",2,2.01
"(710, 2417)",2,2.01
"(1592, 72)",2,2.01
"(66, 163)",2,2.01
"(34, 147)",2,2.01
"(188, 2005)",2,2.01
"(462, 136)",2,2.01
"(326, 1559)",2,2.01
"(72, 584)",2,2.01
"(144, 518)",2,2.01
"(95, 434)",2,2.01
"(369, 381)",2,2.01
"(2733, 99)",2,2.01
"(139, 574)",2,2.01
"(25, 44)",2,2.01
"(142, 25)",2,2.01
"(88, 216)",2,2.01
"(206, 113)",2,2.01
"(306, 106)",2,2.01
"(347, 1750)",2,2.01
"(136, 87)",2,2.01
"(399, 1084)",2,2.01
"(246, 129)",2,2.01
"(45, 130)",2,2.01
"(94, 926)",2,2.01
"(204, 2546)",2,2.01
"(171, 136)",2,2.01
"(2060, 258)",2,2.01
"(772, 218)",2,2.01
"(88, 2781)",2,2.01
"(69, 139)",2,2.01
"(771, 72)",2,2.01
"(72, 267)",2,2.01
"(96, 47)",2,2.01
"(379, 129)",2,2.01
"(170, 2317)",2,2.01
"(2169, 101)",2,2.01
"(446, 134)",2,2.01
"(2941, 1583)",2,2.01
"(73, 964)",2,2.01
"(54, 959)",2,2.01
"(270, 1109)",2,2.01
"(261, 2330)",2,2.01
"(2788, 9)",2,2.01
"(88, 1546)",2,2.01
"(54, 2857)",2,2.01
"(57, 290)",2,2.01
"(572, 54)",2,2.01
"(98, 646)",2,2.01
"(761, 9)",2,2.01
"(91, 326)",2,2.01
"(2747, 62)",2,2.01
"(62, 104)",2,2.01
"(231, 210)",2,2.01
"(339, 241)",2,2.01
"(1200, 109)",2,2.01
"(475, 24)",2,2.01
"(446, 97)",2,2.01
"(252, 394)",2,2.01
"(88, 1932)",2,2.01
"(1231, 106)",2,2.01
"(59, 655)",2,2.01
"(141, 1231)",2,2.01
"(128, 1790)",2,2.01
"(237, 2024)",2,2.01
"(2136, 1151)",2,2.01
"(409, 446)",2,2.01
"(529, 542)",2,2.01
"(106, 135)",2,2.01
"(10, 1142)",2,2.01
"(721, 458)",2,2.01
"(58, 721)",2,2.01
"(449, 219)",2,2.01
"(191, 1212)",2,2.01
"(1212, 155)",2,2.01
"(155, 90)",2,2.01
"(461, 9)",2,2.01
"(1585, 56)",2,2.01
"(163, 127)",2,2.01
"(14, 15)",2,2.01
"(1898, 10)",2,2.01
"(104, 134)",2,2.01
"(1256, 147)",2,2.01
"(97, 385)",2,2.01
"(454, 2060)",2,2.01
"(2060, 11)",2,2.01
"(33, 45)",2,2.01
"(2784, 421)",2,2.01
"(1931, 9)",2,2.01
"(101, 644)",2,2.01
"(102, 703)",2,2.01
"(10, 989)",2,2.01
"(429, 102)",2,2.01
"(385, 11)",2,2.01
"(141, 1152)",2,2.01
"(87, 454)",2,2.01
"(240, 376)",2,2.01
"(72, 2565)",2,2.01
"(143, 742)",2,2.01
"(1737, 270)",2,2.01
"(528, 135)",2,2.01
"(695, 1645)",2,2.01
"(239, 101)",2,2.01
"(188, 1814)",2,2.01
"(104, 642)",2,2.01
"(1814, 136)",2,2.01
"(139, 78)",2,2.01
"(2203, 94)",2,2.01
"(712, 254)",2,2.01
"(1095, 9)",2,2.01
"(152, 69)",2,2.01
"(747, 9)",2,2.01
"(148, 134)",2,2.01
"(107, 550)",2,2.01
"(54, 758)",2,2.01
"(297, 442)",2,2.01
"(333, 421)",2,2.01
"(166, 169)",2,2.01
"(130, 1845)",2,2.01
"(1036, 11)",2,2.01
"(2291, 468)",2,2.01
"(344, 94)",2,2.01
"(160, 209)",2,2.01
"(59, 130)",2,2.01
"(2012, 281)",2,2.01
"(9, 711)",2,2.01
"(102, 2897)",2,2.01
"(431, 11)",2,2.01
"(226, 431)",2,2.01
"(1423, 117)",2,2.01
"(270, 2476)",2,2.01
"(24, 219)",2,2.01
"(105, 506)",2,2.01
"(744, 172)",2,2.01
"(1854, 290)",2,2.01
"(89, 47)",2,2.01
"(543, 147)",2,2.01
"(2749, 2060)",2,2.01
"(54, 286)",2,2.01
"(1273, 9)",2,2.01
"(188, 1385)",2,2.01
"(450, 103)",2,2.01
"(136, 355)",2,2.01
"(10, 99)",2,2.01
"(172, 142)",2,2.01
"(56, 573)",2,2.01
"(2081, 1085)",2,2.01
"(193, 107)",2,2.01
"(62, 172)",2,2.01
"(90, 1753)",2,2.01
"(419, 65)",2,2.01
"(330, 117)",2,2.01
"(1422, 475)",2,2.01
"(519, 9)",2,2.01
"(383, 1090)",2,2.01
"(403, 150)",2,2.01
"(62, 573)",2,2.01
"(300, 2137)",2,2.01
"(352, 11)",2,2.01
"(102, 264)",2,2.01
"(926, 154)",2,2.01
"(740, 102)",2,2.01
"(102, 2723)",2,2.01
"(134, 161)",2,2.01
"(241, 1151)",2,2.01
"(2270, 9)",2,2.01
"(621, 258)",2,2.01
"(345, 91)",2,2.01
"(97, 345)",2,2.01
"(1751, 102)",2,2.01
"(114, 229)",2,2.01
"(229, 2919)",2,2.01
"(2919, 99)",2,2.01
"(1142, 11)",2,2.01
"(89, 1380)",2,2.01
"(4, 1313)",2,2.01
"(102, 89)",2,2.01
"(1302, 102)",2,2.01
"(218, 1038)",2,2.01
"(2699, 740)",2,2.01
"(303, 636)",2,2.01
"(1240, 54)",2,2.01
"(93, 525)",2,2.01
"(263, 446)",2,2.01
"(88, 1142)",2,2.01
"(11, 1485)",2,2.01
"(655, 88)",2,2.01
"(88, 1584)",2,2.01
"(257, 507)",2,2.01
"(865, 302)",2,2.01
"(1303, 109)",2,2.01
"(330, 142)",2,2.01
"(9, 1305)",2,2.01
"(78, 109)",2,2.01
"(760, 11)",2,2.01
"(54, 345)",2,2.01
"(193, 240)",2,2.01
"(288, 6)",2,2.01
"(4, 2641)",2,2.01
"(2723, 302)",2,2.01
"(2641, 1302)",2,2.01
"(460, 147)",2,2.01
"(78, 188)",2,2.01
"(113, 421)",2,2.01
"(97, 563)",2,2.01
"(901, 102)",2,2.01
"(69, 215)",2,2.01
"(104, 1491)",2,2.01
"(132, 96)",2,2.01
"(2838, 147)",2,2.01
"(10, 2072)",2,2.01
"(603, 9)",2,2.01
"(241, 1047)",2,2.01
"(2032, 1018)",2,2.01
"(33, 1311)",2,2.01
"(1311, 40)",2,2.01
"(869, 89)",2,2.01
"(102, 63)",2,2.01
"(128, 1038)",2,2.01
"(129, 1036)",2,2.01
"(323, 109)",2,2.01
"(119, 1427)",2,2.01
"(222, 62)",2,2.01
"(127, 136)",2,2.01
"(1101, 127)",2,2.01
"(153, 1020)",2,2.01
"(129, 371)",2,2.01
"(160, 840)",2,2.01
"(2621, 129)",2,2.01
"(1418, 89)",2,2.01
"(188, 315)",2,2.01
"(218, 1132)",2,2.01
"(1460, 134)",2,2.01
"(104, 2717)",2,2.01
"(2340, 577)",2,2.01
"(89, 1871)",2,2.01
"(188, 367)",2,2.01
"(508, 636)",2,2.01
"(409, 1458)",2,2.01
"(234, 89)",2,2.01
"(105, 245)",2,2.01
"(268, 90)",2,2.01
"(266, 109)",2,2.01
"(530, 150)",2,2.01
"(1152, 93)",2,2.01
"(105, 558)",2,2.01
"(252, 266)",2,2.01
"(438, 10)",2,2.01
"(615, 93)",2,2.01
"(1302, 350)",2,2.01
"(932, 109)",2,2.01
"(227, 93)",2,2.01
"(1571, 109)",2,2.01
"(114, 422)",2,2.01
"(102, 56)",2,2.01
"(89, 2404)",2,2.01
"(2404, 101)",2,2.01
"(4, 1185)",2,2.01
"(1155, 1970)",2,2.01
"(1311, 30)",2,2.01
"(104, 109)",2,2.01
"(1659, 142)",2,2.01
"(1272, 102)",2,2.01
"(2214, 431)",2,2.01
"(4, 2941)",2,2.01
"(142, 2391)",2,2.01
"(126, 1434)",2,2.01
"(603, 284)",2,2.01
"(754, 101)",2,2.01
"(409, 415)",2,2.01
"(188, 2197)",2,2.01
"(11, 1642)",2,2.01
"(268, 773)",2,2.01
"(61, 2698)",2,2.01
"(972, 150)",2,2.01
"(949, 302)",2,2.01
"(589, 142)",2,2.01
"(135, 1221)",2,2.01
"(2698, 58)",2,2.01
"(310, 24)",2,2.01
"(1498, 272)",2,2.01
"(188, 2052)",2,2.01
"(117, 444)",2,2.01
"(72, 292)",2,2.01
"(100, 10)",2,2.01
"(130, 55)",2,2.01
"(55, 89)",2,2.01
"(109, 267)",2,2.01
"(1227, 88)",2,2.01
"(871, 89)",2,2.01
"(117, 1505)",2,2.01
"(102, 2054)",2,2.01
"(1320, 470)",2,2.01
"(102, 171)",2,2.01
"(307, 350)",2,2.01
"(135, 61)",2,2.01
"(46, 363)",2,2.01
"(363, 107)",2,2.01
"(11, 1682)",2,2.01
"(216, 106)",2,2.01
"(71, 102)",2,2.01
"(93, 4)",2,2.01
"(94, 197)",2,2.01
"(832, 101)",2,2.01
"(1341, 310)",2,2.01
"(73, 253)",2,2.01
"(342, 9)",2,2.01
"(379, 93)",2,2.01
"(793, 34)",2,2.01
"(54, 1946)",2,2.01
"(2774, 381)",2,2.01
"(1211, 89)",2,2.01
"(160, 832)",2,2.01
"(54, 111)",2,2.01
"(89, 71)",2,2.01
"(2518, 9)",2,2.01
"(1356, 147)",2,2.01
"(577, 128)",2,2.01
"(248, 211)",2,2.01
"(78, 218)",2,2.01
"(1920, 9)",2,2.01
"(132, 109)",2,2.01
"(34, 2627)",2,2.01
"(747, 88)",2,2.01
"(428, 107)",2,2.01
"(103, 399)",2,2.01
"(252, 623)",2,2.01
"(135, 2235)",2,2.01
"(100, 258)",2,2.01
"(268, 282)",2,2.01
"(1660, 78)",2,2.01
"(677, 1660)",2,2.01
"(93, 677)",2,2.01
"(54, 218)",2,2.01
"(1279, 9)",2,2.01
"(1300, 109)",2,2.01
"(144, 1805)",2,2.01
"(518, 200)",2,2.01
"(1806, 9)",2,2.01
"(1548, 11)",2,2.01
"(259, 480)",2,2.01
"(280, 118)",2,2.01
"(1117, 118)",2,2.01
"(88, 1120)",2,2.01
"(102, 25)",2,2.01
"(288, 442)",2,2.01
"(9, 1360)",2,2.01
"(9, 69)",2,2.01
"(135, 2249)",2,2.01
"(138, 346)",2,2.01
"(93, 1023)",2,2.01
"(1906, 267)",2,2.01
"(34, 1906)",2,2.01
"(2158, 101)",2,2.01
"(213, 1303)",2,2.01
"(251, 410)",2,2.01
"(377, 2158)",2,2.01
"(130, 270)",2,2.01
"(127, 252)",2,2.01
"(662, 291)",2,2.01
"(740, 11)",2,2.01
"(602, 310)",2,2.01
"(1456, 100)",2,2.01
"(353, 344)",2,2.01
"(90, 1456)",2,2.01
"(252, 353)",2,2.01
"(193, 73)",2,2.01
"(108, 203)",2,2.01
"(1533, 522)",2,2.01
"(10, 365)",2,2.01
"(38, 26)",2,2.01
"(837, 340)",2,2.01
"(1281, 11)",2,2.01
"(9, 925)",2,2.01
"(9, 371)",2,2.01
"(90, 229)",2,2.01
"(634, 1741)",2,2.01
"(32, 43)",2,2.01
"(793, 99)",2,2.01
"(1716, 2565)",2,2.01
"(379, 113)",2,2.01
"(945, 134)",2,2.01
"(1673, 93)",2,2.01
"(129, 90)",2,2.01
"(214, 307)",2,2.01
"(264, 305)",2,2.01
"(211, 93)",2,2.01
"(740, 359)",2,2.01
"(28, 2294)",2,2.01
"(371, 271)",2,2.01
"(2725, 2338)",2,2.01
"(9, 303)",2,2.01
"(272, 89)",2,2.01
"(237, 225)",2,2.01
"(10, 261)",2,2.01
"(1385, 191)",2,2.01
"(252, 1082)",2,2.01
"(97, 295)",2,2.01
"(141, 144)",2,2.01
"(1280, 117)",2,2.01
"(365, 95)",2,2.01
"(272, 127)",2,2.01
"(54, 2286)",2,2.01
"(1745, 188)",2,2.01
"(58, 1129)",2,2.01
"(179, 58)",2,2.01
"(188, 61)",2,2.01
"(9, 985)",2,2.01
"(825, 630)",2,2.01
"(161, 313)",2,2.01
"(1522, 109)",2,2.01
"(382, 102)",2,2.01
"(2913, 270)",2,2.01
"(1405, 1137)",2,2.01
"(423, 11)",2,2.01
"(93, 1522)",2,2.01
"(54, 2468)",2,2.01
"(1460, 11)",2,2.01
"(141, 837)",2,2.01
"(1253, 9)",2,2.01
"(374, 398)",2,2.01
"(142, 96)",2,2.01
"(2173, 11)",2,2.01
"(421, 1109)",2,2.01
"(130, 93)",2,2.01
"(406, 89)",2,2.01
"(117, 270)",2,2.01
"(654, 421)",2,2.01
"(239, 462)",2,2.01
"(509, 2733)",2,2.01
"(97, 457)",2,2.01
"(1178, 768)",2,2.01
"(450, 1228)",2,2.01
"(982, 89)",2,2.01
"(54, 2391)",2,2.01
"(2955, 11)",2,2.01
"(877, 1309)",2,2.01
"(964, 11)",2,2.01
"(462, 715)",2,2.01
"(88, 345)",2,2.01
"(1104, 109)",2,2.01
"(310, 97)",2,2.01
"(73, 339)",2,2.01
"(383, 1858)",2,2.01
"(339, 995)",2,2.01
"(1037, 154)",2,2.01
"(96, 214)",2,2.01
"(158, 2492)",2,2.01
"(2233, 11)",2,2.01
"(1833, 74)",2,2.01
"(310, 555)",2,2.01
"(239, 310)",2,2.01
"(167, 270)",2,2.01
"(195, 158)",2,2.01
"(188, 195)",2,2.01
"(54, 2369)",2,2.01
"(2136, 1554)",2,2.01
"(2134, 9)",2,2.01
"(97, 1849)",2,2.01
"(102, 672)",2,2.01
"(26, 91)",2,2.01
"(114, 2533)",2,2.01
"(2783, 93)",2,2.01
"(825, 102)",2,2.01
"(44, 352)",2,2.01
"(352, 130)",2,2.01
"(672, 447)",2,2.01
"(240, 1815)",2,2.01
"(88, 2333)",2,2.01
"(112, 201)",2,2.01
"(933, 224)",2,2.01
"(97, 280)",2,2.01
"(1742, 2422)",2,2.01
"(89, 440)",2,2.01
"(177, 772)",2,2.01
"(314, 255)",2,2.01
"(963, 314)",2,2.01
"(127, 942)",2,2.01
"(181, 717)",2,2.01
"(348, 127)",2,2.01
"(1567, 290)",2,2.01
"(117, 2450)",2,2.01
"(118, 591)",2,2.01
"(91, 360)",2,2.01
"(2292, 144)",2,2.01
"(343, 62)",2,2.01
"(58, 138)",2,2.01
"(360, 142)",2,2.01
"(1415, 2296)",2,2.01
"(2211, 9)",2,2.01
"(2286, 117)",2,2.01
"(339, 2141)",2,2.01
"(310, 106)",2,2.01
"(31, 765)",2,2.01
"(89, 142)",2,2.01
"(596, 302)",2,2.01
"(765, 131)",2,2.01
"(94, 104)",2,2.01
"(57, 93)",2,2.01
"(4, 43)",2,2.01
"(1990, 271)",2,2.01
"(9, 671)",2,2.01
"(687, 9)",2,2.01
"(102, 518)",2,2.01
"(114, 1429)",2,2.01
"(88, 749)",2,2.01
"(1773, 740)",2,2.01
"(134, 555)",2,2.01
"(74, 59)",2,2.01
"(1016, 147)",2,2.01
"(164, 9)",2,2.01
"(228, 1773)",2,2.01
"(113, 155)",2,2.01
"(232, 1978)",2,2.01
"(45, 4)",2,2.01
"(93, 1334)",2,2.01
"(179, 88)",2,2.01
"(187, 2945)",2,2.01
"(300, 1341)",2,2.01
"(109, 379)",2,2.01
"(151, 74)",2,2.01
"(74, 2410)",2,2.01
"(290, 214)",2,2.01
"(499, 11)",2,2.01
"(470, 93)",2,2.01
"(69, 89)",2,2.01
"(193, 1091)",2,2.01
"(1269, 9)",2,2.01
"(150, 1269)",2,2.01
"(117, 1409)",2,2.01
"(105, 220)",2,2.01
"(1574, 150)",2,2.01
"(1551, 239)",2,2.01
"(44, 30)",2,2.01
"(4, 1574)",2,2.01
"(3, 1165)",2,2.01
"(191, 280)",2,2.01
"(68, 1551)",2,2.01
"(54, 2968)",2,2.01
"(1091, 97)",2,2.01
"(251, 941)",2,2.01
"(701, 93)",2,2.01
"(996, 279)",2,2.01
"(44, 253)",2,2.01
"(1180, 34)",2,2.01
"(201, 376)",2,2.01
"(1647, 1835)",2,2.01
"(90, 67)",2,2.01
"(67, 162)",2,2.01
"(659, 101)",2,2.01
"(188, 607)",2,2.01
"(676, 2809)",2,2.01
"(1994, 404)",2,2.01
"(71, 1778)",2,2.01
"(97, 1660)",2,2.01
"(341, 100)",2,2.01
"(101, 195)",2,2.01
"(9, 1196)",2,2.01
"(1575, 32)",2,2.01
"(421, 1035)",2,2.01
"(1298, 102)",2,2.01
"(88, 847)",2,2.01
"(343, 209)",2,2.01
"(95, 206)",2,2.01
"(1268, 10)",2,2.01
"(450, 58)",2,2.01
"(722, 345)",2,2.01
"(731, 71)",2,2.01
"(102, 1079)",2,2.01
"(403, 343)",2,2.01
"(91, 403)",2,2.01
"(90, 139)",2,2.01
"(2874, 102)",2,2.01
"(290, 90)",2,2.01
"(57, 1268)",2,2.01
"(67, 2408)",2,2.01
"(142, 489)",2,2.01
"(2030, 102)",2,2.01
"(200, 270)",2,2.01
"(376, 2716)",2,2.01
"(2470, 166)",2,2.01
"(102, 11)",2,2.01
"(68, 428)",2,2.01
"(119, 78)",2,2.01
"(91, 724)",2,2.01
"(382, 710)",2,2.01
"(272, 1290)",2,2.01
"(1132, 272)",2,2.01
"(181, 1672)",2,2.01
"(772, 102)",2,2.01
"(88, 636)",2,2.01
"(407, 270)",2,2.01
"(181, 851)",2,2.01
"(54, 480)",2,2.01
"(9, 222)",2,2.01
"(2964, 10)",2,2.01
"(54, 2964)",2,2.01
"(222, 247)",2,2.01
"(247, 1365)",2,2.01
"(129, 24)",2,2.01
"(102, 458)",2,2.01
"(218, 1349)",2,2.01
"(363, 151)",2,2.01
"(72, 114)",2,2.01
"(513, 78)",2,2.01
"(738, 101)",2,2.01
"(145, 90)",2,2.01
"(78, 145)",2,2.01
"(88, 48)",2,2.01
"(88, 943)",2,2.01
"(134, 516)",2,2.01
"(101, 1489)",2,2.01
"(1200, 101)",2,2.01
"(444, 1297)",2,2.01
"(73, 126)",2,2.01
"(126, 109)",2,2.01
"(135, 2563)",2,2.01
"(273, 78)",2,2.01
"(2711, 119)",2,2.01
"(921, 98)",2,2.01
"(112, 96)",2,2.01
"(96, 507)",2,2.01
"(273, 173)",2,2.01
"(205, 273)",2,2.01
"(151, 306)",2,2.01
"(281, 1533)",2,2.01
"(99, 94)",2,2.01
"(90, 161)",2,2.01
"(588, 203)",2,2.01
"(10, 89)",2,2.01
"(918, 1923)",2,2.01
"(2861, 9)",2,2.01
"(106, 724)",2,2.01
"(195, 314)",2,2.01
"(1154, 1618)",2,2.01
"(2564, 11)",2,2.01
"(93, 473)",2,2.01
"(941, 9)",2,2.01
"(941, 258)",2,2.01
"(10, 2379)",2,2.01
"(622, 113)",2,2.01
"(1444, 1210)",2,2.01
"(668, 1101)",2,2.01
"(240, 1193)",2,2.01
"(1882, 69)",2,2.01
"(117, 2789)",2,2.01
"(514, 583)",2,2.01
"(198, 72)",2,2.01
"(583, 470)",2,2.01
"(191, 715)",2,2.01
"(135, 1550)",2,2.01
"(747, 109)",2,2.01
"(98, 241)",2,2.01
"(10, 1154)",2,2.01
"(1334, 9)",2,2.01
"(1300, 9)",2,2.01
"(1444, 819)",2,2.01
"(116, 1172)",2,2.01
"(592, 103)",2,2.01
"(223, 708)",2,2.01
"(93, 2353)",2,2.01
"(409, 988)",2,2.01
"(451, 1252)",2,2.01
"(111, 270)",2,2.01
"(306, 111)",2,2.01
"(9, 2468)",2,2.01
"(1358, 147)",2,2.01
"(753, 109)",2,2.01
"(57, 559)",2,2.01
"(892, 2455)",2,2.01
"(230, 94)",2,2.01
"(2455, 98)",2,2.01
"(1017, 310)",2,2.01
"(409, 483)",2,2.01
"(383, 2064)",2,2.01
"(339, 1696)",2,2.01
"(1696, 89)",2,2.01
"(93, 1193)",2,2.01
"(88, 732)",2,2.01
"(157, 103)",2,2.01
"(444, 104)",2,2.01
"(245, 197)",2,2.01
"(93, 1981)",2,2.01
"(2395, 59)",2,2.01
"(1664, 1692)",2,2.01
"(4, 608)",2,2.01
"(73, 728)",2,2.01
"(982, 203)",2,2.01
"(160, 2181)",2,2.01
"(144, 279)",2,2.01
"(333, 453)",2,2.01
"(109, 711)",2,2.01
"(446, 34)",2,2.01
"(240, 2533)",2,2.01
"(73, 739)",2,2.01
"(11, 2575)",2,2.01
"(494, 99)",2,2.01
"(1173, 426)",2,2.01
"(442, 344)",2,2.01
"(62, 2178)",2,2.01
"(344, 437)",2,2.01
"(279, 1551)",2,2.01
"(135, 1233)",2,2.01
"(434, 89)",2,2.01
"(64, 2704)",2,2.01
"(11, 1597)",2,2.01
"(1787, 2338)",2,2.01
"(1551, 9)",2,2.01
"(604, 427)",2,2.01
"(491, 1894)",2,2.01
"(1584, 9)",2,2.01
"(135, 406)",2,2.01
"(406, 1599)",2,2.01
"(1494, 106)",2,2.01
"(4, 2571)",2,2.01
"(4, 2674)",2,2.01
"(409, 516)",2,2.01
"(54, 2448)",2,2.01
"(972, 11)",2,2.01
"(90, 265)",2,2.01
"(59, 307)",2,2.01
"(73, 1162)",2,2.01
"(248, 71)",2,2.01
"(517, 97)",2,2.01
"(296, 426)",2,2.01
"(106, 149)",2,2.01
"(440, 191)",2,2.01
"(1452, 101)",2,2.01
"(100, 494)",2,2.01
"(2876, 9)",2,2.01
"(1290, 134)",2,2.01
"(99, 142)",2,2.01
"(1390, 127)",2,2.01
"(131, 152)",2,2.01
"(1255, 103)",2,2.01
"(1091, 109)",2,2.01
"(65, 430)",2,2.01
"(406, 73)",2,2.01
"(1489, 1474)",2,2.01
"(284, 361)",2,2.01
"(93, 958)",2,2.01
"(54, 1017)",2,2.01
"(1312, 96)",2,2.01
"(1114, 211)",2,2.01
"(1945, 1114)",2,2.01
"(134, 429)",2,2.01
"(9, 221)",2,2.01
"(542, 464)",2,2.01
"(690, 98)",2,2.01
"(91, 118)",2,2.01
"(216, 398)",2,2.01
"(1567, 127)",2,2.01
"(89, 10)",2,2.01
"(88, 2565)",2,2.01
"(1746, 9)",2,2.01
"(104, 119)",2,2.01
"(68, 306)",2,2.01
"(846, 117)",2,2.01
"(1599, 290)",2,2.01
"(99, 270)",2,2.01
"(102, 2269)",2,2.01
"(129, 1290)",2,2.01
"(188, 310)",2,2.01
"(1923, 89)",2,2.01
"(26, 272)",2,2.01
"(144, 1974)",2,2.01
"(89, 784)",2,2.01
"(141, 502)",2,2.01
"(354, 310)",2,2.01
"(88, 2075)",2,2.01
"(57, 181)",2,2.01
"(193, 468)",2,2.01
"(2661, 98)",2,2.01
"(2325, 258)",2,2.01
"(135, 2588)",2,2.01
"(9, 846)",2,2.01
"(2606, 102)",2,2.01
"(991, 9)",2,2.01
"(104, 97)",2,2.01
"(234, 628)",2,2.01
"(1338, 234)",2,2.01
"(921, 127)",2,2.01
"(1091, 134)",2,2.01
"(272, 388)",2,2.01
"(1177, 89)",2,2.01
"(2856, 96)",2,2.01
"(720, 577)",2,2.01
"(754, 214)",2,2.01
"(1783, 977)",2,2.01
"(54, 504)",2,2.01
"(346, 258)",2,2.01
"(352, 548)",2,2.01
"(2458, 101)",2,2.01
"(223, 111)",2,2.01
"(334, 157)",2,2.01
"(54, 1226)",2,2.01
"(241, 607)",2,2.01
"(147, 1023)",2,2.01
"(127, 508)",2,2.01
"(59, 101)",2,2.01
"(106, 388)",2,2.01
"(26, 845)",2,2.01
"(101, 1356)",2,2.01
"(806, 32)",2,2.01
"(54, 806)",2,2.01
"(29, 54)",2,2.01
"(101, 2927)",2,2.01
"(2552, 9)",2,2.01
"(88, 2884)",2,2.01
"(676, 398)",2,2.01
"(382, 56)",2,2.01
"(2088, 106)",2,2.01
"(188, 2102)",2,2.01
"(3, 2147)",2,2.01
"(188, 1356)",2,2.01
"(191, 372)",2,2.01
"(2846, 34)",2,2.01
"(286, 709)",2,2.01
"(102, 994)",2,2.01
"(2576, 90)",2,2.01
"(90, 111)",2,2.01
"(230, 154)",2,2.01
"(154, 258)",2,2.01
"(171, 874)",2,2.01
"(874, 117)",2,2.01
"(181, 576)",2,2.01
"(201, 1854)",2,2.01
"(273, 130)",2,2.01
"(214, 62)",2,2.01
"(71, 1528)",2,2.01
"(2246, 273)",2,2.01
"(203, 134)",2,2.01
"(1528, 130)",2,2.01
"(134, 104)",2,2.01
"(130, 541)",2,2.01
"(1104, 134)",2,2.01
"(93, 73)",2,2.01
"(239, 976)",2,2.01
"(1495, 363)",2,2.01
"(1215, 101)",2,2.01
"(2197, 11)",2,2.01
"(1400, 9)",2,2.01
"(406, 2467)",2,2.01
"(1379, 350)",2,2.01
"(93, 1150)",2,2.01
"(179, 113)",2,2.01
"(218, 2923)",2,2.01
"(69, 147)",2,2.01
"(1419, 179)",2,2.01
"(91, 1419)",2,2.01
"(1198, 102)",2,2.01
"(458, 9)",2,2.01
"(223, 1359)",2,2.01
"(826, 88)",2,2.01
"(223, 1212)",2,2.01
"(316, 62)",2,2.01
"(62, 200)",2,2.01
"(490, 199)",2,2.01
"(2225, 9)",2,2.01
"(141, 399)",2,2.01
"(2547, 252)",2,2.01
"(127, 57)",2,2.01
"(88, 1738)",2,2.01
"(410, 203)",2,2.01
"(294, 324)",2,2.01
"(369, 270)",2,2.01
"(39, 40)",2,2.01
"(561, 380)",2,2.01
"(921, 11)",2,2.01
"(2273, 11)",2,2.01
"(106, 1479)",2,2.01
"(112, 306)",2,2.01
"(454, 555)",2,2.01
"(25, 1433)",2,2.01
"(101, 2179)",2,2.01
"(1135, 11)",2,2.01
"(790, 201)",2,2.01
"(93, 826)",2,2.01
"(1626, 267)",2,2.01
"(1433, 201)",2,2.01
"(102, 644)",2,2.01
"(134, 547)",2,2.01
"(171, 94)",2,2.01
"(72, 1626)",2,2.01
"(1215, 99)",2,2.01
"(101, 371)",2,2.01
"(371, 127)",2,2.01
"(678, 109)",2,2.01
"(143, 78)",2,2.01
"(942, 1663)",2,2.01
"(241, 372)",2,2.01
"(34, 1021)",2,2.01
"(10, 2029)",2,2.01
"(182, 154)",2,2.01
"(2939, 1601)",2,2.01
"(37, 1575)",2,2.01
"(114, 2832)",2,2.01
"(10, 185)",2,2.01
"(163, 2019)",2,2.01
"(118, 91)",2,2.01
"(772, 258)",2,2.01
"(58, 885)",2,2.01
"(91, 175)",2,2.01
"(557, 6)",2,2.01
"(75, 615)",2,2.01
"(330, 219)",2,2.01
"(54, 1408)",2,2.01
"(226, 230)",2,2.01
"(951, 69)",2,2.01
"(470, 24)",2,2.01
"(102, 1780)",2,2.01
"(803, 370)",2,2.01
"(370, 101)",2,2.01
"(88, 1736)",2,2.01
"(115, 9)",2,2.01
"(245, 589)",2,2.01
"(106, 1538)",2,2.01
"(193, 858)",2,2.01
"(971, 392)",2,2.01
"(45, 447)",2,2.01
"(56, 2856)",2,2.01
"(100, 56)",2,2.01
"(193, 2470)",2,2.01
"(266, 98)",2,2.01
"(359, 266)",2,2.01
"(784, 421)",2,2.01
"(9, 359)",2,2.01
"(132, 270)",2,2.01
"(89, 639)",2,2.01
"(2902, 78)",2,2.01
"(241, 572)",2,2.01
"(34, 66)",2,2.01
"(2461, 1542)",2,2.01
"(2119, 9)",2,2.01
"(962, 2119)",2,2.01
"(858, 88)",2,2.01
"(101, 962)",2,2.01
"(123, 421)",2,2.01
"(288, 1196)",2,2.01
"(1552, 211)",2,2.01
"(45, 40)",2,2.01
"(1313, 127)",2,2.01
"(134, 1592)",2,2.01
"(96, 164)",2,2.01
"(433, 127)",2,2.01
"(160, 2928)",2,2.01
"(188, 2564)",2,2.01
"(709, 101)",2,2.01
"(191, 1145)",2,2.01
"(1145, 276)",2,2.01
"(2458, 89)",2,2.01
"(93, 1018)",2,2.01
"(413, 179)",2,2.01
"(450, 628)",2,2.01
"(368, 450)",2,2.01
"(2654, 188)",2,2.01
"(226, 1333)",2,2.01
"(302, 2244)",2,2.01
"(109, 1851)",2,2.01
"(288, 385)",2,2.01
"(646, 628)",2,2.01
"(41, 41)",2,2.01
"(2799, 109)",2,2.01
"(3, 2799)",2,2.01
"(2244, 9)",2,2.01
"(1733, 3)",2,2.01
"(998, 113)",2,2.01
"(102, 2968)",2,2.01
"(129, 270)",2,2.01
"(54, 897)",2,2.01
"(1693, 258)",2,2.01
"(310, 470)",2,2.01
"(188, 1169)",2,2.01
"(74, 473)",2,2.01
"(101, 2491)",2,2.01
"(54, 334)",2,2.01
"(2491, 423)",2,2.01
"(599, 103)",2,2.01
"(177, 89)",2,2.01
"(369, 773)",2,2.01
"(27, 164)",2,2.01
"(205, 105)",2,2.01
"(2285, 117)",2,2.01
"(38, 1575)",2,2.01
"(1159, 88)",2,2.01
"(93, 1159)",2,2.01
"(73, 2119)",2,2.01
"(125, 91)",2,2.01
"(54, 2876)",2,2.01
"(2876, 102)",2,2.01
"(40, 48)",2,2.01
"(784, 142)",2,2.01
"(36, 30)",2,2.01
"(2018, 573)",2,2.01
"(2515, 182)",2,2.01
"(29, 1311)",2,2.01
"(920, 11)",2,2.01
"(263, 9)",2,2.01
"(302, 502)",2,2.01
"(62, 185)",2,2.01
"(48, 2479)",2,2.01
"(54, 2935)",2,2.01
"(848, 330)",2,2.01
"(188, 229)",2,2.01
"(222, 134)",2,2.01
"(2479, 29)",2,2.01
"(138, 263)",2,2.01
"(98, 2273)",2,2.01
"(177, 138)",2,2.01
"(102, 617)",2,2.01
"(1233, 102)",2,2.01
"(72, 676)",2,2.01
"(676, 255)",2,2.01
"(31, 46)",2,2.01
"(73, 88)",2,2.01
"(353, 34)",2,2.01
"(4, 54)",2,2.01
"(1693, 101)",2,2.01
"(218, 69)",2,2.01
"(701, 109)",2,2.01
"(177, 839)",2,2.01
"(44, 155)",2,2.01
"(167, 147)",2,2.01
"(642, 9)",2,2.01
"(147, 149)",2,2.01
"(167, 971)",2,2.01
"(28, 167)",2,2.01
"(264, 137)",2,2.01
"(994, 350)",2,2.01
"(270, 356)",2,2.01
"(2031, 106)",2,2.01
"(155, 901)",2,2.01
"(34, 2614)",2,2.01
"(385, 9)",2,2.01
"(205, 885)",2,2.01
"(181, 508)",2,2.01
"(1728, 191)",2,2.01
"(596, 258)",2,2.01
"(283, 1474)",2,2.01
"(1323, 9)",2,2.01
"(319, 332)",2,2.01
"(10, 1548)",2,2.01
"(1323, 11)",2,2.01
"(218, 102)",2,2.01
"(97, 2962)",2,2.01
"(1134, 24)",2,2.01
"(2169, 9)",2,2.01
"(407, 197)",2,2.01
"(102, 818)",2,2.01
"(34, 1458)",2,2.01
"(178, 56)",2,2.01
"(195, 178)",2,2.01
"(113, 129)",2,2.01
"(88, 2286)",2,2.01
"(800, 9)",2,2.01
"(720, 758)",2,2.01
"(264, 130)",2,2.01
"(72, 106)",2,2.01
"(72, 743)",2,2.01
"(158, 142)",2,2.01
"(1495, 101)",2,2.01
"(123, 73)",2,2.01
"(1790, 123)",2,2.01
"(443, 11)",2,2.01
"(462, 1475)",2,2.01
"(88, 1064)",2,2.01
"(350, 88)",2,2.01
"(66, 2415)",2,2.01
"(2709, 93)",2,2.01
"(220, 190)",2,2.01
"(994, 101)",2,2.01
"(88, 868)",2,2.01
"(198, 131)",2,2.01
"(2559, 88)",2,2.01
"(101, 231)",2,2.01
"(1142, 96)",2,2.01
"(904, 920)",2,2.01
"(26, 904)",2,2.01
"(404, 11)",2,2.01
"(317, 94)",2,2.01
"(1355, 9)",2,2.01
"(88, 1742)",2,2.01
"(46, 37)",2,2.01
"(10, 724)",2,2.01
"(88, 2987)",2,2.01
"(9, 220)",2,2.01
"(2644, 2374)",2,2.01
"(62, 354)",2,2.01
"(1259, 9)",2,2.01
"(101, 1259)",2,2.01
"(507, 101)",2,2.01
"(116, 163)",2,2.01
"(779, 62)",2,2.01
"(220, 116)",2,2.01
"(11, 106)",2,2.01
"(100, 904)",2,2.01
"(9, 1316)",2,2.01
"(72, 218)",2,2.01
"(389, 166)",2,2.01
"(1489, 346)",2,2.01
"(623, 71)",2,2.01
"(188, 9)",2,2.01
"(96, 68)",2,2.01
"(2634, 9)",2,2.01
"(163, 188)",2,2.01
"(1495, 90)",2,2.01
"(971, 274)",2,2.01
"(1068, 89)",2,2.01
"(346, 760)",2,2.01
"(88, 395)",2,2.01
"(109, 1127)",2,2.01
"(54, 2225)",2,2.01
"(419, 238)",2,2.01
"(89, 284)",2,2.01
"(1408, 102)",2,2.01
"(78, 160)",2,2.01
"(101, 79)",2,2.01
"(241, 1307)",2,2.01
"(2464, 127)",2,2.01
"(89, 1444)",2,2.01
"(433, 9)",2,2.01
"(1047, 350)",2,2.01
"(242, 986)",2,2.01
"(582, 219)",2,2.01
"(9, 745)",2,2.01
"(383, 93)",2,2.01
"(349, 34)",2,2.01
"(1300, 1243)",2,2.01
"(333, 1300)",2,2.01
"(142, 2115)",2,2.01
"(245, 142)",2,2.01
"(147, 155)",2,2.01
"(71, 11)",2,2.01
"(88, 2259)",2,2.01
"(914, 91)",2,2.01
"(1601, 39)",2,2.01
"(985, 62)",2,2.01
"(1301, 2325)",2,2.01
"(426, 197)",2,2.01
"(34, 49)",2,2.01
"(99, 1187)",2,2.01
"(49, 11)",2,2.01
"(1608, 74)",2,2.01
"(54, 1608)",2,2.01
"(179, 237)",2,2.01
"(237, 132)",2,2.01
"(1454, 11)",2,2.01
"(2325, 101)",2,2.01
"(833, 641)",2,2.01
"(89, 243)",2,2.01
"(365, 137)",2,2.01
"(30, 31)",2,2.01
"(1139, 421)",2,2.01
"(93, 429)",2,2.01
"(1202, 11)",2,2.01
"(330, 372)",2,2.01
"(263, 744)",2,2.01
"(429, 94)",2,2.01
"(88, 2788)",2,2.01
"(159, 91)",2,2.01
"(98, 159)",2,2.01
"(117, 269)",2,2.01
"(295, 888)",2,2.01
"(558, 218)",2,2.01
"(73, 132)",2,2.01
"(383, 2597)",2,2.01
"(88, 2496)",2,2.01
"(1758, 195)",2,2.01
"(2188, 89)",2,2.01
"(132, 114)",2,2.01
"(1575, 2294)",2,2.01
"(643, 96)",2,2.01
"(2158, 103)",2,2.01
"(137, 643)",2,2.01
"(90, 1139)",2,2.01
"(646, 9)",2,2.01
"(2283, 2225)",2,2.01
"(58, 1971)",2,2.01
"(243, 172)",2,2.01
"(745, 2912)",2,2.01
"(163, 768)",2,2.01
"(2321, 127)",2,2.01
"(34, 1201)",2,2.01
"(2912, 135)",2,2.01
"(1201, 814)",2,2.01
"(1971, 9)",2,2.01
"(1858, 191)",2,2.01
"(213, 153)",2,2.01
"(88, 1782)",2,2.01
"(422, 197)",2,2.01
"(2379, 9)",2,2.01
"(2592, 830)",2,2.01
"(2088, 2325)",2,2.01
"(1061, 867)",2,2.01
"(2225, 11)",2,2.01
"(290, 289)",2,2.01
"(2685, 1158)",2,2.01
"(1313, 54)",2,2.01
"(602, 109)",2,2.01
"(117, 1593)",2,2.01
"(2525, 1833)",2,2.01
"(800, 1232)",2,2.01
"(176, 78)",2,2.01
"(1498, 2443)",2,2.01
"(43, 108)",2,2.01
"(690, 481)",2,2.01
"(279, 531)",2,2.01
"(135, 87)",2,2.01
"(349, 6)",2,2.01
"(149, 94)",2,2.01
"(101, 1443)",2,2.01
"(56, 65)",2,2.01
"(113, 60)",2,2.01
"(11, 2293)",2,2.01
"(114, 1212)",2,2.01
"(203, 995)",2,2.01
"(102, 227)",2,2.01
"(2162, 101)",2,2.01
"(6, 41)",2,2.01
"(54, 134)",2,2.01
"(93, 1940)",2,2.01
"(6, 420)",2,2.01
"(117, 664)",2,2.01
"(216, 470)",2,2.01
"(89, 1122)",2,2.01
"(431, 385)",2,2.01
"(784, 1469)",2,2.01
"(1120, 89)",2,2.01
"(185, 340)",2,2.01
"(421, 2150)",2,2.01
"(1082, 181)",2,2.01
"(88, 1573)",2,2.01
"(233, 11)",2,2.01
"(97, 195)",2,2.01
"(128, 1121)",2,2.01
"(26, 1701)",2,2.01
"(6, 232)",2,2.01
"(67, 94)",2,2.01
"(2864, 54)",2,2.01
"(691, 290)",2,2.01
"(876, 369)",2,2.01
"(289, 2144)",2,2.01
"(1389, 270)",2,2.01
"(9, 2645)",2,2.01
"(1379, 97)",2,2.01
"(94, 10)",2,2.01
"(2645, 135)",2,2.01
"(2547, 11)",2,2.01
"(445, 117)",2,2.01
"(258, 755)",2,2.01
"(195, 1472)",2,2.01
"(2234, 1746)",2,2.01
"(434, 88)",2,2.01
"(901, 421)",2,2.01
"(720, 233)",2,2.01
"(443, 98)",2,2.01
"(494, 434)",2,2.01
"(704, 868)",2,2.01
"(1256, 23)",2,2.01
"(2967, 129)",2,2.01
"(103, 2301)",2,2.01
"(109, 188)",2,2.01
"(62, 126)",2,2.01
"(1478, 188)",2,2.01
"(2594, 88)",2,2.01
"(413, 502)",2,2.01
"(593, 9)",2,2.01
"(101, 2089)",2,2.01
"(555, 1035)",2,2.01
"(72, 642)",2,2.01
"(284, 109)",2,2.01
"(218, 2275)",2,2.01
"(243, 140)",2,2.01
"(181, 226)",2,2.01
"(409, 264)",2,2.01
"(2732, 223)",2,2.01
"(370, 626)",2,2.01
"(28, 2479)",2,2.01
"(1515, 492)",2,2.01
"(152, 626)",2,2.01
"(4, 4)",2,2.01
"(88, 56)",2,2.01
"(188, 1013)",2,2.01
"(2658, 103)",2,2.01
"(88, 1037)",2,2.01
"(211, 160)",2,2.01
"(2670, 403)",2,2.01
"(2015, 109)",2,2.01
"(117, 432)",2,2.01
"(432, 89)",2,2.01
"(828, 1147)",2,2.01
"(67, 828)",2,2.01
"(1833, 154)",2,2.01
"(90, 108)",2,2.01
"(6, 2269)",2,2.01
"(72, 844)",2,2.01
"(470, 258)",2,2.01
"(2442, 11)",2,2.01
"(154, 99)",2,2.01
"(140, 6)",2,2.01
"(476, 350)",2,2.01
"(44, 140)",2,2.01
"(108, 58)",2,2.01
"(88, 2883)",2,2.01
"(1809, 9)",2,2.01
"(1188, 9)",2,2.01
"(88, 2244)",2,2.01
"(89, 2727)",2,2.01
"(191, 678)",2,2.01
"(514, 54)",2,2.01
"(282, 65)",2,2.01
"(369, 626)",2,2.01
"(69, 69)",2,2.01
"(79, 99)",2,2.01
"(135, 673)",2,2.01
"(99, 390)",2,2.01
"(419, 9)",2,2.01
"(171, 1131)",2,2.01
"(88, 2398)",2,2.01
"(1069, 167)",2,2.01
"(1957, 62)",2,2.01
"(286, 142)",2,2.01
"(823, 9)",2,2.01
"(9, 35)",2,2.01
"(93, 646)",2,2.01
"(56, 264)",2,2.01
"(2003, 101)",2,2.01
"(264, 92)",2,2.01
"(92, 60)",2,2.01
"(60, 110)",2,2.01
"(267, 2559)",2,2.01
"(1400, 550)",2,2.01
"(136, 548)",2,2.01
"(55, 1957)",2,2.01
"(89, 1574)",2,2.01
"(434, 203)",2,2.01
"(98, 822)",2,2.01
"(161, 2003)",2,2.01
"(333, 288)",2,2.01
"(149, 1513)",2,2.01
"(1345, 113)",2,2.01
"(66, 2000)",2,2.01
"(35, 196)",2,2.01
"(9, 1911)",2,2.01
"(2444, 102)",2,2.01
"(295, 247)",2,2.01
"(1847, 1319)",2,2.01
"(101, 807)",2,2.01
"(34, 1475)",2,2.01
"(270, 983)",2,2.01
"(97, 975)",2,2.01
"(1638, 102)",2,2.01
"(116, 2101)",2,2.01
"(161, 992)",2,2.01
"(975, 247)",2,2.01
"(122, 72)",2,2.01
"(306, 122)",2,2.01
"(730, 176)",2,2.01
"(1698, 129)",2,2.01
"(54, 503)",2,2.01
"(89, 1240)",2,2.01
"(811, 10)",2,2.01
"(473, 730)",2,2.01
"(73, 2278)",2,2.01
"(407, 25)",2,2.01
"(111, 1785)",2,2.01
"(263, 858)",2,2.01
"(1014, 116)",2,2.01
"(2598, 11)",2,2.01
"(950, 93)",2,2.01
"(598, 109)",2,2.01
"(30, 28)",2,2.01
"(114, 149)",2,2.01
"(25, 1485)",2,2.01
"(333, 270)",2,2.01
"(226, 1306)",2,2.01
"(356, 9)",2,2.01
"(155, 270)",2,2.01
"(159, 66)",2,2.01
"(1573, 101)",2,2.01
"(1168, 73)",2,2.01
"(144, 1466)",2,2.01
"(1007, 11)",2,2.01
"(398, 258)",2,2.01
"(273, 310)",2,2.01
"(9, 48)",2,2.01
"(646, 93)",2,2.01
"(54, 445)",2,2.01
"(606, 54)",2,2.01
"(710, 740)",2,2.01
"(2913, 421)",2,2.01
"(275, 101)",2,2.01
"(197, 96)",2,2.01
"(852, 99)",2,2.01
"(48, 275)",2,2.01
"(593, 270)",2,2.01
"(589, 11)",2,2.01
"(9, 1519)",2,2.01
"(9, 442)",2,2.01
"(347, 1847)",2,2.01
"(633, 270)",2,2.01
"(72, 810)",2,2.01
"(167, 149)",2,2.01
"(906, 1779)",2,2.01
"(668, 226)",2,2.01
"(144, 1582)",2,2.01
"(201, 98)",2,2.01
"(302, 2913)",2,2.01
"(196, 2159)",2,2.01
"(203, 288)",2,2.01
"(89, 104)",2,2.01
"(339, 302)",2,2.01
"(93, 1742)",2,2.01
"(407, 339)",2,2.01
"(220, 34)",2,2.01
"(132, 149)",2,2.01
"(432, 270)",2,2.01
"(759, 88)",2,2.01
"(903, 10)",2,2.01
"(99, 350)",2,2.01
"(782, 410)",2,2.01
"(98, 521)",2,2.01
"(89, 97)",2,2.01
"(233, 272)",2,2.01
"(9, 2669)",2,2.01
"(73, 245)",2,2.01
"(525, 1141)",2,2.01
"(1013, 147)",2,2.01
"(2730, 89)",2,2.01
"(149, 2450)",2,2.01
"(302, 310)",2,2.01
"(9, 388)",2,2.01
"(201, 149)",2,2.01
"(672, 78)",2,2.01
"(2056, 935)",2,2.01
"(97, 2929)",2,2.01
"(241, 377)",2,2.01
"(133, 253)",2,2.01
"(78, 650)",2,2.01
"(219, 147)",2,2.01
"(149, 98)",2,2.01
"(112, 48)",2,2.01
"(304, 6)",2,2.01
"(101, 57)",2,2.01
"(2580, 609)",2,2.01
"(88, 477)",2,2.01
"(132, 1594)",2,2.01
"(6, 37)",2,2.01
"(193, 231)",2,2.01
"(45, 95)",2,2.01
"(609, 129)",2,2.01
"(129, 23)",2,2.01
"(88, 323)",2,2.01
"(493, 48)",2,2.01
"(88, 30)",2,2.01
"(139, 550)",2,2.01
"(1876, 130)",2,2.01
"(4, 6)",2,2.01
"(117, 2166)",2,2.01
"(347, 56)",2,2.01
"(65, 127)",2,2.01
"(273, 101)",2,2.01
"(3, 2297)",2,2.01
"(2005, 2583)",2,2.01
"(339, 584)",2,2.01
"(101, 375)",2,2.01
"(102, 462)",2,2.01
"(54, 431)",2,2.01
"(942, 622)",2,2.01
"(98, 1035)",2,2.01
"(88, 904)",2,2.01
"(138, 1474)",2,2.01
"(96, 999)",2,2.01
"(251, 106)",2,2.01
"(33, 182)",2,2.01
"(54, 1079)",2,2.01
"(2531, 11)",2,2.01
"(135, 790)",2,2.01
"(1064, 72)",2,2.01
"(117, 1155)",2,2.01
"(120, 4)",2,2.01
"(1250, 101)",2,2.01
"(237, 197)",2,2.01
"(2936, 112)",2,2.01
"(135, 2533)",2,2.01
"(672, 340)",2,2.01
"(147, 942)",2,2.01
"(410, 136)",2,2.01
"(241, 225)",2,2.01
"(2212, 30)",2,2.01
"(361, 188)",2,2.01
"(399, 94)",2,2.01
"(89, 555)",2,2.01
"(93, 290)",2,2.01
"(566, 2034)",2,2.01
"(1067, 1746)",2,2.01
"(160, 2372)",2,2.01
"(89, 266)",2,2.01
"(276, 254)",2,2.01
"(16, 11)",2,2.01
"(54, 341)",2,2.01
"(249, 98)",2,2.01
"(370, 68)",2,2.01
"(9, 2803)",2,2.01
"(298, 470)",2,2.01
"(54, 1998)",2,2.01
"(65, 2983)",2,2.01
"(2441, 313)",2,2.01
"(388, 270)",2,2.01
"(88, 602)",2,2.01
"(1939, 927)",2,2.01
"(190, 94)",2,2.01
"(113, 267)",2,2.01
"(302, 2026)",2,2.01
"(66, 276)",2,2.01
"(2106, 99)",2,2.01
"(4, 24)",2,2.01
"(34, 1920)",2,2.01
"(1920, 753)",2,2.01
"(1099, 9)",2,2.01
"(34, 29)",2,2.01
"(89, 408)",2,2.01
"(60, 203)",2,2.01
"(886, 2383)",2,2.01
"(199, 313)",2,2.01
"(360, 11)",2,2.01
"(251, 927)",2,2.01
"(165, 1095)",2,2.01
"(525, 202)",2,2.01
"(138, 251)",2,2.01
"(389, 188)",2,2.01
"(144, 1590)",2,2.01
"(23, 37)",2,2.01
"(1865, 129)",2,2.01
"(107, 660)",2,2.01
"(311, 178)",2,2.01
"(2303, 1394)",2,2.01
"(2301, 10)",2,2.01
"(196, 93)",2,2.01
"(111, 421)",2,2.01
"(122, 60)",2,2.01
"(245, 101)",2,2.01
"(745, 57)",2,2.01
"(736, 9)",2,2.01
"(130, 398)",2,2.01
"(182, 129)",2,2.01
"(190, 88)",2,2.01
"(622, 1974)",2,2.01
"(226, 2391)",2,2.01
"(101, 1582)",2,2.01
"(54, 1048)",2,2.01
"(58, 287)",2,2.01
"(36, 58)",2,2.01
"(276, 9)",2,2.01
"(444, 2413)",2,2.01
"(1076, 94)",2,2.01
"(571, 150)",2,2.01
"(9, 2207)",2,2.01
"(117, 600)",2,2.01
"(2539, 11)",2,2.01
"(317, 1305)",2,2.01
"(133, 1549)",2,2.01
"(2853, 101)",2,2.01
"(2770, 54)",2,2.01
"(528, 2546)",2,2.01
"(1183, 135)",2,2.01
"(923, 649)",2,2.01
"(1585, 9)",2,2.01
"(1960, 134)",2,2.01
"(223, 826)",2,2.01
"(114, 1538)",2,2.01
"(2321, 191)",2,2.01
"(223, 54)",2,2.01
"(100, 71)",2,2.01
"(91, 273)",2,2.01
"(132, 1444)",2,2.01
"(197, 350)",2,2.01
"(188, 231)",2,2.01
"(60, 119)",2,2.01
"(1114, 73)",2,2.01
"(1162, 97)",2,2.01
"(193, 136)",2,2.01
"(204, 280)",2,2.01
"(101, 2670)",2,2.01
"(135, 690)",2,2.01
"(88, 529)",2,2.01
"(145, 60)",2,2.01
"(797, 421)",2,2.01
"(231, 109)",2,2.01
"(46, 43)",2,2.01
"(123, 94)",2,2.01
"(1198, 109)",2,2.01
"(117, 376)",2,2.01
"(960, 188)",2,2.01
"(11, 2015)",2,2.01
"(1632, 274)",2,2.01
"(91, 243)",2,2.01
"(9, 483)",2,2.01
"(2347, 187)",2,2.01
"(1035, 136)",2,2.01
"(2066, 1626)",2,2.01
"(1444, 2347)",2,2.01
"(21, 22)",2,2.01
"(175, 639)",2,2.01
"(669, 126)",2,2.01
"(2115, 11)",2,2.01
"(188, 486)",2,2.01
"(97, 144)",2,2.01
"(102, 854)",2,2.01
"(144, 529)",2,2.01
"(1808, 1890)",2,2.01
"(223, 1647)",2,2.01
"(66, 350)",2,2.01
"(73, 24)",2,2.01
"(95, 6)",2,2.01
"(797, 93)",2,2.01
"(1000, 109)",2,2.01
"(215, 103)",2,2.01
"(489, 209)",2,2.01
"(109, 1748)",2,2.01
"(2142, 101)",2,2.01
"(141, 2936)",2,2.01
"(101, 36)",2,2.01
"(1663, 3)",2,2.01
"(136, 188)",2,2.01
"(1678, 141)",2,2.01
"(2704, 9)",2,2.01
"(300, 354)",2,2.01
"(117, 508)",2,2.01
"(2615, 103)",2,2.01
"(141, 300)",2,2.01
"(95, 550)",2,2.01
"(2483, 255)",2,2.01
"(793, 9)",2,2.01
"(1538, 11)",2,2.01
"(2804, 114)",2,2.01
"(314, 2306)",2,2.01
"(112, 402)",2,2.01
"(2306, 195)",2,2.01
"(195, 102)",2,2.01
"(2414, 11)",2,2.01
"(54, 1443)",2,2.01
"(88, 2804)",2,2.01
"(40, 55)",2,2.01
"(134, 2269)",2,2.01
"(193, 131)",2,2.01
"(596, 88)",2,2.01
"(191, 185)",2,2.01
"(131, 95)",2,2.01
"(1926, 350)",2,2.01
"(99, 313)",2,2.01
"(2087, 101)",2,2.01
"(615, 335)",2,2.01
"(273, 615)",2,2.01
"(288, 554)",2,2.01
"(97, 953)",2,2.01
"(636, 201)",2,2.01
"(494, 130)",2,2.01
"(255, 161)",2,2.01
"(1490, 806)",2,2.01
"(251, 119)",2,2.01
"(177, 290)",2,2.01
"(143, 576)",2,2.01
"(2386, 96)",2,2.01
"(867, 25)",2,2.01
"(701, 1740)",2,2.01
"(2056, 200)",2,2.01
"(1811, 129)",2,2.01
"(166, 2995)",2,2.01
"(1740, 147)",2,2.01
"(103, 271)",2,2.01
"(106, 339)",2,2.01
"(2995, 55)",2,2.01
"(1577, 102)",2,2.01
"(99, 310)",2,2.01
"(213, 193)",2,2.01
"(356, 88)",2,2.01
"(191, 96)",2,2.01
"(88, 387)",2,2.01
"(289, 167)",2,2.01
"(200, 1273)",2,2.01
"(2183, 101)",2,2.01
"(581, 147)",2,2.01
"(1188, 147)",2,2.01
"(66, 2329)",2,2.01
"(554, 54)",2,2.01
"(93, 1290)",2,2.01
"(167, 727)",2,2.01
"(252, 1118)",2,2.01
"(9, 713)",2,2.01
"(445, 454)",2,2.01
"(243, 143)",2,2.01
"(834, 211)",2,2.01
"(9, 61)",2,2.01
"(55, 1452)",2,2.01
"(58, 989)",2,2.01
"(1653, 9)",2,2.01
"(297, 552)",2,2.01
"(243, 688)",2,2.01
"(1631, 102)",2,2.01
"(943, 262)",2,2.01
"(934, 290)",2,2.01
"(2329, 9)",2,2.01
"(2013, 78)",2,2.01
"(333, 267)",2,2.01
"(76, 615)",2,2.01
"(502, 96)",2,2.01
"(58, 210)",2,2.01
"(2492, 101)",2,2.01
"(550, 11)",2,2.01
"(167, 102)",2,2.01
"(119, 109)",2,2.01
"(795, 188)",2,2.01
"(89, 1665)",2,2.01
"(1192, 230)",2,2.01
"(259, 100)",2,2.01
"(131, 72)",2,2.01
"(271, 132)",2,2.01
"(1665, 340)",2,2.01
"(2347, 343)",2,2.01
"(577, 292)",2,2.01
"(97, 1488)",2,2.01
"(56, 259)",2,2.01
"(239, 502)",2,2.01
"(100, 270)",2,2.01
"(210, 131)",2,2.01
"(54, 1221)",2,2.01
"(312, 594)",2,2.01
"(193, 218)",2,2.01
"(101, 6)",2,2.01
"(128, 350)",2,2.01
"(100, 350)",2,2.01
"(1489, 257)",2,2.01
"(28, 312)",2,2.01
"(155, 69)",2,2.01
"(547, 443)",2,2.01
"(1976, 34)",2,2.01
"(188, 1108)",2,2.01
"(135, 1385)",2,2.01
"(601, 9)",2,2.01
"(507, 225)",2,2.01
"(241, 1868)",2,2.01
"(1385, 89)",2,2.01
"(88, 175)",2,2.01
"(255, 188)",2,2.01
"(154, 89)",2,2.01
"(1661, 9)",2,2.01
"(89, 170)",2,2.01
"(4, 2672)",2,2.01
"(2532, 453)",2,2.01
"(2446, 98)",2,2.01
"(98, 2446)",2,2.01
"(1256, 191)",2,2.01
"(407, 302)",2,2.01
"(114, 126)",2,2.01
"(1286, 113)",2,2.01
"(339, 489)",2,2.01
"(93, 608)",2,2.01
"(73, 97)",2,2.01
"(1733, 11)",2,2.01
"(444, 1496)",2,2.01
"(9, 302)",2,2.01
"(473, 575)",2,2.01
"(34, 1521)",2,2.01
"(114, 397)",2,2.01
"(826, 218)",2,2.01
"(102, 696)",2,2.01
"(69, 1428)",2,2.01
"(784, 6)",2,2.01
"(78, 555)",2,2.01
"(9, 234)",2,2.01
"(147, 2203)",2,2.01
"(1961, 615)",2,2.01
"(1065, 339)",2,2.01
"(2462, 6)",2,2.01
"(54, 64)",2,2.01
"(54, 1073)",2,2.01
"(2301, 78)",2,2.01
"(830, 101)",2,2.01
"(66, 1005)",2,2.01
"(581, 3)",2,2.01
"(106, 864)",2,2.01
"(622, 444)",2,2.01
"(602, 147)",2,2.01
"(34, 2373)",2,2.01
"(54, 1108)",2,2.01
"(1134, 34)",2,2.01
"(78, 1400)",2,2.01
"(127, 489)",2,2.01
"(101, 233)",2,2.01
"(802, 2512)",2,2.01
"(150, 571)",2,2.01
"(1443, 280)",2,2.01
"(2338, 109)",2,2.01
"(10, 73)",2,2.01
"(3, 1411)",2,2.01
"(749, 834)",2,2.01
"(234, 56)",2,2.01
"(188, 1425)",2,2.01
"(188, 126)",2,2.01
"(1092, 102)",2,2.01
"(340, 118)",2,2.01
"(992, 88)",2,2.01
"(43, 34)",2,2.01
"(302, 69)",2,2.01
"(56, 72)",2,2.01
"(11, 1767)",2,2.01
"(88, 2340)",2,2.01
"(132, 854)",2,2.01
"(4, 1448)",2,2.01
"(1177, 72)",2,2.01
"(105, 172)",2,2.01
"(170, 105)",2,2.01
"(593, 127)",2,2.01
"(54, 1052)",2,2.01
"(54, 749)",2,2.01
"(93, 130)",2,2.01
"(219, 258)",2,2.01
"(2631, 9)",2,2.01
"(201, 846)",2,2.01
"(201, 504)",2,2.01
"(846, 267)",2,2.01
"(9, 159)",2,2.01
"(302, 1013)",2,2.01
"(9, 385)",2,2.01
"(289, 6)",2,2.01
"(131, 11)",2,2.01
"(1855, 101)",2,2.01
"(223, 114)",2,2.01
"(32, 33)",2,2.01
"(641, 1616)",2,2.01
"(1200, 622)",2,2.01
"(2660, 9)",2,2.01
"(25, 436)",2,2.01
"(340, 11)",2,2.01
"(1428, 11)",2,2.01
"(9, 2867)",2,2.01
"(143, 2539)",2,2.01
"(1122, 1187)",2,2.01
"(813, 101)",2,2.01
"(1945, 69)",2,2.01
"(4, 2669)",2,2.01
"(1941, 109)",2,2.01
"(526, 73)",2,2.01
"(823, 101)",2,2.01
"(397, 188)",2,2.01
"(62, 343)",2,2.01
"(135, 59)",2,2.01
"(203, 90)",2,2.01
"(1031, 273)",2,2.01
"(88, 2104)",2,2.01
"(129, 268)",2,2.01
"(90, 290)",2,2.01
"(218, 57)",2,2.01
"(59, 2325)",2,2.01
"(1222, 117)",2,2.01
"(1944, 9)",2,2.01
"(109, 1978)",2,2.01
"(867, 117)",2,2.01
"(446, 109)",2,2.01
"(9, 690)",2,2.01
"(1334, 1912)",2,2.01
"(1014, 220)",2,2.01
"(690, 10)",2,2.01
"(1767, 56)",2,2.01
"(2535, 135)",2,2.01
"(203, 171)",2,2.01
"(302, 57)",2,2.01
"(150, 304)",2,2.01
"(72, 353)",2,2.01
"(218, 1648)",2,2.01
"(218, 280)",2,2.01
"(304, 310)",2,2.01
"(117, 1412)",2,2.01
"(412, 717)",2,2.01
"(1906, 102)",2,2.01
"(26, 210)",2,2.01
"(961, 11)",2,2.01
"(382, 2598)",2,2.01
"(102, 133)",2,2.01
"(920, 270)",2,2.01
"(504, 133)",2,2.01
"(9, 184)",2,2.01
"(2324, 9)",2,2.01
"(289, 181)",2,2.01
"(339, 134)",2,2.01
"(88, 996)",2,2.01
"(55, 230)",2,2.01
"(101, 28)",2,2.01
"(127, 290)",2,2.01
"(858, 268)",2,2.01
"(717, 670)",2,2.01
"(2784, 9)",2,2.01
"(1204, 714)",2,2.01
"(255, 88)",2,2.01
"(34, 2766)",2,2.01
"(1654, 102)",2,2.01
"(54, 41)",2,2.01
"(992, 11)",2,2.01
"(1104, 226)",2,2.01
"(135, 1334)",2,2.01
"(289, 372)",2,2.01
"(145, 68)",2,2.01
"(773, 327)",2,2.01
"(1405, 1229)",2,2.01
"(2559, 78)",2,2.01
"(181, 773)",2,2.01
"(740, 2075)",2,2.01
"(128, 91)",2,2.01
"(76, 161)",2,2.01
"(117, 352)",2,2.01
"(178, 102)",2,2.01
"(578, 210)",2,2.01
"(1328, 247)",2,2.01
"(2325, 93)",2,2.01
"(745, 59)",2,2.01
"(27, 1622)",2,2.01
"(27, 312)",2,2.01
"(238, 90)",2,2.01
"(647, 977)",2,2.01
"(112, 94)",2,2.01
"(554, 147)",2,2.01
"(2329, 11)",2,2.01
"(93, 1227)",2,2.01
"(179, 622)",2,2.01
"(101, 1101)",2,2.01
"(41, 130)",2,2.01
"(387, 9)",2,2.01
"(163, 704)",2,2.01
"(1104, 153)",2,2.01
"(2225, 176)",2,2.01
"(134, 144)",2,2.01
"(1737, 89)",2,2.01
"(223, 647)",2,2.01
"(2472, 9)",1,1.01
"(481, 188)",1,1.01
"(2624, 795)",1,1.01
"(2962, 135)",1,1.01
"(854, 93)",1,1.01
"(1698, 188)",1,1.01
"(225, 1015)",1,1.01
"(1434, 1412)",1,1.01
"(823, 741)",1,1.01
"(489, 1502)",1,1.01
"(2904, 109)",1,1.01
"(72, 1136)",1,1.01
"(135, 216)",1,1.01
"(1918, 9)",1,1.01
"(34, 872)",1,1.01
"(111, 1115)",1,1.01
"(872, 481)",1,1.01
"(1751, 89)",1,1.01
"(1194, 205)",1,1.01
"(134, 2904)",1,1.01
"(239, 394)",1,1.01
"(1441, 190)",1,1.01
"(2763, 415)",1,1.01
"(305, 267)",1,1.01
"(2383, 160)",1,1.01
"(415, 190)",1,1.01
"(2592, 221)",1,1.01
"(127, 679)",1,1.01
"(142, 835)",1,1.01
"(218, 607)",1,1.01
"(78, 2576)",1,1.01
"(2454, 142)",1,1.01
"(399, 2900)",1,1.01
"(142, 1918)",1,1.01
"(584, 135)",1,1.01
"(351, 109)",1,1.01
"(93, 2472)",1,1.01
"(2033, 149)",1,1.01
"(2820, 96)",1,1.01
"(795, 264)",1,1.01
"(219, 2649)",1,1.01
"(2970, 350)",1,1.01
"(1115, 93)",1,1.01
"(164, 2970)",1,1.01
"(303, 1097)",1,1.01
"(433, 37)",1,1.01
"(1737, 339)",1,1.01
"(991, 734)",1,1.01
"(93, 27)",1,1.01
"(117, 620)",1,1.01
"(704, 134)",1,1.01
"(454, 1243)",1,1.01
"(97, 704)",1,1.01
"(9, 762)",1,1.01
"(65, 764)",1,1.01
"(394, 2276)",1,1.01
"(590, 89)",1,1.01
"(149, 65)",1,1.01
"(762, 351)",1,1.01
"(2563, 9)",1,1.01
"(135, 590)",1,1.01
"(26, 1296)",1,1.01
"(1159, 11)",1,1.01
"(1524, 313)",1,1.01
"(54, 711)",1,1.01
"(389, 303)",1,1.01
"(141, 79)",1,1.01
"(596, 134)",1,1.01
"(54, 1524)",1,1.01
"(1412, 135)",1,1.01
"(1516, 609)",1,1.01
"(1557, 310)",1,1.01
"(1412, 190)",1,1.01
"(191, 1745)",1,1.01
"(1670, 1412)",1,1.01
"(845, 903)",1,1.01
"(1716, 1527)",1,1.01
"(646, 2244)",1,1.01
"(570, 109)",1,1.01
"(452, 219)",1,1.01
"(1366, 117)",1,1.01
"(1851, 9)",1,1.01
"(2033, 11)",1,1.01
"(254, 227)",1,1.01
"(73, 958)",1,1.01
"(2649, 397)",1,1.01
"(113, 1093)",1,1.01
"(1077, 102)",1,1.01
"(104, 431)",1,1.01
"(1387, 1128)",1,1.01
"(179, 241)",1,1.01
"(979, 976)",1,1.01
"(2589, 655)",1,1.01
"(91, 366)",1,1.01
"(712, 640)",1,1.01
"(841, 89)",1,1.01
"(224, 190)",1,1.01
"(1225, 315)",1,1.01
"(2373, 11)",1,1.01
"(117, 2037)",1,1.01
"(128, 2589)",1,1.01
"(2114, 9)",1,1.01
"(272, 94)",1,1.01
"(65, 162)",1,1.01
"(149, 188)",1,1.01
"(1949, 24)",1,1.01
"(162, 180)",1,1.01
"(552, 1227)",1,1.01
"(1099, 93)",1,1.01
"(1370, 34)",1,1.01
"(193, 96)",1,1.01
"(1449, 129)",1,1.01
"(267, 1552)",1,1.01
"(591, 258)",1,1.01
"(570, 24)",1,1.01
"(1481, 1449)",1,1.01
"(483, 136)",1,1.01
"(101, 93)",1,1.01
"(241, 1159)",1,1.01
"(2004, 94)",1,1.01
"(2178, 1879)",1,1.01
"(2105, 937)",1,1.01
"(203, 942)",1,1.01
"(134, 352)",1,1.01
"(937, 59)",1,1.01
"(2508, 134)",1,1.01
"(1879, 554)",1,1.01
"(2876, 113)",1,1.01
"(2508, 241)",1,1.01
"(772, 261)",1,1.01
"(132, 2508)",1,1.01
"(93, 2508)",1,1.01
"(102, 712)",1,1.01
"(352, 395)",1,1.01
"(372, 670)",1,1.01
"(1479, 382)",1,1.01
"(102, 2876)",1,1.01
"(89, 869)",1,1.01
"(233, 1751)",1,1.01
"(1162, 89)",1,1.01
"(1159, 102)",1,1.01
"(1227, 1016)",1,1.01
"(869, 153)",1,1.01
"(2033, 201)",1,1.01
"(101, 1813)",1,1.01
"(317, 131)",1,1.01
"(102, 1834)",1,1.01
"(382, 2981)",1,1.01
"(289, 2741)",1,1.01
"(1233, 2820)",1,1.01
"(2741, 190)",1,1.01
"(2336, 179)",1,1.01
"(379, 101)",1,1.01
"(349, 296)",1,1.01
"(272, 2206)",1,1.01
"(294, 273)",1,1.01
"(2135, 734)",1,1.01
"(374, 91)",1,1.01
"(1035, 528)",1,1.01
"(404, 102)",1,1.01
"(141, 2135)",1,1.01
"(127, 1737)",1,1.01
"(140, 204)",1,1.01
"(347, 177)",1,1.01
"(4, 972)",1,1.01
"(221, 95)",1,1.01
"(398, 347)",1,1.01
"(1028, 475)",1,1.01
"(1557, 425)",1,1.01
"(78, 3)",1,1.01
"(34, 24)",1,1.01
"(476, 1199)",1,1.01
"(88, 1855)",1,1.01
"(218, 2333)",1,1.01
"(2705, 1848)",1,1.01
"(839, 228)",1,1.01
"(103, 296)",1,1.01
"(281, 701)",1,1.01
"(927, 1077)",1,1.01
"(227, 2065)",1,1.01
"(1458, 404)",1,1.01
"(132, 1634)",1,1.01
"(685, 161)",1,1.01
"(191, 118)",1,1.01
"(190, 1275)",1,1.01
"(2150, 136)",1,1.01
"(942, 1152)",1,1.01
"(847, 1370)",1,1.01
"(203, 31)",1,1.01
"(1987, 101)",1,1.01
"(34, 2907)",1,1.01
"(2907, 188)",1,1.01
"(161, 94)",1,1.01
"(1670, 1275)",1,1.01
"(188, 916)",1,1.01
"(2732, 2150)",1,1.01
"(665, 347)",1,1.01
"(268, 2373)",1,1.01
"(1634, 1851)",1,1.01
"(2065, 330)",1,1.01
"(187, 1037)",1,1.01
"(1863, 11)",1,1.01
"(72, 1863)",1,1.01
"(347, 294)",1,1.01
"(135, 2425)",1,1.01
"(916, 89)",1,1.01
"(179, 258)",1,1.01
"(9, 432)",1,1.01
"(570, 589)",1,1.01
"(923, 219)",1,1.01
"(289, 602)",1,1.01
"(743, 2132)",1,1.01
"(241, 2648)",1,1.01
"(347, 104)",1,1.01
"(823, 347)",1,1.01
"(113, 2470)",1,1.01
"(1976, 203)",1,1.01
"(1441, 188)",1,1.01
"(475, 213)",1,1.01
"(204, 1550)",1,1.01
"(867, 98)",1,1.01
"(401, 1242)",1,1.01
"(717, 1792)",1,1.01
"(607, 717)",1,1.01
"(1620, 101)",1,1.01
"(670, 93)",1,1.01
"(336, 1896)",1,1.01
"(1325, 1923)",1,1.01
"(10, 775)",1,1.01
"(994, 1717)",1,1.01
"(101, 1997)",1,1.01
"(147, 1921)",1,1.01
"(2050, 9)",1,1.01
"(545, 147)",1,1.01
"(191, 1062)",1,1.01
"(101, 2533)",1,1.01
"(1400, 98)",1,1.01
"(98, 136)",1,1.01
"(1997, 9)",1,1.01
"(136, 2456)",1,1.01
"(10, 1724)",1,1.01
"(189, 99)",1,1.01
"(132, 942)",1,1.01
"(2648, 219)",1,1.01
"(2261, 9)",1,1.01
"(1283, 2261)",1,1.01
"(215, 241)",1,1.01
"(2653, 102)",1,1.01
"(453, 54)",1,1.01
"(54, 2500)",1,1.01
"(190, 34)",1,1.01
"(161, 190)",1,1.01
"(100, 2653)",1,1.01
"(1758, 1290)",1,1.01
"(1361, 161)",1,1.01
"(1897, 628)",1,1.01
"(56, 1897)",1,1.01
"(181, 1511)",1,1.01
"(212, 100)",1,1.01
"(1511, 89)",1,1.01
"(2507, 56)",1,1.01
"(554, 149)",1,1.01
"(1624, 101)",1,1.01
"(1290, 96)",1,1.01
"(175, 368)",1,1.01
"(2355, 89)",1,1.01
"(9, 567)",1,1.01
"(340, 812)",1,1.01
"(191, 225)",1,1.01
"(1808, 9)",1,1.01
"(1689, 71)",1,1.01
"(1144, 9)",1,1.01
"(1315, 252)",1,1.01
"(220, 509)",1,1.01
"(367, 104)",1,1.01
"(407, 191)",1,1.01
"(854, 252)",1,1.01
"(1927, 464)",1,1.01
"(252, 54)",1,1.01
"(213, 401)",1,1.01
"(947, 11)",1,1.01
"(132, 1003)",1,1.01
"(71, 101)",1,1.01
"(1159, 128)",1,1.01
"(171, 2084)",1,1.01
"(90, 258)",1,1.01
"(160, 717)",1,1.01
"(470, 69)",1,1.01
"(145, 304)",1,1.01
"(1716, 1584)",1,1.01
"(908, 10)",1,1.01
"(1584, 1139)",1,1.01
"(377, 1142)",1,1.01
"(1142, 9)",1,1.01
"(252, 1057)",1,1.01
"(404, 288)",1,1.01
"(93, 908)",1,1.01
"(98, 93)",1,1.01
"(2558, 101)",1,1.01
"(582, 114)",1,1.01
"(274, 56)",1,1.01
"(166, 144)",1,1.01
"(942, 2026)",1,1.01
"(2521, 363)",1,1.01
"(239, 61)",1,1.01
"(813, 290)",1,1.01
"(303, 584)",1,1.01
"(176, 252)",1,1.01
"(589, 539)",1,1.01
"(26, 1788)",1,1.01
"(214, 2205)",1,1.01
"(142, 1721)",1,1.01
"(89, 1120)",1,1.01
"(163, 2364)",1,1.01
"(560, 67)",1,1.01
"(160, 2205)",1,1.01
"(290, 160)",1,1.01
"(2010, 251)",1,1.01
"(104, 218)",1,1.01
"(218, 1716)",1,1.01
"(1283, 171)",1,1.01
"(1955, 101)",1,1.01
"(2213, 25)",1,1.01
"(1057, 280)",1,1.01
"(1513, 93)",1,1.01
"(1930, 2642)",1,1.01
"(181, 2019)",1,1.01
"(1619, 190)",1,1.01
"(545, 160)",1,1.01
"(290, 136)",1,1.01
"(570, 204)",1,1.01
"(160, 355)",1,1.01
"(68, 179)",1,1.01
"(2616, 394)",1,1.01
"(204, 2915)",1,1.01
"(141, 2616)",1,1.01
"(1698, 11)",1,1.01
"(1159, 2132)",1,1.01
"(171, 1159)",1,1.01
"(2915, 11)",1,1.01
"(1609, 68)",1,1.01
"(9, 1609)",1,1.01
"(141, 216)",1,1.01
"(2408, 2558)",1,1.01
"(26, 1419)",1,1.01
"(2735, 1280)",1,1.01
"(1028, 1421)",1,1.01
"(1721, 181)",1,1.01
"(1130, 160)",1,1.01
"(519, 61)",1,1.01
"(141, 716)",1,1.01
"(523, 1412)",1,1.01
"(2100, 96)",1,1.01
"(2408, 93)",1,1.01
"(268, 2100)",1,1.01
"(2251, 9)",1,1.01
"(1160, 101)",1,1.01
"(590, 2053)",1,1.01
"(89, 2456)",1,1.01
"(942, 100)",1,1.01
"(423, 584)",1,1.01
"(181, 2848)",1,1.01
"(1201, 841)",1,1.01
"(1896, 11)",1,1.01
"(181, 1201)",1,1.01
"(607, 663)",1,1.01
"(407, 214)",1,1.01
"(237, 376)",1,1.01
"(376, 1188)",1,1.01
"(390, 90)",1,1.01
"(101, 2369)",1,1.01
"(149, 112)",1,1.01
"(2369, 9)",1,1.01
"(2788, 11)",1,1.01
"(743, 640)",1,1.01
"(1482, 54)",1,1.01
"(445, 296)",1,1.01
"(841, 188)",1,1.01
"(188, 1333)",1,1.01
"(339, 437)",1,1.01
"(841, 1016)",1,1.01
"(101, 2311)",1,1.01
"(1336, 1215)",1,1.01
"(427, 584)",1,1.01
"(142, 1395)",1,1.01
"(304, 54)",1,1.01
"(128, 1749)",1,1.01
"(1084, 191)",1,1.01
"(838, 405)",1,1.01
"(213, 768)",1,1.01
"(171, 838)",1,1.01
"(507, 91)",1,1.01
"(1333, 11)",1,1.01
"(34, 841)",1,1.01
"(274, 218)",1,1.01
"(26, 1061)",1,1.01
"(219, 833)",1,1.01
"(722, 261)",1,1.01
"(54, 2084)",1,1.01
"(814, 218)",1,1.01
"(93, 25)",1,1.01
"(1598, 88)",1,1.01
"(339, 942)",1,1.01
"(10, 138)",1,1.01
"(24, 188)",1,1.01
"(405, 99)",1,1.01
"(2054, 707)",1,1.01
"(559, 1329)",1,1.01
"(709, 24)",1,1.01
"(11, 2221)",1,1.01
"(2620, 319)",1,1.01
"(295, 2158)",1,1.01
"(271, 2624)",1,1.01
"(114, 2576)",1,1.01
"(1028, 1252)",1,1.01
"(98, 864)",1,1.01
"(1300, 621)",1,1.01
"(241, 934)",1,1.01
"(1029, 910)",1,1.01
"(377, 2202)",1,1.01
"(163, 2463)",1,1.01
"(630, 241)",1,1.01
"(531, 94)",1,1.01
"(363, 2521)",1,1.01
"(910, 531)",1,1.01
"(2463, 820)",1,1.01
"(93, 1300)",1,1.01
"(11, 2934)",1,1.01
"(2934, 96)",1,1.01
"(112, 1029)",1,1.01
"(9, 504)",1,1.01
"(1329, 117)",1,1.01
"(590, 88)",1,1.01
"(221, 427)",1,1.01
"(193, 213)",1,1.01
"(264, 212)",1,1.01
"(2756, 188)",1,1.01
"(181, 2756)",1,1.01
"(2430, 349)",1,1.01
"(763, 1283)",1,1.01
"(102, 2430)",1,1.01
"(464, 213)",1,1.01
"(59, 93)",1,1.01
"(201, 1136)",1,1.01
"(93, 618)",1,1.01
"(1625, 93)",1,1.01
"(136, 2703)",1,1.01
"(164, 59)",1,1.01
"(967, 54)",1,1.01
"(130, 630)",1,1.01
"(123, 763)",1,1.01
"(218, 882)",1,1.01
"(2052, 88)",1,1.01
"(1341, 93)",1,1.01
"(2976, 426)",1,1.01
"(93, 2327)",1,1.01
"(252, 98)",1,1.01
"(1245, 204)",1,1.01
"(34, 2904)",1,1.01
"(227, 385)",1,1.01
"(800, 191)",1,1.01
"(2357, 227)",1,1.01
"(2390, 11)",1,1.01
"(2616, 147)",1,1.01
"(331, 264)",1,1.01
"(188, 515)",1,1.01
"(34, 1617)",1,1.01
"(100, 188)",1,1.01
"(2037, 2052)",1,1.01
"(93, 2206)",1,1.01
"(941, 172)",1,1.01
"(853, 73)",1,1.01
"(519, 600)",1,1.01
"(76, 1620)",1,1.01
"(1327, 267)",1,1.01
"(141, 1078)",1,1.01
"(585, 1016)",1,1.01
"(188, 76)",1,1.01
"(1309, 296)",1,1.01
"(132, 853)",1,1.01
"(476, 1309)",1,1.01
"(750, 2726)",1,1.01
"(2536, 1028)",1,1.01
"(1007, 347)",1,1.01
"(34, 118)",1,1.01
"(2731, 602)",1,1.01
"(9, 2536)",1,1.01
"(1930, 743)",1,1.01
"(1016, 646)",1,1.01
"(1081, 132)",1,1.01
"(1078, 445)",1,1.01
"(172, 750)",1,1.01
"(547, 483)",1,1.01
"(1016, 187)",1,1.01
"(226, 221)",1,1.01
"(101, 1799)",1,1.01
"(1572, 577)",1,1.01
"(823, 2838)",1,1.01
"(2806, 1052)",1,1.01
"(132, 820)",1,1.01
"(34, 1218)",1,1.01
"(190, 1078)",1,1.01
"(101, 298)",1,1.01
"(1218, 585)",1,1.01
"(118, 1550)",1,1.01
"(483, 245)",1,1.01
"(221, 54)",1,1.01
"(54, 172)",1,1.01
"(1550, 34)",1,1.01
"(142, 1333)",1,1.01
"(762, 452)",1,1.01
"(2731, 9)",1,1.01
"(773, 2325)",1,1.01
"(2126, 437)",1,1.01
"(93, 2562)",1,1.01
"(2562, 197)",1,1.01
"(117, 2126)",1,1.01
"(197, 264)",1,1.01
"(2344, 290)",1,1.01
"(99, 942)",1,1.01
"(137, 364)",1,1.01
"(696, 135)",1,1.01
"(2217, 1698)",1,1.01
"(942, 3)",1,1.01
"(669, 117)",1,1.01
"(1234, 669)",1,1.01
"(1484, 1234)",1,1.01
"(918, 1484)",1,1.01
"(262, 11)",1,1.01
"(364, 102)",1,1.01
"(290, 147)",1,1.01
"(372, 271)",1,1.01
"(2649, 65)",1,1.01
"(437, 2731)",1,1.01
"(93, 2261)",1,1.01
"(263, 1200)",1,1.01
"(2261, 1163)",1,1.01
"(1324, 332)",1,1.01
"(267, 1084)",1,1.01
"(1870, 11)",1,1.01
"(1398, 1870)",1,1.01
"(71, 1398)",1,1.01
"(10, 1775)",1,1.01
"(2441, 290)",1,1.01
"(951, 2500)",1,1.01
"(349, 10)",1,1.01
"(135, 1798)",1,1.01
"(1798, 1100)",1,1.01
"(99, 272)",1,1.01
"(1100, 197)",1,1.01
"(382, 99)",1,1.01
"(197, 237)",1,1.01
"(181, 382)",1,1.01
"(628, 290)",1,1.01
"(239, 628)",1,1.01
"(1230, 93)",1,1.01
"(117, 1230)",1,1.01
"(1163, 117)",1,1.01
"(918, 845)",1,1.01
"(651, 2649)",1,1.01
"(687, 525)",1,1.01
"(290, 100)",1,1.01
"(2973, 97)",1,1.01
"(109, 2606)",1,1.01
"(2269, 113)",1,1.01
"(597, 113)",1,1.01
"(136, 1991)",1,1.01
"(777, 271)",1,1.01
"(109, 1091)",1,1.01
"(346, 117)",1,1.01
"(135, 1076)",1,1.01
"(100, 819)",1,1.01
"(237, 758)",1,1.01
"(73, 768)",1,1.01
"(768, 2115)",1,1.01
"(102, 404)",1,1.01
"(2079, 102)",1,1.01
"(819, 322)",1,1.01
"(3, 2079)",1,1.01
"(2487, 3)",1,1.01
"(34, 2487)",1,1.01
"(95, 149)",1,1.01
"(143, 310)",1,1.01
"(237, 1243)",1,1.01
"(683, 2132)",1,1.01
"(197, 380)",1,1.01
"(103, 2803)",1,1.01
"(845, 1502)",1,1.01
"(505, 113)",1,1.01
"(1695, 1028)",1,1.01
"(2718, 34)",1,1.01
"(1194, 11)",1,1.01
"(242, 1194)",1,1.01
"(1502, 93)",1,1.01
"(454, 242)",1,1.01
"(147, 290)",1,1.01
"(620, 1423)",1,1.01
"(724, 123)",1,1.01
"(293, 138)",1,1.01
"(135, 620)",1,1.01
"(1334, 2459)",1,1.01
"(876, 363)",1,1.01
"(72, 2916)",1,1.01
"(2916, 381)",1,1.01
"(1820, 72)",1,1.01
"(381, 93)",1,1.01
"(300, 1820)",1,1.01
"(423, 161)",1,1.01
"(1896, 1324)",1,1.01
"(1230, 34)",1,1.01
"(128, 138)",1,1.01
"(1360, 103)",1,1.01
"(97, 724)",1,1.01
"(89, 2718)",1,1.01
"(434, 666)",1,1.01
"(666, 89)",1,1.01
"(727, 2052)",1,1.01
"(452, 313)",1,1.01
"(669, 296)",1,1.01
"(313, 1413)",1,1.01
"(1413, 102)",1,1.01
"(188, 669)",1,1.01
"(102, 1023)",1,1.01
"(97, 2204)",1,1.01
"(101, 43)",1,1.01
"(43, 172)",1,1.01
"(163, 55)",1,1.01
"(2032, 191)",1,1.01
"(172, 72)",1,1.01
"(128, 827)",1,1.01
"(203, 1243)",1,1.01
"(72, 2955)",1,1.01
"(1572, 399)",1,1.01
"(399, 638)",1,1.01
"(2189, 197)",1,1.01
"(2825, 2969)",1,1.01
"(987, 286)",1,1.01
"(9, 1289)",1,1.01
"(2548, 1106)",1,1.01
"(2920, 2533)",1,1.01
"(538, 226)",1,1.01
"(454, 97)",1,1.01
"(97, 441)",1,1.01
"(441, 153)",1,1.01
"(1284, 2825)",1,1.01
"(103, 1442)",1,1.01
"(153, 2189)",1,1.01
"(1651, 103)",1,1.01
"(255, 937)",1,1.01
"(234, 255)",1,1.01
"(92, 234)",1,1.01
"(61, 92)",1,1.01
"(638, 61)",1,1.01
"(2969, 319)",1,1.01
"(1361, 508)",1,1.01
"(97, 906)",1,1.01
"(405, 191)",1,1.01
"(823, 2703)",1,1.01
"(1775, 270)",1,1.01
"(9, 1600)",1,1.01
"(113, 219)",1,1.01
"(1966, 11)",1,1.01
"(336, 1906)",1,1.01
"(1906, 339)",1,1.01
"(339, 9)",1,1.01
"(598, 113)",1,1.01
"(9, 1341)",1,1.01
"(2079, 598)",1,1.01
"(2379, 11)",1,1.01
"(904, 2379)",1,1.01
"(1800, 258)",1,1.01
"(369, 1800)",1,1.01
"(78, 1194)",1,1.01
"(2278, 431)",1,1.01
"(188, 303)",1,1.01
"(449, 188)",1,1.01
"(147, 231)",1,1.01
"(2842, 9)",1,1.01
"(371, 451)",1,1.01
"(876, 65)",1,1.01
"(191, 1000)",1,1.01
"(641, 1421)",1,1.01
"(431, 127)",1,1.01
"(1421, 1442)",1,1.01
"(1000, 1016)",1,1.01
"(1600, 88)",1,1.01
"(1006, 24)",1,1.01
"(1798, 9)",1,1.01
"(9, 1695)",1,1.01
"(97, 209)",1,1.01
"(2400, 93)",1,1.01
"(117, 2400)",1,1.01
"(2636, 296)",1,1.01
"(1016, 132)",1,1.01
"(93, 1000)",1,1.01
"(1442, 9)",1,1.01
"(209, 434)",1,1.01
"(101, 1817)",1,1.01
"(1817, 1569)",1,1.01
"(1886, 1048)",1,1.01
"(431, 303)",1,1.01
"(303, 345)",1,1.01
"(665, 2090)",1,1.01
"(1051, 96)",1,1.01
"(117, 1051)",1,1.01
"(2196, 203)",1,1.01
"(841, 11)",1,1.01
"(982, 102)",1,1.01
"(671, 98)",1,1.01
"(1676, 671)",1,1.01
"(2224, 88)",1,1.01
"(2050, 65)",1,1.01
"(90, 1676)",1,1.01
"(254, 90)",1,1.01
"(213, 253)",1,1.01
"(248, 117)",1,1.01
"(2353, 725)",1,1.01
"(651, 539)",1,1.01
"(310, 372)",1,1.01
"(589, 2537)",1,1.01
"(725, 775)",1,1.01
"(605, 1930)",1,1.01
"(78, 2956)",1,1.01
"(2751, 78)",1,1.01
"(54, 2751)",1,1.01
"(787, 345)",1,1.01
"(171, 1189)",1,1.01
"(104, 671)",1,1.01
"(541, 104)",1,1.01
"(1504, 426)",1,1.01
"(110, 91)",1,1.01
"(54, 1784)",1,1.01
"(873, 59)",1,1.01
"(1784, 11)",1,1.01
"(2317, 89)",1,1.01
"(406, 2340)",1,1.01
"(577, 310)",1,1.01
"(167, 73)",1,1.01
"(2390, 34)",1,1.01
"(89, 515)",1,1.01
"(2724, 538)",1,1.01
"(1409, 709)",1,1.01
"(851, 254)",1,1.01
"(497, 188)",1,1.01
"(502, 170)",1,1.01
"(88, 1653)",1,1.01
"(2777, 319)",1,1.01
"(1076, 2777)",1,1.01
"(615, 488)",1,1.01
"(315, 319)",1,1.01
"(1323, 602)",1,1.01
"(54, 2232)",1,1.01
"(99, 110)",1,1.01
"(1127, 1323)",1,1.01
"(1109, 353)",1,1.01
"(554, 2430)",1,1.01
"(88, 1121)",1,1.01
"(768, 213)",1,1.01
"(460, 768)",1,1.01
"(830, 11)",1,1.01
"(431, 1192)",1,1.01
"(1248, 147)",1,1.01
"(696, 431)",1,1.01
"(96, 2156)",1,1.01
"(1698, 9)",1,1.01
"(771, 11)",1,1.01
"(1248, 161)",1,1.01
"(1426, 1248)",1,1.01
"(117, 1426)",1,1.01
"(1697, 104)",1,1.01
"(560, 2029)",1,1.01
"(709, 560)",1,1.01
"(224, 1419)",1,1.01
"(2240, 102)",1,1.01
"(383, 2240)",1,1.01
"(814, 383)",1,1.01
"(2350, 93)",1,1.01
"(1419, 1026)",1,1.01
"(1026, 581)",1,1.01
"(93, 1918)",1,1.01
"(252, 2280)",1,1.01
"(449, 412)",1,1.01
"(2280, 109)",1,1.01
"(1109, 511)",1,1.01
"(9, 536)",1,1.01
"(1968, 620)",1,1.01
"(2082, 102)",1,1.01
"(2560, 117)",1,1.01
"(626, 10)",1,1.01
"(115, 626)",1,1.01
"(10, 209)",1,1.01
"(464, 59)",1,1.01
"(209, 143)",1,1.01
"(188, 264)",1,1.01
"(333, 1820)",1,1.01
"(143, 9)",1,1.01
"(96, 992)",1,1.01
"(2183, 109)",1,1.01
"(88, 1338)",1,1.01
"(102, 332)",1,1.01
"(227, 292)",1,1.01
"(683, 34)",1,1.01
"(2777, 667)",1,1.01
"(103, 2777)",1,1.01
"(179, 2108)",1,1.01
"(894, 179)",1,1.01
"(201, 894)",1,1.01
"(313, 104)",1,1.01
"(1059, 11)",1,1.01
"(361, 6)",1,1.01
"(310, 1888)",1,1.01
"(2425, 539)",1,1.01
"(127, 2425)",1,1.01
"(306, 1848)",1,1.01
"(101, 452)",1,1.01
"(2003, 142)",1,1.01
"(252, 2003)",1,1.01
"(96, 252)",1,1.01
"(1888, 197)",1,1.01
"(197, 1653)",1,1.01
"(134, 2455)",1,1.01
"(129, 2836)",1,1.01
"(1912, 1742)",1,1.01
"(2836, 93)",1,1.01
"(188, 1912)",1,1.01
"(382, 280)",1,1.01
"(48, 402)",1,1.01
"(72, 1092)",1,1.01
"(1109, 138)",1,1.01
"(161, 142)",1,1.01
"(9, 1082)",1,1.01
"(1082, 343)",1,1.01
"(101, 2888)",1,1.01
"(72, 2206)",1,1.01
"(1091, 88)",1,1.01
"(117, 258)",1,1.01
"(660, 88)",1,1.01
"(364, 313)",1,1.01
"(144, 660)",1,1.01
"(1400, 65)",1,1.01
"(134, 106)",1,1.01
"(2888, 605)",1,1.01
"(74, 424)",1,1.01
"(1076, 11)",1,1.01
"(87, 74)",1,1.01
"(106, 1255)",1,1.01
"(117, 459)",1,1.01
"(683, 602)",1,1.01
"(141, 683)",1,1.01
"(459, 1939)",1,1.01
"(1939, 9)",1,1.01
"(198, 197)",1,1.01
"(9, 587)",1,1.01
"(104, 870)",1,1.01
"(844, 313)",1,1.01
"(181, 2881)",1,1.01
"(483, 844)",1,1.01
"(179, 284)",1,1.01
"(2466, 1028)",1,1.01
"(626, 233)",1,1.01
"(1549, 382)",1,1.01
"(4, 2942)",1,1.01
"(2881, 421)",1,1.01
"(1047, 9)",1,1.01
"(753, 89)",1,1.01
"(1059, 753)",1,1.01
"(2411, 267)",1,1.01
"(191, 1059)",1,1.01
"(1193, 101)",1,1.01
"(3, 2942)",1,1.01
"(10, 2327)",1,1.01
"(213, 134)",1,1.01
"(2411, 3)",1,1.01
"(3, 1451)",1,1.01
"(1394, 9)",1,1.01
"(2411, 555)",1,1.01
"(656, 188)",1,1.01
"(1717, 9)",1,1.01
"(381, 179)",1,1.01
"(2820, 254)",1,1.01
"(256, 2820)",1,1.01
"(2068, 989)",1,1.01
"(239, 1076)",1,1.01
"(2490, 98)",1,1.01
"(10, 2490)",1,1.01
"(54, 810)",1,1.01
"(220, 508)",1,1.01
"(90, 165)",1,1.01
"(453, 188)",1,1.01
"(626, 103)",1,1.01
"(31, 626)",1,1.01
"(89, 2068)",1,1.01
"(166, 1587)",1,1.01
"(711, 1085)",1,1.01
"(816, 711)",1,1.01
"(958, 188)",1,1.01
"(1352, 958)",1,1.01
"(1527, 1438)",1,1.01
"(1438, 99)",1,1.01
"(213, 1352)",1,1.01
"(130, 1637)",1,1.01
"(2035, 11)",1,1.01
"(922, 2134)",1,1.01
"(288, 241)",1,1.01
"(394, 762)",1,1.01
"(347, 1468)",1,1.01
"(204, 1663)",1,1.01
"(867, 109)",1,1.01
"(2188, 203)",1,1.01
"(181, 2188)",1,1.01
"(2837, 9)",1,1.01
"(26, 1716)",1,1.01
"(75, 2837)",1,1.01
"(185, 75)",1,1.01
"(1716, 330)",1,1.01
"(330, 553)",1,1.01
"(2686, 185)",1,1.01
"(2287, 197)",1,1.01
"(67, 341)",1,1.01
"(78, 334)",1,1.01
"(204, 926)",1,1.01
"(1333, 89)",1,1.01
"(406, 2430)",1,1.01
"(274, 2852)",1,1.01
"(108, 249)",1,1.01
"(704, 143)",1,1.01
"(1663, 98)",1,1.01
"(198, 112)",1,1.01
"(142, 190)",1,1.01
"(2647, 191)",1,1.01
"(73, 1324)",1,1.01
"(175, 374)",1,1.01
"(1927, 280)",1,1.01
"(218, 1927)",1,1.01
"(58, 218)",1,1.01
"(293, 89)",1,1.01
"(252, 2603)",1,1.01
"(367, 252)",1,1.01
"(136, 1720)",1,1.01
"(166, 1278)",1,1.01
"(117, 1688)",1,1.01
"(123, 204)",1,1.01
"(136, 229)",1,1.01
"(1688, 89)",1,1.01
"(252, 964)",1,1.01
"(1028, 347)",1,1.01
"(227, 252)",1,1.01
"(89, 825)",1,1.01
"(960, 788)",1,1.01
"(103, 2547)",1,1.01
"(102, 1959)",1,1.01
"(1324, 102)",1,1.01
"(364, 2052)",1,1.01
"(249, 197)",1,1.01
"(126, 594)",1,1.01
"(160, 2989)",1,1.01
"(1016, 1300)",1,1.01
"(573, 293)",1,1.01
"(1036, 188)",1,1.01
"(969, 9)",1,1.01
"(1746, 310)",1,1.01
"(1571, 142)",1,1.01
"(2090, 117)",1,1.01
"(240, 298)",1,1.01
"(687, 746)",1,1.01
"(141, 1145)",1,1.01
"(131, 310)",1,1.01
"(135, 2658)",1,1.01
"(117, 179)",1,1.01
"(690, 11)",1,1.01
"(2938, 117)",1,1.01
"(289, 429)",1,1.01
"(720, 1225)",1,1.01
"(78, 190)",1,1.01
"(429, 155)",1,1.01
"(252, 2019)",1,1.01
"(2205, 98)",1,1.01
"(1300, 1621)",1,1.01
"(1621, 101)",1,1.01
"(1572, 651)",1,1.01
"(91, 1923)",1,1.01
"(87, 160)",1,1.01
"(197, 833)",1,1.01
"(300, 151)",1,1.01
"(349, 831)",1,1.01
"(1021, 54)",1,1.01
"(833, 135)",1,1.01
"(1233, 9)",1,1.01
"(715, 1233)",1,1.01
"(1923, 25)",1,1.01
"(9, 1598)",1,1.01
"(636, 97)",1,1.01
"(127, 787)",1,1.01
"(163, 65)",1,1.01
"(787, 31)",1,1.01
"(426, 134)",1,1.01
"(420, 132)",1,1.01
"(1619, 113)",1,1.01
"(132, 636)",1,1.01
"(1201, 2019)",1,1.01
"(149, 1201)",1,1.01
"(103, 931)",1,1.01
"(931, 93)",1,1.01
"(93, 609)",1,1.01
"(1505, 286)",1,1.01
"(111, 286)",1,1.01
"(1745, 197)",1,1.01
"(1063, 873)",1,1.01
"(1744, 1650)",1,1.01
"(89, 1063)",1,1.01
"(1992, 89)",1,1.01
"(2653, 351)",1,1.01
"(88, 2653)",1,1.01
"(1650, 203)",1,1.01
"(1817, 394)",1,1.01
"(1156, 266)",1,1.01
"(9, 1156)",1,1.01
"(372, 1150)",1,1.01
"(869, 372)",1,1.01
"(214, 226)",1,1.01
"(180, 214)",1,1.01
"(202, 9)",1,1.01
"(188, 1699)",1,1.01
"(193, 135)",1,1.01
"(135, 1242)",1,1.01
"(73, 136)",1,1.01
"(394, 1715)",1,1.01
"(848, 1202)",1,1.01
"(1202, 254)",1,1.01
"(296, 642)",1,1.01
"(650, 1761)",1,1.01
"(764, 306)",1,1.01
"(306, 71)",1,1.01
"(197, 286)",1,1.01
"(222, 113)",1,1.01
"(153, 187)",1,1.01
"(804, 188)",1,1.01
"(141, 171)",1,1.01
"(1036, 2732)",1,1.01
"(361, 9)",1,1.01
"(2245, 394)",1,1.01
"(433, 791)",1,1.01
"(142, 1093)",1,1.01
"(360, 425)",1,1.01
"(2451, 286)",1,1.01
"(54, 2451)",1,1.01
"(1978, 88)",1,1.01
"(2348, 1978)",1,1.01
"(129, 2348)",1,1.01
"(93, 1225)",1,1.01
"(132, 2756)",1,1.01
"(9, 631)",1,1.01
"(198, 293)",1,1.01
"(449, 258)",1,1.01
"(141, 1756)",1,1.01
"(2090, 93)",1,1.01
"(1401, 102)",1,1.01
"(142, 371)",1,1.01
"(95, 453)",1,1.01
"(191, 1148)",1,1.01
"(252, 1278)",1,1.01
"(142, 345)",1,1.01
"(1148, 135)",1,1.01
"(135, 2063)",1,1.01
"(2063, 1912)",1,1.01
"(34, 2188)",1,1.01
"(1785, 292)",1,1.01
"(744, 155)",1,1.01
"(507, 69)",1,1.01
"(841, 135)",1,1.01
"(237, 2824)",1,1.01
"(2242, 129)",1,1.01
"(135, 1341)",1,1.01
"(423, 2242)",1,1.01
"(464, 651)",1,1.01
"(1756, 160)",1,1.01
"(1598, 102)",1,1.01
"(1442, 117)",1,1.01
"(245, 104)",1,1.01
"(54, 449)",1,1.01
"(708, 142)",1,1.01
"(300, 1119)",1,1.01
"(1671, 161)",1,1.01
"(149, 443)",1,1.01
"(188, 525)",1,1.01
"(188, 800)",1,1.01
"(538, 589)",1,1.01
"(104, 538)",1,1.01
"(1805, 129)",1,1.01
"(690, 2166)",1,1.01
"(1187, 1469)",1,1.01
"(76, 1805)",1,1.01
"(762, 340)",1,1.01
"(101, 762)",1,1.01
"(837, 101)",1,1.01
"(950, 837)",1,1.01
"(172, 1598)",1,1.01
"(109, 2974)",1,1.01
"(117, 611)",1,1.01
"(711, 101)",1,1.01
"(88, 2647)",1,1.01
"(894, 577)",1,1.01
"(2371, 11)",1,1.01
"(926, 2046)",1,1.01
"(54, 926)",1,1.01
"(1482, 34)",1,1.01
"(9, 2733)",1,1.01
"(228, 1785)",1,1.01
"(147, 228)",1,1.01
"(114, 1148)",1,1.01
"(1063, 2371)",1,1.01
"(666, 127)",1,1.01
"(2855, 11)",1,1.01
"(129, 238)",1,1.01
"(66, 129)",1,1.01
"(1538, 636)",1,1.01
"(2249, 117)",1,1.01
"(432, 2249)",1,1.01
"(155, 432)",1,1.01
"(636, 102)",1,1.01
"(642, 646)",1,1.01
"(937, 642)",1,1.01
"(791, 937)",1,1.01
"(296, 791)",1,1.01
"(101, 563)",1,1.01
"(563, 77)",1,1.01
"(9, 2065)",1,1.01
"(77, 10)",1,1.01
"(403, 68)",1,1.01
"(218, 67)",1,1.01
"(2249, 89)",1,1.01
"(68, 861)",1,1.01
"(861, 101)",1,1.01
"(141, 2249)",1,1.01
"(290, 422)",1,1.01
"(2866, 290)",1,1.01
"(54, 2866)",1,1.01
"(218, 2634)",1,1.01
"(976, 218)",1,1.01
"(343, 96)",1,1.01
"(256, 171)",1,1.01
"(1011, 256)",1,1.01
"(44, 1011)",1,1.01
"(1810, 11)",1,1.01
"(163, 2755)",1,1.01
"(191, 73)",1,1.01
"(2119, 113)",1,1.01
"(533, 1196)",1,1.01
"(10, 206)",1,1.01
"(519, 65)",1,1.01
"(319, 519)",1,1.01
"(2109, 319)",1,1.01
"(1943, 93)",1,1.01
"(686, 1931)",1,1.01
"(256, 2907)",1,1.01
"(197, 1491)",1,1.01
"(1931, 339)",1,1.01
"(2838, 1931)",1,1.01
"(336, 1100)",1,1.01
"(54, 2838)",1,1.01
"(1285, 882)",1,1.01
"(310, 237)",1,1.01
"(135, 1787)",1,1.01
"(687, 1802)",1,1.01
"(1787, 93)",1,1.01
"(93, 986)",1,1.01
"(10, 1145)",1,1.01
"(2090, 573)",1,1.01
"(129, 1004)",1,1.01
"(948, 197)",1,1.01
"(149, 316)",1,1.01
"(197, 832)",1,1.01
"(114, 267)",1,1.01
"(89, 2029)",1,1.01
"(1779, 9)",1,1.01
"(1931, 117)",1,1.01
"(117, 1421)",1,1.01
"(93, 701)",1,1.01
"(1011, 1943)",1,1.01
"(1053, 1011)",1,1.01
"(172, 1063)",1,1.01
"(1746, 322)",1,1.01
"(701, 172)",1,1.01
"(1078, 11)",1,1.01
"(76, 197)",1,1.01
"(117, 210)",1,1.01
"(141, 96)",1,1.01
"(2392, 581)",1,1.01
"(1421, 777)",1,1.01
"(2608, 171)",1,1.01
"(959, 161)",1,1.01
"(382, 1953)",1,1.01
"(114, 307)",1,1.01
"(2196, 197)",1,1.01
"(55, 114)",1,1.01
"(300, 183)",1,1.01
"(197, 977)",1,1.01
"(777, 147)",1,1.01
"(427, 605)",1,1.01
"(2792, 403)",1,1.01
"(256, 117)",1,1.01
"(837, 24)",1,1.01
"(2357, 598)",1,1.01
"(876, 151)",1,1.01
"(88, 1274)",1,1.01
"(1014, 11)",1,1.01
"(687, 242)",1,1.01
"(74, 1111)",1,1.01
"(136, 1699)",1,1.01
"(115, 103)",1,1.01
"(352, 153)",1,1.01
"(289, 352)",1,1.01
"(1346, 88)",1,1.01
"(57, 1346)",1,1.01
"(434, 707)",1,1.01
"(92, 88)",1,1.01
"(1537, 10)",1,1.01
"(60, 659)",1,1.01
"(786, 431)",1,1.01
"(227, 109)",1,1.01
"(319, 109)",1,1.01
"(1963, 319)",1,1.01
"(101, 837)",1,1.01
"(78, 1912)",1,1.01
"(419, 213)",1,1.01
"(1939, 1469)",1,1.01
"(382, 2104)",1,1.01
"(2065, 1502)",1,1.01
"(9, 753)",1,1.01
"(1160, 9)",1,1.01
"(147, 1160)",1,1.01
"(720, 1484)",1,1.01
"(9, 1148)",1,1.01
"(720, 977)",1,1.01
"(155, 382)",1,1.01
"(977, 1392)",1,1.01
"(423, 508)",1,1.01
"(163, 2089)",1,1.01
"(1392, 101)",1,1.01
"(88, 1194)",1,1.01
"(720, 264)",1,1.01
"(2104, 89)",1,1.01
"(101, 701)",1,1.01
"(626, 1119)",1,1.01
"(160, 1471)",1,1.01
"(323, 1939)",1,1.01
"(276, 2052)",1,1.01
"(289, 122)",1,1.01
"(958, 135)",1,1.01
"(94, 641)",1,1.01
"(163, 958)",1,1.01
"(1546, 157)",1,1.01
"(171, 245)",1,1.01
"(160, 1546)",1,1.01
"(226, 1717)",1,1.01
"(339, 160)",1,1.01
"(183, 97)",1,1.01
"(2915, 2199)",1,1.01
"(2050, 101)",1,1.01
"(1717, 1288)",1,1.01
"(706, 560)",1,1.01
"(659, 2050)",1,1.01
"(112, 659)",1,1.01
"(690, 147)",1,1.01
"(117, 690)",1,1.01
"(1786, 94)",1,1.01
"(481, 96)",1,1.01
"(2755, 59)",1,1.01
"(303, 874)",1,1.01
"(1501, 481)",1,1.01
"(117, 1501)",1,1.01
"(874, 88)",1,1.01
"(157, 1474)",1,1.01
"(213, 171)",1,1.01
"(88, 2935)",1,1.01
"(202, 102)",1,1.01
"(2664, 97)",1,1.01
"(340, 2664)",1,1.01
"(310, 160)",1,1.01
"(135, 178)",1,1.01
"(870, 147)",1,1.01
"(89, 1501)",1,1.01
"(1501, 280)",1,1.01
"(163, 2524)",1,1.01
"(243, 202)",1,1.01
"(389, 89)",1,1.01
"(1316, 453)",1,1.01
"(547, 216)",1,1.01
"(2065, 264)",1,1.01
"(289, 547)",1,1.01
"(951, 289)",1,1.01
"(78, 113)",1,1.01
"(93, 1189)",1,1.01
"(154, 334)",1,1.01
"(797, 88)",1,1.01
"(102, 797)",1,1.01
"(409, 704)",1,1.01
"(160, 650)",1,1.01
"(1439, 9)",1,1.01
"(166, 2871)",1,1.01
"(2262, 102)",1,1.01
"(188, 2262)",1,1.01
"(1863, 93)",1,1.01
"(506, 183)",1,1.01
"(2621, 102)",1,1.01
"(225, 290)",1,1.01
"(369, 1884)",1,1.01
"(1653, 369)",1,1.01
"(415, 218)",1,1.01
"(2871, 1130)",1,1.01
"(2969, 6)",1,1.01
"(1968, 1402)",1,1.01
"(73, 1227)",1,1.01
"(453, 132)",1,1.01
"(1360, 290)",1,1.01
"(1227, 6)",1,1.01
"(190, 1599)",1,1.01
"(1545, 147)",1,1.01
"(163, 2227)",1,1.01
"(445, 190)",1,1.01
"(2150, 385)",1,1.01
"(290, 445)",1,1.01
"(451, 506)",1,1.01
"(1289, 2621)",1,1.01
"(54, 1289)",1,1.01
"(1084, 437)",1,1.01
"(894, 536)",1,1.01
"(1545, 359)",1,1.01
"(310, 1545)",1,1.01
"(919, 310)",1,1.01
"(54, 919)",1,1.01
"(429, 271)",1,1.01
"(97, 429)",1,1.01
"(1983, 666)",1,1.01
"(197, 1983)",1,1.01
"(1286, 197)",1,1.01
"(903, 3)",1,1.01
"(93, 1352)",1,1.01
"(1352, 390)",1,1.01
"(2103, 11)",1,1.01
"(271, 2103)",1,1.01
"(280, 1400)",1,1.01
"(201, 271)",1,1.01
"(1281, 201)",1,1.01
"(198, 61)",1,1.01
"(167, 216)",1,1.01
"(264, 167)",1,1.01
"(353, 1323)",1,1.01
"(636, 290)",1,1.01
"(93, 636)",1,1.01
"(1640, 705)",1,1.01
"(1400, 1229)",1,1.01
"(342, 61)",1,1.01
"(430, 94)",1,1.01
"(237, 416)",1,1.01
"(833, 237)",1,1.01
"(252, 2559)",1,1.01
"(2704, 147)",1,1.01
"(2559, 416)",1,1.01
"(73, 1309)",1,1.01
"(1315, 130)",1,1.01
"(823, 1315)",1,1.01
"(2477, 685)",1,1.01
"(134, 2477)",1,1.01
"(67, 134)",1,1.01
"(167, 67)",1,1.01
"(1036, 9)",1,1.01
"(6, 460)",1,1.01
"(2157, 1274)",1,1.01
"(89, 1663)",1,1.01
"(54, 1119)",1,1.01
"(546, 105)",1,1.01
"(72, 167)",1,1.01
"(705, 97)",1,1.01
"(102, 1016)",1,1.01
"(371, 1640)",1,1.01
"(1323, 117)",1,1.01
"(73, 2559)",1,1.01
"(670, 54)",1,1.01
"(9, 1035)",1,1.01
"(157, 172)",1,1.01
"(153, 701)",1,1.01
"(1035, 708)",1,1.01
"(188, 1923)",1,1.01
"(691, 153)",1,1.01
"(212, 1884)",1,1.01
"(56, 212)",1,1.01
"(153, 442)",1,1.01
"(442, 758)",1,1.01
"(758, 155)",1,1.01
"(637, 728)",1,1.01
"(113, 288)",1,1.01
"(359, 190)",1,1.01
"(1014, 153)",1,1.01
"(282, 290)",1,1.01
"(1640, 282)",1,1.01
"(640, 89)",1,1.01
"(89, 690)",1,1.01
"(1402, 89)",1,1.01
"(254, 872)",1,1.01
"(144, 55)",1,1.01
"(572, 72)",1,1.01
"(143, 572)",1,1.01
"(1141, 143)",1,1.01
"(59, 1141)",1,1.01
"(296, 237)",1,1.01
"(2932, 98)",1,1.01
"(135, 924)",1,1.01
"(6, 2932)",1,1.01
"(861, 89)",1,1.01
"(93, 861)",1,1.01
"(524, 101)",1,1.01
"(1202, 163)",1,1.01
"(54, 524)",1,1.01
"(1422, 54)",1,1.01
"(2557, 219)",1,1.01
"(9, 1422)",1,1.01
"(481, 873)",1,1.01
"(130, 109)",1,1.01
"(204, 2400)",1,1.01
"(128, 446)",1,1.01
"(109, 685)",1,1.01
"(2616, 261)",1,1.01
"(134, 538)",1,1.01
"(538, 190)",1,1.01
"(1485, 397)",1,1.01
"(453, 270)",1,1.01
"(336, 415)",1,1.01
"(345, 58)",1,1.01
"(153, 352)",1,1.01
"(1891, 101)",1,1.01
"(188, 1891)",1,1.01
"(134, 188)",1,1.01
"(103, 134)",1,1.01
"(728, 103)",1,1.01
"(117, 728)",1,1.01
"(2409, 201)",1,1.01
"(352, 389)",1,1.01
"(833, 431)",1,1.01
"(403, 2409)",1,1.01
"(1231, 34)",1,1.01
"(2404, 403)",1,1.01
"(1159, 296)",1,1.01
"(204, 2404)",1,1.01
"(1360, 204)",1,1.01
"(128, 376)",1,1.01
"(1586, 281)",1,1.01
"(377, 1586)",1,1.01
"(6, 288)",1,1.01
"(6, 516)",1,1.01
"(140, 72)",1,1.01
"(4, 2936)",1,1.01
"(990, 270)",1,1.01
"(733, 4)",1,1.01
"(1235, 733)",1,1.01
"(200, 188)",1,1.01
"(340, 1235)",1,1.01
"(1557, 785)",1,1.01
"(188, 127)",1,1.01
"(127, 1522)",1,1.01
"(1522, 197)",1,1.01
"(1943, 2642)",1,1.01
"(1070, 1943)",1,1.01
"(9, 1070)",1,1.01
"(184, 188)",1,1.01
"(415, 134)",1,1.01
"(183, 555)",1,1.01
"(356, 153)",1,1.01
"(72, 555)",1,1.01
"(90, 234)",1,1.01
"(2482, 90)",1,1.01
"(271, 2482)",1,1.01
"(144, 271)",1,1.01
"(385, 144)",1,1.01
"(2936, 143)",1,1.01
"(2796, 2576)",1,1.01
"(54, 2688)",1,1.01
"(6, 2796)",1,1.01
"(141, 6)",1,1.01
"(134, 647)",1,1.01
"(190, 214)",1,1.01
"(34, 2066)",1,1.01
"(2139, 190)",1,1.01
"(2066, 453)",1,1.01
"(102, 2139)",1,1.01
"(153, 6)",1,1.01
"(453, 1753)",1,1.01
"(3, 153)",1,1.01
"(1753, 241)",1,1.01
"(2775, 11)",1,1.01
"(826, 188)",1,1.01
"(201, 2775)",1,1.01
"(596, 292)",1,1.01
"(649, 153)",1,1.01
"(1245, 1526)",1,1.01
"(1213, 54)",1,1.01
"(163, 664)",1,1.01
"(143, 190)",1,1.01
"(2884, 546)",1,1.01
"(300, 2884)",1,1.01
"(128, 1560)",1,1.01
"(90, 859)",1,1.01
"(1871, 350)",1,1.01
"(918, 1663)",1,1.01
"(342, 388)",1,1.01
"(1663, 101)",1,1.01
"(1035, 2339)",1,1.01
"(733, 161)",1,1.01
"(1751, 270)",1,1.01
"(118, 229)",1,1.01
"(2371, 96)",1,1.01
"(111, 102)",1,1.01
"(102, 2916)",1,1.01
"(426, 1912)",1,1.01
"(859, 290)",1,1.01
"(118, 142)",1,1.01
"(223, 2116)",1,1.01
"(117, 56)",1,1.01
"(396, 97)",1,1.01
"(128, 731)",1,1.01
"(622, 23)",1,1.01
"(142, 819)",1,1.01
"(819, 1247)",1,1.01
"(1247, 2851)",1,1.01
"(72, 2288)",1,1.01
"(147, 827)",1,1.01
"(97, 264)",1,1.01
"(399, 96)",1,1.01
"(375, 1785)",1,1.01
"(2082, 1955)",1,1.01
"(477, 99)",1,1.01
"(1038, 89)",1,1.01
"(1663, 113)",1,1.01
"(272, 71)",1,1.01
"(134, 1663)",1,1.01
"(1305, 263)",1,1.01
"(181, 700)",1,1.01
"(371, 97)",1,1.01
"(176, 267)",1,1.01
"(328, 2575)",1,1.01
"(267, 182)",1,1.01
"(668, 153)",1,1.01
"(190, 271)",1,1.01
"(680, 96)",1,1.01
"(93, 724)",1,1.01
"(1251, 93)",1,1.01
"(135, 1203)",1,1.01
"(253, 66)",1,1.01
"(607, 628)",1,1.01
"(4, 353)",1,1.01
"(109, 1751)",1,1.01
"(89, 290)",1,1.01
"(2366, 96)",1,1.01
"(160, 996)",1,1.01
"(262, 109)",1,1.01
"(508, 2134)",1,1.01
"(451, 825)",1,1.01
"(100, 2087)",1,1.01
"(79, 100)",1,1.01
"(122, 79)",1,1.01
"(528, 59)",1,1.01
"(708, 2508)",1,1.01
"(1204, 451)",1,1.01
"(402, 290)",1,1.01
"(340, 99)",1,1.01
"(117, 340)",1,1.01
"(361, 290)",1,1.01
"(99, 283)",1,1.01
"(204, 2232)",1,1.01
"(388, 204)",1,1.01
"(1663, 555)",1,1.01
"(166, 1761)",1,1.01
"(336, 1286)",1,1.01
"(99, 717)",1,1.01
"(996, 457)",1,1.01
"(1479, 2366)",1,1.01
"(135, 1301)",1,1.01
"(1403, 991)",1,1.01
"(708, 93)",1,1.01
"(154, 1356)",1,1.01
"(1356, 127)",1,1.01
"(127, 560)",1,1.01
"(90, 249)",1,1.01
"(560, 359)",1,1.01
"(705, 109)",1,1.01
"(1765, 2305)",1,1.01
"(153, 506)",1,1.01
"(2305, 532)",1,1.01
"(179, 2395)",1,1.01
"(532, 125)",1,1.01
"(125, 624)",1,1.01
"(389, 179)",1,1.01
"(502, 153)",1,1.01
"(2867, 502)",1,1.01
"(78, 2867)",1,1.01
"(624, 134)",1,1.01
"(147, 2671)",1,1.01
"(400, 98)",1,1.01
"(28, 1494)",1,1.01
"(1733, 25)",1,1.01
"(2632, 252)",1,1.01
"(190, 2059)",1,1.01
"(310, 290)",1,1.01
"(493, 1128)",1,1.01
"(694, 89)",1,1.01
"(201, 2913)",1,1.01
"(2913, 1820)",1,1.01
"(686, 493)",1,1.01
"(190, 161)",1,1.01
"(73, 597)",1,1.01
"(161, 104)",1,1.01
"(434, 109)",1,1.01
"(181, 1050)",1,1.01
"(104, 245)",1,1.01
"(1038, 1302)",1,1.01
"(437, 147)",1,1.01
"(295, 371)",1,1.01
"(596, 155)",1,1.01
"(64, 295)",1,1.01
"(268, 64)",1,1.01
"(517, 153)",1,1.01
"(6, 757)",1,1.01
"(193, 6)",1,1.01
"(171, 225)",1,1.01
"(169, 694)",1,1.01
"(117, 204)",1,1.01
"(105, 2060)",1,1.01
"(204, 1032)",1,1.01
"(88, 426)",1,1.01
"(136, 197)",1,1.01
"(996, 1984)",1,1.01
"(167, 1007)",1,1.01
"(34, 2604)",1,1.01
"(1225, 1038)",1,1.01
"(88, 1225)",1,1.01
"(73, 422)",1,1.01
"(422, 1006)",1,1.01
"(226, 2059)",1,1.01
"(905, 272)",1,1.01
"(1011, 905)",1,1.01
"(353, 506)",1,1.01
"(2748, 9)",1,1.01
"(2059, 237)",1,1.01
"(78, 2748)",1,1.01
"(72, 1344)",1,1.01
"(1663, 147)",1,1.01
"(179, 416)",1,1.01
"(1032, 290)",1,1.01
"(237, 169)",1,1.01
"(225, 104)",1,1.01
"(1412, 416)",1,1.01
"(392, 2632)",1,1.01
"(135, 165)",1,1.01
"(687, 135)",1,1.01
"(1059, 437)",1,1.01
"(369, 261)",1,1.01
"(657, 1271)",1,1.01
"(982, 93)",1,1.01
"(160, 208)",1,1.01
"(100, 502)",1,1.01
"(135, 156)",1,1.01
"(315, 135)",1,1.01
"(188, 485)",1,1.01
"(606, 869)",1,1.01
"(117, 2901)",1,1.01
"(2366, 117)",1,1.01
"(894, 1855)",1,1.01
"(869, 1193)",1,1.01
"(1193, 481)",1,1.01
"(63, 54)",1,1.01
"(1123, 161)",1,1.01
"(144, 392)",1,1.01
"(153, 220)",1,1.01
"(2059, 270)",1,1.01
"(127, 1059)",1,1.01
"(1095, 1527)",1,1.01
"(161, 1412)",1,1.01
"(109, 1631)",1,1.01
"(833, 161)",1,1.01
"(190, 833)",1,1.01
"(303, 313)",1,1.01
"(436, 171)",1,1.01
"(313, 396)",1,1.01
"(25, 2015)",1,1.01
"(6, 270)",1,1.01
"(298, 109)",1,1.01
"(109, 274)",1,1.01
"(1553, 815)",1,1.01
"(274, 440)",1,1.01
"(440, 492)",1,1.01
"(1401, 93)",1,1.01
"(132, 63)",1,1.01
"(72, 63)",1,1.01
"(2957, 1200)",1,1.01
"(991, 650)",1,1.01
"(464, 73)",1,1.01
"(336, 132)",1,1.01
"(486, 1084)",1,1.01
"(1631, 190)",1,1.01
"(172, 579)",1,1.01
"(93, 972)",1,1.01
"(1162, 153)",1,1.01
"(2463, 2393)",1,1.01
"(589, 1629)",1,1.01
"(297, 2472)",1,1.01
"(421, 297)",1,1.01
"(181, 504)",1,1.01
"(653, 11)",1,1.01
"(213, 653)",1,1.01
"(396, 416)",1,1.01
"(168, 255)",1,1.01
"(59, 168)",1,1.01
"(523, 59)",1,1.01
"(166, 367)",1,1.01
"(371, 415)",1,1.01
"(172, 2463)",1,1.01
"(109, 678)",1,1.01
"(1890, 358)",1,1.01
"(367, 951)",1,1.01
"(54, 1890)",1,1.01
"(1082, 826)",1,1.01
"(951, 94)",1,1.01
"(93, 1082)",1,1.01
"(952, 153)",1,1.01
"(41, 1188)",1,1.01
"(436, 1035)",1,1.01
"(1629, 88)",1,1.01
"(88, 2536)",1,1.01
"(2133, 421)",1,1.01
"(2802, 93)",1,1.01
"(1302, 153)",1,1.01
"(155, 678)",1,1.01
"(134, 504)",1,1.01
"(921, 129)",1,1.01
"(127, 647)",1,1.01
"(959, 127)",1,1.01
"(188, 155)",1,1.01
"(725, 959)",1,1.01
"(132, 59)",1,1.01
"(6, 725)",1,1.01
"(2280, 89)",1,1.01
"(117, 2280)",1,1.01
"(554, 267)",1,1.01
"(95, 270)",1,1.01
"(1109, 2133)",1,1.01
"(1184, 429)",1,1.01
"(1463, 2066)",1,1.01
"(1035, 554)",1,1.01
"(190, 704)",1,1.01
"(57, 379)",1,1.01
"(1280, 129)",1,1.01
"(1505, 10)",1,1.01
"(2468, 1280)",1,1.01
"(66, 230)",1,1.01
"(88, 1096)",1,1.01
"(230, 109)",1,1.01
"(1096, 11)",1,1.01
"(100, 93)",1,1.01
"(416, 547)",1,1.01
"(268, 55)",1,1.01
"(547, 344)",1,1.01
"(2293, 712)",1,1.01
"(344, 388)",1,1.01
"(265, 11)",1,1.01
"(160, 377)",1,1.01
"(141, 371)",1,1.01
"(1544, 89)",1,1.01
"(93, 1662)",1,1.01
"(93, 1200)",1,1.01
"(187, 971)",1,1.01
"(548, 508)",1,1.01
"(98, 1813)",1,1.01
"(1345, 2778)",1,1.01
"(2778, 106)",1,1.01
"(846, 9)",1,1.01
"(976, 304)",1,1.01
"(220, 102)",1,1.01
"(10, 169)",1,1.01
"(99, 149)",1,1.01
"(336, 1375)",1,1.01
"(388, 171)",1,1.01
"(1375, 1696)",1,1.01
"(959, 155)",1,1.01
"(986, 388)",1,1.01
"(2651, 2562)",1,1.01
"(290, 2651)",1,1.01
"(142, 102)",1,1.01
"(34, 389)",1,1.01
"(2150, 128)",1,1.01
"(219, 93)",1,1.01
"(1967, 219)",1,1.01
"(2742, 118)",1,1.01
"(833, 109)",1,1.01
"(1607, 116)",1,1.01
"(647, 489)",1,1.01
"(641, 359)",1,1.01
"(371, 647)",1,1.01
"(2548, 11)",1,1.01
"(1082, 2548)",1,1.01
"(359, 976)",1,1.01
"(678, 622)",1,1.01
"(72, 665)",1,1.01
"(117, 57)",1,1.01
"(1284, 2462)",1,1.01
"(171, 88)",1,1.01
"(2099, 339)",1,1.01
"(617, 2099)",1,1.01
"(158, 617)",1,1.01
"(2058, 158)",1,1.01
"(709, 94)",1,1.01
"(403, 361)",1,1.01
"(797, 403)",1,1.01
"(101, 797)",1,1.01
"(1322, 2414)",1,1.01
"(142, 6)",1,1.01
"(554, 142)",1,1.01
"(828, 219)",1,1.01
"(571, 437)",1,1.01
"(635, 828)",1,1.01
"(97, 1970)",1,1.01
"(1360, 219)",1,1.01
"(615, 454)",1,1.01
"(2414, 237)",1,1.01
"(1425, 101)",1,1.01
"(388, 577)",1,1.01
"(158, 1322)",1,1.01
"(988, 571)",1,1.01
"(2860, 11)",1,1.01
"(6, 988)",1,1.01
"(2085, 9)",1,1.01
"(747, 155)",1,1.01
"(108, 429)",1,1.01
"(336, 715)",1,1.01
"(429, 437)",1,1.01
"(1435, 94)",1,1.01
"(156, 1435)",1,1.01
"(437, 6)",1,1.01
"(344, 72)",1,1.01
"(1545, 271)",1,1.01
"(271, 817)",1,1.01
"(153, 344)",1,1.01
"(817, 320)",1,1.01
"(320, 89)",1,1.01
"(909, 104)",1,1.01
"(1496, 102)",1,1.01
"(2606, 57)",1,1.01
"(201, 2606)",1,1.01
"(476, 109)",1,1.01
"(2305, 106)",1,1.01
"(72, 181)",1,1.01
"(1123, 89)",1,1.01
"(739, 116)",1,1.01
"(1521, 134)",1,1.01
"(156, 58)",1,1.01
"(117, 34)",1,1.01
"(2978, 24)",1,1.01
"(486, 2978)",1,1.01
"(129, 728)",1,1.01
"(108, 1103)",1,1.01
"(495, 353)",1,1.01
"(213, 495)",1,1.01
"(1103, 89)",1,1.01
"(134, 109)",1,1.01
"(6, 831)",1,1.01
"(240, 76)",1,1.01
"(443, 127)",1,1.01
"(2468, 443)",1,1.01
"(911, 2468)",1,1.01
"(6, 161)",1,1.01
"(1157, 2811)",1,1.01
"(88, 1157)",1,1.01
"(6, 172)",1,1.01
"(1508, 89)",1,1.01
"(268, 1508)",1,1.01
"(1078, 290)",1,1.01
"(58, 6)",1,1.01
"(90, 156)",1,1.01
"(263, 1015)",1,1.01
"(127, 1807)",1,1.01
"(389, 1128)",1,1.01
"(506, 389)",1,1.01
"(106, 506)",1,1.01
"(2136, 25)",1,1.01
"(907, 380)",1,1.01
"(108, 254)",1,1.01
"(127, 1284)",1,1.01
"(101, 1501)",1,1.01
"(1183, 88)",1,1.01
"(409, 1183)",1,1.01
"(823, 233)",1,1.01
"(1284, 50)",1,1.01
"(50, 90)",1,1.01
"(3, 288)",1,1.01
"(57, 3)",1,1.01
"(1151, 2348)",1,1.01
"(2392, 1151)",1,1.01
"(299, 2392)",1,1.01
"(54, 299)",1,1.01
"(94, 134)",1,1.01
"(1807, 89)",1,1.01
"(2662, 101)",1,1.01
"(99, 286)",1,1.01
"(2557, 11)",1,1.01
"(97, 301)",1,1.01
"(127, 160)",1,1.01
"(942, 823)",1,1.01
"(160, 768)",1,1.01
"(255, 1252)",1,1.01
"(481, 166)",1,1.01
"(72, 481)",1,1.01
"(301, 72)",1,1.01
"(1204, 117)",1,1.01
"(519, 264)",1,1.01
"(1703, 213)",1,1.01
"(873, 97)",1,1.01
"(810, 2546)",1,1.01
"(163, 711)",1,1.01
"(97, 2116)",1,1.01
"(1624, 11)",1,1.01
"(110, 75)",1,1.01
"(93, 110)",1,1.01
"(1424, 108)",1,1.01
"(6, 1424)",1,1.01
"(9, 1025)",1,1.01
"(181, 1225)",1,1.01
"(78, 1090)",1,1.01
"(2748, 127)",1,1.01
"(489, 2748)",1,1.01
"(57, 597)",1,1.01
"(597, 197)",1,1.01
"(43, 103)",1,1.01
"(6, 43)",1,1.01
"(135, 9)",1,1.01
"(6, 55)",1,1.01
"(2609, 89)",1,1.01
"(127, 2609)",1,1.01
"(93, 572)",1,1.01
"(186, 290)",1,1.01
"(89, 674)",1,1.01
"(348, 942)",1,1.01
"(135, 1339)",1,1.01
"(1606, 89)",1,1.01
"(128, 1606)",1,1.01
"(290, 2936)",1,1.01
"(2936, 94)",1,1.01
"(94, 550)",1,1.01
"(10, 128)",1,1.01
"(445, 161)",1,1.01
"(161, 171)",1,1.01
"(159, 55)",1,1.01
"(671, 159)",1,1.01
"(1484, 169)",1,1.01
"(2574, 416)",1,1.01
"(11, 2574)",1,1.01
"(113, 132)",1,1.01
"(941, 113)",1,1.01
"(2370, 1686)",1,1.01
"(2828, 2370)",1,1.01
"(141, 59)",1,1.01
"(203, 440)",1,1.01
"(922, 1143)",1,1.01
"(545, 618)",1,1.01
"(300, 1264)",1,1.01
"(1673, 89)",1,1.01
"(93, 1673)",1,1.01
"(2408, 101)",1,1.01
"(2942, 745)",1,1.01
"(1872, 61)",1,1.01
"(745, 1606)",1,1.01
"(1606, 11)",1,1.01
"(186, 874)",1,1.01
"(911, 128)",1,1.01
"(290, 339)",1,1.01
"(6, 339)",1,1.01
"(339, 2557)",1,1.01
"(241, 896)",1,1.01
"(2120, 2942)",1,1.01
"(696, 98)",1,1.01
"(964, 523)",1,1.01
"(114, 504)",1,1.01
"(6, 116)",1,1.01
"(446, 6)",1,1.01
"(1213, 319)",1,1.01
"(833, 1213)",1,1.01
"(966, 833)",1,1.01
"(1065, 1266)",1,1.01
"(416, 213)",1,1.01
"(1262, 54)",1,1.01
"(882, 102)",1,1.01
"(9, 1262)",1,1.01
"(54, 2120)",1,1.01
"(2235, 155)",1,1.01
"(166, 2235)",1,1.01
"(734, 290)",1,1.01
"(169, 734)",1,1.01
"(213, 150)",1,1.01
"(289, 369)",1,1.01
"(1231, 289)",1,1.01
"(155, 290)",1,1.01
"(2850, 172)",1,1.01
"(336, 2850)",1,1.01
"(9, 1028)",1,1.01
"(143, 628)",1,1.01
"(377, 11)",1,1.01
"(687, 741)",1,1.01
"(117, 511)",1,1.01
"(163, 503)",1,1.01
"(958, 171)",1,1.01
"(419, 958)",1,1.01
"(503, 932)",1,1.01
"(353, 315)",1,1.01
"(290, 508)",1,1.01
"(415, 815)",1,1.01
"(815, 153)",1,1.01
"(190, 149)",1,1.01
"(415, 700)",1,1.01
"(596, 190)",1,1.01
"(952, 9)",1,1.01
"(477, 89)",1,1.01
"(6, 1091)",1,1.01
"(99, 377)",1,1.01
"(11, 2786)",1,1.01
"(153, 2998)",1,1.01
"(2364, 1324)",1,1.01
"(54, 739)",1,1.01
"(73, 2713)",1,1.01
"(105, 353)",1,1.01
"(290, 319)",1,1.01
"(739, 103)",1,1.01
"(319, 78)",1,1.01
"(865, 109)",1,1.01
"(73, 214)",1,1.01
"(1035, 990)",1,1.01
"(163, 646)",1,1.01
"(260, 831)",1,1.01
"(78, 260)",1,1.01
"(865, 190)",1,1.01
"(106, 2050)",1,1.01
"(117, 315)",1,1.01
"(992, 142)",1,1.01
"(69, 1586)",1,1.01
"(1586, 926)",1,1.01
"(241, 438)",1,1.01
"(6, 109)",1,1.01
"(93, 1035)",1,1.01
"(958, 241)",1,1.01
"(371, 958)",1,1.01
"(636, 797)",1,1.01
"(797, 89)",1,1.01
"(78, 94)",1,1.01
"(2705, 109)",1,1.01
"(2713, 258)",1,1.01
"(93, 1903)",1,1.01
"(2150, 647)",1,1.01
"(1300, 138)",1,1.01
"(2372, 9)",1,1.01
"(263, 915)",1,1.01
"(1536, 89)",1,1.01
"(142, 1536)",1,1.01
"(2960, 142)",1,1.01
"(503, 2960)",1,1.01
"(1577, 101)",1,1.01
"(369, 290)",1,1.01
"(89, 503)",1,1.01
"(1283, 24)",1,1.01
"(181, 469)",1,1.01
"(376, 925)",1,1.01
"(1545, 89)",1,1.01
"(977, 54)",1,1.01
"(934, 553)",1,1.01
"(303, 184)",1,1.01
"(931, 2307)",1,1.01
"(2932, 931)",1,1.01
"(774, 2932)",1,1.01
"(852, 348)",1,1.01
"(1028, 114)",1,1.01
"(117, 503)",1,1.01
"(88, 1577)",1,1.01
"(1443, 2531)",1,1.01
"(62, 88)",1,1.01
"(2197, 134)",1,1.01
"(281, 2197)",1,1.01
"(134, 288)",1,1.01
"(99, 2462)",1,1.01
"(105, 728)",1,1.01
"(302, 949)",1,1.01
"(731, 206)",1,1.01
"(107, 731)",1,1.01
"(2871, 93)",1,1.01
"(6, 2871)",1,1.01
"(160, 711)",1,1.01
"(2063, 280)",1,1.01
"(2009, 1501)",1,1.01
"(1084, 2009)",1,1.01
"(1478, 88)",1,1.01
"(153, 1478)",1,1.01
"(1204, 184)",1,1.01
"(1791, 9)",1,1.01
"(197, 220)",1,1.01
"(1711, 316)",1,1.01
"(1750, 191)",1,1.01
"(136, 1623)",1,1.01
"(1207, 153)",1,1.01
"(54, 1472)",1,1.01
"(129, 475)",1,1.01
"(171, 2304)",1,1.01
"(2741, 197)",1,1.01
"(34, 2741)",1,1.01
"(1177, 1262)",1,1.01
"(2096, 1177)",1,1.01
"(1597, 258)",1,1.01
"(190, 344)",1,1.01
"(134, 1445)",1,1.01
"(2107, 1502)",1,1.01
"(1445, 95)",1,1.01
"(127, 113)",1,1.01
"(1431, 2661)",1,1.01
"(117, 701)",1,1.01
"(4, 1682)",1,1.01
"(344, 4)",1,1.01
"(877, 344)",1,1.01
"(2674, 877)",1,1.01
"(95, 449)",1,1.01
"(552, 2674)",1,1.01
"(180, 570)",1,1.01
"(250, 191)",1,1.01
"(570, 290)",1,1.01
"(2304, 893)",1,1.01
"(130, 75)",1,1.01
"(97, 2188)",1,1.01
"(2135, 717)",1,1.01
"(382, 985)",1,1.01
"(300, 812)",1,1.01
"(502, 620)",1,1.01
"(166, 1744)",1,1.01
"(678, 286)",1,1.01
"(382, 678)",1,1.01
"(620, 93)",1,1.01
"(302, 1527)",1,1.01
"(413, 292)",1,1.01
"(748, 413)",1,1.01
"(388, 604)",1,1.01
"(1527, 631)",1,1.01
"(587, 2330)",1,1.01
"(397, 10)",1,1.01
"(734, 9)",1,1.01
"(483, 635)",1,1.01
"(423, 734)",1,1.01
"(894, 2909)",1,1.01
"(34, 587)",1,1.01
"(1180, 191)",1,1.01
"(101, 1180)",1,1.01
"(44, 250)",1,1.01
"(1713, 270)",1,1.01
"(528, 166)",1,1.01
"(302, 144)",1,1.01
"(1403, 102)",1,1.01
"(332, 203)",1,1.01
"(181, 110)",1,1.01
"(538, 332)",1,1.01
"(483, 538)",1,1.01
"(840, 407)",1,1.01
"(864, 134)",1,1.01
"(1283, 197)",1,1.01
"(349, 91)",1,1.01
"(241, 2423)",1,1.01
"(431, 241)",1,1.01
"(227, 134)",1,1.01
"(378, 227)",1,1.01
"(89, 576)",1,1.01
"(2328, 11)",1,1.01
"(197, 431)",1,1.01
"(88, 2328)",1,1.01
"(160, 2864)",1,1.01
"(2864, 9)",1,1.01
"(2831, 147)",1,1.01
"(97, 2831)",1,1.01
"(203, 302)",1,1.01
"(274, 1644)",1,1.01
"(166, 376)",1,1.01
"(1460, 54)",1,1.01
"(376, 493)",1,1.01
"(493, 690)",1,1.01
"(690, 1879)",1,1.01
"(1998, 802)",1,1.01
"(144, 1998)",1,1.01
"(1879, 1146)",1,1.01
"(226, 243)",1,1.01
"(1146, 1191)",1,1.01
"(2404, 426)",1,1.01
"(582, 2404)",1,1.01
"(256, 94)",1,1.01
"(241, 743)",1,1.01
"(89, 2559)",1,1.01
"(541, 907)",1,1.01
"(552, 949)",1,1.01
"(372, 1663)",1,1.01
"(576, 109)",1,1.01
"(495, 161)",1,1.01
"(451, 495)",1,1.01
"(188, 1969)",1,1.01
"(282, 2037)",1,1.01
"(211, 98)",1,1.01
"(429, 117)",1,1.01
"(179, 1483)",1,1.01
"(1669, 94)",1,1.01
"(945, 113)",1,1.01
"(545, 519)",1,1.01
"(519, 1069)",1,1.01
"(57, 410)",1,1.01
"(41, 745)",1,1.01
"(427, 201)",1,1.01
"(303, 109)",1,1.01
"(72, 2024)",1,1.01
"(166, 1775)",1,1.01
"(1204, 104)",1,1.01
"(685, 2671)",1,1.01
"(336, 263)",1,1.01
"(1085, 522)",1,1.01
"(144, 1085)",1,1.01
"(1178, 245)",1,1.01
"(317, 89)",1,1.01
"(272, 144)",1,1.01
"(1076, 59)",1,1.01
"(117, 396)",1,1.01
"(2330, 11)",1,1.01
"(743, 24)",1,1.01
"(372, 1669)",1,1.01
"(193, 2928)",1,1.01
"(573, 743)",1,1.01
"(2928, 2675)",1,1.01
"(1409, 188)",1,1.01
"(1441, 388)",1,1.01
"(372, 1534)",1,1.01
"(99, 2064)",1,1.01
"(383, 426)",1,1.01
"(131, 94)",1,1.01
"(213, 542)",1,1.01
"(224, 359)",1,1.01
"(1569, 630)",1,1.01
"(300, 1939)",1,1.01
"(9, 1275)",1,1.01
"(1352, 214)",1,1.01
"(1663, 270)",1,1.01
"(405, 101)",1,1.01
"(2689, 9)",1,1.01
"(574, 826)",1,1.01
"(1671, 155)",1,1.01
"(542, 9)",1,1.01
"(72, 1663)",1,1.01
"(201, 584)",1,1.01
"(1193, 545)",1,1.01
"(752, 348)",1,1.01
"(127, 265)",1,1.01
"(9, 949)",1,1.01
"(904, 545)",1,1.01
"(867, 372)",1,1.01
"(376, 102)",1,1.01
"(1441, 258)",1,1.01
"(115, 136)",1,1.01
"(241, 334)",1,1.01
"(870, 241)",1,1.01
"(545, 348)",1,1.01
"(844, 870)",1,1.01
"(1000, 779)",1,1.01
"(348, 1308)",1,1.01
"(1308, 89)",1,1.01
"(378, 127)",1,1.01
"(99, 2026)",1,1.01
"(198, 1382)",1,1.01
"(166, 1084)",1,1.01
"(2564, 89)",1,1.01
"(454, 2564)",1,1.01
"(101, 2174)",1,1.01
"(135, 2156)",1,1.01
"(72, 590)",1,1.01
"(526, 1106)",1,1.01
"(372, 407)",1,1.01
"(400, 89)",1,1.01
"(1244, 89)",1,1.01
"(2740, 166)",1,1.01
"(946, 233)",1,1.01
"(108, 946)",1,1.01
"(378, 116)",1,1.01
"(451, 1581)",1,1.01
"(1581, 102)",1,1.01
"(430, 108)",1,1.01
"(620, 132)",1,1.01
"(141, 808)",1,1.01
"(90, 430)",1,1.01
"(939, 468)",1,1.01
"(341, 573)",1,1.01
"(468, 847)",1,1.01
"(102, 210)",1,1.01
"(372, 183)",1,1.01
"(193, 372)",1,1.01
"(450, 147)",1,1.01
"(95, 904)",1,1.01
"(359, 450)",1,1.01
"(163, 359)",1,1.01
"(2812, 372)",1,1.01
"(166, 2812)",1,1.01
"(503, 214)",1,1.01
"(282, 1599)",1,1.01
"(102, 1901)",1,1.01
"(2327, 197)",1,1.01
"(1876, 143)",1,1.01
"(223, 333)",1,1.01
"(2813, 11)",1,1.01
"(135, 2813)",1,1.01
"(1294, 892)",1,1.01
"(892, 555)",1,1.01
"(453, 135)",1,1.01
"(704, 453)",1,1.01
"(1016, 2645)",1,1.01
"(164, 1551)",1,1.01
"(695, 2327)",1,1.01
"(117, 1777)",1,1.01
"(2797, 695)",1,1.01
"(2645, 147)",1,1.01
"(1551, 3)",1,1.01
"(25, 4)",1,1.01
"(147, 1085)",1,1.01
"(97, 25)",1,1.01
"(106, 97)",1,1.01
"(1517, 106)",1,1.01
"(24, 2091)",1,1.01
"(239, 2288)",1,1.01
"(78, 227)",1,1.01
"(492, 116)",1,1.01
"(704, 1408)",1,1.01
"(872, 3)",1,1.01
"(2173, 160)",1,1.01
"(1358, 97)",1,1.01
"(768, 24)",1,1.01
"(1227, 768)",1,1.01
"(2894, 97)",1,1.01
"(547, 1227)",1,1.01
"(622, 914)",1,1.01
"(1929, 97)",1,1.01
"(2612, 147)",1,1.01
"(106, 508)",1,1.01
"(25, 1929)",1,1.01
"(1408, 3)",1,1.01
"(960, 704)",1,1.01
"(270, 960)",1,1.01
"(1101, 270)",1,1.01
"(290, 1101)",1,1.01
"(1758, 628)",1,1.01
"(9, 1227)",1,1.01
"(1237, 555)",1,1.01
"(1408, 9)",1,1.01
"(1237, 872)",1,1.01
"(907, 24)",1,1.01
"(3, 983)",1,1.01
"(1597, 254)",1,1.01
"(2750, 313)",1,1.01
"(596, 816)",1,1.01
"(34, 596)",1,1.01
"(319, 440)",1,1.01
"(190, 319)",1,1.01
"(649, 190)",1,1.01
"(803, 649)",1,1.01
"(203, 545)",1,1.01
"(483, 2613)",1,1.01
"(2613, 630)",1,1.01
"(304, 203)",1,1.01
"(213, 149)",1,1.01
"(344, 2637)",1,1.01
"(409, 344)",1,1.01
"(188, 861)",1,1.01
"(103, 330)",1,1.01
"(1879, 421)",1,1.01
"(149, 1303)",1,1.01
"(726, 9)",1,1.01
"(97, 344)",1,1.01
"(1302, 97)",1,1.01
"(1303, 942)",1,1.01
"(816, 102)",1,1.01
"(241, 112)",1,1.01
"(2288, 98)",1,1.01
"(181, 1540)",1,1.01
"(89, 1597)",1,1.01
"(2924, 977)",1,1.01
"(1173, 89)",1,1.01
"(2084, 1173)",1,1.01
"(2853, 2084)",1,1.01
"(254, 1412)",1,1.01
"(65, 2853)",1,1.01
"(2396, 1376)",1,1.01
"(89, 3)",1,1.01
"(54, 2648)",1,1.01
"(102, 1597)",1,1.01
"(2091, 9)",1,1.01
"(395, 135)",1,1.01
"(142, 2328)",1,1.01
"(230, 142)",1,1.01
"(178, 6)",1,1.01
"(1221, 172)",1,1.01
"(197, 34)",1,1.01
"(304, 440)",1,1.01
"(128, 2637)",1,1.01
"(1540, 270)",1,1.01
"(163, 2114)",1,1.01
"(127, 1595)",1,1.01
"(1595, 101)",1,1.01
"(1968, 131)",1,1.01
"(706, 508)",1,1.01
"(508, 987)",1,1.01
"(116, 221)",1,1.01
"(959, 2085)",1,1.01
"(2328, 160)",1,1.01
"(127, 2328)",1,1.01
"(550, 97)",1,1.01
"(1510, 93)",1,1.01
"(1976, 88)",1,1.01
"(1149, 1976)",1,1.01
"(2883, 10)",1,1.01
"(1471, 291)",1,1.01
"(394, 630)",1,1.01
"(104, 1471)",1,1.01
"(335, 104)",1,1.01
"(131, 335)",1,1.01
"(323, 131)",1,1.01
"(903, 323)",1,1.01
"(65, 2115)",1,1.01
"(226, 903)",1,1.01
"(54, 2244)",1,1.01
"(2173, 451)",1,1.01
"(239, 536)",1,1.01
"(840, 1478)",1,1.01
"(204, 1921)",1,1.01
"(149, 123)",1,1.01
"(2115, 421)",1,1.01
"(2781, 149)",1,1.01
"(832, 2781)",1,1.01
"(2870, 832)",1,1.01
"(1369, 118)",1,1.01
"(188, 1369)",1,1.01
"(354, 116)",1,1.01
"(840, 188)",1,1.01
"(93, 840)",1,1.01
"(548, 11)",1,1.01
"(1879, 89)",1,1.01
"(102, 1879)",1,1.01
"(1081, 553)",1,1.01
"(371, 24)",1,1.01
"(1917, 102)",1,1.01
"(24, 332)",1,1.01
"(548, 204)",1,1.01
"(1962, 34)",1,1.01
"(1433, 220)",1,1.01
"(451, 2108)",1,1.01
"(1478, 155)",1,1.01
"(34, 840)",1,1.01
"(381, 977)",1,1.01
"(788, 394)",1,1.01
"(2463, 155)",1,1.01
"(2909, 2463)",1,1.01
"(2343, 381)",1,1.01
"(1227, 188)",1,1.01
"(252, 1227)",1,1.01
"(2097, 9)",1,1.01
"(101, 1416)",1,1.01
"(2511, 54)",1,1.01
"(89, 773)",1,1.01
"(131, 182)",1,1.01
"(252, 284)",1,1.01
"(182, 27)",1,1.01
"(892, 1598)",1,1.01
"(2908, 892)",1,1.01
"(255, 2908)",1,1.01
"(489, 1975)",1,1.01
"(1621, 166)",1,1.01
"(372, 1621)",1,1.01
"(410, 372)",1,1.01
"(142, 44)",1,1.01
"(516, 142)",1,1.01
"(97, 2343)",1,1.01
"(1221, 241)",1,1.01
"(475, 313)",1,1.01
"(241, 286)",1,1.01
"(1516, 2174)",1,1.01
"(516, 24)",1,1.01
"(134, 280)",1,1.01
"(198, 1385)",1,1.01
"(489, 2134)",1,1.01
"(2107, 330)",1,1.01
"(2540, 93)",1,1.01
"(2134, 96)",1,1.01
"(188, 2540)",1,1.01
"(2114, 188)",1,1.01
"(1014, 451)",1,1.01
"(528, 237)",1,1.01
"(1411, 263)",1,1.01
"(137, 740)",1,1.01
"(332, 89)",1,1.01
"(740, 1076)",1,1.01
"(333, 332)",1,1.01
"(1325, 1879)",1,1.01
"(34, 104)",1,1.01
"(114, 1275)",1,1.01
"(223, 2106)",1,1.01
"(1560, 88)",1,1.01
"(214, 1063)",1,1.01
"(379, 1918)",1,1.01
"(999, 60)",1,1.01
"(460, 25)",1,1.01
"(629, 56)",1,1.01
"(54, 629)",1,1.01
"(1345, 334)",1,1.01
"(577, 142)",1,1.01
"(748, 88)",1,1.01
"(73, 748)",1,1.01
"(2590, 93)",1,1.01
"(1336, 350)",1,1.01
"(392, 1336)",1,1.01
"(4, 2575)",1,1.01
"(670, 96)",1,1.01
"(109, 715)",1,1.01
"(715, 453)",1,1.01
"(2274, 288)",1,1.01
"(2324, 34)",1,1.01
"(204, 1658)",1,1.01
"(372, 647)",1,1.01
"(1713, 25)",1,1.01
"(96, 1407)",1,1.01
"(134, 268)",1,1.01
"(1417, 181)",1,1.01
"(128, 1349)",1,1.01
"(288, 383)",1,1.01
"(383, 2437)",1,1.01
"(2837, 160)",1,1.01
"(1400, 238)",1,1.01
"(97, 1400)",1,1.01
"(201, 28)",1,1.01
"(290, 1564)",1,1.01
"(419, 136)",1,1.01
"(74, 419)",1,1.01
"(1564, 102)",1,1.01
"(1257, 1911)",1,1.01
"(102, 570)",1,1.01
"(610, 9)",1,1.01
"(9, 2239)",1,1.01
"(570, 93)",1,1.01
"(72, 415)",1,1.01
"(93, 432)",1,1.01
"(432, 98)",1,1.01
"(153, 906)",1,1.01
"(1779, 667)",1,1.01
"(725, 2462)",1,1.01
"(630, 725)",1,1.01
"(667, 11)",1,1.01
"(160, 630)",1,1.01
"(605, 104)",1,1.01
"(293, 1194)",1,1.01
"(2110, 172)",1,1.01
"(106, 390)",1,1.01
"(136, 1100)",1,1.01
"(9, 2747)",1,1.01
"(1100, 155)",1,1.01
"(1417, 201)",1,1.01
"(2062, 11)",1,1.01
"(1516, 1057)",1,1.01
"(1057, 1323)",1,1.01
"(415, 188)",1,1.01
"(1323, 106)",1,1.01
"(132, 421)",1,1.01
"(1545, 270)",1,1.01
"(788, 1161)",1,1.01
"(111, 6)",1,1.01
"(1161, 630)",1,1.01
"(1460, 155)",1,1.01
"(302, 1344)",1,1.01
"(372, 2310)",1,1.01
"(2404, 11)",1,1.01
"(509, 1349)",1,1.01
"(204, 509)",1,1.01
"(2747, 310)",1,1.01
"(433, 289)",1,1.01
"(1043, 241)",1,1.01
"(962, 2110)",1,1.01
"(160, 841)",1,1.01
"(263, 962)",1,1.01
"(1055, 9)",1,1.01
"(213, 2687)",1,1.01
"(68, 149)",1,1.01
"(128, 1927)",1,1.01
"(1912, 72)",1,1.01
"(1202, 153)",1,1.01
"(1501, 502)",1,1.01
"(240, 1341)",1,1.01
"(290, 1501)",1,1.01
"(195, 1896)",1,1.01
"(1896, 1444)",1,1.01
"(1019, 290)",1,1.01
"(1100, 241)",1,1.01
"(293, 1019)",1,1.01
"(302, 916)",1,1.01
"(797, 2284)",1,1.01
"(593, 302)",1,1.01
"(73, 1241)",1,1.01
"(1703, 3)",1,1.01
"(288, 264)",1,1.01
"(999, 88)",1,1.01
"(65, 3)",1,1.01
"(364, 1523)",1,1.01
"(555, 1313)",1,1.01
"(237, 392)",1,1.01
"(602, 116)",1,1.01
"(1018, 155)",1,1.01
"(1401, 1200)",1,1.01
"(254, 54)",1,1.01
"(1196, 97)",1,1.01
"(93, 63)",1,1.01
"(160, 422)",1,1.01
"(1249, 89)",1,1.01
"(271, 421)",1,1.01
"(547, 685)",1,1.01
"(685, 240)",1,1.01
"(190, 229)",1,1.01
"(2868, 54)",1,1.01
"(621, 190)",1,1.01
"(503, 271)",1,1.01
"(1065, 1585)",1,1.01
"(1585, 101)",1,1.01
"(940, 381)",1,1.01
"(10, 940)",1,1.01
"(2341, 10)",1,1.01
"(1313, 380)",1,1.01
"(392, 89)",1,1.01
"(127, 3)",1,1.01
"(6, 166)",1,1.01
"(37, 370)",1,1.01
"(1918, 102)",1,1.01
"(451, 1663)",1,1.01
"(2219, 72)",1,1.01
"(290, 2219)",1,1.01
"(201, 290)",1,1.01
"(964, 270)",1,1.01
"(267, 508)",1,1.01
"(90, 311)",1,1.01
"(188, 1278)",1,1.01
"(160, 2135)",1,1.01
"(2135, 203)",1,1.01
"(1280, 127)",1,1.01
"(2663, 61)",1,1.01
"(226, 1280)",1,1.01
"(142, 1663)",1,1.01
"(1000, 135)",1,1.01
"(201, 2080)",1,1.01
"(149, 153)",1,1.01
"(440, 153)",1,1.01
"(147, 2637)",1,1.01
"(172, 2341)",1,1.01
"(3, 654)",1,1.01
"(72, 790)",1,1.01
"(1029, 229)",1,1.01
"(109, 71)",1,1.01
"(1482, 109)",1,1.01
"(58, 582)",1,1.01
"(396, 2878)",1,1.01
"(73, 396)",1,1.01
"(2672, 67)",1,1.01
"(446, 88)",1,1.01
"(2605, 71)",1,1.01
"(506, 2605)",1,1.01
"(802, 160)",1,1.01
"(1763, 802)",1,1.01
"(1753, 534)",1,1.01
"(2680, 1090)",1,1.01
"(1757, 421)",1,1.01
"(1090, 93)",1,1.01
"(99, 2869)",1,1.01
"(2869, 9)",1,1.01
"(109, 1757)",1,1.01
"(2144, 270)",1,1.01
"(241, 2144)",1,1.01
"(873, 1535)",1,1.01
"(71, 1029)",1,1.01
"(1682, 446)",1,1.01
"(2167, 9)",1,1.01
"(336, 296)",1,1.01
"(106, 111)",1,1.01
"(114, 2167)",1,1.01
"(9, 2976)",1,1.01
"(2976, 147)",1,1.01
"(97, 1196)",1,1.01
"(147, 853)",1,1.01
"(1159, 171)",1,1.01
"(117, 1484)",1,1.01
"(1257, 117)",1,1.01
"(630, 127)",1,1.01
"(54, 1752)",1,1.01
"(1752, 101)",1,1.01
"(25, 1682)",1,1.01
"(268, 2703)",1,1.01
"(2863, 161)",1,1.01
"(336, 429)",1,1.01
"(429, 89)",1,1.01
"(147, 2680)",1,1.01
"(98, 229)",1,1.01
"(1193, 98)",1,1.01
"(98, 1193)",1,1.01
"(54, 670)",1,1.01
"(743, 98)",1,1.01
"(1901, 58)",1,1.01
"(97, 525)",1,1.01
"(149, 631)",1,1.01
"(1631, 388)",1,1.01
"(918, 60)",1,1.01
"(816, 11)",1,1.01
"(93, 816)",1,1.01
"(397, 93)",1,1.01
"(711, 397)",1,1.01
"(388, 258)",1,1.01
"(468, 711)",1,1.01
"(271, 171)",1,1.01
"(101, 518)",1,1.01
"(596, 142)",1,1.01
"(1857, 2277)",1,1.01
"(687, 98)",1,1.01
"(1694, 93)",1,1.01
"(117, 1694)",1,1.01
"(1995, 11)",1,1.01
"(135, 1995)",1,1.01
"(1063, 1663)",1,1.01
"(374, 89)",1,1.01
"(9, 1644)",1,1.01
"(197, 2151)",1,1.01
"(1085, 310)",1,1.01
"(755, 369)",1,1.01
"(135, 2262)",1,1.01
"(2262, 160)",1,1.01
"(93, 274)",1,1.01
"(274, 271)",1,1.01
"(2061, 132)",1,1.01
"(2945, 96)",1,1.01
"(54, 641)",1,1.01
"(261, 187)",1,1.01
"(641, 522)",1,1.01
"(522, 310)",1,1.01
"(117, 261)",1,1.01
"(2271, 11)",1,1.01
"(166, 2072)",1,1.01
"(2072, 55)",1,1.01
"(142, 2271)",1,1.01
"(247, 1939)",1,1.01
"(1323, 142)",1,1.01
"(9, 1400)",1,1.01
"(194, 117)",1,1.01
"(1939, 147)",1,1.01
"(1812, 89)",1,1.01
"(1400, 1085)",1,1.01
"(147, 2642)",1,1.01
"(163, 97)",1,1.01
"(97, 290)",1,1.01
"(73, 616)",1,1.01
"(1080, 103)",1,1.01
"(333, 430)",1,1.01
"(406, 1582)",1,1.01
"(1244, 9)",1,1.01
"(116, 988)",1,1.01
"(215, 1244)",1,1.01
"(1801, 1807)",1,1.01
"(392, 1801)",1,1.01
"(2764, 54)",1,1.01
"(1556, 2764)",1,1.01
"(1903, 89)",1,1.01
"(274, 1903)",1,1.01
"(832, 118)",1,1.01
"(1421, 832)",1,1.01
"(9, 1421)",1,1.01
"(88, 79)",1,1.01
"(34, 1800)",1,1.01
"(297, 700)",1,1.01
"(319, 288)",1,1.01
"(1325, 319)",1,1.01
"(757, 1325)",1,1.01
"(415, 254)",1,1.01
"(430, 1080)",1,1.01
"(332, 214)",1,1.01
"(1184, 2022)",1,1.01
"(98, 330)",1,1.01
"(116, 2445)",1,1.01
"(528, 492)",1,1.01
"(351, 34)",1,1.01
"(2445, 1717)",1,1.01
"(1717, 166)",1,1.01
"(2867, 351)",1,1.01
"(950, 2867)",1,1.01
"(1918, 98)",1,1.01
"(72, 174)",1,1.01
"(1289, 142)",1,1.01
"(369, 1289)",1,1.01
"(423, 111)",1,1.01
"(54, 423)",1,1.01
"(423, 155)",1,1.01
"(377, 61)",1,1.01
"(93, 641)",1,1.01
"(1522, 258)",1,1.01
"(117, 1522)",1,1.01
"(577, 584)",1,1.01
"(117, 525)",1,1.01
"(109, 332)",1,1.01
"(391, 9)",1,1.01
"(313, 93)",1,1.01
"(109, 870)",1,1.01
"(252, 2269)",1,1.01
"(924, 307)",1,1.01
"(307, 406)",1,1.01
"(406, 11)",1,1.01
"(1193, 354)",1,1.01
"(379, 6)",1,1.01
"(1545, 90)",1,1.01
"(1187, 89)",1,1.01
"(451, 290)",1,1.01
"(57, 1187)",1,1.01
"(220, 57)",1,1.01
"(223, 220)",1,1.01
"(2061, 89)",1,1.01
"(2466, 2061)",1,1.01
"(105, 2752)",1,1.01
"(2752, 270)",1,1.01
"(879, 111)",1,1.01
"(297, 1211)",1,1.01
"(54, 879)",1,1.01
"(986, 93)",1,1.01
"(755, 986)",1,1.01
"(389, 755)",1,1.01
"(1099, 630)",1,1.01
"(2801, 365)",1,1.01
"(197, 437)",1,1.01
"(109, 924)",1,1.01
"(105, 596)",1,1.01
"(336, 6)",1,1.01
"(1015, 440)",1,1.01
"(552, 245)",1,1.01
"(356, 555)",1,1.01
"(254, 237)",1,1.01
"(353, 744)",1,1.01
"(204, 896)",1,1.01
"(1233, 101)",1,1.01
"(616, 267)",1,1.01
"(1917, 616)",1,1.01
"(896, 93)",1,1.01
"(93, 61)",1,1.01
"(657, 72)",1,1.01
"(2911, 464)",1,1.01
"(9, 2911)",1,1.01
"(1545, 380)",1,1.01
"(380, 109)",1,1.01
"(1695, 9)",1,1.01
"(288, 252)",1,1.01
"(101, 2113)",1,1.01
"(1527, 389)",1,1.01
"(88, 312)",1,1.01
"(1713, 3)",1,1.01
"(295, 281)",1,1.01
"(456, 54)",1,1.01
"(495, 188)",1,1.01
"(2072, 11)",1,1.01
"(302, 2072)",1,1.01
"(265, 155)",1,1.01
"(835, 101)",1,1.01
"(31, 265)",1,1.01
"(166, 1386)",1,1.01
"(2387, 11)",1,1.01
"(263, 2387)",1,1.01
"(1111, 134)",1,1.01
"(88, 2642)",1,1.01
"(483, 1000)",1,1.01
"(303, 489)",1,1.01
"(130, 252)",1,1.01
"(2795, 88)",1,1.01
"(252, 1331)",1,1.01
"(714, 527)",1,1.01
"(2217, 714)",1,1.01
"(391, 555)",1,1.01
"(3, 1684)",1,1.01
"(2662, 73)",1,1.01
"(432, 3)",1,1.01
"(129, 390)",1,1.01
"(1200, 104)",1,1.01
"(103, 1886)",1,1.01
"(2004, 103)",1,1.01
"(1016, 2004)",1,1.01
"(594, 581)",1,1.01
"(315, 237)",1,1.01
"(188, 2133)",1,1.01
"(237, 1307)",1,1.01
"(1307, 171)",1,1.01
"(2278, 288)",1,1.01
"(93, 2988)",1,1.01
"(1130, 73)",1,1.01
"(295, 93)",1,1.01
"(10, 430)",1,1.01
"(1769, 810)",1,1.01
"(1240, 835)",1,1.01
"(555, 1769)",1,1.01
"(844, 555)",1,1.01
"(201, 844)",1,1.01
"(54, 1076)",1,1.01
"(2795, 54)",1,1.01
"(104, 495)",1,1.01
"(383, 242)",1,1.01
"(825, 258)",1,1.01
"(977, 258)",1,1.01
"(2463, 1148)",1,1.01
"(1139, 1189)",1,1.01
"(420, 488)",1,1.01
"(1189, 175)",1,1.01
"(379, 1186)",1,1.01
"(73, 106)",1,1.01
"(72, 2339)",1,1.01
"(819, 9)",1,1.01
"(519, 819)",1,1.01
"(9, 519)",1,1.01
"(1922, 89)",1,1.01
"(104, 1922)",1,1.01
"(903, 104)",1,1.01
"(9, 903)",1,1.01
"(290, 406)",1,1.01
"(2655, 290)",1,1.01
"(584, 1663)",1,1.01
"(941, 584)",1,1.01
"(116, 1278)",1,1.01
"(454, 75)",1,1.01
"(794, 438)",1,1.01
"(2478, 24)",1,1.01
"(88, 2718)",1,1.01
"(227, 258)",1,1.01
"(694, 155)",1,1.01
"(642, 11)",1,1.01
"(167, 280)",1,1.01
"(87, 127)",1,1.01
"(1563, 88)",1,1.01
"(1920, 603)",1,1.01
"(204, 1160)",1,1.01
"(603, 111)",1,1.01
"(953, 136)",1,1.01
"(389, 191)",1,1.01
"(545, 389)",1,1.01
"(380, 2508)",1,1.01
"(775, 290)",1,1.01
"(99, 560)",1,1.01
"(1781, 99)",1,1.01
"(1391, 1781)",1,1.01
"(58, 1391)",1,1.01
"(2781, 114)",1,1.01
"(129, 2781)",1,1.01
"(290, 1458)",1,1.01
"(141, 1093)",1,1.01
"(72, 581)",1,1.01
"(530, 72)",1,1.01
"(383, 1338)",1,1.01
"(1458, 683)",1,1.01
"(306, 1398)",1,1.01
"(267, 77)",1,1.01
"(1272, 267)",1,1.01
"(104, 1139)",1,1.01
"(103, 514)",1,1.01
"(78, 62)",1,1.01
"(1479, 78)",1,1.01
"(127, 1479)",1,1.01
"(665, 94)",1,1.01
"(10, 665)",1,1.01
"(503, 389)",1,1.01
"(1016, 270)",1,1.01
"(394, 1193)",1,1.01
"(1136, 117)",1,1.01
"(335, 1533)",1,1.01
"(163, 670)",1,1.01
"(88, 139)",1,1.01
"(1118, 72)",1,1.01
"(1775, 1118)",1,1.01
"(1897, 1775)",1,1.01
"(670, 302)",1,1.01
"(353, 2907)",1,1.01
"(462, 353)",1,1.01
"(2776, 11)",1,1.01
"(163, 350)",1,1.01
"(1750, 116)",1,1.01
"(623, 1838)",1,1.01
"(88, 565)",1,1.01
"(2666, 316)",1,1.01
"(302, 1188)",1,1.01
"(1622, 11)",1,1.01
"(95, 1622)",1,1.01
"(109, 316)",1,1.01
"(114, 93)",1,1.01
"(199, 442)",1,1.01
"(127, 412)",1,1.01
"(288, 127)",1,1.01
"(2105, 106)",1,1.01
"(166, 1037)",1,1.01
"(109, 166)",1,1.01
"(340, 531)",1,1.01
"(378, 1305)",1,1.01
"(67, 2734)",1,1.01
"(2734, 78)",1,1.01
"(1944, 160)",1,1.01
"(201, 240)",1,1.01
"(93, 2893)",1,1.01
"(1956, 88)",1,1.01
"(491, 1956)",1,1.01
"(722, 2919)",1,1.01
"(1326, 161)",1,1.01
"(66, 1326)",1,1.01
"(533, 762)",1,1.01
"(365, 427)",1,1.01
"(269, 937)",1,1.01
"(402, 269)",1,1.01
"(116, 402)",1,1.01
"(10, 1944)",1,1.01
"(78, 2414)",1,1.01
"(87, 10)",1,1.01
"(139, 87)",1,1.01
"(693, 306)",1,1.01
"(2112, 1443)",1,1.01
"(267, 218)",1,1.01
"(815, 267)",1,1.01
"(1018, 815)",1,1.01
"(307, 1834)",1,1.01
"(489, 151)",1,1.01
"(596, 350)",1,1.01
"(523, 442)",1,1.01
"(1929, 462)",1,1.01
"(136, 204)",1,1.01
"(1160, 2900)",1,1.01
"(488, 1290)",1,1.01
"(1202, 453)",1,1.01
"(1558, 218)",1,1.01
"(853, 1558)",1,1.01
"(797, 1983)",1,1.01
"(1031, 589)",1,1.01
"(589, 270)",1,1.01
"(172, 822)",1,1.01
"(434, 73)",1,1.01
"(293, 724)",1,1.01
"(1486, 89)",1,1.01
"(1570, 55)",1,1.01
"(9, 1570)",1,1.01
"(89, 445)",1,1.01
"(1028, 69)",1,1.01
"(129, 335)",1,1.01
"(445, 142)",1,1.01
"(2382, 2698)",1,1.01
"(1825, 2382)",1,1.01
"(98, 1825)",1,1.01
"(34, 739)",1,1.01
"(722, 2205)",1,1.01
"(488, 722)",1,1.01
"(528, 488)",1,1.01
"(1659, 116)",1,1.01
"(94, 1659)",1,1.01
"(371, 94)",1,1.01
"(2963, 128)",1,1.01
"(241, 2963)",1,1.01
"(34, 1031)",1,1.01
"(753, 241)",1,1.01
"(2900, 254)",1,1.01
"(904, 57)",1,1.01
"(379, 561)",1,1.01
"(188, 1154)",1,1.01
"(169, 660)",1,1.01
"(315, 89)",1,1.01
"(60, 155)",1,1.01
"(1466, 60)",1,1.01
"(394, 1466)",1,1.01
"(114, 1687)",1,1.01
"(450, 312)",1,1.01
"(2283, 34)",1,1.01
"(98, 725)",1,1.01
"(1687, 11)",1,1.01
"(117, 1592)",1,1.01
"(290, 2865)",1,1.01
"(117, 24)",1,1.01
"(160, 2988)",1,1.01
"(2777, 127)",1,1.01
"(149, 2777)",1,1.01
"(953, 149)",1,1.01
"(232, 953)",1,1.01
"(2010, 69)",1,1.01
"(626, 96)",1,1.01
"(117, 1664)",1,1.01
"(1139, 117)",1,1.01
"(2865, 290)",1,1.01
"(144, 10)",1,1.01
"(57, 144)",1,1.01
"(460, 241)",1,1.01
"(747, 89)",1,1.01
"(136, 2627)",1,1.01
"(1538, 577)",1,1.01
"(100, 62)",1,1.01
"(1130, 518)",1,1.01
"(2735, 1892)",1,1.01
"(2138, 54)",1,1.01
"(93, 2138)",1,1.01
"(142, 354)",1,1.01
"(65, 450)",1,1.01
"(132, 869)",1,1.01
"(1894, 132)",1,1.01
"(116, 54)",1,1.01
"(1463, 116)",1,1.01
"(1095, 237)",1,1.01
"(177, 1095)",1,1.01
"(103, 1833)",1,1.01
"(191, 101)",1,1.01
"(522, 191)",1,1.01
"(1165, 1533)",1,1.01
"(486, 11)",1,1.01
"(160, 486)",1,1.01
"(2409, 160)",1,1.01
"(2159, 2409)",1,1.01
"(1892, 2159)",1,1.01
"(303, 1892)",1,1.01
"(449, 303)",1,1.01
"(107, 1267)",1,1.01
"(147, 775)",1,1.01
"(147, 59)",1,1.01
"(680, 160)",1,1.01
"(160, 1265)",1,1.01
"(2834, 646)",1,1.01
"(2543, 89)",1,1.01
"(54, 1538)",1,1.01
"(739, 1224)",1,1.01
"(2979, 9)",1,1.01
"(1224, 134)",1,1.01
"(153, 840)",1,1.01
"(2551, 127)",1,1.01
"(135, 2639)",1,1.01
"(1052, 261)",1,1.01
"(94, 557)",1,1.01
"(2776, 1387)",1,1.01
"(123, 116)",1,1.01
"(129, 290)",1,1.01
"(2667, 11)",1,1.01
"(101, 60)",1,1.01
"(1014, 94)",1,1.01
"(894, 1234)",1,1.01
"(94, 1755)",1,1.01
"(1755, 176)",1,1.01
"(1563, 116)",1,1.01
"(78, 1563)",1,1.01
"(272, 672)",1,1.01
"(531, 147)",1,1.01
"(1231, 350)",1,1.01
"(2647, 422)",1,1.01
"(512, 2647)",1,1.01
"(906, 512)",1,1.01
"(103, 363)",1,1.01
"(101, 1574)",1,1.01
"(740, 2897)",1,1.01
"(668, 302)",1,1.01
"(135, 2634)",1,1.01
"(759, 135)",1,1.01
"(574, 759)",1,1.01
"(364, 492)",1,1.01
"(127, 1167)",1,1.01
"(213, 214)",1,1.01
"(2691, 78)",1,1.01
"(834, 239)",1,1.01
"(210, 834)",1,1.01
"(554, 210)",1,1.01
"(193, 554)",1,1.01
"(127, 27)",1,1.01
"(695, 489)",1,1.01
"(258, 171)",1,1.01
"(107, 258)",1,1.01
"(105, 415)",1,1.01
"(415, 197)",1,1.01
"(642, 2592)",1,1.01
"(597, 642)",1,1.01
"(521, 523)",1,1.01
"(1659, 9)",1,1.01
"(354, 288)",1,1.01
"(271, 98)",1,1.01
"(2128, 714)",1,1.01
"(690, 1724)",1,1.01
"(979, 690)",1,1.01
"(2626, 598)",1,1.01
"(2634, 855)",1,1.01
"(2000, 127)",1,1.01
"(2972, 135)",1,1.01
"(69, 281)",1,1.01
"(464, 933)",1,1.01
"(1104, 97)",1,1.01
"(313, 469)",1,1.01
"(2539, 313)",1,1.01
"(998, 302)",1,1.01
"(114, 1577)",1,1.01
"(2569, 191)",1,1.01
"(88, 2569)",1,1.01
"(998, 89)",1,1.01
"(819, 1245)",1,1.01
"(858, 114)",1,1.01
"(274, 72)",1,1.01
"(147, 312)",1,1.01
"(1474, 350)",1,1.01
"(149, 2533)",1,1.01
"(154, 98)",1,1.01
"(1848, 188)",1,1.01
"(102, 1848)",1,1.01
"(1998, 102)",1,1.01
"(114, 1998)",1,1.01
"(188, 1423)",1,1.01
"(620, 188)",1,1.01
"(863, 113)",1,1.01
"(359, 863)",1,1.01
"(2757, 359)",1,1.01
"(126, 2757)",1,1.01
"(281, 261)",1,1.01
"(1863, 2626)",1,1.01
"(2128, 2569)",1,1.01
"(9, 2968)",1,1.01
"(421, 792)",1,1.01
"(197, 858)",1,1.01
"(1707, 197)",1,1.01
"(1650, 1707)",1,1.01
"(198, 138)",1,1.01
"(670, 203)",1,1.01
"(181, 932)",1,1.01
"(932, 1188)",1,1.01
"(354, 933)",1,1.01
"(764, 354)",1,1.01
"(334, 764)",1,1.01
"(377, 2028)",1,1.01
"(198, 280)",1,1.01
"(104, 1971)",1,1.01
"(1451, 104)",1,1.01
"(1640, 1451)",1,1.01
"(272, 73)",1,1.01
"(542, 89)",1,1.01
"(54, 474)",1,1.01
"(104, 216)",1,1.01
"(1568, 104)",1,1.01
"(352, 724)",1,1.01
"(127, 181)",1,1.01
"(1584, 392)",1,1.01
"(497, 132)",1,1.01
"(190, 201)",1,1.01
"(189, 190)",1,1.01
"(626, 197)",1,1.01
"(102, 122)",1,1.01
"(122, 891)",1,1.01
"(891, 101)",1,1.01
"(93, 1315)",1,1.01
"(2084, 421)",1,1.01
"(72, 2084)",1,1.01
"(2667, 6)",1,1.01
"(241, 1693)",1,1.01
"(106, 241)",1,1.01
"(1536, 96)",1,1.01
"(102, 1536)",1,1.01
"(181, 149)",1,1.01
"(116, 516)",1,1.01
"(172, 440)",1,1.01
"(612, 172)",1,1.01
"(1315, 612)",1,1.01
"(1386, 93)",1,1.01
"(141, 464)",1,1.01
"(135, 1386)",1,1.01
"(1751, 286)",1,1.01
"(1713, 1751)",1,1.01
"(241, 1713)",1,1.01
"(668, 241)",1,1.01
"(114, 618)",1,1.01
"(289, 104)",1,1.01
"(407, 289)",1,1.01
"(297, 458)",1,1.01
"(724, 2594)",1,1.01
"(1402, 88)",1,1.01
"(464, 1402)",1,1.01
"(670, 270)",1,1.01
"(135, 54)",1,1.01
"(519, 1419)",1,1.01
"(2799, 67)",1,1.01
"(1384, 127)",1,1.01
"(181, 1384)",1,1.01
"(1144, 171)",1,1.01
"(293, 54)",1,1.01
"(1370, 11)",1,1.01
"(2034, 1370)",1,1.01
"(97, 88)",1,1.01
"(815, 142)",1,1.01
"(1298, 815)",1,1.01
"(1098, 191)",1,1.01
"(129, 392)",1,1.01
"(289, 2066)",1,1.01
"(45, 1489)",1,1.01
"(2731, 54)",1,1.01
"(747, 2731)",1,1.01
"(1489, 2013)",1,1.01
"(241, 1252)",1,1.01
"(845, 241)",1,1.01
"(2013, 421)",1,1.01
"(527, 392)",1,1.01
"(2781, 527)",1,1.01
"(470, 2781)",1,1.01
"(407, 1653)",1,1.01
"(2349, 11)",1,1.01
"(241, 2349)",1,1.01
"(383, 243)",1,1.01
"(570, 383)",1,1.01
"(2507, 1052)",1,1.01
"(66, 247)",1,1.01
"(166, 2559)",1,1.01
"(69, 1051)",1,1.01
"(318, 421)",1,1.01
"(88, 2771)",1,1.01
"(191, 138)",1,1.01
"(377, 641)",1,1.01
"(218, 412)",1,1.01
"(106, 314)",1,1.01
"(2675, 106)",1,1.01
"(2278, 9)",1,1.01
"(353, 2278)",1,1.01
"(245, 468)",1,1.01
"(279, 11)",1,1.01
"(498, 279)",1,1.01
"(1616, 11)",1,1.01
"(72, 104)",1,1.01
"(103, 2102)",1,1.01
"(416, 555)",1,1.01
"(204, 1914)",1,1.01
"(239, 79)",1,1.01
"(1519, 170)",1,1.01
"(102, 1519)",1,1.01
"(615, 3)",1,1.01
"(204, 1130)",1,1.01
"(2928, 204)",1,1.01
"(181, 2928)",1,1.01
"(412, 1095)",1,1.01
"(144, 412)",1,1.01
"(1051, 144)",1,1.01
"(2507, 710)",1,1.01
"(141, 1595)",1,1.01
"(2785, 363)",1,1.01
"(272, 2785)",1,1.01
"(1361, 2911)",1,1.01
"(1872, 11)",1,1.01
"(1332, 89)",1,1.01
"(406, 1332)",1,1.01
"(423, 406)",1,1.01
"(298, 403)",1,1.01
"(160, 298)",1,1.01
"(2102, 117)",1,1.01
"(9, 2879)",1,1.01
"(96, 258)",1,1.01
"(1932, 203)",1,1.01
"(117, 1385)",1,1.01
"(1385, 134)",1,1.01
"(97, 2615)",1,1.01
"(160, 390)",1,1.01
"(390, 421)",1,1.01
"(381, 696)",1,1.01
"(566, 381)",1,1.01
"(745, 566)",1,1.01
"(101, 1151)",1,1.01
"(382, 135)",1,1.01
"(983, 96)",1,1.01
"(619, 98)",1,1.01
"(114, 619)",1,1.01
"(95, 616)",1,1.01
"(557, 252)",1,1.01
"(78, 557)",1,1.01
"(672, 256)",1,1.01
"(256, 350)",1,1.01
"(2147, 67)",1,1.01
"(1622, 147)",1,1.01
"(26, 503)",1,1.01
"(719, 469)",1,1.01
"(1052, 442)",1,1.01
"(1953, 9)",1,1.01
"(119, 1953)",1,1.01
"(2554, 138)",1,1.01
"(109, 231)",1,1.01
"(1283, 1811)",1,1.01
"(909, 9)",1,1.01
"(306, 142)",1,1.01
"(65, 137)",1,1.01
"(147, 41)",1,1.01
"(171, 98)",1,1.01
"(852, 25)",1,1.01
"(191, 171)",1,1.01
"(2979, 106)",1,1.01
"(98, 98)",1,1.01
"(2790, 9)",1,1.01
"(240, 2024)",1,1.01
"(383, 240)",1,1.01
"(606, 241)",1,1.01
"(201, 203)",1,1.01
"(168, 72)",1,1.01
"(112, 168)",1,1.01
"(93, 1210)",1,1.01
"(134, 852)",1,1.01
"(30, 61)",1,1.01
"(1661, 127)",1,1.01
"(2214, 171)",1,1.01
"(128, 2398)",1,1.01
"(293, 738)",1,1.01
"(139, 270)",1,1.01
"(2114, 489)",1,1.01
"(101, 1002)",1,1.01
"(466, 101)",1,1.01
"(240, 290)",1,1.01
"(290, 240)",1,1.01
"(172, 642)",1,1.01
"(240, 231)",1,1.01
"(201, 343)",1,1.01
"(2627, 2504)",1,1.01
"(2636, 2627)",1,1.01
"(54, 2747)",1,1.01
"(422, 96)",1,1.01
"(231, 130)",1,1.01
"(130, 255)",1,1.01
"(34, 2463)",1,1.01
"(114, 1647)",1,1.01
"(66, 2187)",1,1.01
"(1013, 281)",1,1.01
"(2187, 88)",1,1.01
"(985, 343)",1,1.01
"(1064, 89)",1,1.01
"(2478, 106)",1,1.01
"(1623, 89)",1,1.01
"(255, 1623)",1,1.01
"(363, 243)",1,1.01
"(89, 2339)",1,1.01
"(1427, 180)",1,1.01
"(1113, 381)",1,1.01
"(960, 506)",1,1.01
"(351, 258)",1,1.01
"(502, 131)",1,1.01
"(1356, 270)",1,1.01
"(1729, 1356)",1,1.01
"(226, 1729)",1,1.01
"(344, 226)",1,1.01
"(281, 344)",1,1.01
"(1590, 109)",1,1.01
"(464, 1590)",1,1.01
"(186, 116)",1,1.01
"(141, 397)",1,1.01
"(2767, 254)",1,1.01
"(132, 2767)",1,1.01
"(1538, 9)",1,1.01
"(358, 109)",1,1.01
"(177, 358)",1,1.01
"(2889, 177)",1,1.01
"(218, 2889)",1,1.01
"(794, 11)",1,1.01
"(102, 794)",1,1.01
"(868, 102)",1,1.01
"(171, 868)",1,1.01
"(102, 2089)",1,1.01
"(2317, 102)",1,1.01
"(704, 710)",1,1.01
"(132, 1193)",1,1.01
"(1631, 11)",1,1.01
"(507, 127)",1,1.01
"(106, 1132)",1,1.01
"(263, 1037)",1,1.01
"(374, 263)",1,1.01
"(523, 112)",1,1.01
"(98, 523)",1,1.01
"(296, 270)",1,1.01
"(867, 203)",1,1.01
"(89, 1041)",1,1.01
"(720, 103)",1,1.01
"(227, 621)",1,1.01
"(372, 227)",1,1.01
"(750, 24)",1,1.01
"(214, 550)",1,1.01
"(1839, 142)",1,1.01
"(99, 1839)",1,1.01
"(550, 88)",1,1.01
"(2431, 9)",1,1.01
"(468, 195)",1,1.01
"(416, 468)",1,1.01
"(892, 60)",1,1.01
"(1804, 191)",1,1.01
"(193, 211)",1,1.01
"(280, 1011)",1,1.01
"(88, 2785)",1,1.01
"(1358, 109)",1,1.01
"(1127, 2431)",1,1.01
"(149, 1706)",1,1.01
"(921, 310)",1,1.01
"(148, 116)",1,1.01
"(2942, 148)",1,1.01
"(1082, 506)",1,1.01
"(1356, 109)",1,1.01
"(98, 2513)",1,1.01
"(1252, 139)",1,1.01
"(1132, 1548)",1,1.01
"(343, 171)",1,1.01
"(1243, 54)",1,1.01
"(141, 1328)",1,1.01
"(1328, 1147)",1,1.01
"(255, 190)",1,1.01
"(136, 843)",1,1.01
"(1621, 725)",1,1.01
"(483, 1621)",1,1.01
"(1147, 101)",1,1.01
"(1474, 372)",1,1.01
"(66, 349)",1,1.01
"(6, 465)",1,1.01
"(2513, 1333)",1,1.01
"(99, 214)",1,1.01
"(2636, 113)",1,1.01
"(653, 1252)",1,1.01
"(483, 653)",1,1.01
"(211, 6)",1,1.01
"(2544, 252)",1,1.01
"(6, 1151)",1,1.01
"(1539, 349)",1,1.01
"(88, 1539)",1,1.01
"(772, 237)",1,1.01
"(117, 311)",1,1.01
"(1151, 1082)",1,1.01
"(60, 1113)",1,1.01
"(381, 2282)",1,1.01
"(177, 147)",1,1.01
"(833, 94)",1,1.01
"(134, 94)",1,1.01
"(615, 134)",1,1.01
"(159, 615)",1,1.01
"(579, 159)",1,1.01
"(302, 852)",1,1.01
"(108, 389)",1,1.01
"(1209, 716)",1,1.01
"(832, 167)",1,1.01
"(1389, 421)",1,1.01
"(647, 519)",1,1.01
"(116, 647)",1,1.01
"(1653, 2565)",1,1.01
"(9, 1101)",1,1.01
"(1737, 134)",1,1.01
"(351, 570)",1,1.01
"(136, 859)",1,1.01
"(101, 330)",1,1.01
"(2278, 3)",1,1.01
"(483, 296)",1,1.01
"(859, 93)",1,1.01
"(2183, 113)",1,1.01
"(365, 2183)",1,1.01
"(846, 252)",1,1.01
"(647, 302)",1,1.01
"(123, 647)",1,1.01
"(2105, 270)",1,1.01
"(57, 135)",1,1.01
"(223, 833)",1,1.01
"(136, 134)",1,1.01
"(191, 2482)",1,1.01
"(2046, 108)",1,1.01
"(876, 711)",1,1.01
"(271, 876)",1,1.01
"(2068, 388)",1,1.01
"(832, 2068)",1,1.01
"(460, 1047)",1,1.01
"(404, 188)",1,1.01
"(509, 188)",1,1.01
"(9, 509)",1,1.01
"(278, 9)",1,1.01
"(605, 630)",1,1.01
"(646, 147)",1,1.01
"(2924, 646)",1,1.01
"(211, 136)",1,1.01
"(1194, 365)",1,1.01
"(1063, 1194)",1,1.01
"(1361, 1063)",1,1.01
"(1159, 113)",1,1.01
"(2651, 1159)",1,1.01
"(97, 2651)",1,1.01
"(369, 127)",1,1.01
"(2426, 147)",1,1.01
"(113, 508)",1,1.01
"(1906, 977)",1,1.01
"(129, 1241)",1,1.01
"(117, 1365)",1,1.01
"(34, 1647)",1,1.01
"(108, 449)",1,1.01
"(221, 325)",1,1.01
"(34, 229)",1,1.01
"(1923, 11)",1,1.01
"(9, 1923)",1,1.01
"(89, 34)",1,1.01
"(943, 89)",1,1.01
"(1028, 98)",1,1.01
"(1059, 1028)",1,1.01
"(240, 2699)",1,1.01
"(870, 34)",1,1.01
"(9, 352)",1,1.01
"(823, 1136)",1,1.01
"(1508, 783)",1,1.01
"(163, 363)",1,1.01
"(671, 163)",1,1.01
"(2063, 671)",1,1.01
"(241, 2063)",1,1.01
"(372, 241)",1,1.01
"(404, 1305)",1,1.01
"(88, 145)",1,1.01
"(451, 220)",1,1.01
"(1658, 451)",1,1.01
"(111, 902)",1,1.01
"(169, 111)",1,1.01
"(383, 169)",1,1.01
"(214, 383)",1,1.01
"(2568, 9)",1,1.01
"(1160, 319)",1,1.01
"(876, 1160)",1,1.01
"(383, 876)",1,1.01
"(2482, 383)",1,1.01
"(561, 34)",1,1.01
"(169, 120)",1,1.01
"(120, 93)",1,1.01
"(1088, 214)",1,1.01
"(272, 2423)",1,1.01
"(521, 2437)",1,1.01
"(272, 1037)",1,1.01
"(306, 231)",1,1.01
"(2225, 306)",1,1.01
"(122, 2225)",1,1.01
"(126, 122)",1,1.01
"(999, 155)",1,1.01
"(144, 999)",1,1.01
"(240, 1057)",1,1.01
"(160, 1966)",1,1.01
"(1057, 11)",1,1.01
"(894, 1088)",1,1.01
"(707, 265)",1,1.01
"(114, 894)",1,1.01
"(272, 1571)",1,1.01
"(2888, 388)",1,1.01
"(88, 331)",1,1.01
"(1090, 94)",1,1.01
"(188, 1090)",1,1.01
"(725, 1160)",1,1.01
"(838, 584)",1,1.01
"(109, 113)",1,1.01
"(2213, 547)",1,1.01
"(99, 671)",1,1.01
"(1458, 240)",1,1.01
"(11, 2942)",1,1.01
"(213, 893)",1,1.01
"(88, 1661)",1,1.01
"(1547, 850)",1,1.01
"(134, 2053)",1,1.01
"(468, 870)",1,1.01
"(352, 468)",1,1.01
"(1395, 352)",1,1.01
"(98, 1395)",1,1.01
"(740, 2206)",1,1.01
"(342, 740)",1,1.01
"(167, 342)",1,1.01
"(850, 206)",1,1.01
"(339, 231)",1,1.01
"(90, 222)",1,1.01
"(304, 508)",1,1.01
"(388, 304)",1,1.01
"(191, 388)",1,1.01
"(340, 54)",1,1.01
"(149, 402)",1,1.01
"(102, 149)",1,1.01
"(863, 616)",1,1.01
"(372, 283)",1,1.01
"(1804, 372)",1,1.01
"(594, 1119)",1,1.01
"(387, 416)",1,1.01
"(350, 1488)",1,1.01
"(2469, 9)",1,1.01
"(167, 2469)",1,1.01
"(2587, 431)",1,1.01
"(412, 2587)",1,1.01
"(354, 2277)",1,1.01
"(179, 272)",1,1.01
"(1684, 328)",1,1.01
"(406, 2747)",1,1.01
"(750, 99)",1,1.01
"(226, 2506)",1,1.01
"(2051, 147)",1,1.01
"(268, 1747)",1,1.01
"(870, 9)",1,1.01
"(203, 2631)",1,1.01
"(2434, 1538)",1,1.01
"(188, 2434)",1,1.01
"(2962, 188)",1,1.01
"(686, 2962)",1,1.01
"(530, 888)",1,1.01
"(200, 530)",1,1.01
"(1980, 209)",1,1.01
"(129, 427)",1,1.01
"(1933, 289)",1,1.01
"(2531, 89)",1,1.01
"(904, 2531)",1,1.01
"(166, 129)",1,1.01
"(1183, 350)",1,1.01
"(451, 1183)",1,1.01
"(523, 270)",1,1.01
"(636, 101)",1,1.01
"(932, 636)",1,1.01
"(1384, 932)",1,1.01
"(383, 2250)",1,1.01
"(109, 104)",1,1.01
"(2636, 2255)",1,1.01
"(114, 72)",1,1.01
"(1041, 267)",1,1.01
"(890, 1041)",1,1.01
"(72, 890)",1,1.01
"(348, 547)",1,1.01
"(2478, 348)",1,1.01
"(2210, 2255)",1,1.01
"(272, 2210)",1,1.01
"(2083, 54)",1,1.01
"(102, 2083)",1,1.01
"(160, 100)",1,1.01
"(224, 237)",1,1.01
"(213, 1096)",1,1.01
"(451, 1357)",1,1.01
"(2666, 1969)",1,1.01
"(93, 2666)",1,1.01
"(1549, 258)",1,1.01
"(1973, 2057)",1,1.01
"(54, 1973)",1,1.01
"(2261, 89)",1,1.01
"(497, 2261)",1,1.01
"(1535, 116)",1,1.01
"(522, 72)",1,1.01
"(717, 850)",1,1.01
"(218, 717)",1,1.01
"(2831, 102)",1,1.01
"(858, 2831)",1,1.01
"(116, 858)",1,1.01
"(743, 116)",1,1.01
"(793, 102)",1,1.01
"(155, 98)",1,1.01
"(488, 116)",1,1.01
"(2484, 101)",1,1.01
"(101, 2339)",1,1.01
"(2950, 247)",1,1.01
"(67, 38)",1,1.01
"(302, 2052)",1,1.01
"(1911, 302)",1,1.01
"(132, 1911)",1,1.01
"(1240, 197)",1,1.01
"(2866, 267)",1,1.01
"(88, 2866)",1,1.01
"(197, 2817)",1,1.01
"(106, 558)",1,1.01
"(2817, 2950)",1,1.01
"(1709, 102)",1,1.01
"(116, 327)",1,1.01
"(2252, 628)",1,1.01
"(289, 1212)",1,1.01
"(135, 2252)",1,1.01
"(814, 132)",1,1.01
"(1989, 814)",1,1.01
"(88, 1989)",1,1.01
"(220, 94)",1,1.01
"(218, 1306)",1,1.01
"(227, 218)",1,1.01
"(89, 2632)",1,1.01
"(95, 247)",1,1.01
"(239, 25)",1,1.01
"(330, 97)",1,1.01
"(409, 213)",1,1.01
"(1198, 270)",1,1.01
"(328, 149)",1,1.01
"(2636, 58)",1,1.01
"(296, 440)",1,1.01
"(523, 203)",1,1.01
"(381, 523)",1,1.01
"(1103, 381)",1,1.01
"(350, 1103)",1,1.01
"(1101, 1302)",1,1.01
"(220, 1101)",1,1.01
"(1178, 344)",1,1.01
"(1533, 206)",1,1.01
"(97, 1533)",1,1.01
"(201, 298)",1,1.01
"(211, 201)",1,1.01
"(343, 69)",1,1.01
"(141, 996)",1,1.01
"(195, 221)",1,1.01
"(141, 1290)",1,1.01
"(2028, 350)",1,1.01
"(379, 2340)",1,1.01
"(996, 216)",1,1.01
"(218, 113)",1,1.01
"(58, 237)",1,1.01
"(126, 144)",1,1.01
"(130, 65)",1,1.01
"(2880, 346)",1,1.01
"(488, 662)",1,1.01
"(2962, 155)",1,1.01
"(557, 2962)",1,1.01
"(2030, 270)",1,1.01
"(113, 617)",1,1.01
"(440, 258)",1,1.01
"(149, 350)",1,1.01
"(2468, 2996)",1,1.01
"(1169, 127)",1,1.01
"(904, 1814)",1,1.01
"(278, 161)",1,1.01
"(114, 401)",1,1.01
"(2915, 102)",1,1.01
"(191, 2915)",1,1.01
"(1562, 844)",1,1.01
"(106, 1562)",1,1.01
"(1198, 106)",1,1.01
"(112, 888)",1,1.01
"(68, 112)",1,1.01
"(1516, 68)",1,1.01
"(252, 2423)",1,1.01
"(93, 2391)",1,1.01
"(118, 1953)",1,1.01
"(2391, 1252)",1,1.01
"(1624, 289)",1,1.01
"(72, 1953)",1,1.01
"(252, 344)",1,1.01
"(344, 508)",1,1.01
"(2539, 117)",1,1.01
"(533, 2539)",1,1.01
"(966, 89)",1,1.01
"(90, 1468)",1,1.01
"(2051, 102)",1,1.01
"(9, 1747)",1,1.01
"(2996, 2539)",1,1.01
"(116, 2030)",1,1.01
"(572, 9)",1,1.01
"(1593, 2057)",1,1.01
"(78, 539)",1,1.01
"(398, 2865)",1,1.01
"(2865, 11)",1,1.01
"(48, 54)",1,1.01
"(95, 24)",1,1.01
"(594, 229)",1,1.01
"(1121, 65)",1,1.01
"(72, 1121)",1,1.01
"(2690, 178)",1,1.01
"(226, 2690)",1,1.01
"(937, 226)",1,1.01
"(622, 937)",1,1.01
"(701, 188)",1,1.01
"(129, 701)",1,1.01
"(67, 129)",1,1.01
"(181, 1400)",1,1.01
"(106, 1305)",1,1.01
"(95, 662)",1,1.01
"(226, 464)",1,1.01
"(2404, 102)",1,1.01
"(130, 91)",1,1.01
"(2835, 104)",1,1.01
"(521, 555)",1,1.01
"(607, 2060)",1,1.01
"(473, 133)",1,1.01
"(180, 102)",1,1.01
"(145, 111)",1,1.01
"(181, 1000)",1,1.01
"(142, 192)",1,1.01
"(451, 446)",1,1.01
"(2063, 1284)",1,1.01
"(7, 409)",1,1.01
"(2928, 2716)",1,1.01
"(144, 2928)",1,1.01
"(508, 144)",1,1.01
"(2277, 508)",1,1.01
"(142, 2277)",1,1.01
"(142, 744)",1,1.01
"(483, 142)",1,1.01
"(57, 483)",1,1.01
"(25, 8)",1,1.01
"(1086, 25)",1,1.01
"(2551, 9)",1,1.01
"(603, 628)",1,1.01
"(2476, 350)",1,1.01
"(1284, 233)",1,1.01
"(493, 2476)",1,1.01
"(622, 493)",1,1.01
"(93, 622)",1,1.01
"(2548, 267)",1,1.01
"(483, 1518)",1,1.01
"(1064, 270)",1,1.01
"(220, 96)",1,1.01
"(1403, 272)",1,1.01
"(1547, 201)",1,1.01
"(132, 819)",1,1.01
"(1933, 313)",1,1.01
"(819, 1211)",1,1.01
"(2356, 514)",1,1.01
"(302, 1084)",1,1.01
"(154, 1160)",1,1.01
"(26, 950)",1,1.01
"(127, 1085)",1,1.01
"(161, 127)",1,1.01
"(1748, 161)",1,1.01
"(102, 1748)",1,1.01
"(1019, 102)",1,1.01
"(2016, 1884)",1,1.01
"(47, 95)",1,1.01
"(297, 365)",1,1.01
"(2425, 11)",1,1.01
"(95, 253)",1,1.01
"(274, 30)",1,1.01
"(101, 537)",1,1.01
"(2105, 4)",1,1.01
"(93, 1265)",1,1.01
"(406, 326)",1,1.01
"(176, 406)",1,1.01
"(2834, 1739)",1,1.01
"(335, 147)",1,1.01
"(264, 335)",1,1.01
"(494, 264)",1,1.01
"(93, 494)",1,1.01
"(103, 4)",1,1.01
"(397, 665)",1,1.01
"(1187, 807)",1,1.01
"(1501, 10)",1,1.01
"(141, 389)",1,1.01
"(1740, 106)",1,1.01
"(2645, 619)",1,1.01
"(950, 1338)",1,1.01
"(130, 474)",1,1.01
"(4, 2016)",1,1.01
"(537, 1287)",1,1.01
"(9, 537)",1,1.01
"(171, 1572)",1,1.01
"(941, 93)",1,1.01
"(114, 857)",1,1.01
"(1615, 9)",1,1.01
"(1267, 1615)",1,1.01
"(2034, 1267)",1,1.01
"(474, 199)",1,1.01
"(199, 44)",1,1.01
"(44, 64)",1,1.01
"(666, 1742)",1,1.01
"(73, 346)",1,1.01
"(2181, 73)",1,1.01
"(2523, 2181)",1,1.01
"(383, 112)",1,1.01
"(1618, 784)",1,1.01
"(64, 439)",1,1.01
"(101, 719)",1,1.01
"(345, 108)",1,1.01
"(717, 927)",1,1.01
"(2393, 96)",1,1.01
"(678, 2393)",1,1.01
"(1233, 678)",1,1.01
"(439, 72)",1,1.01
"(161, 319)",1,1.01
"(96, 2066)",1,1.01
"(380, 98)",1,1.01
"(193, 380)",1,1.01
"(427, 24)",1,1.01
"(389, 1051)",1,1.01
"(1244, 103)",1,1.01
"(132, 1244)",1,1.01
"(2952, 343)",1,1.01
"(314, 2952)",1,1.01
"(298, 314)",1,1.01
"(96, 298)",1,1.01
"(573, 2057)",1,1.01
"(1549, 96)",1,1.01
"(646, 89)",1,1.01
"(149, 646)",1,1.01
"(278, 149)",1,1.01
"(2787, 28)",1,1.01
"(454, 127)",1,1.01
"(28, 189)",1,1.01
"(172, 2117)",1,1.01
"(422, 172)",1,1.01
"(189, 91)",1,1.01
"(454, 2733)",1,1.01
"(570, 54)",1,1.01
"(191, 570)",1,1.01
"(2208, 191)",1,1.01
"(90, 2208)",1,1.01
"(2478, 8)",1,1.01
"(2097, 89)",1,1.01
"(166, 2097)",1,1.01
"(7, 166)",1,1.01
"(475, 7)",1,1.01
"(97, 573)",1,1.01
"(166, 861)",1,1.01
"(103, 590)",1,1.01
"(807, 102)",1,1.01
"(10, 1320)",1,1.01
"(225, 10)",1,1.01
"(771, 225)",1,1.01
"(1740, 101)",1,1.01
"(226, 1060)",1,1.01
"(1005, 98)",1,1.01
"(10, 1192)",1,1.01
"(485, 10)",1,1.01
"(98, 485)",1,1.01
"(1051, 669)",1,1.01
"(201, 241)",1,1.01
"(213, 790)",1,1.01
"(101, 297)",1,1.01
"(590, 292)",1,1.01
"(407, 128)",1,1.01
"(352, 2472)",1,1.01
"(93, 2092)",1,1.01
"(2268, 93)",1,1.01
"(454, 2268)",1,1.01
"(406, 1276)",1,1.01
"(290, 237)",1,1.01
"(2481, 290)",1,1.01
"(67, 106)",1,1.01
"(166, 700)",1,1.01
"(350, 191)",1,1.01
"(727, 97)",1,1.01
"(1287, 1255)",1,1.01
"(389, 241)",1,1.01
"(1876, 375)",1,1.01
"(945, 88)",1,1.01
"(595, 1424)",1,1.01
"(2251, 595)",1,1.01
"(306, 65)",1,1.01
"(218, 35)",1,1.01
"(33, 9)",1,1.01
"(2665, 584)",1,1.01
"(54, 191)",1,1.01
"(101, 322)",1,1.01
"(56, 243)",1,1.01
"(538, 54)",1,1.01
"(319, 538)",1,1.01
"(102, 319)",1,1.01
"(1187, 102)",1,1.01
"(450, 606)",1,1.01
"(606, 149)",1,1.01
"(2349, 270)",1,1.01
"(341, 349)",1,1.01
"(117, 1275)",1,1.01
"(762, 350)",1,1.01
"(407, 89)",1,1.01
"(552, 407)",1,1.01
"(94, 3)",1,1.01
"(72, 598)",1,1.01
"(300, 2947)",1,1.01
"(179, 319)",1,1.01
"(41, 2363)",1,1.01
"(1499, 156)",1,1.01
"(1424, 945)",1,1.01
"(95, 584)",1,1.01
"(241, 666)",1,1.01
"(147, 272)",1,1.01
"(771, 197)",1,1.01
"(2509, 821)",1,1.01
"(135, 2509)",1,1.01
"(104, 135)",1,1.01
"(1581, 9)",1,1.01
"(10, 1581)",1,1.01
"(135, 2189)",1,1.01
"(72, 626)",1,1.01
"(213, 135)",1,1.01
"(102, 1405)",1,1.01
"(1745, 11)",1,1.01
"(135, 213)",1,1.01
"(128, 113)",1,1.01
"(128, 1992)",1,1.01
"(1229, 378)",1,1.01
"(738, 191)",1,1.01
"(95, 738)",1,1.01
"(304, 187)",1,1.01
"(160, 1368)",1,1.01
"(1294, 89)",1,1.01
"(296, 1294)",1,1.01
"(58, 639)",1,1.01
"(639, 33)",1,1.01
"(443, 142)",1,1.01
"(1721, 443)",1,1.01
"(581, 348)",1,1.01
"(272, 2473)",1,1.01
"(59, 1499)",1,1.01
"(1761, 93)",1,1.01
"(2363, 1256)",1,1.01
"(1318, 1772)",1,1.01
"(88, 1662)",1,1.01
"(1116, 154)",1,1.01
"(790, 1116)",1,1.01
"(126, 790)",1,1.01
"(1135, 126)",1,1.01
"(346, 191)",1,1.01
"(55, 623)",1,1.01
"(101, 323)",1,1.01
"(1420, 101)",1,1.01
"(164, 1420)",1,1.01
"(1256, 46)",1,1.01
"(757, 54)",1,1.01
"(1103, 626)",1,1.01
"(1536, 9)",1,1.01
"(99, 1536)",1,1.01
"(665, 10)",1,1.01
"(320, 154)",1,1.01
"(66, 320)",1,1.01
"(963, 66)",1,1.01
"(272, 963)",1,1.01
"(794, 9)",1,1.01
"(807, 219)",1,1.01
"(103, 807)",1,1.01
"(36, 130)",1,1.01
"(9, 524)",1,1.01
"(10, 2090)",1,1.01
"(666, 10)",1,1.01
"(1544, 147)",1,1.01
"(216, 1018)",1,1.01
"(922, 2441)",1,1.01
"(791, 98)",1,1.01
"(201, 1421)",1,1.01
"(179, 425)",1,1.01
"(660, 258)",1,1.01
"(1829, 660)",1,1.01
"(101, 1829)",1,1.01
"(1917, 54)",1,1.01
"(574, 1917)",1,1.01
"(436, 492)",1,1.01
"(2112, 1569)",1,1.01
"(145, 2112)",1,1.01
"(89, 299)",1,1.01
"(109, 697)",1,1.01
"(98, 791)",1,1.01
"(2441, 94)",1,1.01
"(4, 848)",1,1.01
"(1748, 388)",1,1.01
"(1463, 11)",1,1.01
"(1616, 1463)",1,1.01
"(2135, 101)",1,1.01
"(848, 40)",1,1.01
"(248, 381)",1,1.01
"(470, 71)",1,1.01
"(234, 2929)",1,1.01
"(218, 1466)",1,1.01
"(88, 1030)",1,1.01
"(94, 230)",1,1.01
"(179, 91)",1,1.01
"(375, 1256)",1,1.01
"(58, 94)",1,1.01
"(556, 290)",1,1.01
"(2334, 270)",1,1.01
"(919, 2334)",1,1.01
"(4, 919)",1,1.01
"(173, 421)",1,1.01
"(2075, 88)",1,1.01
"(134, 2075)",1,1.01
"(2790, 2090)",1,1.01
"(101, 2790)",1,1.01
"(26, 1047)",1,1.01
"(2886, 270)",1,1.01
"(1485, 2886)",1,1.01
"(2370, 160)",1,1.01
"(725, 2370)",1,1.01
"(380, 725)",1,1.01
"(577, 380)",1,1.01
"(127, 577)",1,1.01
"(134, 1183)",1,1.01
"(4, 220)",1,1.01
"(188, 982)",1,1.01
"(1789, 319)",1,1.01
"(97, 844)",1,1.01
"(574, 112)",1,1.01
"(844, 421)",1,1.01
"(256, 258)",1,1.01
"(573, 1191)",1,1.01
"(1554, 9)",1,1.01
"(225, 229)",1,1.01
"(317, 426)",1,1.01
"(290, 380)",1,1.01
"(1306, 160)",1,1.01
"(216, 74)",1,1.01
"(445, 128)",1,1.01
"(2507, 55)",1,1.01
"(370, 55)",1,1.01
"(88, 1451)",1,1.01
"(2126, 102)",1,1.01
"(523, 2135)",1,1.01
"(1250, 2244)",1,1.01
"(326, 1250)",1,1.01
"(1486, 399)",1,1.01
"(99, 1466)",1,1.01
"(1804, 1524)",1,1.01
"(1327, 371)",1,1.01
"(73, 1327)",1,1.01
"(562, 423)",1,1.01
"(163, 240)",1,1.01
"(102, 380)",1,1.01
"(1789, 286)",1,1.01
"(589, 350)",1,1.01
"(797, 582)",1,1.01
"(460, 101)",1,1.01
"(582, 1305)",1,1.01
"(1356, 241)",1,1.01
"(26, 2790)",1,1.01
"(460, 468)",1,1.01
"(468, 97)",1,1.01
"(232, 554)",1,1.01
"(450, 149)",1,1.01
"(377, 225)",1,1.01
"(1707, 218)",1,1.01
"(34, 1707)",1,1.01
"(1913, 34)",1,1.01
"(281, 1275)",1,1.01
"(1479, 330)",1,1.01
"(2915, 147)",1,1.01
"(2563, 2915)",1,1.01
"(303, 2563)",1,1.01
"(1204, 303)",1,1.01
"(3, 1204)",1,1.01
"(1659, 3)",1,1.01
"(760, 1587)",1,1.01
"(67, 142)",1,1.01
"(1587, 58)",1,1.01
"(93, 2598)",1,1.01
"(58, 309)",1,1.01
"(1477, 890)",1,1.01
"(193, 60)",1,1.01
"(851, 470)",1,1.01
"(237, 851)",1,1.01
"(2702, 584)",1,1.01
"(309, 489)",1,1.01
"(28, 730)",1,1.01
"(730, 286)",1,1.01
"(286, 382)",1,1.01
"(722, 311)",1,1.01
"(2881, 101)",1,1.01
"(1404, 2881)",1,1.01
"(93, 1404)",1,1.01
"(2672, 144)",1,1.01
"(1926, 94)",1,1.01
"(204, 2728)",1,1.01
"(2728, 304)",1,1.01
"(1620, 160)",1,1.01
"(90, 1913)",1,1.01
"(773, 90)",1,1.01
"(204, 773)",1,1.01
"(119, 204)",1,1.01
"(100, 266)",1,1.01
"(980, 136)",1,1.01
"(666, 980)",1,1.01
"(104, 1738)",1,1.01
"(172, 104)",1,1.01
"(2285, 172)",1,1.01
"(172, 2285)",1,1.01
"(100, 172)",1,1.01
"(173, 1620)",1,1.01
"(304, 157)",1,1.01
"(1496, 286)",1,1.01
"(166, 975)",1,1.01
"(1224, 166)",1,1.01
"(1441, 161)",1,1.01
"(48, 154)",1,1.01
"(63, 1494)",1,1.01
"(204, 89)",1,1.01
"(994, 237)",1,1.01
"(573, 128)",1,1.01
"(821, 573)",1,1.01
"(261, 821)",1,1.01
"(157, 261)",1,1.01
"(72, 1306)",1,1.01
"(127, 640)",1,1.01
"(2503, 2330)",1,1.01
"(2473, 93)",1,1.01
"(166, 269)",1,1.01
"(413, 2166)",1,1.01
"(273, 23)",1,1.01
"(88, 1974)",1,1.01
"(426, 2777)",1,1.01
"(921, 426)",1,1.01
"(332, 34)",1,1.01
"(188, 178)",1,1.01
"(2288, 185)",1,1.01
"(130, 2288)",1,1.01
"(91, 264)",1,1.01
"(158, 91)",1,1.01
"(289, 647)",1,1.01
"(416, 101)",1,1.01
"(1062, 462)",1,1.01
"(211, 127)",1,1.01
"(88, 2733)",1,1.01
"(991, 117)",1,1.01
"(378, 991)",1,1.01
"(23, 1574)",1,1.01
"(128, 915)",1,1.01
"(158, 34)",1,1.01
"(318, 9)",1,1.01
"(1976, 104)",1,1.01
"(237, 1976)",1,1.01
"(521, 237)",1,1.01
"(9, 36)",1,1.01
"(180, 104)",1,1.01
"(93, 2332)",1,1.01
"(197, 1885)",1,1.01
"(424, 91)",1,1.01
"(136, 2503)",1,1.01
"(255, 725)",1,1.01
"(2564, 110)",1,1.01
"(1584, 2564)",1,1.01
"(135, 1584)",1,1.01
"(23, 48)",1,1.01
"(48, 130)",1,1.01
"(256, 1710)",1,1.01
"(9, 1164)",1,1.01
"(1164, 2591)",1,1.01
"(1494, 290)",1,1.01
"(88, 2571)",1,1.01
"(112, 1209)",1,1.01
"(2747, 112)",1,1.01
"(1597, 2747)",1,1.01
"(240, 312)",1,1.01
"(2591, 2442)",1,1.01
"(93, 642)",1,1.01
"(642, 1533)",1,1.01
"(198, 852)",1,1.01
"(352, 991)",1,1.01
"(1289, 1102)",1,1.01
"(2976, 598)",1,1.01
"(26, 424)",1,1.01
"(300, 545)",1,1.01
"(239, 1928)",1,1.01
"(67, 239)",1,1.01
"(129, 2776)",1,1.01
"(160, 1275)",1,1.01
"(117, 110)",1,1.01
"(330, 34)",1,1.01
"(136, 1997)",1,1.01
"(547, 788)",1,1.01
"(581, 547)",1,1.01
"(306, 251)",1,1.01
"(9, 704)",1,1.01
"(123, 589)",1,1.01
"(1351, 102)",1,1.01
"(218, 465)",1,1.01
"(432, 292)",1,1.01
"(68, 4)",1,1.01
"(272, 142)",1,1.01
"(34, 1176)",1,1.01
"(2928, 1244)",1,1.01
"(90, 2928)",1,1.01
"(1807, 267)",1,1.01
"(548, 313)",1,1.01
"(980, 34)",1,1.01
"(382, 980)",1,1.01
"(555, 336)",1,1.01
"(114, 555)",1,1.01
"(1176, 156)",1,1.01
"(140, 89)",1,1.01
"(290, 365)",1,1.01
"(140, 290)",1,1.01
"(507, 365)",1,1.01
"(616, 23)",1,1.01
"(156, 255)",1,1.01
"(509, 859)",1,1.01
"(859, 258)",1,1.01
"(300, 2491)",1,1.01
"(768, 98)",1,1.01
"(823, 293)",1,1.01
"(127, 2470)",1,1.01
"(1147, 11)",1,1.01
"(2623, 1147)",1,1.01
"(353, 2623)",1,1.01
"(166, 353)",1,1.01
"(48, 1678)",1,1.01
"(1802, 191)",1,1.01
"(78, 1802)",1,1.01
"(1658, 93)",1,1.01
"(88, 1658)",1,1.01
"(89, 1241)",1,1.01
"(508, 768)",1,1.01
"(2491, 93)",1,1.01
"(2263, 103)",1,1.01
"(574, 2263)",1,1.01
"(743, 132)",1,1.01
"(1375, 102)",1,1.01
"(834, 11)",1,1.01
"(1082, 138)",1,1.01
"(1431, 127)",1,1.01
"(74, 1431)",1,1.01
"(264, 74)",1,1.01
"(149, 264)",1,1.01
"(58, 117)",1,1.01
"(72, 2022)",1,1.01
"(197, 937)",1,1.01
"(909, 98)",1,1.01
"(130, 2590)",1,1.01
"(119, 1410)",1,1.01
"(2273, 442)",1,1.01
"(1308, 2273)",1,1.01
"(218, 1308)",1,1.01
"(1989, 218)",1,1.01
"(2660, 11)",1,1.01
"(1057, 127)",1,1.01
"(349, 442)",1,1.01
"(27, 11)",1,1.01
"(1653, 2531)",1,1.01
"(26, 1653)",1,1.01
"(1118, 270)",1,1.01
"(102, 1104)",1,1.01
"(974, 102)",1,1.01
"(21, 19)",1,1.01
"(114, 71)",1,1.01
"(483, 333)",1,1.01
"(531, 191)",1,1.01
"(19, 16)",1,1.01
"(488, 314)",1,1.01
"(201, 488)",1,1.01
"(89, 852)",1,1.01
"(1221, 89)",1,1.01
"(30, 1466)",1,1.01
"(939, 270)",1,1.01
"(1466, 56)",1,1.01
"(547, 2524)",1,1.01
"(1047, 547)",1,1.01
"(442, 768)",1,1.01
"(1410, 349)",1,1.01
"(509, 171)",1,1.01
"(90, 315)",1,1.01
"(2359, 89)",1,1.01
"(188, 2359)",1,1.01
"(450, 188)",1,1.01
"(506, 1167)",1,1.01
"(6, 416)",1,1.01
"(142, 755)",1,1.01
"(774, 89)",1,1.01
"(465, 774)",1,1.01
"(1131, 465)",1,1.01
"(2798, 10)",1,1.01
"(27, 657)",1,1.01
"(657, 23)",1,1.01
"(1136, 271)",1,1.01
"(2033, 89)",1,1.01
"(704, 131)",1,1.01
"(73, 311)",1,1.01
"(660, 9)",1,1.01
"(312, 350)",1,1.01
"(89, 312)",1,1.01
"(54, 650)",1,1.01
"(163, 658)",1,1.01
"(317, 163)",1,1.01
"(2481, 270)",1,1.01
"(39, 11)",1,1.01
"(166, 2130)",1,1.01
"(486, 166)",1,1.01
"(353, 91)",1,1.01
"(11, 23)",1,1.01
"(188, 90)",1,1.01
"(660, 26)",1,1.01
"(892, 1848)",1,1.01
"(226, 1007)",1,1.01
"(200, 26)",1,1.01
"(651, 147)",1,1.01
"(102, 2531)",1,1.01
"(167, 2988)",1,1.01
"(218, 2600)",1,1.01
"(303, 147)",1,1.01
"(371, 554)",1,1.01
"(421, 1516)",1,1.01
"(2167, 443)",1,1.01
"(827, 2167)",1,1.01
"(201, 827)",1,1.01
"(1706, 453)",1,1.01
"(522, 1706)",1,1.01
"(101, 850)",1,1.01
"(22, 15)",1,1.01
"(15, 11)",1,1.01
"(10, 36)",1,1.01
"(252, 579)",1,1.01
"(197, 97)",1,1.01
"(287, 95)",1,1.01
"(254, 197)",1,1.01
"(102, 254)",1,1.01
"(670, 89)",1,1.01
"(89, 670)",1,1.01
"(1159, 755)",1,1.01
"(415, 584)",1,1.01
"(392, 350)",1,1.01
"(351, 103)",1,1.01
"(2359, 203)",1,1.01
"(163, 1016)",1,1.01
"(188, 24)",1,1.01
"(101, 514)",1,1.01
"(475, 147)",1,1.01
"(542, 102)",1,1.01
"(1534, 268)",1,1.01
"(1272, 1534)",1,1.01
"(181, 1272)",1,1.01
"(531, 127)",1,1.01
"(24, 30)",1,1.01
"(124, 46)",1,1.01
"(183, 397)",1,1.01
"(1016, 2789)",1,1.01
"(11, 2669)",1,1.01
"(420, 1699)",1,1.01
"(450, 38)",1,1.01
"(379, 280)",1,1.01
"(147, 2588)",1,1.01
"(123, 350)",1,1.01
"(1443, 518)",1,1.01
"(2058, 1443)",1,1.01
"(193, 1096)",1,1.01
"(201, 193)",1,1.01
"(2115, 134)",1,1.01
"(863, 2115)",1,1.01
"(38, 511)",1,1.01
"(511, 200)",1,1.01
"(89, 641)",1,1.01
"(523, 24)",1,1.01
"(555, 116)",1,1.01
"(61, 753)",1,1.01
"(450, 10)",1,1.01
"(101, 611)",1,1.01
"(353, 1183)",1,1.01
"(1075, 398)",1,1.01
"(54, 1075)",1,1.01
"(346, 451)",1,1.01
"(60, 346)",1,1.01
"(2687, 60)",1,1.01
"(1516, 2687)",1,1.01
"(2350, 11)",1,1.01
"(1334, 365)",1,1.01
"(470, 2459)",1,1.01
"(135, 1169)",1,1.01
"(2560, 9)",1,1.01
"(390, 2560)",1,1.01
"(2560, 390)",1,1.01
"(1268, 2560)",1,1.01
"(9, 2627)",1,1.01
"(804, 2788)",1,1.01
"(1169, 89)",1,1.01
"(89, 187)",1,1.01
"(72, 708)",1,1.01
"(1469, 11)",1,1.01
"(348, 1469)",1,1.01
"(639, 147)",1,1.01
"(272, 1419)",1,1.01
"(158, 10)",1,1.01
"(2474, 1914)",1,1.01
"(135, 2022)",1,1.01
"(2973, 116)",1,1.01
"(141, 2181)",1,1.01
"(2149, 113)",1,1.01
"(1084, 219)",1,1.01
"(132, 2590)",1,1.01
"(372, 529)",1,1.01
"(90, 2133)",1,1.01
"(272, 1073)",1,1.01
"(2356, 93)",1,1.01
"(253, 372)",1,1.01
"(597, 117)",1,1.01
"(372, 1198)",1,1.01
"(651, 1991)",1,1.01
"(2332, 1450)",1,1.01
"(166, 2332)",1,1.01
"(341, 54)",1,1.01
"(56, 341)",1,1.01
"(525, 56)",1,1.01
"(98, 201)",1,1.01
"(846, 407)",1,1.01
"(57, 150)",1,1.01
"(282, 88)",1,1.01
"(10, 282)",1,1.01
"(407, 589)",1,1.01
"(151, 971)",1,1.01
"(154, 147)",1,1.01
"(589, 339)",1,1.01
"(114, 1301)",1,1.01
"(1256, 252)",1,1.01
"(193, 397)",1,1.01
"(10, 564)",1,1.01
"(73, 2921)",1,1.01
"(651, 163)",1,1.01
"(108, 142)",1,1.01
"(61, 2199)",1,1.01
"(302, 428)",1,1.01
"(1334, 65)",1,1.01
"(2050, 93)",1,1.01
"(1274, 94)",1,1.01
"(131, 927)",1,1.01
"(1078, 193)",1,1.01
"(462, 142)",1,1.01
"(54, 2012)",1,1.01
"(2349, 117)",1,1.01
"(2667, 2349)",1,1.01
"(141, 2667)",1,1.01
"(136, 107)",1,1.01
"(2012, 203)",1,1.01
"(239, 155)",1,1.01
"(1379, 106)",1,1.01
"(1910, 88)",1,1.01
"(54, 2231)",1,1.01
"(762, 109)",1,1.01
"(1508, 310)",1,1.01
"(2231, 672)",1,1.01
"(1706, 332)",1,1.01
"(99, 1706)",1,1.01
"(1938, 11)",1,1.01
"(483, 1750)",1,1.01
"(134, 2580)",1,1.01
"(982, 319)",1,1.01
"(853, 72)",1,1.01
"(72, 360)",1,1.01
"(241, 514)",1,1.01
"(142, 1744)",1,1.01
"(909, 237)",1,1.01
"(1744, 256)",1,1.01
"(2756, 102)",1,1.01
"(364, 2756)",1,1.01
"(268, 1421)",1,1.01
"(78, 710)",1,1.01
"(519, 144)",1,1.01
"(256, 27)",1,1.01
"(470, 296)",1,1.01
"(67, 470)",1,1.01
"(514, 67)",1,1.01
"(1910, 127)",1,1.01
"(360, 116)",1,1.01
"(105, 270)",1,1.01
"(847, 163)",1,1.01
"(2915, 272)",1,1.01
"(1268, 88)",1,1.01
"(94, 2627)",1,1.01
"(1925, 9)",1,1.01
"(268, 1925)",1,1.01
"(2205, 136)",1,1.01
"(101, 2205)",1,1.01
"(509, 127)",1,1.01
"(2555, 96)",1,1.01
"(116, 2555)",1,1.01
"(132, 656)",1,1.01
"(2654, 555)",1,1.01
"(1250, 41)",1,1.01
"(1121, 274)",1,1.01
"(1382, 582)",1,1.01
"(95, 1382)",1,1.01
"(671, 219)",1,1.01
"(665, 1382)",1,1.01
"(489, 89)",1,1.01
"(101, 722)",1,1.01
"(1983, 437)",1,1.01
"(941, 319)",1,1.01
"(177, 941)",1,1.01
"(93, 177)",1,1.01
"(722, 392)",1,1.01
"(1074, 89)",1,1.01
"(264, 1074)",1,1.01
"(6, 378)",1,1.01
"(90, 1545)",1,1.01
"(2751, 102)",1,1.01
"(722, 2751)",1,1.01
"(2562, 161)",1,1.01
"(136, 2562)",1,1.01
"(2608, 135)",1,1.01
"(234, 58)",1,1.01
"(241, 2425)",1,1.01
"(58, 27)",1,1.01
"(573, 172)",1,1.01
"(180, 118)",1,1.01
"(340, 269)",1,1.01
"(2357, 166)",1,1.01
"(89, 1121)",1,1.01
"(9, 2824)",1,1.01
"(99, 130)",1,1.01
"(507, 290)",1,1.01
"(142, 2787)",1,1.01
"(2787, 43)",1,1.01
"(1232, 200)",1,1.01
"(10, 1232)",1,1.01
"(93, 601)",1,1.01
"(979, 93)",1,1.01
"(98, 1552)",1,1.01
"(108, 485)",1,1.01
"(572, 69)",1,1.01
"(135, 572)",1,1.01
"(533, 135)",1,1.01
"(485, 131)",1,1.01
"(93, 2211)",1,1.01
"(2096, 55)",1,1.01
"(2510, 2096)",1,1.01
"(1084, 2053)",1,1.01
"(161, 1084)",1,1.01
"(1738, 161)",1,1.01
"(54, 2630)",1,1.01
"(128, 2537)",1,1.01
"(754, 38)",1,1.01
"(402, 104)",1,1.01
"(470, 75)",1,1.01
"(58, 895)",1,1.01
"(976, 601)",1,1.01
"(999, 976)",1,1.01
"(101, 636)",1,1.01
"(312, 180)",1,1.01
"(9, 2136)",1,1.01
"(669, 290)",1,1.01
"(2136, 26)",1,1.01
"(1569, 219)",1,1.01
"(176, 1569)",1,1.01
"(421, 1313)",1,1.01
"(642, 421)",1,1.01
"(538, 642)",1,1.01
"(801, 555)",1,1.01
"(33, 801)",1,1.01
"(523, 2907)",1,1.01
"(1323, 270)",1,1.01
"(423, 1323)",1,1.01
"(104, 423)",1,1.01
"(376, 284)",1,1.01
"(990, 11)",1,1.01
"(135, 1767)",1,1.01
"(377, 557)",1,1.01
"(188, 377)",1,1.01
"(372, 286)",1,1.01
"(1767, 10)",1,1.01
"(1400, 270)",1,1.01
"(10, 41)",1,1.01
"(1527, 109)",1,1.01
"(67, 1527)",1,1.01
"(1312, 147)",1,1.01
"(25, 1312)",1,1.01
"(475, 25)",1,1.01
"(2871, 102)",1,1.01
"(268, 2871)",1,1.01
"(219, 2683)",1,1.01
"(2808, 54)",1,1.01
"(9, 1552)",1,1.01
"(2757, 258)",1,1.01
"(188, 101)",1,1.01
"(335, 71)",1,1.01
"(341, 2324)",1,1.01
"(2021, 173)",1,1.01
"(72, 2021)",1,1.01
"(9, 37)",1,1.01
"(618, 166)",1,1.01
"(2689, 618)",1,1.01
"(404, 110)",1,1.01
"(37, 54)",1,1.01
"(111, 1106)",1,1.01
"(232, 490)",1,1.01
"(2864, 185)",1,1.01
"(979, 1425)",1,1.01
"(72, 2864)",1,1.01
"(41, 2808)",1,1.01
"(69, 143)",1,1.01
"(1484, 69)",1,1.01
"(193, 1484)",1,1.01
"(73, 193)",1,1.01
"(101, 2313)",1,1.01
"(143, 101)",1,1.01
"(294, 143)",1,1.01
"(1425, 11)",1,1.01
"(10, 1425)",1,1.01
"(1425, 10)",1,1.01
"(90, 1320)",1,1.01
"(9, 1359)",1,1.01
"(1245, 508)",1,1.01
"(111, 529)",1,1.01
"(143, 6)",1,1.01
"(2888, 102)",1,1.01
"(54, 2888)",1,1.01
"(998, 271)",1,1.01
"(1078, 66)",1,1.01
"(754, 99)",1,1.01
"(171, 714)",1,1.01
"(877, 171)",1,1.01
"(455, 267)",1,1.01
"(2413, 455)",1,1.01
"(1496, 88)",1,1.01
"(97, 57)",1,1.01
"(351, 957)",1,1.01
"(390, 126)",1,1.01
"(145, 710)",1,1.01
"(1596, 890)",1,1.01
"(483, 2600)",1,1.01
"(574, 483)",1,1.01
"(1572, 962)",1,1.01
"(54, 1572)",1,1.01
"(1707, 977)",1,1.01
"(233, 1707)",1,1.01
"(141, 233)",1,1.01
"(740, 1644)",1,1.01
"(2025, 191)",1,1.01
"(364, 2025)",1,1.01
"(72, 364)",1,1.01
"(108, 754)",1,1.01
"(529, 239)",1,1.01
"(2283, 104)",1,1.01
"(239, 1863)",1,1.01
"(183, 307)",1,1.01
"(157, 183)",1,1.01
"(1495, 2292)",1,1.01
"(1803, 584)",1,1.01
"(135, 1803)",1,1.01
"(2292, 1580)",1,1.01
"(78, 29)",1,1.01
"(590, 350)",1,1.01
"(622, 88)",1,1.01
"(73, 622)",1,1.01
"(445, 97)",1,1.01
"(719, 117)",1,1.01
"(1572, 985)",1,1.01
"(166, 1572)",1,1.01
"(389, 455)",1,1.01
"(88, 389)",1,1.01
"(2344, 89)",1,1.01
"(29, 287)",1,1.01
"(287, 1554)",1,1.01
"(2276, 2050)",1,1.01
"(147, 2276)",1,1.01
"(1554, 346)",1,1.01
"(22, 16)",1,1.01
"(132, 972)",1,1.01
"(1423, 132)",1,1.01
"(2871, 1423)",1,1.01
"(54, 2871)",1,1.01
"(1698, 437)",1,1.01
"(1672, 89)",1,1.01
"(103, 1803)",1,1.01
"(223, 713)",1,1.01
"(142, 1143)",1,1.01
"(548, 142)",1,1.01
"(475, 252)",1,1.01
"(1532, 475)",1,1.01
"(241, 1532)",1,1.01
"(141, 2344)",1,1.01
"(2274, 492)",1,1.01
"(555, 2274)",1,1.01
"(590, 555)",1,1.01
"(590, 3)",1,1.01
"(140, 112)",1,1.01
"(1968, 188)",1,1.01
"(165, 1968)",1,1.01
"(9, 165)",1,1.01
"(1505, 555)",1,1.01
"(106, 664)",1,1.01
"(1106, 977)",1,1.01
"(626, 1106)",1,1.01
"(160, 2343)",1,1.01
"(1723, 71)",1,1.01
"(450, 502)",1,1.01
"(94, 38)",1,1.01
"(489, 1584)",1,1.01
"(425, 2032)",1,1.01
"(1707, 9)",1,1.01
"(109, 1707)",1,1.01
"(38, 99)",1,1.01
"(287, 109)",1,1.01
"(109, 180)",1,1.01
"(180, 307)",1,1.01
"(574, 24)",1,1.01
"(310, 220)",1,1.01
"(98, 352)",1,1.01
"(441, 90)",1,1.01
"(98, 264)",1,1.01
"(431, 270)",1,1.01
"(1323, 109)",1,1.01
"(105, 1323)",1,1.01
"(1231, 11)",1,1.01
"(596, 642)",1,1.01
"(590, 102)",1,1.01
"(302, 590)",1,1.01
"(193, 958)",1,1.01
"(410, 720)",1,1.01
"(307, 319)",1,1.01
"(344, 319)",1,1.01
"(720, 2598)",1,1.01
"(1536, 98)",1,1.01
"(239, 1536)",1,1.01
"(48, 89)",1,1.01
"(1085, 101)",1,1.01
"(54, 1085)",1,1.01
"(381, 267)",1,1.01
"(1438, 381)",1,1.01
"(916, 1438)",1,1.01
"(844, 350)",1,1.01
"(91, 844)",1,1.01
"(711, 660)",1,1.01
"(1160, 1163)",1,1.01
"(1807, 977)",1,1.01
"(1943, 147)",1,1.01
"(9, 490)",1,1.01
"(1853, 977)",1,1.01
"(34, 1853)",1,1.01
"(111, 34)",1,1.01
"(1383, 94)",1,1.01
"(667, 584)",1,1.01
"(64, 667)",1,1.01
"(1585, 369)",1,1.01
"(369, 629)",1,1.01
"(34, 700)",1,1.01
"(645, 34)",1,1.01
"(271, 1904)",1,1.01
"(351, 797)",1,1.01
"(300, 936)",1,1.01
"(1904, 1790)",1,1.01
"(2563, 958)",1,1.01
"(98, 2563)",1,1.01
"(218, 2548)",1,1.01
"(2004, 214)",1,1.01
"(73, 258)",1,1.01
"(188, 138)",1,1.01
"(1308, 142)",1,1.01
"(109, 1308)",1,1.01
"(427, 109)",1,1.01
"(128, 315)",1,1.01
"(1371, 11)",1,1.01
"(2320, 334)",1,1.01
"(490, 1943)",1,1.01
"(1398, 1233)",1,1.01
"(188, 529)",1,1.01
"(1233, 207)",1,1.01
"(582, 560)",1,1.01
"(1355, 147)",1,1.01
"(1497, 34)",1,1.01
"(1065, 1497)",1,1.01
"(2138, 605)",1,1.01
"(69, 2138)",1,1.01
"(258, 69)",1,1.01
"(65, 258)",1,1.01
"(529, 115)",1,1.01
"(102, 529)",1,1.01
"(9, 1532)",1,1.01
"(290, 300)",1,1.01
"(433, 214)",1,1.01
"(220, 2732)",1,1.01
"(2732, 33)",1,1.01
"(1383, 301)",1,1.01
"(300, 1383)",1,1.01
"(404, 300)",1,1.01
"(1280, 429)",1,1.01
"(1028, 1280)",1,1.01
"(95, 1585)",1,1.01
"(1160, 98)",1,1.01
"(655, 1160)",1,1.01
"(101, 525)",1,1.01
"(1497, 385)",1,1.01
"(34, 1497)",1,1.01
"(483, 34)",1,1.01
"(88, 2320)",1,1.01
"(581, 94)",1,1.01
"(423, 126)",1,1.01
"(231, 106)",1,1.01
"(2790, 161)",1,1.01
"(300, 2790)",1,1.01
"(602, 188)",1,1.01
"(1082, 1221)",1,1.01
"(149, 159)",1,1.01
"(426, 117)",1,1.01
"(709, 426)",1,1.01
"(147, 97)",1,1.01
"(452, 598)",1,1.01
"(1882, 11)",1,1.01
"(103, 1882)",1,1.01
"(78, 810)",1,1.01
"(101, 2003)",1,1.01
"(106, 2717)",1,1.01
"(271, 2169)",1,1.01
"(2090, 131)",1,1.01
"(9, 2090)",1,1.01
"(218, 690)",1,1.01
"(1131, 1134)",1,1.01
"(362, 290)",1,1.01
"(59, 362)",1,1.01
"(201, 59)",1,1.01
"(2679, 89)",1,1.01
"(54, 2814)",1,1.01
"(2648, 34)",1,1.01
"(1353, 34)",1,1.01
"(24, 353)",1,1.01
"(2003, 191)",1,1.01
"(136, 2907)",1,1.01
"(2907, 241)",1,1.01
"(794, 517)",1,1.01
"(1427, 231)",1,1.01
"(101, 542)",1,1.01
"(1650, 11)",1,1.01
"(984, 127)",1,1.01
"(509, 984)",1,1.01
"(111, 117)",1,1.01
"(2814, 89)",1,1.01
"(2979, 2814)",1,1.01
"(2927, 191)",1,1.01
"(1043, 794)",1,1.01
"(380, 177)",1,1.01
"(597, 560)",1,1.01
"(139, 3)",1,1.01
"(894, 939)",1,1.01
"(268, 96)",1,1.01
"(66, 215)",1,1.01
"(481, 1214)",1,1.01
"(142, 1180)",1,1.01
"(383, 142)",1,1.01
"(2114, 383)",1,1.01
"(2201, 2114)",1,1.01
"(582, 2201)",1,1.01
"(1134, 136)",1,1.01
"(488, 1370)",1,1.01
"(1180, 57)",1,1.01
"(939, 149)",1,1.01
"(2194, 89)",1,1.01
"(249, 280)",1,1.01
"(218, 300)",1,1.01
"(290, 1903)",1,1.01
"(181, 2261)",1,1.01
"(1903, 1300)",1,1.01
"(101, 1903)",1,1.01
"(88, 2832)",1,1.01
"(307, 451)",1,1.01
"(2884, 763)",1,1.01
"(1433, 2884)",1,1.01
"(2261, 54)",1,1.01
"(1479, 9)",1,1.01
"(117, 1479)",1,1.01
"(379, 25)",1,1.01
"(666, 584)",1,1.01
"(163, 666)",1,1.01
"(2855, 93)",1,1.01
"(114, 254)",1,1.01
"(309, 252)",1,1.01
"(2214, 2790)",1,1.01
"(241, 213)",1,1.01
"(309, 24)",1,1.01
"(1660, 9)",1,1.01
"(218, 2790)",1,1.01
"(2158, 203)",1,1.01
"(10, 2158)",1,1.01
"(54, 1884)",1,1.01
"(2025, 10)",1,1.01
"(88, 2025)",1,1.01
"(747, 1425)",1,1.01
"(206, 56)",1,1.01
"(1903, 191)",1,1.01
"(941, 188)",1,1.01
"(114, 1421)",1,1.01
"(153, 2774)",1,1.01
"(123, 431)",1,1.01
"(213, 1533)",1,1.01
"(1202, 171)",1,1.01
"(127, 1202)",1,1.01
"(582, 396)",1,1.01
"(388, 203)",1,1.01
"(1143, 388)",1,1.01
"(160, 530)",1,1.01
"(1586, 612)",1,1.01
"(2612, 55)",1,1.01
"(867, 582)",1,1.01
"(9, 914)",1,1.01
"(2741, 519)",1,1.01
"(582, 555)",1,1.01
"(602, 93)",1,1.01
"(1933, 3)",1,1.01
"(1221, 286)",1,1.01
"(1088, 142)",1,1.01
"(1595, 1088)",1,1.01
"(117, 1595)",1,1.01
"(607, 34)",1,1.01
"(2757, 188)",1,1.01
"(104, 2757)",1,1.01
"(1065, 425)",1,1.01
"(160, 1444)",1,1.01
"(1421, 237)",1,1.01
"(2886, 10)",1,1.01
"(9, 2886)",1,1.01
"(2884, 9)",1,1.01
"(528, 347)",1,1.01
"(93, 950)",1,1.01
"(2276, 93)",1,1.01
"(160, 2276)",1,1.01
"(2428, 9)",1,1.01
"(2734, 101)",1,1.01
"(322, 2734)",1,1.01
"(149, 1567)",1,1.01
"(109, 76)",1,1.01
"(129, 1711)",1,1.01
"(117, 2761)",1,1.01
"(2441, 2086)",1,1.01
"(93, 530)",1,1.01
"(76, 358)",1,1.01
"(556, 1528)",1,1.01
"(358, 888)",1,1.01
"(762, 8)",1,1.01
"(1508, 2132)",1,1.01
"(7, 188)",1,1.01
"(382, 7)",1,1.01
"(2870, 11)",1,1.01
"(96, 2870)",1,1.01
"(1462, 372)",1,1.01
"(888, 519)",1,1.01
"(332, 630)",1,1.01
"(94, 332)",1,1.01
"(93, 650)",1,1.01
"(188, 1030)",1,1.01
"(2065, 683)",1,1.01
"(488, 1749)",1,1.01
"(2200, 191)",1,1.01
"(9, 1051)",1,1.01
"(720, 2002)",1,1.01
"(9, 2211)",1,1.01
"(413, 763)",1,1.01
"(186, 883)",1,1.01
"(1356, 203)",1,1.01
"(1211, 113)",1,1.01
"(528, 1211)",1,1.01
"(233, 191)",1,1.01
"(509, 233)",1,1.01
"(1356, 89)",1,1.01
"(2068, 1356)",1,1.01
"(1051, 94)",1,1.01
"(1671, 9)",1,1.01
"(2886, 171)",1,1.01
"(9, 99)",1,1.01
"(2079, 241)",1,1.01
"(9, 1208)",1,1.01
"(2018, 199)",1,1.01
"(573, 2018)",1,1.01
"(876, 106)",1,1.01
"(808, 219)",1,1.01
"(72, 808)",1,1.01
"(556, 6)",1,1.01
"(2205, 11)",1,1.01
"(2450, 134)",1,1.01
"(134, 1359)",1,1.01
"(300, 210)",1,1.01
"(1406, 101)",1,1.01
"(104, 160)",1,1.01
"(213, 352)",1,1.01
"(352, 181)",1,1.01
"(2555, 88)",1,1.01
"(737, 136)",1,1.01
"(141, 1230)",1,1.01
"(750, 1858)",1,1.01
"(1364, 389)",1,1.01
"(191, 127)",1,1.01
"(127, 812)",1,1.01
"(812, 117)",1,1.01
"(704, 9)",1,1.01
"(34, 2092)",1,1.01
"(377, 2600)",1,1.01
"(894, 1759)",1,1.01
"(1759, 237)",1,1.01
"(2660, 252)",1,1.01
"(188, 96)",1,1.01
"(114, 2726)",1,1.01
"(1358, 219)",1,1.01
"(117, 381)",1,1.01
"(88, 1709)",1,1.01
"(1172, 332)",1,1.01
"(1082, 1360)",1,1.01
"(94, 34)",1,1.01
"(1709, 101)",1,1.01
"(188, 2237)",1,1.01
"(2041, 188)",1,1.01
"(102, 743)",1,1.01
"(986, 103)",1,1.01
"(396, 2059)",1,1.01
"(794, 330)",1,1.01
"(2059, 117)",1,1.01
"(372, 312)",1,1.01
"(438, 34)",1,1.01
"(312, 229)",1,1.01
"(1672, 2496)",1,1.01
"(34, 1672)",1,1.01
"(655, 1992)",1,1.01
"(45, 655)",1,1.01
"(118, 313)",1,1.01
"(9, 638)",1,1.01
"(717, 392)",1,1.01
"(2322, 10)",1,1.01
"(178, 2322)",1,1.01
"(218, 812)",1,1.01
"(812, 191)",1,1.01
"(2773, 190)",1,1.01
"(136, 2773)",1,1.01
"(1441, 171)",1,1.01
"(136, 114)",1,1.01
"(317, 289)",1,1.01
"(89, 1243)",1,1.01
"(289, 290)",1,1.01
"(554, 161)",1,1.01
"(119, 584)",1,1.01
"(33, 119)",1,1.01
"(241, 1061)",1,1.01
"(101, 936)",1,1.01
"(394, 444)",1,1.01
"(1118, 11)",1,1.01
"(547, 1118)",1,1.01
"(508, 869)",1,1.01
"(1364, 937)",1,1.01
"(181, 589)",1,1.01
"(133, 188)",1,1.01
"(2552, 24)",1,1.01
"(34, 2910)",1,1.01
"(2082, 101)",1,1.01
"(268, 128)",1,1.01
"(34, 1212)",1,1.01
"(128, 2552)",1,1.01
"(2552, 658)",1,1.01
"(658, 109)",1,1.01
"(1295, 103)",1,1.01
"(9, 1295)",1,1.01
"(310, 2248)",1,1.01
"(1078, 710)",1,1.01
"(2248, 161)",1,1.01
"(1169, 464)",1,1.01
"(241, 1169)",1,1.01
"(290, 241)",1,1.01
"(1383, 290)",1,1.01
"(1505, 258)",1,1.01
"(547, 1505)",1,1.01
"(226, 1698)",1,1.01
"(706, 226)",1,1.01
"(383, 498)",1,1.01
"(867, 147)",1,1.01
"(474, 1781)",1,1.01
"(2612, 474)",1,1.01
"(2454, 1300)",1,1.01
"(88, 1159)",1,1.01
"(1245, 3)",1,1.01
"(450, 529)",1,1.01
"(98, 511)",1,1.01
"(1273, 181)",1,1.01
"(252, 2347)",1,1.01
"(1527, 252)",1,1.01
"(2582, 11)",1,1.01
"(290, 2582)",1,1.01
"(290, 451)",1,1.01
"(240, 517)",1,1.01
"(937, 127)",1,1.01
"(327, 937)",1,1.01
"(59, 327)",1,1.01
"(249, 59)",1,1.01
"(317, 332)",1,1.01
"(88, 1002)",1,1.01
"(1307, 56)",1,1.01
"(252, 495)",1,1.01
"(171, 142)",1,1.01
"(224, 290)",1,1.01
"(2582, 224)",1,1.01
"(188, 2582)",1,1.01
"(1333, 142)",1,1.01
"(2068, 1333)",1,1.01
"(1987, 281)",1,1.01
"(1721, 9)",1,1.01
"(1379, 9)",1,1.01
"(1013, 2556)",1,1.01
"(155, 640)",1,1.01
"(927, 2366)",1,1.01
"(1740, 104)",1,1.01
"(2754, 332)",1,1.01
"(302, 577)",1,1.01
"(552, 1200)",1,1.01
"(339, 188)",1,1.01
"(108, 339)",1,1.01
"(703, 108)",1,1.01
"(383, 209)",1,1.01
"(332, 270)",1,1.01
"(127, 205)",1,1.01
"(213, 1227)",1,1.01
"(1255, 88)",1,1.01
"(1716, 1255)",1,1.01
"(2208, 127)",1,1.01
"(1548, 2208)",1,1.01
"(203, 1548)",1,1.01
"(911, 203)",1,1.01
"(331, 584)",1,1.01
"(643, 331)",1,1.01
"(92, 643)",1,1.01
"(34, 334)",1,1.01
"(130, 1614)",1,1.01
"(9, 906)",1,1.01
"(94, 937)",1,1.01
"(1688, 72)",1,1.01
"(109, 554)",1,1.01
"(2886, 437)",1,1.01
"(2336, 2886)",1,1.01
"(936, 88)",1,1.01
"(136, 2754)",1,1.01
"(34, 2154)",1,1.01
"(1913, 93)",1,1.01
"(2154, 102)",1,1.01
"(811, 1740)",1,1.01
"(1529, 811)",1,1.01
"(931, 11)",1,1.01
"(760, 931)",1,1.01
"(349, 760)",1,1.01
"(218, 112)",1,1.01
"(1343, 9)",1,1.01
"(2886, 748)",1,1.01
"(382, 109)",1,1.01
"(630, 96)",1,1.01
"(34, 1981)",1,1.01
"(181, 516)",1,1.01
"(1102, 65)",1,1.01
"(686, 1102)",1,1.01
"(9, 2626)",1,1.01
"(2087, 9)",1,1.01
"(239, 2087)",1,1.01
"(2109, 807)",1,1.01
"(1498, 280)",1,1.01
"(34, 1498)",1,1.01
"(921, 34)",1,1.01
"(129, 394)",1,1.01
"(268, 2761)",1,1.01
"(516, 302)",1,1.01
"(130, 2973)",1,1.01
"(677, 130)",1,1.01
"(102, 677)",1,1.01
"(953, 753)",1,1.01
"(109, 953)",1,1.01
"(543, 267)",1,1.01
"(78, 476)",1,1.01
"(370, 111)",1,1.01
"(1159, 101)",1,1.01
"(485, 1159)",1,1.01
"(1300, 485)",1,1.01
"(858, 1300)",1,1.01
"(381, 2113)",1,1.01
"(2723, 1243)",1,1.01
"(100, 34)",1,1.01
"(1233, 2158)",1,1.01
"(286, 34)",1,1.01
"(254, 34)",1,1.01
"(88, 1758)",1,1.01
"(2414, 1367)",1,1.01
"(59, 795)",1,1.01
"(181, 59)",1,1.01
"(670, 380)",1,1.01
"(162, 670)",1,1.01
"(28, 162)",1,1.01
"(1736, 28)",1,1.01
"(993, 89)",1,1.01
"(10, 993)",1,1.01
"(161, 10)",1,1.01
"(127, 163)",1,1.01
"(163, 794)",1,1.01
"(626, 98)",1,1.01
"(2986, 626)",1,1.01
"(93, 2986)",1,1.01
"(243, 167)",1,1.01
"(606, 171)",1,1.01
"(171, 1799)",1,1.01
"(1052, 290)",1,1.01
"(2626, 618)",1,1.01
"(203, 2626)",1,1.01
"(1524, 155)",1,1.01
"(290, 1524)",1,1.01
"(69, 290)",1,1.01
"(102, 150)",1,1.01
"(69, 102)",1,1.01
"(203, 150)",1,1.01
"(1014, 203)",1,1.01
"(605, 96)",1,1.01
"(117, 2029)",1,1.01
"(895, 1180)",1,1.01
"(101, 1656)",1,1.01
"(443, 243)",1,1.01
"(1260, 101)",1,1.01
"(1180, 2456)",1,1.01
"(2456, 103)",1,1.01
"(2902, 9)",1,1.01
"(2285, 2902)",1,1.01
"(953, 1275)",1,1.01
"(245, 658)",1,1.01
"(376, 363)",1,1.01
"(130, 666)",1,1.01
"(93, 1510)",1,1.01
"(971, 443)",1,1.01
"(2006, 88)",1,1.01
"(381, 104)",1,1.01
"(160, 662)",1,1.01
"(10, 700)",1,1.01
"(1524, 96)",1,1.01
"(1102, 950)",1,1.01
"(1863, 1102)",1,1.01
"(1109, 1863)",1,1.01
"(390, 38)",1,1.01
"(114, 390)",1,1.01
"(254, 127)",1,1.01
"(753, 113)",1,1.01
"(1496, 753)",1,1.01
"(109, 444)",1,1.01
"(394, 1300)",1,1.01
"(1233, 833)",1,1.01
"(127, 2023)",1,1.01
"(2984, 348)",1,1.01
"(272, 371)",1,1.01
"(2023, 270)",1,1.01
"(2150, 826)",1,1.01
"(117, 2701)",1,1.01
"(113, 942)",1,1.01
"(680, 810)",1,1.01
"(272, 2496)",1,1.01
"(481, 272)",1,1.01
"(34, 2020)",1,1.01
"(942, 369)",1,1.01
"(129, 618)",1,1.01
"(369, 24)",1,1.01
"(848, 894)",1,1.01
"(2984, 11)",1,1.01
"(1341, 1524)",1,1.01
"(533, 519)",1,1.01
"(354, 1724)",1,1.01
"(304, 372)",1,1.01
"(1078, 985)",1,1.01
"(218, 1078)",1,1.01
"(2435, 9)",1,1.01
"(1401, 622)",1,1.01
"(10, 972)",1,1.01
"(2076, 332)",1,1.01
"(218, 445)",1,1.01
"(88, 192)",1,1.01
"(398, 161)",1,1.01
"(335, 1444)",1,1.01
"(89, 335)",1,1.01
"(179, 679)",1,1.01
"(93, 498)",1,1.01
"(1749, 93)",1,1.01
"(1504, 1749)",1,1.01
"(971, 1504)",1,1.01
"(372, 2333)",1,1.01
"(67, 310)",1,1.01
"(258, 2857)",1,1.01
"(367, 258)",1,1.01
"(2342, 302)",1,1.01
"(302, 170)",1,1.01
"(894, 2916)",1,1.01
"(909, 117)",1,1.01
"(303, 102)",1,1.01
"(107, 755)",1,1.01
"(372, 253)",1,1.01
"(93, 2761)",1,1.01
"(9, 331)",1,1.01
"(91, 93)",1,1.01
"(508, 1338)",1,1.01
"(93, 64)",1,1.01
"(213, 73)",1,1.01
"(203, 2208)",1,1.01
"(1331, 203)",1,1.01
"(1281, 127)",1,1.01
"(317, 972)",1,1.01
"(594, 1654)",1,1.01
"(861, 594)",1,1.01
"(2804, 861)",1,1.01
"(906, 2804)",1,1.01
"(218, 906)",1,1.01
"(392, 127)",1,1.01
"(88, 1007)",1,1.01
"(927, 1346)",1,1.01
"(88, 238)",1,1.01
"(91, 406)",1,1.01
"(1595, 142)",1,1.01
"(101, 1595)",1,1.01
"(344, 101)",1,1.01
"(764, 344)",1,1.01
"(55, 764)",1,1.01
"(1687, 55)",1,1.01
"(286, 54)",1,1.01
"(103, 286)",1,1.01
"(2704, 109)",1,1.01
"(117, 1227)",1,1.01
"(1198, 93)",1,1.01
"(150, 59)",1,1.01
"(894, 1052)",1,1.01
"(713, 69)",1,1.01
"(1444, 2255)",1,1.01
"(1402, 539)",1,1.01
"(894, 1402)",1,1.01
"(1728, 237)",1,1.01
"(198, 1728)",1,1.01
"(852, 117)",1,1.01
"(268, 810)",1,1.01
"(2194, 319)",1,1.01
"(1911, 519)",1,1.01
"(209, 424)",1,1.01
"(69, 209)",1,1.01
"(117, 69)",1,1.01
"(2255, 89)",1,1.01
"(2138, 272)",1,1.01
"(561, 142)",1,1.01
"(104, 2138)",1,1.01
"(475, 104)",1,1.01
"(2505, 475)",1,1.01
"(581, 127)",1,1.01
"(353, 713)",1,1.01
"(127, 847)",1,1.01
"(1920, 127)",1,1.01
"(772, 98)",1,1.01
"(34, 2832)",1,1.01
"(313, 100)",1,1.01
"(163, 313)",1,1.01
"(1319, 784)",1,1.01
"(704, 132)",1,1.01
"(253, 6)",1,1.01
"(844, 376)",1,1.01
"(1538, 651)",1,1.01
"(114, 61)",1,1.01
"(911, 102)",1,1.01
"(2667, 9)",1,1.01
"(90, 2667)",1,1.01
"(34, 2715)",1,1.01
"(528, 383)",1,1.01
"(129, 130)",1,1.01
"(160, 2761)",1,1.01
"(383, 55)",1,1.01
"(383, 1076)",1,1.01
"(374, 1489)",1,1.01
"(1927, 9)",1,1.01
"(2680, 89)",1,1.01
"(1247, 2680)",1,1.01
"(923, 695)",1,1.01
"(383, 923)",1,1.01
"(449, 383)",1,1.01
"(559, 421)",1,1.01
"(505, 1090)",1,1.01
"(454, 505)",1,1.01
"(383, 1927)",1,1.01
"(385, 270)",1,1.01
"(374, 1728)",1,1.01
"(483, 184)",1,1.01
"(9, 1505)",1,1.01
"(152, 9)",1,1.01
"(1707, 271)",1,1.01
"(579, 528)",1,1.01
"(276, 399)",1,1.01
"(97, 105)",1,1.01
"(300, 832)",1,1.01
"(109, 1807)",1,1.01
"(276, 667)",1,1.01
"(209, 276)",1,1.01
"(966, 209)",1,1.01
"(876, 264)",1,1.01
"(1920, 241)",1,1.01
"(352, 1920)",1,1.01
"(2370, 191)",1,1.01
"(1584, 2370)",1,1.01
"(103, 2081)",1,1.01
"(300, 1914)",1,1.01
"(1721, 171)",1,1.01
"(1063, 98)",1,1.01
"(109, 1063)",1,1.01
"(1121, 156)",1,1.01
"(135, 2456)",1,1.01
"(1078, 1208)",1,1.01
"(2735, 1255)",1,1.01
"(918, 1419)",1,1.01
"(1893, 172)",1,1.01
"(622, 271)",1,1.01
"(271, 622)",1,1.01
"(143, 10)",1,1.01
"(156, 10)",1,1.01
"(241, 1280)",1,1.01
"(311, 10)",1,1.01
"(99, 111)",1,1.01
"(1280, 1707)",1,1.01
"(99, 129)",1,1.01
"(4, 143)",1,1.01
"(585, 4)",1,1.01
"(2948, 655)",1,1.01
"(78, 2948)",1,1.01
"(127, 331)",1,1.01
"(296, 640)",1,1.01
"(2885, 376)",1,1.01
"(114, 380)",1,1.01
"(203, 161)",1,1.01
"(436, 203)",1,1.01
"(1510, 290)",1,1.01
"(690, 1425)",1,1.01
"(645, 93)",1,1.01
"(133, 797)",1,1.01
"(173, 133)",1,1.01
"(44, 173)",1,1.01
"(1215, 1258)",1,1.01
"(1161, 98)",1,1.01
"(860, 117)",1,1.01
"(306, 170)",1,1.01
"(1421, 683)",1,1.01
"(1746, 3)",1,1.01
"(502, 254)",1,1.01
"(423, 502)",1,1.01
"(147, 641)",1,1.01
"(833, 93)",1,1.01
"(2645, 1262)",1,1.01
"(2922, 2645)",1,1.01
"(105, 11)",1,1.01
"(117, 264)",1,1.01
"(397, 65)",1,1.01
"(93, 565)",1,1.01
"(346, 584)",1,1.01
"(4, 159)",1,1.01
"(446, 4)",1,1.01
"(797, 936)",1,1.01
"(589, 1593)",1,1.01
"(1593, 55)",1,1.01
"(1251, 1469)",1,1.01
"(347, 1320)",1,1.01
"(1382, 347)",1,1.01
"(413, 1382)",1,1.01
"(300, 413)",1,1.01
"(506, 1473)",1,1.01
"(55, 592)",1,1.01
"(117, 1076)",1,1.01
"(623, 348)",1,1.01
"(339, 270)",1,1.01
"(709, 191)",1,1.01
"(394, 641)",1,1.01
"(129, 79)",1,1.01
"(54, 129)",1,1.01
"(403, 54)",1,1.01
"(310, 403)",1,1.01
"(2894, 11)",1,1.01
"(560, 2894)",1,1.01
"(113, 560)",1,1.01
"(117, 565)",1,1.01
"(147, 1132)",1,1.01
"(376, 1198)",1,1.01
"(666, 1710)",1,1.01
"(1618, 98)",1,1.01
"(2798, 1052)",1,1.01
"(664, 94)",1,1.01
"(1243, 72)",1,1.01
"(2264, 1243)",1,1.01
"(519, 2264)",1,1.01
"(371, 327)",1,1.01
"(2131, 453)",1,1.01
"(579, 2131)",1,1.01
"(2783, 117)",1,1.01
"(1109, 2783)",1,1.01
"(109, 128)",1,1.01
"(399, 1627)",1,1.01
"(423, 399)",1,1.01
"(102, 38)",1,1.01
"(2976, 1560)",1,1.01
"(26, 36)",1,1.01
"(109, 221)",1,1.01
"(30, 204)",1,1.01
"(2033, 9)",1,1.01
"(444, 103)",1,1.01
"(208, 74)",1,1.01
"(750, 1560)",1,1.01
"(163, 825)",1,1.01
"(201, 1460)",1,1.01
"(1828, 1038)",1,1.01
"(96, 28)",1,1.01
"(876, 1069)",1,1.01
"(28, 1625)",1,1.01
"(94, 96)",1,1.01
"(1052, 271)",1,1.01
"(383, 220)",1,1.01
"(271, 904)",1,1.01
"(1469, 271)",1,1.01
"(1286, 1469)",1,1.01
"(154, 651)",1,1.01
"(54, 1189)",1,1.01
"(299, 1450)",1,1.01
"(999, 299)",1,1.01
"(147, 796)",1,1.01
"(876, 195)",1,1.01
"(1326, 11)",1,1.01
"(65, 1326)",1,1.01
"(153, 65)",1,1.01
"(134, 289)",1,1.01
"(289, 264)",1,1.01
"(828, 208)",1,1.01
"(305, 371)",1,1.01
"(179, 145)",1,1.01
"(271, 179)",1,1.01
"(108, 271)",1,1.01
"(371, 155)",1,1.01
"(750, 2595)",1,1.01
"(423, 96)",1,1.01
"(160, 1889)",1,1.01
"(1942, 136)",1,1.01
"(245, 214)",1,1.01
"(281, 704)",1,1.01
"(3, 27)",1,1.01
"(904, 986)",1,1.01
"(1009, 34)",1,1.01
"(54, 1922)",1,1.01
"(2543, 258)",1,1.01
"(103, 710)",1,1.01
"(602, 271)",1,1.01
"(290, 602)",1,1.01
"(198, 944)",1,1.01
"(11, 1066)",1,1.01
"(2255, 258)",1,1.01
"(2996, 2255)",1,1.01
"(218, 2996)",1,1.01
"(939, 630)",1,1.01
"(1721, 116)",1,1.01
"(582, 1721)",1,1.01
"(1001, 142)",1,1.01
"(577, 3)",1,1.01
"(894, 54)",1,1.01
"(941, 729)",1,1.01
"(1654, 289)",1,1.01
"(88, 1654)",1,1.01
"(729, 54)",1,1.01
"(2213, 98)",1,1.01
"(218, 517)",1,1.01
"(286, 218)",1,1.01
"(287, 89)",1,1.01
"(102, 177)",1,1.01
"(65, 155)",1,1.01
"(2343, 65)",1,1.01
"(102, 2343)",1,1.01
"(220, 642)",1,1.01
"(173, 109)",1,1.01
"(101, 872)",1,1.01
"(872, 1259)",1,1.01
"(1259, 313)",1,1.01
"(1900, 113)",1,1.01
"(218, 644)",1,1.01
"(2474, 286)",1,1.01
"(2976, 9)",1,1.01
"(1771, 89)",1,1.01
"(1894, 1771)",1,1.01
"(72, 1894)",1,1.01
"(1259, 10)",1,1.01
"(300, 1259)",1,1.01
"(1625, 290)",1,1.01
"(2863, 89)",1,1.01
"(2746, 93)",1,1.01
"(91, 2746)",1,1.01
"(245, 2546)",1,1.01
"(54, 2832)",1,1.01
"(2064, 34)",1,1.01
"(394, 2064)",1,1.01
"(290, 506)",1,1.01
"(380, 258)",1,1.01
"(2272, 363)",1,1.01
"(331, 2312)",1,1.01
"(528, 331)",1,1.01
"(1563, 34)",1,1.01
"(2534, 9)",1,1.01
"(117, 2534)",1,1.01
"(936, 1708)",1,1.01
"(772, 936)",1,1.01
"(54, 256)",1,1.01
"(220, 58)",1,1.01
"(89, 666)",1,1.01
"(199, 571)",1,1.01
"(239, 2535)",1,1.01
"(181, 2910)",1,1.01
"(999, 161)",1,1.01
"(237, 625)",1,1.01
"(127, 237)",1,1.01
"(541, 127)",1,1.01
"(188, 541)",1,1.01
"(149, 1275)",1,1.01
"(2441, 97)",1,1.01
"(1407, 2441)",1,1.01
"(877, 1407)",1,1.01
"(394, 475)",1,1.01
"(556, 518)",1,1.01
"(69, 645)",1,1.01
"(247, 69)",1,1.01
"(149, 1117)",1,1.01
"(2920, 2402)",1,1.01
"(135, 2920)",1,1.01
"(2049, 1262)",1,1.01
"(709, 2049)",1,1.01
"(615, 136)",1,1.01
"(100, 191)",1,1.01
"(240, 2566)",1,1.01
"(1352, 88)",1,1.01
"(290, 1352)",1,1.01
"(356, 97)",1,1.01
"(416, 3)",1,1.01
"(2535, 110)",1,1.01
"(571, 258)",1,1.01
"(489, 59)",1,1.01
"(97, 65)",1,1.01
"(701, 388)",1,1.01
"(1051, 11)",1,1.01
"(268, 1051)",1,1.01
"(148, 95)",1,1.01
"(2189, 101)",1,1.01
"(10, 2189)",1,1.01
"(761, 6)",1,1.01
"(944, 1300)",1,1.01
"(1212, 267)",1,1.01
"(167, 2606)",1,1.01
"(64, 258)",1,1.01
"(377, 674)",1,1.01
"(1375, 88)",1,1.01
"(136, 1375)",1,1.01
"(667, 34)",1,1.01
"(132, 667)",1,1.01
"(2606, 54)",1,1.01
"(450, 345)",1,1.01
"(787, 60)",1,1.01
"(72, 2386)",1,1.01
"(2386, 341)",1,1.01
"(188, 1093)",1,1.01
"(666, 315)",1,1.01
"(489, 68)",1,1.01
"(1548, 489)",1,1.01
"(117, 810)",1,1.01
"(2617, 96)",1,1.01
"(1117, 147)",1,1.01
"(149, 2201)",1,1.01
"(191, 107)",1,1.01
"(509, 662)",1,1.01
"(840, 758)",1,1.01
"(1942, 840)",1,1.01
"(806, 584)",1,1.01
"(383, 1490)",1,1.01
"(388, 147)",1,1.01
"(220, 1036)",1,1.01
"(408, 962)",1,1.01
"(109, 826)",1,1.01
"(383, 1984)",1,1.01
"(447, 54)",1,1.01
"(181, 1397)",1,1.01
"(597, 252)",1,1.01
"(822, 191)",1,1.01
"(312, 822)",1,1.01
"(104, 312)",1,1.01
"(118, 104)",1,1.01
"(1302, 258)",1,1.01
"(2865, 1302)",1,1.01
"(2524, 2865)",1,1.01
"(95, 2524)",1,1.01
"(508, 195)",1,1.01
"(476, 508)",1,1.01
"(54, 1490)",1,1.01
"(603, 1412)",1,1.01
"(106, 345)",1,1.01
"(430, 1450)",1,1.01
"(59, 430)",1,1.01
"(1616, 142)",1,1.01
"(26, 486)",1,1.01
"(486, 10)",1,1.01
"(2976, 286)",1,1.01
"(2201, 868)",1,1.01
"(136, 314)",1,1.01
"(240, 651)",1,1.01
"(1247, 1275)",1,1.01
"(399, 1247)",1,1.01
"(920, 10)",1,1.01
"(894, 920)",1,1.01
"(240, 368)",1,1.01
"(368, 9)",1,1.01
"(2803, 108)",1,1.01
"(979, 2803)",1,1.01
"(147, 1011)",1,1.01
"(127, 2976)",1,1.01
"(10, 283)",1,1.01
"(768, 126)",1,1.01
"(129, 1858)",1,1.01
"(168, 129)",1,1.01
"(948, 168)",1,1.01
"(127, 948)",1,1.01
"(2260, 380)",1,1.01
"(34, 2260)",1,1.01
"(34, 672)",1,1.01
"(866, 254)",1,1.01
"(2283, 1139)",1,1.01
"(406, 2283)",1,1.01
"(283, 95)",1,1.01
"(54, 2612)",1,1.01
"(9, 2050)",1,1.01
"(1401, 2973)",1,1.01
"(34, 280)",1,1.01
"(2412, 437)",1,1.01
"(413, 2412)",1,1.01
"(293, 88)",1,1.01
"(2006, 1262)",1,1.01
"(455, 78)",1,1.01
"(54, 455)",1,1.01
"(346, 339)",1,1.01
"(514, 69)",1,1.01
"(108, 514)",1,1.01
"(852, 159)",1,1.01
"(159, 2612)",1,1.01
"(9, 976)",1,1.01
"(1124, 9)",1,1.01
"(88, 1124)",1,1.01
"(921, 258)",1,1.01
"(2612, 319)",1,1.01
"(1282, 160)",1,1.01
"(2002, 101)",1,1.01
"(73, 2002)",1,1.01
"(27, 130)",1,1.01
"(1538, 98)",1,1.01
"(939, 1064)",1,1.01
"(1647, 103)",1,1.01
"(438, 1647)",1,1.01
"(130, 64)",1,1.01
"(426, 1307)",1,1.01
"(388, 117)",1,1.01
"(1085, 72)",1,1.01
"(280, 1462)",1,1.01
"(687, 584)",1,1.01
"(1462, 1618)",1,1.01
"(2625, 1264)",1,1.01
"(72, 2625)",1,1.01
"(87, 6)",1,1.01
"(252, 1629)",1,1.01
"(106, 104)",1,1.01
"(820, 34)",1,1.01
"(93, 820)",1,1.01
"(54, 1192)",1,1.01
"(171, 34)",1,1.01
"(149, 1758)",1,1.01
"(28, 187)",1,1.01
"(1761, 1598)",1,1.01
"(450, 195)",1,1.01
"(1253, 347)",1,1.01
"(413, 127)",1,1.01
"(149, 413)",1,1.01
"(734, 136)",1,1.01
"(197, 644)",1,1.01
"(1122, 423)",1,1.01
"(708, 1122)",1,1.01
"(89, 65)",1,1.01
"(596, 161)",1,1.01
"(903, 117)",1,1.01
"(519, 642)",1,1.01
"(2107, 66)",1,1.01
"(63, 354)",1,1.01
"(354, 78)",1,1.01
"(605, 88)",1,1.01
"(64, 419)",1,1.01
"(419, 104)",1,1.01
"(1143, 102)",1,1.01
"(413, 662)",1,1.01
"(293, 413)",1,1.01
"(588, 734)",1,1.01
"(113, 588)",1,1.01
"(1718, 89)",1,1.01
"(99, 1718)",1,1.01
"(317, 2476)",1,1.01
"(191, 1483)",1,1.01
"(509, 788)",1,1.01
"(788, 137)",1,1.01
"(1387, 1922)",1,1.01
"(237, 1387)",1,1.01
"(2064, 1409)",1,1.01
"(1111, 9)",1,1.01
"(137, 100)",1,1.01
"(383, 99)",1,1.01
"(101, 1784)",1,1.01
"(100, 335)",1,1.01
"(1180, 351)",1,1.01
"(93, 1513)",1,1.01
"(853, 93)",1,1.01
"(240, 853)",1,1.01
"(602, 240)",1,1.01
"(89, 1097)",1,1.01
"(268, 530)",1,1.01
"(686, 944)",1,1.01
"(2358, 11)",1,1.01
"(282, 904)",1,1.01
"(904, 142)",1,1.01
"(132, 402)",1,1.01
"(2024, 547)",1,1.01
"(142, 1407)",1,1.01
"(254, 142)",1,1.01
"(2750, 254)",1,1.01
"(9, 2750)",1,1.01
"(2228, 32)",1,1.01
"(130, 1567)",1,1.01
"(455, 561)",1,1.01
"(32, 247)",1,1.01
"(59, 11)",1,1.01
"(9, 2767)",1,1.01
"(939, 94)",1,1.01
"(117, 598)",1,1.01
"(288, 204)",1,1.01
"(1452, 93)",1,1.01
"(193, 288)",1,1.01
"(2886, 245)",1,1.01
"(213, 2886)",1,1.01
"(2639, 34)",1,1.01
"(188, 2639)",1,1.01
"(2312, 11)",1,1.01
"(101, 2312)",1,1.01
"(1163, 172)",1,1.01
"(519, 1425)",1,1.01
"(1111, 101)",1,1.01
"(142, 2629)",1,1.01
"(293, 142)",1,1.01
"(1264, 687)",1,1.01
"(584, 1842)",1,1.01
"(687, 254)",1,1.01
"(97, 1298)",1,1.01
"(218, 2318)",1,1.01
"(281, 412)",1,1.01
"(2563, 623)",1,1.01
"(1926, 219)",1,1.01
"(420, 995)",1,1.01
"(605, 270)",1,1.01
"(383, 605)",1,1.01
"(218, 40)",1,1.01
"(1160, 214)",1,1.01
"(816, 584)",1,1.01
"(388, 149)",1,1.01
"(422, 388)",1,1.01
"(1239, 421)",1,1.01
"(72, 1239)",1,1.01
"(1234, 314)",1,1.01
"(4, 2799)",1,1.01
"(1948, 421)",1,1.01
"(54, 1948)",1,1.01
"(1088, 270)",1,1.01
"(66, 421)",1,1.01
"(383, 1651)",1,1.01
"(2861, 319)",1,1.01
"(383, 87)",1,1.01
"(1238, 383)",1,1.01
"(213, 1238)",1,1.01
"(834, 2228)",1,1.01
"(123, 1224)",1,1.01
"(1696, 465)",1,1.01
"(273, 24)",1,1.01
"(1842, 869)",1,1.01
"(1128, 106)",1,1.01
"(107, 169)",1,1.01
"(97, 284)",1,1.01
"(594, 2432)",1,1.01
"(176, 2133)",1,1.01
"(464, 392)",1,1.01
"(2658, 464)",1,1.01
"(1060, 156)",1,1.01
"(1551, 1641)",1,1.01
"(509, 56)",1,1.01
"(597, 135)",1,1.01
"(1294, 9)",1,1.01
"(210, 1294)",1,1.01
"(963, 210)",1,1.01
"(117, 2372)",1,1.01
"(1818, 270)",1,1.01
"(88, 1818)",1,1.01
"(185, 104)",1,1.01
"(546, 185)",1,1.01
"(26, 546)",1,1.01
"(597, 161)",1,1.01
"(483, 597)",1,1.01
"(271, 1892)",1,1.01
"(265, 54)",1,1.01
"(104, 265)",1,1.01
"(169, 273)",1,1.01
"(97, 231)",1,1.01
"(106, 1842)",1,1.01
"(102, 1533)",1,1.01
"(1757, 102)",1,1.01
"(134, 1757)",1,1.01
"(4, 385)",1,1.01
"(450, 589)",1,1.01
"(230, 115)",1,1.01
"(106, 230)",1,1.01
"(171, 584)",1,1.01
"(106, 840)",1,1.01
"(1534, 184)",1,1.01
"(557, 1534)",1,1.01
"(416, 270)",1,1.01
"(2256, 172)",1,1.01
"(117, 2256)",1,1.01
"(127, 1289)",1,1.01
"(658, 127)",1,1.01
"(268, 658)",1,1.01
"(931, 34)",1,1.01
"(268, 219)",1,1.01
"(310, 584)",1,1.01
"(589, 2541)",1,1.01
"(176, 147)",1,1.01
"(188, 100)",1,1.01
"(1547, 34)",1,1.01
"(188, 1547)",1,1.01
"(153, 2057)",1,1.01
"(130, 334)",1,1.01
"(317, 313)",1,1.01
"(113, 2473)",1,1.01
"(2049, 113)",1,1.01
"(190, 2049)",1,1.01
"(594, 1589)",1,1.01
"(154, 191)",1,1.01
"(596, 197)",1,1.01
"(282, 2096)",1,1.01
"(1897, 9)",1,1.01
"(330, 10)",1,1.01
"(144, 330)",1,1.01
"(44, 144)",1,1.01
"(69, 2615)",1,1.01
"(159, 69)",1,1.01
"(106, 159)",1,1.01
"(2228, 1658)",1,1.01
"(680, 350)",1,1.01
"(227, 2057)",1,1.01
"(114, 227)",1,1.01
"(2096, 102)",1,1.01
"(2015, 282)",1,1.01
"(197, 2693)",1,1.01
"(1248, 135)",1,1.01
"(9, 238)",1,1.01
"(697, 523)",1,1.01
"(2732, 697)",1,1.01
"(78, 2732)",1,1.01
"(111, 683)",1,1.01
"(101, 253)",1,1.01
"(823, 88)",1,1.01
"(508, 2733)",1,1.01
"(1658, 203)",1,1.01
"(712, 379)",1,1.01
"(2693, 712)",1,1.01
"(2010, 944)",1,1.01
"(2094, 1145)",1,1.01
"(1117, 169)",1,1.01
"(389, 1193)",1,1.01
"(304, 426)",1,1.01
"(64, 304)",1,1.01
"(1060, 64)",1,1.01
"(118, 1060)",1,1.01
"(165, 107)",1,1.01
"(430, 363)",1,1.01
"(63, 430)",1,1.01
"(1909, 63)",1,1.01
"(554, 130)",1,1.01
"(1893, 9)",1,1.01
"(2240, 444)",1,1.01
"(88, 2240)",1,1.01
"(298, 2863)",1,1.01
"(69, 298)",1,1.01
"(502, 208)",1,1.01
"(643, 147)",1,1.01
"(208, 144)",1,1.01
"(9, 611)",1,1.01
"(117, 293)",1,1.01
"(1898, 6)",1,1.01
"(226, 710)",1,1.01
"(945, 2023)",1,1.01
"(1444, 348)",1,1.01
"(272, 1444)",1,1.01
"(1014, 109)",1,1.01
"(622, 290)",1,1.01
"(1444, 622)",1,1.01
"(160, 389)",1,1.01
"(1193, 93)",1,1.01
"(1038, 271)",1,1.01
"(1484, 2730)",1,1.01
"(1348, 515)",1,1.01
"(853, 11)",1,1.01
"(515, 2637)",1,1.01
"(434, 1028)",1,1.01
"(2637, 1746)",1,1.01
"(1746, 2559)",1,1.01
"(2559, 11)",1,1.01
"(101, 319)",1,1.01
"(245, 113)",1,1.01
"(296, 90)",1,1.01
"(339, 421)",1,1.01
"(960, 998)",1,1.01
"(2763, 502)",1,1.01
"(88, 2763)",1,1.01
"(305, 89)",1,1.01
"(395, 194)",1,1.01
"(427, 2459)",1,1.01
"(263, 427)",1,1.01
"(998, 54)",1,1.01
"(136, 724)",1,1.01
"(2649, 271)",1,1.01
"(288, 2649)",1,1.01
"(65, 288)",1,1.01
"(102, 962)",1,1.01
"(1423, 102)",1,1.01
"(1212, 383)",1,1.01
"(104, 270)",1,1.01
"(1698, 127)",1,1.01
"(136, 554)",1,1.01
"(45, 137)",1,1.01
"(999, 539)",1,1.01
"(408, 101)",1,1.01
"(845, 408)",1,1.01
"(1003, 2854)",1,1.01
"(9, 1334)",1,1.01
"(1202, 1262)",1,1.01
"(300, 1202)",1,1.01
"(916, 553)",1,1.01
"(72, 916)",1,1.01
"(2587, 101)",1,1.01
"(88, 1488)",1,1.01
"(2068, 363)",1,1.01
"(422, 2068)",1,1.01
"(530, 605)",1,1.01
"(104, 530)",1,1.01
"(2682, 104)",1,1.01
"(142, 2682)",1,1.01
"(2539, 142)",1,1.01
"(2637, 95)",1,1.01
"(54, 2637)",1,1.01
"(89, 155)",1,1.01
"(34, 100)",1,1.01
"(470, 1262)",1,1.01
"(193, 205)",1,1.01
"(841, 1243)",1,1.01
"(579, 841)",1,1.01
"(508, 465)",1,1.01
"(2973, 147)",1,1.01
"(1673, 598)",1,1.01
"(218, 1193)",1,1.01
"(9, 2751)",1,1.01
"(117, 1163)",1,1.01
"(137, 9)",1,1.01
"(127, 198)",1,1.01
"(1234, 104)",1,1.01
"(101, 353)",1,1.01
"(2023, 290)",1,1.01
"(117, 1883)",1,1.01
"(26, 622)",1,1.01
"(96, 288)",1,1.01
"(2425, 96)",1,1.01
"(2197, 93)",1,1.01
"(457, 161)",1,1.01
"(1201, 457)",1,1.01
"(73, 137)",1,1.01
"(2751, 10)",1,1.01
"(399, 426)",1,1.01
"(1783, 188)",1,1.01
"(137, 3)",1,1.01
"(129, 2091)",1,1.01
"(2091, 113)",1,1.01
"(155, 191)",1,1.01
"(1803, 155)",1,1.01
"(54, 1803)",1,1.01
"(328, 258)",1,1.01
"(94, 218)",1,1.01
"(218, 2539)",1,1.01
"(1123, 191)",1,1.01
"(78, 1038)",1,1.01
"(64, 590)",1,1.01
"(2534, 2303)",1,1.01
"(1222, 9)",1,1.01
"(1888, 135)",1,1.01
"(135, 1714)",1,1.01
"(1016, 118)",1,1.01
"(1418, 1016)",1,1.01
"(2754, 267)",1,1.01
"(34, 2754)",1,1.01
"(571, 397)",1,1.01
"(1262, 188)",1,1.01
"(1327, 1262)",1,1.01
"(1803, 117)",1,1.01
"(406, 1803)",1,1.01
"(889, 406)",1,1.01
"(415, 149)",1,1.01
"(94, 630)",1,1.01
"(2924, 94)",1,1.01
"(240, 121)",1,1.01
"(113, 313)",1,1.01
"(339, 113)",1,1.01
"(585, 132)",1,1.01
"(837, 258)",1,1.01
"(1854, 9)",1,1.01
"(2508, 113)",1,1.01
"(945, 2508)",1,1.01
"(845, 945)",1,1.01
"(1673, 845)",1,1.01
"(1072, 88)",1,1.01
"(1614, 1072)",1,1.01
"(97, 1888)",1,1.01
"(141, 734)",1,1.01
"(61, 69)",1,1.01
"(2742, 98)",1,1.01
"(1858, 117)",1,1.01
"(1729, 1858)",1,1.01
"(72, 1729)",1,1.01
"(2029, 11)",1,1.01
"(101, 2029)",1,1.01
"(119, 87)",1,1.01
"(97, 127)",1,1.01
"(1143, 93)",1,1.01
"(339, 2318)",1,1.01
"(101, 339)",1,1.01
"(166, 9)",1,1.01
"(73, 166)",1,1.01
"(1319, 280)",1,1.01
"(241, 1658)",1,1.01
"(98, 597)",1,1.01
"(750, 1262)",1,1.01
"(117, 985)",1,1.01
"(823, 231)",1,1.01
"(797, 171)",1,1.01
"(310, 128)",1,1.01
"(1464, 93)",1,1.01
"(129, 1464)",1,1.01
"(1180, 117)",1,1.01
"(2858, 1442)",1,1.01
"(108, 2858)",1,1.01
"(76, 108)",1,1.01
"(506, 598)",1,1.01
"(32, 1614)",1,1.01
"(1723, 2442)",1,1.01
"(132, 1723)",1,1.01
"(1486, 242)",1,1.01
"(34, 348)",1,1.01
"(278, 197)",1,1.01
"(241, 1128)",1,1.01
"(894, 1923)",1,1.01
"(607, 93)",1,1.01
"(141, 1210)",1,1.01
"(1210, 62)",1,1.01
"(149, 663)",1,1.01
"(62, 927)",1,1.01
"(1234, 136)",1,1.01
"(302, 1234)",1,1.01
"(927, 1637)",1,1.01
"(297, 548)",1,1.01
"(206, 423)",1,1.01
"(1549, 117)",1,1.01
"(117, 2068)",1,1.01
"(2128, 147)",1,1.01
"(233, 2128)",1,1.01
"(2068, 11)",1,1.01
"(1184, 203)",1,1.01
"(1481, 1184)",1,1.01
"(421, 1481)",1,1.01
"(1006, 421)",1,1.01
"(378, 117)",1,1.01
"(995, 260)",1,1.01
"(260, 64)",1,1.01
"(851, 1528)",1,1.01
"(573, 1224)",1,1.01
"(163, 969)",1,1.01
"(93, 728)",1,1.01
"(1705, 188)",1,1.01
"(538, 9)",1,1.01
"(134, 1458)",1,1.01
"(948, 142)",1,1.01
"(1709, 240)",1,1.01
"(530, 1803)",1,1.01
"(443, 350)",1,1.01
"(135, 2270)",1,1.01
"(647, 188)",1,1.01
"(188, 98)",1,1.01
"(2929, 188)",1,1.01
"(34, 2929)",1,1.01
"(2062, 93)",1,1.01
"(2270, 44)",1,1.01
"(728, 188)",1,1.01
"(188, 2539)",1,1.01
"(2969, 126)",1,1.01
"(1286, 161)",1,1.01
"(1556, 1286)",1,1.01
"(658, 1556)",1,1.01
"(1013, 658)",1,1.01
"(681, 349)",1,1.01
"(925, 681)",1,1.01
"(671, 127)",1,1.01
"(892, 149)",1,1.01
"(2208, 102)",1,1.01
"(188, 2208)",1,1.01
"(118, 365)",1,1.01
"(622, 106)",1,1.01
"(127, 2018)",1,1.01
"(95, 3)",1,1.01
"(54, 1031)",1,1.01
"(497, 349)",1,1.01
"(54, 497)",1,1.01
"(2012, 3)",1,1.01
"(504, 142)",1,1.01
"(2335, 107)",1,1.01
"(295, 754)",1,1.01
"(832, 1500)",1,1.01
"(54, 832)",1,1.01
"(101, 2476)",1,1.01
"(445, 840)",1,1.01
"(942, 916)",1,1.01
"(538, 942)",1,1.01
"(942, 4)",1,1.01
"(181, 2089)",1,1.01
"(132, 371)",1,1.01
"(34, 820)",1,1.01
"(2889, 188)",1,1.01
"(369, 2255)",1,1.01
"(147, 509)",1,1.01
"(1933, 147)",1,1.01
"(62, 263)",1,1.01
"(160, 497)",1,1.01
"(1634, 160)",1,1.01
"(73, 144)",1,1.01
"(144, 109)",1,1.01
"(523, 1286)",1,1.01
"(1031, 95)",1,1.01
"(26, 1644)",1,1.01
"(958, 113)",1,1.01
"(406, 295)",1,1.01
"(1229, 102)",1,1.01
"(2275, 113)",1,1.01
"(453, 271)",1,1.01
"(394, 128)",1,1.01
"(2528, 9)",1,1.01
"(2486, 1239)",1,1.01
"(406, 2486)",1,1.01
"(239, 523)",1,1.01
"(398, 2132)",1,1.01
"(382, 425)",1,1.01
"(1109, 382)",1,1.01
"(1672, 161)",1,1.01
"(1919, 1672)",1,1.01
"(9, 1919)",1,1.01
"(657, 1510)",1,1.01
"(9, 403)",1,1.01
"(1111, 290)",1,1.01
"(2072, 160)",1,1.01
"(188, 2072)",1,1.01
"(1364, 290)",1,1.01
"(1621, 11)",1,1.01
"(188, 1621)",1,1.01
"(1300, 188)",1,1.01
"(260, 547)",1,1.01
"(300, 260)",1,1.01
"(951, 300)",1,1.01
"(154, 1242)",1,1.01
"(214, 523)",1,1.01
"(274, 25)",1,1.01
"(78, 98)",1,1.01
"(272, 1593)",1,1.01
"(54, 2609)",1,1.01
"(128, 179)",1,1.01
"(416, 72)",1,1.01
"(1121, 191)",1,1.01
"(757, 1121)",1,1.01
"(2136, 757)",1,1.01
"(602, 1532)",1,1.01
"(574, 602)",1,1.01
"(128, 57)",1,1.01
"(2037, 128)",1,1.01
"(755, 2037)",1,1.01
"(109, 368)",1,1.01
"(135, 1668)",1,1.01
"(2922, 93)",1,1.01
"(1527, 753)",1,1.01
"(979, 1502)",1,1.01
"(1559, 9)",1,1.01
"(722, 590)",1,1.01
"(166, 722)",1,1.01
"(643, 319)",1,1.01
"(498, 643)",1,1.01
"(1146, 498)",1,1.01
"(1035, 372)",1,1.01
"(1244, 553)",1,1.01
"(93, 1244)",1,1.01
"(859, 101)",1,1.01
"(88, 859)",1,1.01
"(2609, 93)",1,1.01
"(1260, 191)",1,1.01
"(191, 91)",1,1.01
"(2313, 2594)",1,1.01
"(90, 396)",1,1.01
"(445, 90)",1,1.01
"(114, 445)",1,1.01
"(1358, 114)",1,1.01
"(88, 2754)",1,1.01
"(2754, 195)",1,1.01
"(577, 290)",1,1.01
"(96, 1386)",1,1.01
"(214, 1127)",1,1.01
"(354, 191)",1,1.01
"(114, 1593)",1,1.01
"(2594, 453)",1,1.01
"(111, 2313)",1,1.01
"(971, 573)",1,1.01
"(34, 490)",1,1.01
"(901, 34)",1,1.01
"(421, 44)",1,1.01
"(2548, 3)",1,1.01
"(54, 2548)",1,1.01
"(475, 142)",1,1.01
"(129, 950)",1,1.01
"(117, 334)",1,1.01
"(117, 1708)",1,1.01
"(936, 117)",1,1.01
"(141, 601)",1,1.01
"(573, 437)",1,1.01
"(102, 78)",1,1.01
"(91, 510)",1,1.01
"(129, 2775)",1,1.01
"(1538, 195)",1,1.01
"(453, 98)",1,1.01
"(171, 1763)",1,1.01
"(581, 171)",1,1.01
"(272, 727)",1,1.01
"(502, 1498)",1,1.01
"(447, 1442)",1,1.01
"(641, 447)",1,1.01
"(385, 203)",1,1.01
"(58, 937)",1,1.01
"(138, 228)",1,1.01
"(238, 138)",1,1.01
"(381, 238)",1,1.01
"(1160, 422)",1,1.01
"(666, 1160)",1,1.01
"(127, 440)",1,1.01
"(351, 1629)",1,1.01
"(10, 351)",1,1.01
"(936, 10)",1,1.01
"(1061, 129)",1,1.01
"(149, 1061)",1,1.01
"(2341, 149)",1,1.01
"(470, 2341)",1,1.01
"(204, 205)",1,1.01
"(545, 1102)",1,1.01
"(141, 545)",1,1.01
"(1572, 89)",1,1.01
"(117, 1572)",1,1.01
"(160, 1538)",1,1.01
"(72, 453)",1,1.01
"(1385, 93)",1,1.01
"(1230, 584)",1,1.01
"(2435, 101)",1,1.01
"(118, 34)",1,1.01
"(2259, 132)",1,1.01
"(1881, 99)",1,1.01
"(136, 1881)",1,1.01
"(1572, 1255)",1,1.01
"(132, 1526)",1,1.01
"(2667, 290)",1,1.01
"(1618, 2667)",1,1.01
"(88, 719)",1,1.01
"(103, 1048)",1,1.01
"(2390, 103)",1,1.01
"(1526, 89)",1,1.01
"(865, 226)",1,1.01
"(2425, 98)",1,1.01
"(89, 2425)",1,1.01
"(226, 191)",1,1.01
"(99, 1425)",1,1.01
"(130, 10)",1,1.01
"(160, 165)",1,1.01
"(97, 992)",1,1.01
"(831, 93)",1,1.01
"(449, 831)",1,1.01
"(129, 985)",1,1.01
"(160, 1738)",1,1.01
"(218, 160)",1,1.01
"(545, 290)",1,1.01
"(823, 1151)",1,1.01
"(2554, 101)",1,1.01
"(1273, 2554)",1,1.01
"(2913, 1273)",1,1.01
"(1927, 191)",1,1.01
"(88, 1927)",1,1.01
"(103, 2187)",1,1.01
"(1458, 103)",1,1.01
"(101, 1458)",1,1.01
"(90, 319)",1,1.01
"(1992, 239)",1,1.01
"(846, 1992)",1,1.01
"(54, 846)",1,1.01
"(282, 1228)",1,1.01
"(306, 1829)",1,1.01
"(351, 561)",1,1.01
"(562, 306)",1,1.01
"(131, 562)",1,1.01
"(241, 131)",1,1.01
"(184, 2626)",1,1.01
"(196, 11)",1,1.01
"(569, 196)",1,1.01
"(98, 569)",1,1.01
"(71, 98)",1,1.01
"(188, 71)",1,1.01
"(129, 1073)",1,1.01
"(34, 665)",1,1.01
"(380, 788)",1,1.01
"(788, 88)",1,1.01
"(300, 1385)",1,1.01
"(839, 590)",1,1.01
"(1479, 188)",1,1.01
"(227, 1286)",1,1.01
"(113, 2973)",1,1.01
"(218, 267)",1,1.01
"(268, 2913)",1,1.01
"(714, 102)",1,1.01
"(1460, 132)",1,1.01
"(1728, 89)",1,1.01
"(88, 1728)",1,1.01
"(1325, 96)",1,1.01
"(764, 1325)",1,1.01
"(208, 764)",1,1.01
"(784, 97)",1,1.01
"(198, 2026)",1,1.01
"(97, 2254)",1,1.01
"(343, 368)",1,1.01
"(1669, 218)",1,1.01
"(34, 2475)",1,1.01
"(394, 1669)",1,1.01
"(2254, 9)",1,1.01
"(188, 2982)",1,1.01
"(483, 407)",1,1.01
"(93, 372)",1,1.01
"(93, 769)",1,1.01
"(769, 72)",1,1.01
"(589, 844)",1,1.01
"(370, 286)",1,1.01
"(700, 370)",1,1.01
"(163, 700)",1,1.01
"(2475, 213)",1,1.01
"(2775, 237)",1,1.01
"(232, 296)",1,1.01
"(106, 1224)",1,1.01
"(2131, 161)",1,1.01
"(10, 783)",1,1.01
"(1508, 10)",1,1.01
"(37, 592)",1,1.01
"(129, 163)",1,1.01
"(136, 1653)",1,1.01
"(2217, 195)",1,1.01
"(117, 312)",1,1.01
"(509, 1547)",1,1.01
"(590, 93)",1,1.01
"(317, 127)",1,1.01
"(102, 629)",1,1.01
"(592, 147)",1,1.01
"(416, 4)",1,1.01
"(367, 188)",1,1.01
"(281, 367)",1,1.01
"(34, 858)",1,1.01
"(593, 134)",1,1.01
"(102, 1037)",1,1.01
"(2052, 117)",1,1.01
"(1746, 2052)",1,1.01
"(226, 363)",1,1.01
"(777, 226)",1,1.01
"(582, 100)",1,1.01
"(483, 582)",1,1.01
"(582, 90)",1,1.01
"(858, 1791)",1,1.01
"(1814, 468)",1,1.01
"(95, 117)",1,1.01
"(383, 1833)",1,1.01
"(1593, 464)",1,1.01
"(1833, 1495)",1,1.01
"(369, 254)",1,1.01
"(263, 369)",1,1.01
"(172, 263)",1,1.01
"(167, 172)",1,1.01
"(676, 167)",1,1.01
"(2214, 402)",1,1.01
"(258, 210)",1,1.01
"(2005, 1592)",1,1.01
"(272, 2005)",1,1.01
"(181, 303)",1,1.01
"(1169, 281)",1,1.01
"(2559, 101)",1,1.01
"(2416, 2559)",1,1.01
"(135, 2416)",1,1.01
"(198, 1169)",1,1.01
"(1398, 302)",1,1.01
"(2395, 1398)",1,1.01
"(359, 177)",1,1.01
"(101, 359)",1,1.01
"(460, 552)",1,1.01
"(447, 1770)",1,1.01
"(1770, 37)",1,1.01
"(965, 319)",1,1.01
"(159, 965)",1,1.01
"(2800, 159)",1,1.01
"(72, 2089)",1,1.01
"(1495, 577)",1,1.01
"(1791, 2476)",1,1.01
"(167, 98)",1,1.01
"(58, 292)",1,1.01
"(272, 96)",1,1.01
"(99, 1595)",1,1.01
"(980, 1362)",1,1.01
"(68, 423)",1,1.01
"(768, 251)",1,1.01
"(1389, 4)",1,1.01
"(1778, 2594)",1,1.01
"(187, 1778)",1,1.01
"(9, 187)",1,1.01
"(1132, 2715)",1,1.01
"(241, 363)",1,1.01
"(141, 1037)",1,1.01
"(370, 1678)",1,1.01
"(1791, 113)",1,1.01
"(6, 717)",1,1.01
"(9, 599)",1,1.01
"(181, 1021)",1,1.01
"(1773, 181)",1,1.01
"(298, 274)",1,1.01
"(77, 298)",1,1.01
"(1847, 77)",1,1.01
"(443, 1847)",1,1.01
"(176, 1358)",1,1.01
"(1128, 104)",1,1.01
"(864, 272)",1,1.01
"(1847, 126)",1,1.01
"(97, 1847)",1,1.01
"(1224, 97)",1,1.01
"(166, 1122)",1,1.01
"(353, 2527)",1,1.01
"(344, 1706)",1,1.01
"(94, 91)",1,1.01
"(852, 281)",1,1.01
"(334, 2520)",1,1.01
"(1389, 415)",1,1.01
"(313, 608)",1,1.01
"(503, 313)",1,1.01
"(2989, 98)",1,1.01
"(132, 2989)",1,1.01
"(409, 132)",1,1.01
"(2520, 9)",1,1.01
"(1308, 2339)",1,1.01
"(9, 493)",1,1.01
"(1938, 288)",1,1.01
"(647, 94)",1,1.01
"(1706, 1015)",1,1.01
"(998, 102)",1,1.01
"(426, 10)",1,1.01
"(370, 10)",1,1.01
"(141, 370)",1,1.01
"(1783, 416)",1,1.01
"(350, 1264)",1,1.01
"(141, 1914)",1,1.01
"(577, 270)",1,1.01
"(454, 577)",1,1.01
"(430, 454)",1,1.01
"(241, 430)",1,1.01
"(807, 161)",1,1.01
"(135, 1593)",1,1.01
"(464, 2563)",1,1.01
"(2393, 292)",1,1.01
"(2606, 89)",1,1.01
"(349, 25)",1,1.01
"(25, 2770)",1,1.01
"(2353, 9)",1,1.01
"(129, 2353)",1,1.01
"(300, 129)",1,1.01
"(1014, 300)",1,1.01
"(2770, 2194)",1,1.01
"(1556, 151)",1,1.01
"(142, 1556)",1,1.01
"(278, 113)",1,1.01
"(2213, 348)",1,1.01
"(371, 98)",1,1.01
"(832, 508)",1,1.01
"(292, 832)",1,1.01
"(249, 292)",1,1.01
"(147, 529)",1,1.01
"(2194, 442)",1,1.01
"(34, 2158)",1,1.01
"(738, 290)",1,1.01
"(2334, 519)",1,1.01
"(2967, 1011)",1,1.01
"(113, 2967)",1,1.01
"(1902, 72)",1,1.01
"(2563, 1902)",1,1.01
"(102, 1776)",1,1.01
"(1352, 34)",1,1.01
"(104, 1352)",1,1.01
"(1400, 101)",1,1.01
"(89, 1370)",1,1.01
"(237, 298)",1,1.01
"(1370, 9)",1,1.01
"(1233, 2393)",1,1.01
"(367, 72)",1,1.01
"(191, 367)",1,1.01
"(1327, 147)",1,1.01
"(1572, 2208)",1,1.01
"(372, 998)",1,1.01
"(475, 102)",1,1.01
"(1271, 113)",1,1.01
"(127, 2138)",1,1.01
"(102, 2654)",1,1.01
"(669, 3)",1,1.01
"(54, 669)",1,1.01
"(2248, 313)",1,1.01
"(191, 2248)",1,1.01
"(249, 191)",1,1.01
"(3, 142)",1,1.01
"(98, 3)",1,1.01
"(387, 96)",1,1.01
"(260, 387)",1,1.01
"(34, 260)",1,1.01
"(866, 267)",1,1.01
"(942, 198)",1,1.01
"(198, 425)",1,1.01
"(2255, 9)",1,1.01
"(9, 2255)",1,1.01
"(104, 2419)",1,1.01
"(89, 2208)",1,1.01
"(184, 290)",1,1.01
"(2008, 4)",1,1.01
"(88, 2008)",1,1.01
"(454, 89)",1,1.01
"(216, 801)",1,1.01
"(436, 350)",1,1.01
"(557, 744)",1,1.01
"(1335, 166)",1,1.01
"(154, 832)",1,1.01
"(932, 432)",1,1.01
"(1389, 6)",1,1.01
"(1066, 1389)",1,1.01
"(6, 1066)",1,1.01
"(2029, 89)",1,1.01
"(134, 131)",1,1.01
"(509, 1663)",1,1.01
"(109, 509)",1,1.01
"(409, 528)",1,1.01
"(944, 350)",1,1.01
"(1169, 88)",1,1.01
"(102, 1169)",1,1.01
"(257, 58)",1,1.01
"(1663, 11)",1,1.01
"(830, 292)",1,1.01
"(2276, 975)",1,1.01
"(218, 2276)",1,1.01
"(1786, 2060)",1,1.01
"(54, 1339)",1,1.01
"(2417, 270)",1,1.01
"(508, 710)",1,1.01
"(613, 104)",1,1.01
"(4, 635)",1,1.01
"(114, 67)",1,1.01
"(1963, 1066)",1,1.01
"(170, 199)",1,1.01
"(395, 454)",1,1.01
"(29, 395)",1,1.01
"(117, 29)",1,1.01
"(114, 270)",1,1.01
"(1733, 635)",1,1.01
"(4, 1066)",1,1.01
"(1115, 350)",1,1.01
"(1776, 470)",1,1.01
"(114, 169)",1,1.01
"(1115, 281)",1,1.01
"(856, 1115)",1,1.01
"(199, 347)",1,1.01
"(300, 399)",1,1.01
"(102, 182)",1,1.01
"(113, 1828)",1,1.01
"(416, 554)",1,1.01
"(1419, 1066)",1,1.01
"(372, 314)",1,1.01
"(421, 617)",1,1.01
"(1746, 421)",1,1.01
"(69, 1746)",1,1.01
"(1357, 69)",1,1.01
"(272, 1357)",1,1.01
"(1066, 252)",1,1.01
"(130, 1066)",1,1.01
"(483, 102)",1,1.01
"(171, 953)",1,1.01
"(835, 54)",1,1.01
"(1628, 98)",1,1.01
"(57, 349)",1,1.01
"(93, 394)",1,1.01
"(73, 33)",1,1.01
"(971, 73)",1,1.01
"(1164, 971)",1,1.01
"(1618, 258)",1,1.01
"(2717, 547)",1,1.01
"(170, 2717)",1,1.01
"(363, 170)",1,1.01
"(2255, 88)",1,1.01
"(2340, 2255)",1,1.01
"(227, 2340)",1,1.01
"(35, 46)",1,1.01
"(349, 213)",1,1.01
"(170, 57)",1,1.01
"(241, 2387)",1,1.01
"(283, 170)",1,1.01
"(127, 126)",1,1.01
"(234, 127)",1,1.01
"(89, 1876)",1,1.01
"(1601, 47)",1,1.01
"(1311, 50)",1,1.01
"(282, 722)",1,1.01
"(497, 102)",1,1.01
"(117, 497)",1,1.01
"(998, 117)",1,1.01
"(751, 2492)",1,1.01
"(88, 751)",1,1.01
"(132, 191)",1,1.01
"(497, 204)",1,1.01
"(204, 2731)",1,1.01
"(2731, 282)",1,1.01
"(282, 72)",1,1.01
"(2552, 380)",1,1.01
"(1413, 101)",1,1.01
"(45, 6)",1,1.01
"(464, 58)",1,1.01
"(147, 464)",1,1.01
"(396, 1331)",1,1.01
"(442, 495)",1,1.01
"(1308, 203)",1,1.01
"(72, 1308)",1,1.01
"(582, 1331)",1,1.01
"(1178, 582)",1,1.01
"(2023, 34)",1,1.01
"(1390, 2023)",1,1.01
"(55, 172)",1,1.01
"(1267, 55)",1,1.01
"(2005, 311)",1,1.01
"(103, 2005)",1,1.01
"(198, 990)",1,1.01
"(2316, 11)",1,1.01
"(268, 238)",1,1.01
"(1809, 136)",1,1.01
"(300, 1809)",1,1.01
"(1319, 127)",1,1.01
"(44, 35)",1,1.01
"(166, 2101)",1,1.01
"(1180, 390)",1,1.01
"(1557, 1180)",1,1.01
"(2787, 33)",1,1.01
"(20, 87)",1,1.01
"(1926, 102)",1,1.01
"(909, 142)",1,1.01
"(2989, 584)",1,1.01
"(2391, 11)",1,1.01
"(32, 2294)",1,1.01
"(867, 193)",1,1.01
"(1443, 867)",1,1.01
"(2783, 163)",1,1.01
"(1029, 117)",1,1.01
"(431, 326)",1,1.01
"(2132, 172)",1,1.01
"(1427, 518)",1,1.01
"(2759, 98)",1,1.01
"(1013, 2759)",1,1.01
"(1225, 1013)",1,1.01
"(45, 1185)",1,1.01
"(895, 20)",1,1.01
"(876, 1266)",1,1.01
"(839, 876)",1,1.01
"(388, 839)",1,1.01
"(390, 157)",1,1.01
"(1607, 390)",1,1.01
"(390, 2012)",1,1.01
"(2012, 390)",1,1.01
"(203, 2012)",1,1.01
"(1111, 203)",1,1.01
"(780, 151)",1,1.01
"(464, 780)",1,1.01
"(91, 464)",1,1.01
"(1300, 1407)",1,1.01
"(128, 2996)",1,1.01
"(2996, 1953)",1,1.01
"(32, 32)",1,1.01
"(273, 630)",1,1.01
"(50, 27)",1,1.01
"(1431, 142)",1,1.01
"(73, 1431)",1,1.01
"(117, 143)",1,1.01
"(2783, 258)",1,1.01
"(2391, 2783)",1,1.01
"(572, 2391)",1,1.01
"(1577, 572)",1,1.01
"(130, 609)",1,1.01
"(116, 2463)",1,1.01
"(101, 2575)",1,1.01
"(94, 601)",1,1.01
"(497, 995)",1,1.01
"(2846, 116)",1,1.01
"(283, 2539)",1,1.01
"(2972, 166)",1,1.01
"(1038, 203)",1,1.01
"(2551, 102)",1,1.01
"(509, 2551)",1,1.01
"(797, 57)",1,1.01
"(166, 797)",1,1.01
"(1622, 109)",1,1.01
"(1787, 1622)",1,1.01
"(195, 1787)",1,1.01
"(98, 195)",1,1.01
"(870, 98)",1,1.01
"(27, 34)",1,1.01
"(380, 602)",1,1.01
"(106, 193)",1,1.01
"(193, 432)",1,1.01
"(28, 2572)",1,1.01
"(50, 1735)",1,1.01
"(2668, 50)",1,1.01
"(1735, 2668)",1,1.01
"(29, 1735)",1,1.01
"(26, 1575)",1,1.01
"(43, 26)",1,1.01
"(38, 41)",1,1.01
"(30, 49)",1,1.01
"(40, 2668)",1,1.01
"(46, 41)",1,1.01
"(2939, 46)",1,1.01
"(2294, 2939)",1,1.01
"(2572, 2294)",1,1.01
"(44, 28)",1,1.01
"(372, 1304)",1,1.01
"(2296, 44)",1,1.01
"(2572, 6)",1,1.01
"(46, 30)",1,1.01
"(1601, 42)",1,1.01
"(2917, 26)",1,1.01
"(45, 2917)",1,1.01
"(45, 38)",1,1.01
"(29, 32)",1,1.01
"(23, 1601)",1,1.01
"(2551, 23)",1,1.01
"(135, 2551)",1,1.01
"(126, 89)",1,1.01
"(41, 40)",1,1.01
"(1735, 28)",1,1.01
"(28, 34)",1,1.01
"(29, 2572)",1,1.01
"(34, 38)",1,1.01
"(161, 382)",1,1.01
"(650, 161)",1,1.01
"(349, 650)",1,1.01
"(31, 30)",1,1.01
"(2551, 101)",1,1.01
"(88, 2551)",1,1.01
"(257, 99)",1,1.01
"(680, 1809)",1,1.01
"(10, 2057)",1,1.01
"(141, 503)",1,1.01
"(2636, 8)",1,1.01
"(177, 2636)",1,1.01
"(44, 177)",1,1.01
"(50, 34)",1,1.01
"(45, 7)",1,1.01
"(32, 2572)",1,1.01
"(30, 32)",1,1.01
"(1735, 43)",1,1.01
"(45, 1735)",1,1.01
"(40, 45)",1,1.01
"(34, 40)",1,1.01
"(37, 43)",1,1.01
"(39, 26)",1,1.01
"(43, 39)",1,1.01
"(45, 46)",1,1.01
"(25, 39)",1,1.01
"(45, 25)",1,1.01
"(9, 557)",1,1.01
"(204, 1525)",1,1.01
"(601, 89)",1,1.01
"(2088, 142)",1,1.01
"(2479, 4)",1,1.01
"(198, 35)",1,1.01
"(114, 109)",1,1.01
"(1057, 1357)",1,1.01
"(372, 1057)",1,1.01
"(2052, 98)",1,1.01
"(212, 103)",1,1.01
"(166, 859)",1,1.01
"(454, 714)",1,1.01
"(2385, 454)",1,1.01
"(838, 2385)",1,1.01
"(382, 578)",1,1.01
"(34, 367)",1,1.01
"(127, 1023)",1,1.01
"(158, 127)",1,1.01
"(114, 2117)",1,1.01
"(193, 114)",1,1.01
"(1178, 193)",1,1.01
"(54, 516)",1,1.01
"(2773, 1626)",1,1.01
"(1014, 34)",1,1.01
"(1831, 11)",1,1.01
"(109, 303)",1,1.01
"(1096, 840)",1,1.01
"(1891, 93)",1,1.01
"(88, 1891)",1,1.01
"(1304, 94)",1,1.01
"(44, 2479)",1,1.01
"(762, 101)",1,1.01
"(464, 601)",1,1.01
"(88, 21)",1,1.01
"(1082, 464)",1,1.01
"(681, 108)",1,1.01
"(54, 681)",1,1.01
"(303, 300)",1,1.01
"(54, 1644)",1,1.01
"(89, 2822)",1,1.01
"(1988, 89)",1,1.01
"(198, 154)",1,1.01
"(101, 790)",1,1.01
"(335, 89)",1,1.01
"(34, 27)",1,1.01
"(27, 37)",1,1.01
"(2012, 117)",1,1.01
"(132, 25)",1,1.01
"(10, 1884)",1,1.01
"(290, 399)",1,1.01
"(2552, 290)",1,1.01
"(135, 2552)",1,1.01
"(114, 135)",1,1.01
"(910, 114)",1,1.01
"(419, 910)",1,1.01
"(348, 243)",1,1.01
"(176, 38)",1,1.01
"(93, 1231)",1,1.01
"(2068, 1525)",1,1.01
"(93, 2068)",1,1.01
"(601, 93)",1,1.01
"(117, 1300)",1,1.01
"(1612, 54)",1,1.01
"(133, 1612)",1,1.01
"(240, 916)",1,1.01
"(2923, 11)",1,1.01
"(54, 2923)",1,1.01
"(470, 116)",1,1.01
"(885, 470)",1,1.01
"(2306, 885)",1,1.01
"(72, 2306)",1,1.01
"(441, 142)",1,1.01
"(31, 37)",1,1.01
"(116, 198)",1,1.01
"(2798, 2134)",1,1.01
"(172, 376)",1,1.01
"(103, 172)",1,1.01
"(2478, 55)",1,1.01
"(1396, 797)",1,1.01
"(481, 237)",1,1.01
"(9, 1396)",1,1.01
"(726, 1139)",1,1.01
"(218, 116)",1,1.01
"(88, 621)",1,1.01
"(199, 839)",1,1.01
"(174, 199)",1,1.01
"(666, 174)",1,1.01
"(894, 710)",1,1.01
"(186, 101)",1,1.01
"(1928, 9)",1,1.01
"(129, 437)",1,1.01
"(293, 1338)",1,1.01
"(2165, 11)",1,1.01
"(522, 109)",1,1.01
"(132, 380)",1,1.01
"(116, 1799)",1,1.01
"(1631, 96)",1,1.01
"(591, 201)",1,1.01
"(300, 739)",1,1.01
"(597, 300)",1,1.01
"(502, 181)",1,1.01
"(1516, 502)",1,1.01
"(2960, 9)",1,1.01
"(454, 2960)",1,1.01
"(93, 2117)",1,1.01
"(340, 93)",1,1.01
"(89, 925)",1,1.01
"(116, 1157)",1,1.01
"(292, 102)",1,1.01
"(2923, 227)",1,1.01
"(142, 1350)",1,1.01
"(2745, 142)",1,1.01
"(114, 2745)",1,1.01
"(127, 213)",1,1.01
"(9, 2328)",1,1.01
"(112, 2119)",1,1.01
"(147, 112)",1,1.01
"(2029, 959)",1,1.01
"(136, 2101)",1,1.01
"(1752, 136)",1,1.01
"(2662, 258)",1,1.01
"(590, 193)",1,1.01
"(171, 590)",1,1.01
"(142, 1879)",1,1.01
"(93, 2165)",1,1.01
"(1640, 93)",1,1.01
"(153, 1640)",1,1.01
"(114, 75)",1,1.01
"(579, 34)",1,1.01
"(9, 579)",1,1.01
"(293, 673)",1,1.01
"(382, 293)",1,1.01
"(1003, 286)",1,1.01
"(1759, 9)",1,1.01
"(636, 155)",1,1.01
"(166, 636)",1,1.01
"(503, 2958)",1,1.01
"(1361, 503)",1,1.01
"(160, 631)",1,1.01
"(1230, 457)",1,1.01
"(330, 953)",1,1.01
"(104, 348)",1,1.01
"(172, 272)",1,1.01
"(1871, 1337)",1,1.01
"(171, 1871)",1,1.01
"(704, 147)",1,1.01
"(2178, 515)",1,1.01
"(182, 2178)",1,1.01
"(97, 182)",1,1.01
"(2169, 191)",1,1.01
"(78, 2169)",1,1.01
"(218, 144)",1,1.01
"(93, 2642)",1,1.01
"(1629, 353)",1,1.01
"(252, 1172)",1,1.01
"(1030, 102)",1,1.01
"(1773, 1287)",1,1.01
"(172, 1524)",1,1.01
"(1287, 9)",1,1.01
"(2006, 907)",1,1.01
"(351, 267)",1,1.01
"(927, 590)",1,1.01
"(2884, 412)",1,1.01
"(383, 2884)",1,1.01
"(161, 383)",1,1.01
"(755, 1917)",1,1.01
"(1346, 755)",1,1.01
"(103, 1346)",1,1.01
"(2300, 103)",1,1.01
"(166, 570)",1,1.01
"(129, 621)",1,1.01
"(782, 129)",1,1.01
"(352, 59)",1,1.01
"(552, 352)",1,1.01
"(43, 561)",1,1.01
"(290, 2573)",1,1.01
"(503, 290)",1,1.01
"(1763, 503)",1,1.01
"(93, 1763)",1,1.01
"(179, 503)",1,1.01
"(9, 266)",1,1.01
"(2154, 503)",1,1.01
"(136, 2154)",1,1.01
"(93, 192)",1,1.01
"(166, 93)",1,1.01
"(37, 26)",1,1.01
"(201, 131)",1,1.01
"(181, 230)",1,1.01
"(34, 133)",1,1.01
"(1601, 48)",1,1.01
"(204, 315)",1,1.01
"(2403, 204)",1,1.01
"(353, 2403)",1,1.01
"(237, 728)",1,1.01
"(128, 130)",1,1.01
"(846, 128)",1,1.01
"(136, 846)",1,1.01
"(2033, 116)",1,1.01
"(193, 389)",1,1.01
"(126, 719)",1,1.01
"(609, 126)",1,1.01
"(100, 609)",1,1.01
"(2045, 72)",1,1.01
"(379, 166)",1,1.01
"(230, 1618)",1,1.01
"(372, 195)",1,1.01
"(777, 127)",1,1.01
"(108, 78)",1,1.01
"(88, 564)",1,1.01
"(1284, 1013)",1,1.01
"(232, 553)",1,1.01
"(896, 11)",1,1.01
"(127, 896)",1,1.01
"(497, 631)",1,1.01
"(867, 191)",1,1.01
"(99, 867)",1,1.01
"(2515, 99)",1,1.01
"(88, 341)",1,1.01
"(204, 66)",1,1.01
"(2415, 214)",1,1.01
"(153, 96)",1,1.01
"(865, 258)",1,1.01
"(88, 34)",1,1.01
"(437, 2935)",1,1.01
"(2909, 136)",1,1.01
"(2917, 1735)",1,1.01
"(91, 2966)",1,1.01
"(128, 128)",1,1.01
"(802, 89)",1,1.01
"(224, 166)",1,1.01
"(2151, 9)",1,1.01
"(129, 209)",1,1.01
"(114, 69)",1,1.01
"(237, 172)",1,1.01
"(2555, 237)",1,1.01
"(117, 2555)",1,1.01
"(118, 117)",1,1.01
"(1926, 191)",1,1.01
"(437, 725)",1,1.01
"(268, 185)",1,1.01
"(141, 2288)",1,1.01
"(166, 1842)",1,1.01
"(454, 1838)",1,1.01
"(1031, 454)",1,1.01
"(406, 1031)",1,1.01
"(166, 126)",1,1.01
"(2812, 181)",1,1.01
"(871, 11)",1,1.01
"(166, 243)",1,1.01
"(857, 1923)",1,1.01
"(195, 857)",1,1.01
"(2210, 161)",1,1.01
"(166, 261)",1,1.01
"(258, 91)",1,1.01
"(577, 258)",1,1.01
"(211, 555)",1,1.01
"(555, 47)",1,1.01
"(240, 579)",1,1.01
"(893, 240)",1,1.01
"(1519, 1358)",1,1.01
"(420, 1519)",1,1.01
"(240, 330)",1,1.01
"(1933, 94)",1,1.01
"(1621, 1933)",1,1.01
"(281, 1621)",1,1.01
"(668, 163)",1,1.01
"(2080, 11)",1,1.01
"(2810, 2080)",1,1.01
"(54, 2810)",1,1.01
"(1408, 281)",1,1.01
"(1699, 109)",1,1.01
"(102, 1699)",1,1.01
"(2352, 102)",1,1.01
"(552, 2352)",1,1.01
"(1621, 41)",1,1.01
"(93, 665)",1,1.01
"(932, 93)",1,1.01
"(225, 54)",1,1.01
"(487, 106)",1,1.01
"(1618, 11)",1,1.01
"(1938, 440)",1,1.01
"(2705, 102)",1,1.01
"(88, 2210)",1,1.01
"(802, 258)",1,1.01
"(116, 115)",1,1.01
"(242, 445)",1,1.01
"(2054, 242)",1,1.01
"(101, 41)",1,1.01
"(93, 44)",1,1.01
"(2353, 258)",1,1.01
"(160, 2353)",1,1.01
"(1474, 237)",1,1.01
"(2636, 107)",1,1.01
"(88, 465)",1,1.01
"(67, 346)",1,1.01
"(319, 67)",1,1.01
"(32, 319)",1,1.01
"(90, 32)",1,1.01
"(341, 2329)",1,1.01
"(151, 93)",1,1.01
"(68, 151)",1,1.01
"(100, 130)",1,1.01
"(41, 100)",1,1.01
"(4, 42)",1,1.01
"(2117, 44)",1,1.01
"(34, 2117)",1,1.01
"(129, 252)",1,1.01
"(1485, 1871)",1,1.01
"(1013, 1108)",1,1.01
"(198, 102)",1,1.01
"(2465, 142)",1,1.01
"(2598, 102)",1,1.01
"(1852, 422)",1,1.01
"(547, 958)",1,1.01
"(88, 2089)",1,1.01
"(193, 58)",1,1.01
"(218, 1011)",1,1.01
"(793, 54)",1,1.01
"(93, 69)",1,1.01
"(108, 106)",1,1.01
"(94, 1318)",1,1.01
"(1562, 266)",1,1.01
"(281, 1562)",1,1.01
"(1729, 2181)",1,1.01
"(848, 1729)",1,1.01
"(2636, 1644)",1,1.01
"(198, 465)",1,1.01
"(2089, 101)",1,1.01
"(346, 203)",1,1.01
"(2615, 11)",1,1.01
"(54, 578)",1,1.01
"(795, 98)",1,1.01
"(819, 2310)",1,1.01
"(106, 819)",1,1.01
"(1814, 106)",1,1.01
"(823, 1385)",1,1.01
"(601, 1525)",1,1.01
"(88, 1333)",1,1.01
"(519, 1500)",1,1.01
"(530, 149)",1,1.01
"(231, 530)",1,1.01
"(1460, 89)",1,1.01
"(2615, 281)",1,1.01
"(135, 557)",1,1.01
"(9, 2381)",1,1.01
"(2381, 221)",1,1.01
"(227, 1158)",1,1.01
"(2409, 100)",1,1.01
"(88, 2069)",1,1.01
"(135, 1525)",1,1.01
"(2815, 237)",1,1.01
"(201, 2815)",1,1.01
"(97, 201)",1,1.01
"(97, 100)",1,1.01
"(1991, 1397)",1,1.01
"(153, 1991)",1,1.01
"(604, 155)",1,1.01
"(691, 203)",1,1.01
"(204, 691)",1,1.01
"(2452, 939)",1,1.01
"(274, 241)",1,1.01
"(56, 274)",1,1.01
"(102, 209)",1,1.01
"(2391, 89)",1,1.01
"(793, 88)",1,1.01
"(252, 793)",1,1.01
"(103, 508)",1,1.01
"(2445, 147)",1,1.01
"(9, 2445)",1,1.01
"(1427, 691)",1,1.01
"(2972, 9)",1,1.01
"(268, 2972)",1,1.01
"(75, 2181)",1,1.01
"(1158, 75)",1,1.01
"(533, 2615)",1,1.01
"(135, 2615)",1,1.01
"(416, 98)",1,1.01
"(30, 33)",1,1.01
"(2404, 95)",1,1.01
"(60, 1256)",1,1.01
"(1443, 89)",1,1.01
"(1427, 1443)",1,1.01
"(213, 1118)",1,1.01
"(615, 213)",1,1.01
"(1790, 615)",1,1.01
"(89, 645)",1,1.01
"(354, 1228)",1,1.01
"(709, 258)",1,1.01
"(2340, 709)",1,1.01
"(1017, 9)",1,1.01
"(163, 1017)",1,1.01
"(40, 34)",1,1.01
"(963, 1319)",1,1.01
"(44, 38)",1,1.01
"(2925, 1678)",1,1.01
"(2467, 2925)",1,1.01
"(237, 2467)",1,1.01
"(268, 2635)",1,1.01
"(204, 1814)",1,1.01
"(104, 127)",1,1.01
"(2340, 2966)",1,1.01
"(38, 44)",1,1.01
"(1564, 9)",1,1.01
"(2160, 310)",1,1.01
"(763, 2160)",1,1.01
"(88, 763)",1,1.01
"(142, 1869)",1,1.01
"(353, 1299)",1,1.01
"(190, 252)",1,1.01
"(633, 290)",1,1.01
"(96, 963)",1,1.01
"(332, 96)",1,1.01
"(161, 332)",1,1.01
"(191, 2066)",1,1.01
"(992, 101)",1,1.01
"(2467, 161)",1,1.01
"(794, 2467)",1,1.01
"(142, 794)",1,1.01
"(2135, 117)",1,1.01
"(72, 2135)",1,1.01
"(89, 1641)",1,1.01
"(1318, 72)",1,1.01
"(72, 2461)",1,1.01
"(1730, 229)",1,1.01
"(1804, 1678)",1,1.01
"(2787, 1804)",1,1.01
"(101, 2787)",1,1.01
"(124, 139)",1,1.01
"(1612, 124)",1,1.01
"(10, 1612)",1,1.01
"(1814, 252)",1,1.01
"(752, 102)",1,1.01
"(1185, 1311)",1,1.01
"(1599, 73)",1,1.01
"(93, 1599)",1,1.01
"(1571, 93)",1,1.01
"(204, 1571)",1,1.01
"(777, 237)",1,1.01
"(204, 2701)",1,1.01
"(573, 96)",1,1.01
"(1390, 519)",1,1.01
"(597, 96)",1,1.01
"(1761, 136)",1,1.01
"(135, 1761)",1,1.01
"(223, 93)",1,1.01
"(60, 573)",1,1.01
"(272, 87)",1,1.01
"(577, 136)",1,1.01
"(1018, 292)",1,1.01
"(129, 2725)",1,1.01
"(904, 129)",1,1.01
"(114, 904)",1,1.01
"(2162, 9)",1,1.01
"(129, 2162)",1,1.01
"(364, 857)",1,1.01
"(364, 2455)",1,1.01
"(253, 99)",1,1.01
"(2391, 117)",1,1.01
"(293, 231)",1,1.01
"(268, 293)",1,1.01
"(2205, 578)",1,1.01
"(1815, 89)",1,1.01
"(2484, 11)",1,1.01
"(847, 116)",1,1.01
"(1022, 179)",1,1.01
"(118, 1022)",1,1.01
"(303, 136)",1,1.01
"(93, 2811)",1,1.01
"(128, 298)",1,1.01
"(2662, 1052)",1,1.01
"(191, 1644)",1,1.01
"(782, 99)",1,1.01
"(589, 96)",1,1.01
"(1717, 1887)",1,1.01
"(1626, 443)",1,1.01
"(826, 1626)",1,1.01
"(2809, 2228)",1,1.01
"(167, 2809)",1,1.01
"(114, 66)",1,1.01
"(903, 651)",1,1.01
"(93, 2253)",1,1.01
"(171, 605)",1,1.01
"(10, 171)",1,1.01
"(117, 2141)",1,1.01
"(587, 89)",1,1.01
"(1369, 587)",1,1.01
"(665, 1369)",1,1.01
"(2482, 1863)",1,1.01
"(88, 2482)",1,1.01
"(1737, 106)",1,1.01
"(223, 89)",1,1.01
"(747, 11)",1,1.01
"(93, 2627)",1,1.01
"(1659, 89)",1,1.01
"(129, 2531)",1,1.01
"(379, 1710)",1,1.01
"(315, 114)",1,1.01
"(1433, 252)",1,1.01
"(468, 428)",1,1.01
"(1064, 1033)",1,1.01
"(1696, 486)",1,1.01
"(119, 316)",1,1.01
"(111, 69)",1,1.01
"(2702, 190)",1,1.01
"(1766, 89)",1,1.01
"(135, 1766)",1,1.01
"(772, 135)",1,1.01
"(522, 989)",1,1.01
"(1809, 1641)",1,1.01
"(1006, 96)",1,1.01
"(343, 1006)",1,1.01
"(226, 1001)",1,1.01
"(103, 226)",1,1.01
"(119, 1241)",1,1.01
"(1452, 102)",1,1.01
"(72, 100)",1,1.01
"(961, 117)",1,1.01
"(103, 395)",1,1.01
"(686, 167)",1,1.01
"(255, 810)",1,1.01
"(489, 195)",1,1.01
"(204, 489)",1,1.01
"(2173, 101)",1,1.01
"(88, 2173)",1,1.01
"(165, 112)",1,1.01
"(93, 1097)",1,1.01
"(274, 100)",1,1.01
"(204, 2430)",1,1.01
"(153, 2185)",1,1.01
"(431, 153)",1,1.01
"(2455, 431)",1,1.01
"(89, 2386)",1,1.01
"(219, 237)",1,1.01
"(298, 276)",1,1.01
"(237, 1333)",1,1.01
"(276, 298)",1,1.01
"(111, 316)",1,1.01
"(165, 111)",1,1.01
"(88, 165)",1,1.01
"(298, 154)",1,1.01
"(129, 2177)",1,1.01
"(2550, 129)",1,1.01
"(58, 2550)",1,1.01
"(335, 784)",1,1.01
"(1479, 1280)",1,1.01
"(237, 44)",1,1.01
"(73, 91)",1,1.01
"(107, 206)",1,1.01
"(2177, 61)",1,1.01
"(1522, 625)",1,1.01
"(193, 1522)",1,1.01
"(184, 377)",1,1.01
"(1385, 97)",1,1.01
"(2005, 1385)",1,1.01
"(2452, 561)",1,1.01
"(127, 2452)",1,1.01
"(114, 1063)",1,1.01
"(462, 1981)",1,1.01
"(1540, 9)",1,1.01
"(204, 1540)",1,1.01
"(383, 2391)",1,1.01
"(1333, 101)",1,1.01
"(274, 288)",1,1.01
"(2096, 2703)",1,1.01
"(127, 2096)",1,1.01
"(1787, 117)",1,1.01
"(560, 1674)",1,1.01
"(1211, 560)",1,1.01
"(353, 1211)",1,1.01
"(191, 163)",1,1.01
"(343, 2503)",1,1.01
"(335, 343)",1,1.01
"(71, 335)",1,1.01
"(260, 71)",1,1.01
"(1185, 41)",1,1.01
"(241, 144)",1,1.01
"(1053, 241)",1,1.01
"(1409, 11)",1,1.01
"(1504, 1409)",1,1.01
"(2054, 1787)",1,1.01
"(46, 28)",1,1.01
"(62, 985)",1,1.01
"(29, 62)",1,1.01
"(33, 11)",1,1.01
"(340, 101)",1,1.01
"(165, 340)",1,1.01
"(719, 44)",1,1.01
"(420, 2121)",1,1.01
"(103, 420)",1,1.01
"(775, 160)",1,1.01
"(1387, 775)",1,1.01
"(191, 1387)",1,1.01
"(501, 89)",1,1.01
"(113, 501)",1,1.01
"(1674, 9)",1,1.01
"(88, 2731)",1,1.01
"(2731, 701)",1,1.01
"(701, 229)",1,1.01
"(99, 100)",1,1.01
"(488, 11)",1,1.01
"(95, 488)",1,1.01
"(71, 398)",1,1.01
"(1443, 371)",1,1.01
"(2368, 1443)",1,1.01
"(88, 2368)",1,1.01
"(2870, 132)",1,1.01
"(892, 280)",1,1.01
"(191, 892)",1,1.01
"(2289, 191)",1,1.01
"(54, 2289)",1,1.01
"(204, 1563)",1,1.01
"(36, 48)",1,1.01
"(1072, 1020)",1,1.01
"(153, 2385)",1,1.01
"(983, 153)",1,1.01
"(1319, 101)",1,1.01
"(88, 2101)",1,1.01
"(1322, 88)",1,1.01
"(775, 430)",1,1.01
"(34, 1185)",1,1.01
"(1407, 1872)",1,1.01
"(1201, 1407)",1,1.01
"(127, 1201)",1,1.01
"(66, 573)",1,1.01
"(1554, 142)",1,1.01
"(2682, 9)",1,1.01
"(102, 2682)",1,1.01
"(1667, 96)",1,1.01
"(68, 91)",1,1.01
"(594, 1434)",1,1.01
"(141, 594)",1,1.01
"(410, 3)",1,1.01
"(1307, 650)",1,1.01
"(2283, 1307)",1,1.01
"(114, 38)",1,1.01
"(145, 114)",1,1.01
"(186, 758)",1,1.01
"(9, 674)",1,1.01
"(7, 2297)",1,1.01
"(2613, 190)",1,1.01
"(102, 2613)",1,1.01
"(352, 1590)",1,1.01
"(106, 352)",1,1.01
"(1064, 106)",1,1.01
"(171, 1064)",1,1.01
"(2133, 127)",1,1.01
"(54, 2133)",1,1.01
"(93, 2593)",1,1.01
"(2452, 93)",1,1.01
"(149, 2452)",1,1.01
"(1408, 57)",1,1.01
"(179, 1408)",1,1.01
"(1015, 102)",1,1.01
"(2251, 42)",1,1.01
"(1247, 382)",1,1.01
"(2929, 2524)",1,1.01
"(1434, 160)",1,1.01
"(91, 594)",1,1.01
"(88, 1667)",1,1.01
"(364, 1252)",1,1.01
"(2258, 387)",1,1.01
"(1311, 4)",1,1.01
"(231, 365)",1,1.01
"(268, 231)",1,1.01
"(96, 1556)",1,1.01
"(1024, 398)",1,1.01
"(1218, 1024)",1,1.01
"(95, 2870)",1,1.01
"(1273, 154)",1,1.01
"(1333, 1273)",1,1.01
"(144, 1333)",1,1.01
"(191, 406)",1,1.01
"(141, 1729)",1,1.01
"(129, 1337)",1,1.01
"(160, 2851)",1,1.01
"(132, 160)",1,1.01
"(1730, 33)",1,1.01
"(88, 1730)",1,1.01
"(371, 158)",1,1.01
"(283, 371)",1,1.01
"(2316, 142)",1,1.01
"(1131, 238)",1,1.01
"(2682, 68)",1,1.01
"(313, 2682)",1,1.01
"(594, 176)",1,1.01
"(90, 312)",1,1.01
"(204, 802)",1,1.01
"(840, 2833)",1,1.01
"(239, 2577)",1,1.01
"(831, 127)",1,1.01
"(198, 2833)",1,1.01
"(2144, 54)",1,1.01
"(1619, 88)",1,1.01
"(97, 673)",1,1.01
"(243, 1029)",1,1.01
"(72, 243)",1,1.01
"(1902, 95)",1,1.01
"(2579, 1902)",1,1.01
"(237, 1234)",1,1.01
"(130, 43)",1,1.01
"(93, 963)",1,1.01
"(400, 111)",1,1.01
"(1033, 400)",1,1.01
"(1495, 9)",1,1.01
"(1660, 11)",1,1.01
"(2577, 615)",1,1.01
"(2068, 97)",1,1.01
"(89, 406)",1,1.01
"(755, 1020)",1,1.01
"(193, 755)",1,1.01
"(2882, 9)",1,1.01
"(166, 2882)",1,1.01
"(153, 570)",1,1.01
"(73, 348)",1,1.01
"(95, 926)",1,1.01
"(413, 95)",1,1.01
"(1643, 99)",1,1.01
"(114, 1643)",1,1.01
"(832, 442)",1,1.01
"(179, 2250)",1,1.01
"(346, 359)",1,1.01
"(29, 46)",1,1.01
"(39, 29)",1,1.01
"(714, 831)",1,1.01
"(142, 272)",1,1.01
"(6, 653)",1,1.01
"(2932, 97)",1,1.01
"(163, 2932)",1,1.01
"(6, 223)",1,1.01
"(26, 2296)",1,1.01
"(2296, 43)",1,1.01
"(43, 2573)",1,1.01
"(2573, 39)",1,1.01
"(136, 1460)",1,1.01
"(68, 75)",1,1.01
"(1741, 390)",1,1.01
"(1766, 518)",1,1.01
"(490, 179)",1,1.01
"(1161, 136)",1,1.01
"(983, 1161)",1,1.01
"(820, 3)",1,1.01
"(134, 820)",1,1.01
"(705, 34)",1,1.01
"(9, 825)",1,1.01
"(126, 9)",1,1.01
"(7, 860)",1,1.01
"(622, 270)",1,1.01
"(129, 622)",1,1.01
"(193, 1093)",1,1.01
"(354, 193)",1,1.01
"(132, 832)",1,1.01
"(272, 60)",1,1.01
"(1502, 272)",1,1.01
"(69, 864)",1,1.01
"(114, 363)",1,1.01
"(129, 114)",1,1.01
"(442, 1015)",1,1.01
"(107, 710)",1,1.01
"(348, 61)",1,1.01
"(129, 348)",1,1.01
"(1625, 129)",1,1.01
"(272, 1625)",1,1.01
"(102, 1955)",1,1.01
"(160, 1590)",1,1.01
"(650, 1528)",1,1.01
"(253, 772)",1,1.01
"(195, 253)",1,1.01
"(133, 547)",1,1.01
"(1533, 133)",1,1.01
"(966, 1533)",1,1.01
"(2292, 126)",1,1.01
"(839, 142)",1,1.01
"(1766, 2135)",1,1.01
"(2452, 195)",1,1.01
"(1535, 117)",1,1.01
"(43, 50)",1,1.01
"(141, 2142)",1,1.01
"(50, 50)",1,1.01
"(43, 37)",1,1.01
"(37, 46)",1,1.01
"(88, 46)",1,1.01
"(363, 69)",1,1.01
"(864, 1649)",1,1.01
"(72, 1502)",1,1.01
"(1649, 9)",1,1.01
"(158, 594)",1,1.01
"(98, 158)",1,1.01
"(272, 98)",1,1.01
"(72, 272)",1,1.01
"(72, 178)",1,1.01
"(272, 600)",1,1.01
"(1119, 442)",1,1.01
"(389, 851)",1,1.01
"(181, 389)",1,1.01
"(201, 184)",1,1.01
"(847, 243)",1,1.01
"(1221, 847)",1,1.01
"(336, 1221)",1,1.01
"(88, 1739)",1,1.01
"(268, 1150)",1,1.01
"(181, 142)",1,1.01
"(2784, 181)",1,1.01
"(204, 2784)",1,1.01
"(377, 988)",1,1.01
"(2815, 377)",1,1.01
"(2226, 2815)",1,1.01
"(1278, 2226)",1,1.01
"(922, 1278)",1,1.01
"(1991, 102)",1,1.01
"(160, 1991)",1,1.01
"(367, 191)",1,1.01
"(2467, 367)",1,1.01
"(2061, 116)",1,1.01
"(959, 547)",1,1.01
"(1361, 166)",1,1.01
"(227, 1096)",1,1.01
"(686, 1938)",1,1.01
"(2446, 741)",1,1.01
"(114, 2446)",1,1.01
"(1938, 213)",1,1.01
"(54, 1938)",1,1.01
"(1776, 149)",1,1.01
"(772, 89)",1,1.01
"(2010, 1550)",1,1.01
"(814, 161)",1,1.01
"(223, 814)",1,1.01
"(982, 270)",1,1.01
"(383, 1471)",1,1.01
"(134, 383)",1,1.01
"(179, 101)",1,1.01
"(230, 98)",1,1.01
"(2572, 34)",1,1.01
"(106, 91)",1,1.01
"(197, 1365)",1,1.01
"(2025, 88)",1,1.01
"(281, 578)",1,1.01
"(2120, 103)",1,1.01
"(89, 2120)",1,1.01
"(1839, 191)",1,1.01
"(237, 1839)",1,1.01
"(2131, 286)",1,1.01
"(114, 2131)",1,1.01
"(45, 421)",1,1.01
"(487, 966)",1,1.01
"(1938, 117)",1,1.01
"(814, 147)",1,1.01
"(939, 390)",1,1.01
"(136, 727)",1,1.01
"(727, 319)",1,1.01
"(59, 727)",1,1.01
"(693, 59)",1,1.01
"(114, 693)",1,1.01
"(2402, 252)",1,1.01
"(226, 2402)",1,1.01
"(815, 907)",1,1.01
"(160, 1521)",1,1.01
"(1812, 87)",1,1.01
"(88, 1812)",1,1.01
"(220, 113)",1,1.01
"(2294, 30)",1,1.01
"(2864, 319)",1,1.01
"(117, 2864)",1,1.01
"(107, 117)",1,1.01
"(686, 1210)",1,1.01
"(1327, 203)",1,1.01
"(1970, 2108)",1,1.01
"(326, 1970)",1,1.01
"(488, 326)",1,1.01
"(2103, 147)",1,1.01
"(101, 1210)",1,1.01
"(2789, 54)",1,1.01
"(991, 11)",1,1.01
"(845, 109)",1,1.01
"(117, 845)",1,1.01
"(142, 2442)",1,1.01
"(403, 487)",1,1.01
"(367, 552)",1,1.01
"(72, 570)",1,1.01
"(129, 122)",1,1.01
"(823, 1349)",1,1.01
"(117, 1966)",1,1.01
"(255, 523)",1,1.01
"(555, 72)",1,1.01
"(628, 555)",1,1.01
"(2027, 1886)",1,1.01
"(119, 2027)",1,1.01
"(38, 119)",1,1.01
"(256, 991)",1,1.01
"(117, 63)",1,1.01
"(57, 581)",1,1.01
"(718, 57)",1,1.01
"(122, 718)",1,1.01
"(799, 129)",1,1.01
"(1197, 127)",1,1.01
"(1668, 529)",1,1.01
"(647, 171)",1,1.01
"(2431, 555)",1,1.01
"(958, 88)",1,1.01
"(2848, 113)",1,1.01
"(571, 578)",1,1.01
"(519, 1073)",1,1.01
"(1747, 771)",1,1.01
"(118, 1747)",1,1.01
"(221, 349)",1,1.01
"(1589, 221)",1,1.01
"(280, 1589)",1,1.01
"(177, 102)",1,1.01
"(28, 111)",1,1.01
"(133, 493)",1,1.01
"(38, 40)",1,1.01
"(97, 421)",1,1.01
"(188, 1197)",1,1.01
"(106, 868)",1,1.01
"(1721, 421)",1,1.01
"(421, 49)",1,1.01
"(1825, 423)",1,1.01
"(578, 1825)",1,1.01
"(403, 96)",1,1.01
"(229, 403)",1,1.01
"(343, 188)",1,1.01
"(431, 1471)",1,1.01
"(2475, 1096)",1,1.01
"(281, 2475)",1,1.01
"(1092, 11)",1,1.01
"(1601, 38)",1,1.01
"(93, 741)",1,1.01
"(422, 93)",1,1.01
"(945, 431)",1,1.01
"(1197, 945)",1,1.01
"(892, 1197)",1,1.01
"(1031, 11)",1,1.01
"(951, 1031)",1,1.01
"(188, 951)",1,1.01
"(514, 281)",1,1.01
"(141, 514)",1,1.01
"(514, 421)",1,1.01
"(102, 416)",1,1.01
"(262, 102)",1,1.01
"(2010, 2064)",1,1.01
"(117, 816)",1,1.01
"(1173, 117)",1,1.01
"(1173, 132)",1,1.01
"(88, 1627)",1,1.01
"(119, 555)",1,1.01
"(221, 230)",1,1.01
"(44, 221)",1,1.01
"(2322, 258)",1,1.01
"(465, 2322)",1,1.01
"(117, 465)",1,1.01
"(413, 2200)",1,1.01
"(171, 413)",1,1.01
"(1442, 171)",1,1.01
"(528, 397)",1,1.01
"(605, 116)",1,1.01
"(2712, 102)",1,1.01
"(101, 1173)",1,1.01
"(102, 1392)",1,1.01
"(147, 165)",1,1.01
"(709, 147)",1,1.01
"(229, 258)",1,1.01
"(54, 97)",1,1.01
"(1501, 1438)",1,1.01
"(427, 11)",1,1.01
"(487, 427)",1,1.01
"(2088, 66)",1,1.01
"(423, 1368)",1,1.01
"(138, 59)",1,1.01
"(2594, 102)",1,1.01
"(1395, 229)",1,1.01
"(521, 1395)",1,1.01
"(1627, 54)",1,1.01
"(1618, 986)",1,1.01
"(406, 87)",1,1.01
"(246, 93)",1,1.01
"(468, 2650)",1,1.01
"(1879, 468)",1,1.01
"(380, 1879)",1,1.01
"(103, 388)",1,1.01
"(167, 426)",1,1.01
"(664, 2385)",1,1.01
"(242, 664)",1,1.01
"(100, 755)",1,1.01
"(397, 34)",1,1.01
"(1108, 270)",1,1.01
"(166, 1093)",1,1.01
"(509, 112)",1,1.01
"(2202, 88)",1,1.01
"(93, 2202)",1,1.01
"(1655, 89)",1,1.01
"(258, 1655)",1,1.01
"(263, 1125)",1,1.01
"(2789, 9)",1,1.01
"(94, 281)",1,1.01
"(1557, 2579)",1,1.01
"(845, 54)",1,1.01
"(2925, 11)",1,1.01
"(573, 508)",1,1.01
"(69, 573)",1,1.01
"(349, 3)",1,1.01
"(1835, 195)",1,1.01
"(93, 2755)",1,1.01
"(252, 653)",1,1.01
"(1173, 252)",1,1.01
"(168, 191)",1,1.01
"(1698, 416)",1,1.01
"(1895, 56)",1,1.01
"(454, 1895)",1,1.01
"(147, 1276)",1,1.01
"(58, 1159)",1,1.01
"(141, 89)",1,1.01
"(2210, 90)",1,1.01
"(101, 2210)",1,1.01
"(154, 869)",1,1.01
"(272, 298)",1,1.01
"(89, 272)",1,1.01
"(29, 1415)",1,1.01
"(2674, 117)",1,1.01
"(2466, 65)",1,1.01
"(178, 88)",1,1.01
"(54, 817)",1,1.01
"(97, 1316)",1,1.01
"(149, 97)",1,1.01
"(188, 2579)",1,1.01
"(2772, 1927)",1,1.01
"(4, 195)",1,1.01
"(2361, 90)",1,1.01
"(101, 2361)",1,1.01
"(72, 986)",1,1.01
"(987, 426)",1,1.01
"(953, 832)",1,1.01
"(819, 953)",1,1.01
"(1392, 203)",1,1.01
"(581, 267)",1,1.01
"(117, 2562)",1,1.01
"(383, 102)",1,1.01
"(2562, 388)",1,1.01
"(9, 779)",1,1.01
"(561, 127)",1,1.01
"(1111, 319)",1,1.01
"(33, 40)",1,1.01
"(74, 151)",1,1.01
"(1398, 271)",1,1.01
"(954, 1398)",1,1.01
"(2815, 954)",1,1.01
"(28, 2573)",1,1.01
"(2573, 37)",1,1.01
"(101, 922)",1,1.01
"(866, 388)",1,1.01
"(840, 117)",1,1.01
"(97, 840)",1,1.01
"(88, 1090)",1,1.01
"(69, 426)",1,1.01
"(2866, 1218)",1,1.01
"(54, 2816)",1,1.01
"(1016, 174)",1,1.01
"(117, 1016)",1,1.01
"(615, 292)",1,1.01
"(563, 615)",1,1.01
"(1327, 563)",1,1.01
"(2189, 188)",1,1.01
"(506, 315)",1,1.01
"(390, 109)",1,1.01
"(2196, 390)",1,1.01
"(90, 2975)",1,1.01
"(2923, 101)",1,1.01
"(88, 2923)",1,1.01
"(2488, 1198)",1,1.01
"(383, 808)",1,1.01
"(26, 426)",1,1.01
"(2455, 11)",1,1.01
"(1115, 304)",1,1.01
"(180, 1115)",1,1.01
"(1529, 474)",1,1.01
"(725, 169)",1,1.01
"(66, 1264)",1,1.01
"(2648, 89)",1,1.01
"(172, 267)",1,1.01
"(663, 69)",1,1.01
"(10, 663)",1,1.01
"(1198, 10)",1,1.01
"(135, 2488)",1,1.01
"(1229, 365)",1,1.01
"(97, 381)",1,1.01
"(108, 539)",1,1.01
"(253, 108)",1,1.01
"(103, 195)",1,1.01
"(101, 143)",1,1.01
"(135, 2144)",1,1.01
"(1803, 89)",1,1.01
"(1204, 330)",1,1.01
"(1988, 258)",1,1.01
"(300, 154)",1,1.01
"(891, 88)",1,1.01
"(114, 891)",1,1.01
"(289, 114)",1,1.01
"(808, 160)",1,1.01
"(2199, 54)",1,1.01
"(72, 1316)",1,1.01
"(1316, 203)",1,1.01
"(303, 2338)",1,1.01
"(255, 93)",1,1.01
"(295, 95)",1,1.01
"(268, 295)",1,1.01
"(2791, 263)",1,1.01
"(1387, 2791)",1,1.01
"(1307, 1387)",1,1.01
"(570, 96)",1,1.01
"(633, 570)",1,1.01
"(214, 633)",1,1.01
"(722, 104)",1,1.01
"(230, 93)",1,1.01
"(67, 155)",1,1.01
"(118, 76)",1,1.01
"(2819, 136)",1,1.01
"(876, 2819)",1,1.01
"(686, 876)",1,1.01
"(767, 203)",1,1.01
"(300, 1771)",1,1.01
"(99, 490)",1,1.01
"(93, 1155)",1,1.01
"(414, 93)",1,1.01
"(191, 2874)",1,1.01
"(904, 1210)",1,1.01
"(2084, 9)",1,1.01
"(2667, 2084)",1,1.01
"(203, 2667)",1,1.01
"(239, 2473)",1,1.01
"(154, 239)",1,1.01
"(2025, 154)",1,1.01
"(406, 1264)",1,1.01
"(318, 565)",1,1.01
"(229, 927)",1,1.01
"(2724, 322)",1,1.01
"(204, 700)",1,1.01
"(591, 539)",1,1.01
"(1597, 60)",1,1.01
"(99, 1597)",1,1.01
"(101, 1061)",1,1.01
"(755, 957)",1,1.01
"(2235, 2432)",1,1.01
"(626, 89)",1,1.01
"(1336, 180)",1,1.01
"(241, 1336)",1,1.01
"(44, 830)",1,1.01
"(306, 316)",1,1.01
"(283, 306)",1,1.01
"(2549, 271)",1,1.01
"(197, 2549)",1,1.01
"(960, 245)",1,1.01
"(1498, 282)",1,1.01
"(1852, 1498)",1,1.01
"(292, 204)",1,1.01
"(2327, 190)",1,1.01
"(97, 2327)",1,1.01
"(1803, 147)",1,1.01
"(1185, 40)",1,1.01
"(103, 1651)",1,1.01
"(565, 87)",1,1.01
"(1135, 101)",1,1.01
"(101, 2025)",1,1.01
"(30, 47)",1,1.01
"(147, 685)",1,1.01
"(315, 147)",1,1.01
"(2899, 203)",1,1.01
"(93, 2899)",1,1.01
"(762, 93)",1,1.01
"(560, 762)",1,1.01
"(616, 560)",1,1.01
"(237, 616)",1,1.01
"(2549, 388)",1,1.01
"(101, 2549)",1,1.01
"(135, 2566)",1,1.01
"(423, 135)",1,1.01
"(2830, 93)",1,1.01
"(504, 2830)",1,1.01
"(8, 89)",1,1.01
"(2409, 8)",1,1.01
"(2296, 39)",1,1.01
"(163, 1041)",1,1.01
"(142, 163)",1,1.01
"(416, 142)",1,1.01
"(103, 416)",1,1.01
"(2919, 191)",1,1.01
"(2010, 2919)",1,1.01
"(127, 2010)",1,1.01
"(315, 7)",1,1.01
"(823, 315)",1,1.01
"(2114, 135)",1,1.01
"(2338, 101)",1,1.01
"(140, 2303)",1,1.01
"(2487, 237)",1,1.01
"(29, 152)",1,1.01
"(101, 431)",1,1.01
"(2052, 142)",1,1.01
"(823, 2052)",1,1.01
"(188, 823)",1,1.01
"(181, 231)",1,1.01
"(218, 738)",1,1.01
"(877, 218)",1,1.01
"(552, 350)",1,1.01
"(822, 270)",1,1.01
"(401, 822)",1,1.01
"(109, 401)",1,1.01
"(2572, 30)",1,1.01
"(921, 103)",1,1.01
"(628, 421)",1,1.01
"(2303, 175)",1,1.01
"(1575, 2479)",1,1.01
"(508, 1886)",1,1.01
"(398, 508)",1,1.01
"(530, 398)",1,1.01
"(527, 530)",1,1.01
"(163, 527)",1,1.01
"(2167, 11)",1,1.01
"(863, 508)",1,1.01
"(158, 113)",1,1.01
"(252, 222)",1,1.01
"(1568, 252)",1,1.01
"(589, 94)",1,1.01
"(4, 589)",1,1.01
"(41, 2572)",1,1.01
"(230, 203)",1,1.01
"(519, 2002)",1,1.01
"(181, 2755)",1,1.01
"(311, 2487)",1,1.01
"(55, 311)",1,1.01
"(288, 55)",1,1.01
"(364, 1511)",1,1.01
"(94, 2206)",1,1.01
"(141, 1349)",1,1.01
"(127, 2554)",1,1.01
"(278, 102)",1,1.01
"(136, 617)",1,1.01
"(315, 1134)",1,1.01
"(848, 377)",1,1.01
"(37, 1185)",1,1.01
"(78, 172)",1,1.01
"(1839, 102)",1,1.01
"(404, 552)",1,1.01
"(1065, 404)",1,1.01
"(2374, 203)",1,1.01
"(1540, 191)",1,1.01
"(101, 1540)",1,1.01
"(374, 226)",1,1.01
"(840, 2988)",1,1.01
"(201, 840)",1,1.01
"(2917, 44)",1,1.01
"(128, 1138)",1,1.01
"(1178, 969)",1,1.01
"(30, 1415)",1,1.01
"(1415, 41)",1,1.01
"(640, 350)",1,1.01
"(399, 227)",1,1.01
"(263, 647)",1,1.01
"(168, 103)",1,1.01
"(40, 4)",1,1.01
"(44, 29)",1,1.01
"(1287, 1882)",1,1.01
"(1131, 54)",1,1.01
"(420, 810)",1,1.01
"(103, 545)",1,1.01
"(2457, 101)",1,1.01
"(88, 1938)",1,1.01
"(481, 88)",1,1.01
"(416, 816)",1,1.01
"(360, 1076)",1,1.01
"(102, 155)",1,1.01
"(26, 29)",1,1.01
"(93, 93)",1,1.01
"(1106, 1328)",1,1.01
"(102, 1106)",1,1.01
"(90, 697)",1,1.01
"(2610, 119)",1,1.01
"(444, 2610)",1,1.01
"(1353, 88)",1,1.01
"(29, 31)",1,1.01
"(37, 1735)",1,1.01
"(155, 437)",1,1.01
"(1406, 155)",1,1.01
"(1882, 55)",1,1.01
"(772, 88)",1,1.01
"(191, 2007)",1,1.01
"(93, 326)",1,1.01
"(72, 2132)",1,1.01
"(103, 2115)",1,1.01
"(117, 1471)",1,1.01
"(1750, 103)",1,1.01
"(89, 1750)",1,1.01
"(128, 2600)",1,1.01
"(390, 245)",1,1.01
"(127, 390)",1,1.01
"(134, 508)",1,1.01
"(119, 916)",1,1.01
"(127, 233)",1,1.01
"(2479, 28)",1,1.01
"(28, 30)",1,1.01
"(509, 2066)",1,1.01
"(289, 509)",1,1.01
"(135, 2052)",1,1.01
"(97, 1883)",1,1.01
"(2250, 98)",1,1.01
"(2112, 2250)",1,1.01
"(9, 368)",1,1.01
"(1601, 33)",1,1.01
"(1529, 93)",1,1.01
"(833, 469)",1,1.01
"(9, 833)",1,1.01
"(657, 9)",1,1.01
"(1205, 89)",1,1.01
"(1567, 1205)",1,1.01
"(54, 1567)",1,1.01
"(2010, 138)",1,1.01
"(101, 2010)",1,1.01
"(2650, 149)",1,1.01
"(570, 271)",1,1.01
"(1131, 88)",1,1.01
"(297, 833)",1,1.01
"(10, 195)",1,1.01
"(247, 10)",1,1.01
"(438, 695)",1,1.01
"(230, 746)",1,1.01
"(141, 230)",1,1.01
"(1327, 1138)",1,1.01
"(88, 1834)",1,1.01
"(226, 1974)",1,1.01
"(2517, 662)",1,1.01
"(241, 2517)",1,1.01
"(2643, 641)",1,1.01
"(2252, 2643)",1,1.01
"(147, 2252)",1,1.01
"(172, 219)",1,1.01
"(665, 1264)",1,1.01
"(128, 1634)",1,1.01
"(947, 213)",1,1.01
"(191, 54)",1,1.01
"(370, 437)",1,1.01
"(128, 131)",1,1.01
"(1020, 313)",1,1.01
"(136, 1020)",1,1.01
"(95, 746)",1,1.01
"(1035, 95)",1,1.01
"(48, 30)",1,1.01
"(54, 2979)",1,1.01
"(814, 102)",1,1.01
"(2252, 347)",1,1.01
"(195, 10)",1,1.01
"(2674, 852)",1,1.01
"(802, 350)",1,1.01
"(89, 220)",1,1.01
"(1865, 286)",1,1.01
"(34, 1865)",1,1.01
"(10, 38)",1,1.01
"(1918, 11)",1,1.01
"(607, 1255)",1,1.01
"(95, 1668)",1,1.01
"(1575, 43)",1,1.01
"(1693, 102)",1,1.01
"(786, 270)",1,1.01
"(835, 786)",1,1.01
"(1378, 835)",1,1.01
"(1557, 203)",1,1.01
"(93, 1557)",1,1.01
"(100, 203)",1,1.01
"(2385, 58)",1,1.01
"(44, 2385)",1,1.01
"(2128, 1378)",1,1.01
"(90, 116)",1,1.01
"(1783, 11)",1,1.01
"(523, 1264)",1,1.01
"(593, 101)",1,1.01
"(66, 1777)",1,1.01
"(394, 188)",1,1.01
"(181, 394)",1,1.01
"(343, 416)",1,1.01
"(863, 343)",1,1.01
"(220, 863)",1,1.01
"(101, 2252)",1,1.01
"(129, 667)",1,1.01
"(1215, 539)",1,1.01
"(155, 116)",1,1.01
"(191, 444)",1,1.01
"(55, 1741)",1,1.01
"(1334, 55)",1,1.01
"(1930, 9)",1,1.01
"(2652, 11)",1,1.01
"(88, 2652)",1,1.01
"(1717, 89)",1,1.01
"(41, 30)",1,1.01
"(1871, 1378)",1,1.01
"(1759, 102)",1,1.01
"(1148, 1759)",1,1.01
"(99, 10)",1,1.01
"(116, 99)",1,1.01
"(415, 101)",1,1.01
"(1865, 1758)",1,1.01
"(157, 415)",1,1.01
"(172, 2207)",1,1.01
"(2668, 1735)",1,1.01
"(142, 1719)",1,1.01
"(959, 142)",1,1.01
"(858, 727)",1,1.01
"(615, 290)",1,1.01
"(166, 1453)",1,1.01
"(514, 2955)",1,1.01
"(325, 514)",1,1.01
"(107, 325)",1,1.01
"(101, 107)",1,1.01
"(455, 258)",1,1.01
"(1326, 426)",1,1.01
"(1257, 98)",1,1.01
"(921, 267)",1,1.01
"(1079, 88)",1,1.01
"(297, 1865)",1,1.01
"(1262, 166)",1,1.01
"(2312, 1262)",1,1.01
"(103, 2312)",1,1.01
"(903, 425)",1,1.01
"(2976, 319)",1,1.01
"(2038, 191)",1,1.01
"(434, 2038)",1,1.01
"(379, 1828)",1,1.01
"(147, 1154)",1,1.01
"(1802, 1148)",1,1.01
"(1138, 147)",1,1.01
"(1711, 1138)",1,1.01
"(1513, 1711)",1,1.01
"(166, 1719)",1,1.01
"(1421, 166)",1,1.01
"(88, 2332)",1,1.01
"(1202, 267)",1,1.01
"(2010, 1202)",1,1.01
"(573, 54)",1,1.01
"(206, 93)",1,1.01
"(1387, 724)",1,1.01
"(426, 1387)",1,1.01
"(851, 426)",1,1.01
"(413, 630)",1,1.01
"(2706, 667)",1,1.01
"(166, 2921)",1,1.01
"(225, 116)",1,1.01
"(188, 2435)",1,1.01
"(703, 612)",1,1.01
"(722, 145)",1,1.01
"(128, 739)",1,1.01
"(225, 907)",1,1.01
"(300, 225)",1,1.01
"(128, 240)",1,1.01
"(2838, 709)",1,1.01
"(1783, 166)",1,1.01
"(334, 1783)",1,1.01
"(116, 334)",1,1.01
"(210, 1578)",1,1.01
"(1369, 210)",1,1.01
"(117, 786)",1,1.01
"(54, 837)",1,1.01
"(463, 9)",1,1.01
"(1212, 258)",1,1.01
"(612, 258)",1,1.01
"(224, 191)",1,1.01
"(1340, 224)",1,1.01
"(229, 1340)",1,1.01
"(1677, 254)",1,1.01
"(2336, 1677)",1,1.01
"(191, 2336)",1,1.01
"(936, 191)",1,1.01
"(437, 555)",1,1.01
"(1115, 3)",1,1.01
"(9, 169)",1,1.01
"(979, 808)",1,1.01
"(109, 1910)",1,1.01
"(623, 109)",1,1.01
"(907, 116)",1,1.01
"(2776, 88)",1,1.01
"(2002, 724)",1,1.01
"(434, 319)",1,1.01
"(382, 1131)",1,1.01
"(241, 382)",1,1.01
"(870, 396)",1,1.01
"(1573, 129)",1,1.01
"(93, 1573)",1,1.01
"(1919, 93)",1,1.01
"(220, 1919)",1,1.01
"(1180, 11)",1,1.01
"(951, 1180)",1,1.01
"(166, 314)",1,1.01
"(306, 103)",1,1.01
"(26, 34)",1,1.01
"(2831, 9)",1,1.01
"(404, 2831)",1,1.01
"(558, 166)",1,1.01
"(1173, 116)",1,1.01
"(297, 2755)",1,1.01
"(34, 37)",1,1.01
"(37, 2939)",1,1.01
"(1275, 295)",1,1.01
"(1992, 1275)",1,1.01
"(347, 1992)",1,1.01
"(1851, 98)",1,1.01
"(553, 149)",1,1.01
"(181, 553)",1,1.01
"(2200, 252)",1,1.01
"(857, 96)",1,1.01
"(1478, 565)",1,1.01
"(116, 1478)",1,1.01
"(630, 98)",1,1.01
"(464, 1002)",1,1.01
"(89, 2062)",1,1.01
"(1865, 89)",1,1.01
"(116, 1865)",1,1.01
"(293, 109)",1,1.01
"(1674, 348)",1,1.01
"(2356, 1674)",1,1.01
"(558, 127)",1,1.01
"(40, 10)",1,1.01
"(387, 89)",1,1.01
"(1307, 301)",1,1.01
"(690, 1307)",1,1.01
"(392, 1697)",1,1.01
"(851, 2318)",1,1.01
"(986, 270)",1,1.01
"(1253, 986)",1,1.01
"(438, 98)",1,1.01
"(432, 438)",1,1.01
"(1421, 11)",1,1.01
"(1719, 160)",1,1.01
"(88, 1719)",1,1.01
"(64, 313)",1,1.01
"(1230, 116)",1,1.01
"(278, 1378)",1,1.01
"(142, 278)",1,1.01
"(1717, 98)",1,1.01
"(1990, 270)",1,1.01
"(106, 380)",1,1.01
"(2062, 464)",1,1.01
"(410, 142)",1,1.01
"(2760, 9)",1,1.01
"(488, 2129)",1,1.01
"(1325, 2760)",1,1.01
"(1368, 1325)",1,1.01
"(102, 1368)",1,1.01
"(2312, 102)",1,1.01
"(1911, 88)",1,1.01
"(1378, 93)",1,1.01
"(103, 132)",1,1.01
"(1259, 103)",1,1.01
"(9, 1259)",1,1.01
"(291, 2158)",1,1.01
"(239, 724)",1,1.01
"(346, 296)",1,1.01
"(128, 97)",1,1.01
"(476, 807)",1,1.01
"(481, 890)",1,1.01
"(297, 2020)",1,1.01
"(897, 166)",1,1.01
"(102, 897)",1,1.01
"(1674, 93)",1,1.01
"(730, 553)",1,1.01
"(1861, 78)",1,1.01
"(101, 1861)",1,1.01
"(179, 351)",1,1.01
"(54, 1483)",1,1.01
"(1555, 89)",1,1.01
"(88, 1555)",1,1.01
"(690, 1230)",1,1.01
"(239, 455)",1,1.01
"(1735, 45)",1,1.01
"(342, 200)",1,1.01
"(2432, 2473)",1,1.01
"(109, 815)",1,1.01
"(116, 2627)",1,1.01
"(41, 34)",1,1.01
"(34, 28)",1,1.01
"(318, 102)",1,1.01
"(135, 775)",1,1.01
"(100, 286)",1,1.01
"(1607, 93)",1,1.01
"(101, 1432)",1,1.01
"(1650, 98)",1,1.01
"(136, 647)",1,1.01
"(598, 197)",1,1.01
"(129, 155)",1,1.01
"(404, 2432)",1,1.01
"(2749, 827)",1,1.01
"(318, 101)",1,1.01
"(722, 2609)",1,1.01
"(8, 54)",1,1.01
"(470, 8)",1,1.01
"(135, 470)",1,1.01
"(2071, 135)",1,1.01
"(117, 2071)",1,1.01
"(1352, 1091)",1,1.01
"(1852, 102)",1,1.01
"(135, 2234)",1,1.01
"(198, 135)",1,1.01
"(44, 2939)",1,1.01
"(1333, 97)",1,1.01
"(1234, 1889)",1,1.01
"(2917, 41)",1,1.01
"(1085, 438)",1,1.01
"(438, 219)",1,1.01
"(2222, 464)",1,1.01
"(4, 2222)",1,1.01
"(2573, 45)",1,1.01
"(395, 127)",1,1.01
"(213, 395)",1,1.01
"(107, 127)",1,1.01
"(1338, 107)",1,1.01
"(263, 1338)",1,1.01
"(352, 109)",1,1.01
"(1229, 72)",1,1.01
"(2307, 1229)",1,1.01
"(1653, 2307)",1,1.01
"(101, 1653)",1,1.01
"(554, 102)",1,1.01
"(903, 2064)",1,1.01
"(130, 258)",1,1.01
"(1122, 165)",1,1.01
"(844, 89)",1,1.01
"(129, 844)",1,1.01
"(96, 129)",1,1.01
"(160, 175)",1,1.01
"(23, 336)",1,1.01
"(158, 23)",1,1.01
"(440, 91)",1,1.01
"(50, 2917)",1,1.01
"(101, 1884)",1,1.01
"(979, 107)",1,1.01
"(113, 7)",1,1.01
"(9, 2427)",1,1.01
"(172, 64)",1,1.01
"(106, 1585)",1,1.01
"(191, 958)",1,1.01
"(48, 33)",1,1.01
"(186, 56)",1,1.01
"(300, 170)",1,1.01
"(2581, 890)",1,1.01
"(383, 2581)",1,1.01
"(166, 1710)",1,1.01
"(2643, 2598)",1,1.01
"(2769, 166)",1,1.01
"(220, 1706)",1,1.01
"(503, 485)",1,1.01
"(134, 503)",1,1.01
"(1408, 442)",1,1.01
"(2317, 116)",1,1.01
"(2484, 104)",1,1.01
"(1696, 116)",1,1.01
"(420, 1696)",1,1.01
"(106, 443)",1,1.01
"(132, 106)",1,1.01
"(2517, 2569)",1,1.01
"(181, 1799)",1,1.01
"(95, 598)",1,1.01
"(191, 783)",1,1.01
"(2518, 191)",1,1.01
"(2884, 334)",1,1.01
"(2096, 2884)",1,1.01
"(725, 2096)",1,1.01
"(503, 127)",1,1.01
"(1585, 102)",1,1.01
"(57, 172)",1,1.01
"(240, 1180)",1,1.01
"(390, 57)",1,1.01
"(2546, 11)",1,1.01
"(101, 2546)",1,1.01
"(2778, 101)",1,1.01
"(379, 2778)",1,1.01
"(135, 1848)",1,1.01
"(503, 237)",1,1.01
"(136, 1062)",1,1.01
"(172, 937)",1,1.01
"(820, 136)",1,1.01
"(223, 820)",1,1.01
"(1032, 1976)",1,1.01
"(453, 117)",1,1.01
"(166, 96)",1,1.01
"(101, 1828)",1,1.01
"(218, 984)",1,1.01
"(203, 1976)",1,1.01
"(1107, 203)",1,1.01
"(296, 89)",1,1.01
"(2041, 296)",1,1.01
"(88, 2041)",1,1.01
"(422, 2579)",1,1.01
"(10, 422)",1,1.01
"(1093, 10)",1,1.01
"(72, 1093)",1,1.01
"(859, 147)",1,1.01
"(166, 359)",1,1.01
"(379, 529)",1,1.01
"(827, 2807)",1,1.01
"(1711, 342)",1,1.01
"(468, 395)",1,1.01
"(93, 1751)",1,1.01
"(1196, 183)",1,1.01
"(2131, 166)",1,1.01
"(181, 2131)",1,1.01
"(172, 443)",1,1.01
"(102, 964)",1,1.01
"(468, 560)",1,1.01
"(241, 1107)",1,1.01
"(163, 1303)",1,1.01
"(437, 34)",1,1.01
"(39, 36)",1,1.01
"(1378, 1196)",1,1.01
"(1461, 350)",1,1.01
"(1162, 166)",1,1.01
"(2807, 350)",1,1.01
"(437, 350)",1,1.01
"(2248, 437)",1,1.01
"(1204, 127)",1,1.01
"(854, 270)",1,1.01
"(503, 665)",1,1.01
"(106, 503)",1,1.01
"(1693, 171)",1,1.01
"(102, 1693)",1,1.01
"(2864, 102)",1,1.01
"(106, 2864)",1,1.01
"(1238, 142)",1,1.01
"(88, 1238)",1,1.01
"(1238, 94)",1,1.01
"(1751, 161)",1,1.01
"(103, 874)",1,1.01
"(874, 94)",1,1.01
"(46, 39)",1,1.01
"(640, 93)",1,1.01
"(227, 96)",1,1.01
"(155, 227)",1,1.01
"(372, 116)",1,1.01
"(239, 108)",1,1.01
"(61, 239)",1,1.01
"(10, 61)",1,1.01
"(897, 1450)",1,1.01
"(98, 897)",1,1.01
"(727, 98)",1,1.01
"(132, 727)",1,1.01
"(1257, 350)",1,1.01
"(128, 959)",1,1.01
"(523, 662)",1,1.01
"(421, 523)",1,1.01
"(40, 1601)",1,1.01
"(1601, 46)",1,1.01
"(2568, 116)",1,1.01
"(293, 350)",1,1.01
"(1173, 106)",1,1.01
"(1454, 523)",1,1.01
"(261, 1454)",1,1.01
"(555, 261)",1,1.01
"(605, 555)",1,1.01
"(26, 882)",1,1.01
"(230, 270)",1,1.01
"(605, 102)",1,1.01
"(54, 1238)",1,1.01
"(1547, 9)",1,1.01
"(9, 720)",1,1.01
"(2414, 1633)",1,1.01
"(415, 109)",1,1.01
"(88, 2310)",1,1.01
"(93, 2608)",1,1.01
"(1601, 2573)",1,1.01
"(97, 2750)",1,1.01
"(791, 97)",1,1.01
"(54, 685)",1,1.01
"(1560, 102)",1,1.01
"(2830, 135)",1,1.01
"(334, 2830)",1,1.01
"(278, 492)",1,1.01
"(1209, 350)",1,1.01
"(111, 283)",1,1.01
"(54, 2310)",1,1.01
"(54, 428)",1,1.01
"(72, 271)",1,1.01
"(2673, 72)",1,1.01
"(499, 350)",1,1.01
"(145, 499)",1,1.01
"(2886, 218)",1,1.01
"(106, 2886)",1,1.01
"(69, 1474)",1,1.01
"(760, 195)",1,1.01
"(406, 1489)",1,1.01
"(495, 252)",1,1.01
"(4, 191)",1,1.01
"(523, 2053)",1,1.01
"(141, 2414)",1,1.01
"(1633, 432)",1,1.01
"(36, 39)",1,1.01
"(432, 88)",1,1.01
"(218, 796)",1,1.01
"(218, 665)",1,1.01
"(218, 1225)",1,1.01
"(460, 3)",1,1.01
"(571, 109)",1,1.01
"(701, 73)",1,1.01
"(127, 701)",1,1.01
"(1346, 292)",1,1.01
"(223, 1668)",1,1.01
"(438, 598)",1,1.01
"(10, 438)",1,1.01
"(1558, 10)",1,1.01
"(645, 94)",1,1.01
"(1378, 620)",1,1.01
"(100, 1378)",1,1.01
"(2682, 58)",1,1.01
"(201, 2682)",1,1.01
"(48, 39)",1,1.01
"(39, 4)",1,1.01
"(25, 30)",1,1.01
"(127, 2012)",1,1.01
"(488, 1693)",1,1.01
"(1065, 488)",1,1.01
"(3, 1065)",1,1.01
"(440, 3)",1,1.01
"(58, 440)",1,1.01
"(240, 509)",1,1.01
"(1230, 24)",1,1.01
"(24, 840)",1,1.01
"(904, 690)",1,1.01
"(246, 33)",1,1.01
"(2528, 254)",1,1.01
"(1525, 9)",1,1.01
"(6, 1525)",1,1.01
"(978, 6)",1,1.01
"(150, 2040)",1,1.01
"(73, 672)",1,1.01
"(1562, 564)",1,1.01
"(117, 1562)",1,1.01
"(658, 1172)",1,1.01
"(2249, 658)",1,1.01
"(136, 515)",1,1.01
"(947, 9)",1,1.01
"(33, 947)",1,1.01
"(2300, 246)",1,1.01
"(2414, 289)",1,1.01
"(65, 2300)",1,1.01
"(38, 107)",1,1.01
"(1282, 38)",1,1.01
"(78, 1282)",1,1.01
"(94, 57)",1,1.01
"(767, 9)",1,1.01
"(74, 767)",1,1.01
"(32, 74)",1,1.01
"(993, 32)",1,1.01
"(493, 993)",1,1.01
"(28, 493)",1,1.01
"(978, 9)",1,1.01
"(1918, 960)",1,1.01
"(132, 1091)",1,1.01
"(1091, 94)",1,1.01
"(94, 1003)",1,1.01
"(155, 97)",1,1.01
"(427, 951)",1,1.01
"(96, 67)",1,1.01
"(307, 127)",1,1.01
"(191, 366)",1,1.01
"(2136, 1884)",1,1.01
"(10, 2136)",1,1.01
"(137, 131)",1,1.01
"(29, 137)",1,1.01
"(54, 29)",1,1.01
"(2176, 561)",1,1.01
"(31, 2176)",1,1.01
"(1405, 101)",1,1.01
"(88, 1405)",1,1.01
"(158, 106)",1,1.01
"(1299, 74)",1,1.01
"(263, 1299)",1,1.01
"(2273, 191)",1,1.01
"(353, 303)",1,1.01
"(96, 106)",1,1.01
"(874, 96)",1,1.01
"(374, 1221)",1,1.01
"(28, 166)",1,1.01
"(163, 126)",1,1.01
"(831, 197)",1,1.01
"(2462, 831)",1,1.01
"(791, 597)",1,1.01
"(136, 791)",1,1.01
"(88, 2414)",1,1.01
"(127, 41)",1,1.01
"(111, 261)",1,1.01
"(401, 447)",1,1.01
"(354, 2259)",1,1.01
"(72, 485)",1,1.01
"(503, 339)",1,1.01
"(184, 503)",1,1.01
"(2828, 2366)",1,1.01
"(73, 328)",1,1.01
"(619, 73)",1,1.01
"(88, 619)",1,1.01
"(1771, 88)",1,1.01
"(2392, 1771)",1,1.01
"(147, 647)",1,1.01
"(1880, 147)",1,1.01
"(447, 116)",1,1.01
"(88, 401)",1,1.01
"(1180, 1739)",1,1.01
"(1403, 101)",1,1.01
"(376, 1403)",1,1.01
"(184, 54)",1,1.01
"(470, 34)",1,1.01
"(166, 491)",1,1.01
"(2455, 166)",1,1.01
"(172, 292)",1,1.01
"(470, 826)",1,1.01
"(72, 55)",1,1.01
"(1638, 191)",1,1.01
"(88, 1638)",1,1.01
"(840, 96)",1,1.01
"(255, 840)",1,1.01
"(2259, 117)",1,1.01
"(1127, 2966)",1,1.01
"(144, 1309)",1,1.01
"(1309, 343)",1,1.01
"(296, 161)",1,1.01
"(218, 2134)",1,1.01
"(507, 142)",1,1.01
"(130, 112)",1,1.01
"(1499, 130)",1,1.01
"(575, 1499)",1,1.01
"(219, 271)",1,1.01
"(93, 1859)",1,1.01
"(88, 2038)",1,1.01
"(643, 258)",1,1.01
"(2451, 345)",1,1.01
"(489, 2451)",1,1.01
"(1007, 258)",1,1.01
"(114, 1007)",1,1.01
"(2641, 263)",1,1.01
"(1933, 2285)",1,1.01
"(517, 98)",1,1.01
"(1204, 517)",1,1.01
"(2544, 160)",1,1.01
"(296, 292)",1,1.01
"(161, 630)",1,1.01
"(358, 161)",1,1.01
"(111, 358)",1,1.01
"(1286, 372)",1,1.01
"(116, 1286)",1,1.01
"(2788, 191)",1,1.01
"(343, 2788)",1,1.01
"(2576, 1554)",1,1.01
"(1554, 2376)",1,1.01
"(2376, 2032)",1,1.01
"(680, 9)",1,1.01
"(198, 128)",1,1.01
"(979, 142)",1,1.01
"(126, 979)",1,1.01
"(1663, 88)",1,1.01
"(1035, 1663)",1,1.01
"(2147, 1035)",1,1.01
"(1928, 103)",1,1.01
"(196, 1928)",1,1.01
"(199, 65)",1,1.01
"(238, 199)",1,1.01
"(89, 1383)",1,1.01
"(839, 267)",1,1.01
"(245, 1548)",1,1.01
"(347, 717)",1,1.01
"(2032, 819)",1,1.01
"(858, 347)",1,1.01
"(93, 858)",1,1.01
"(524, 93)",1,1.01
"(724, 524)",1,1.01
"(858, 91)",1,1.01
"(9, 858)",1,1.01
"(354, 2194)",1,1.01
"(1380, 354)",1,1.01
"(188, 1380)",1,1.01
"(1967, 104)",1,1.01
"(133, 102)",1,1.01
"(1317, 123)",1,1.01
"(213, 1317)",1,1.01
"(340, 151)",1,1.01
"(658, 2646)",1,1.01
"(73, 104)",1,1.01
"(104, 72)",1,1.01
"(1408, 104)",1,1.01
"(476, 1408)",1,1.01
"(728, 109)",1,1.01
"(113, 728)",1,1.01
"(114, 2059)",1,1.01
"(636, 547)",1,1.01
"(1352, 636)",1,1.01
"(239, 963)",1,1.01
"(714, 239)",1,1.01
"(166, 714)",1,1.01
"(468, 953)",1,1.01
"(2104, 468)",1,1.01
"(54, 1607)",1,1.01
"(678, 113)",1,1.01
"(714, 109)",1,1.01
"(2385, 25)",1,1.01
"(1751, 390)",1,1.01
"(2999, 191)",1,1.01
"(2696, 2398)",1,1.01
"(88, 2696)",1,1.01
"(2194, 88)",1,1.01
"(201, 519)",1,1.01
"(2149, 201)",1,1.01
"(368, 25)",1,1.01
"(942, 368)",1,1.01
"(258, 942)",1,1.01
"(145, 238)",1,1.01
"(1663, 191)",1,1.01
"(1284, 1663)",1,1.01
"(1721, 54)",1,1.01
"(90, 2285)",1,1.01
"(594, 88)",1,1.01
"(88, 117)",1,1.01
"(2626, 161)",1,1.01
"(127, 2626)",1,1.01
"(432, 1084)",1,1.01
"(381, 109)",1,1.01
"(374, 381)",1,1.01
"(2587, 89)",1,1.01
"(159, 2587)",1,1.01
"(383, 159)",1,1.01
"(668, 383)",1,1.01
"(93, 1780)",1,1.01
"(1947, 93)",1,1.01
"(305, 1947)",1,1.01
"(402, 740)",1,1.01
"(57, 402)",1,1.01
"(117, 399)",1,1.01
"(1688, 183)",1,1.01
"(237, 642)",1,1.01
"(953, 237)",1,1.01
"(160, 953)",1,1.01
"(182, 2525)",1,1.01
"(641, 169)",1,1.01
"(204, 641)",1,1.01
"(1143, 258)",1,1.01
"(315, 530)",1,1.01
"(819, 96)",1,1.01
"(382, 2935)",1,1.01
"(2285, 497)",1,1.01
"(9, 696)",1,1.01
"(497, 383)",1,1.01
"(2835, 9)",1,1.01
"(114, 2835)",1,1.01
"(942, 114)",1,1.01
"(1075, 942)",1,1.01
"(68, 1075)",1,1.01
"(102, 68)",1,1.01
"(799, 102)",1,1.01
"(117, 529)",1,1.01
"(2024, 25)",1,1.01
"(942, 2024)",1,1.01
"(238, 971)",1,1.01
"(646, 238)",1,1.01
"(218, 646)",1,1.01
"(858, 245)",1,1.01
"(163, 858)",1,1.01
"(437, 113)",1,1.01
"(581, 437)",1,1.01
"(181, 298)",1,1.01
"(1035, 181)",1,1.01
"(552, 1035)",1,1.01
"(483, 552)",1,1.01
"(1963, 88)",1,1.01
"(306, 944)",1,1.01
"(1733, 101)",1,1.01
"(290, 1733)",1,1.01
"(433, 1733)",1,1.01
"(383, 230)",1,1.01
"(142, 462)",1,1.01
"(97, 1021)",1,1.01
"(4, 98)",1,1.01
"(422, 559)",1,1.01
"(2079, 147)",1,1.01
"(6, 2079)",1,1.01
"(160, 426)",1,1.01
"(839, 371)",1,1.01
"(101, 412)",1,1.01
"(2801, 2144)",1,1.01
"(26, 2801)",1,1.01
"(1398, 11)",1,1.01
"(9, 1077)",1,1.01
"(117, 170)",1,1.01
"(2338, 11)",1,1.01
"(167, 2338)",1,1.01
"(111, 167)",1,1.01
"(109, 422)",1,1.01
"(9, 1221)",1,1.01
"(348, 506)",1,1.01
"(844, 464)",1,1.01
"(1766, 136)",1,1.01
"(126, 3)",1,1.01
"(1515, 142)",1,1.01
"(7, 1515)",1,1.01
"(112, 421)",1,1.01
"(375, 112)",1,1.01
"(383, 375)",1,1.01
"(453, 258)",1,1.01
"(1824, 453)",1,1.01
"(1187, 88)",1,1.01
"(1503, 323)",1,1.01
"(3, 155)",1,1.01
"(190, 2477)",1,1.01
"(2477, 656)",1,1.01
"(656, 54)",1,1.01
"(836, 724)",1,1.01
"(54, 836)",1,1.01
"(830, 2705)",1,1.01
"(99, 66)",1,1.01
"(65, 89)",1,1.01
"(2649, 88)",1,1.01
"(2477, 2649)",1,1.01
"(234, 2477)",1,1.01
"(234, 3)",1,1.01
"(6, 1876)",1,1.01
"(2144, 2508)",1,1.01
"(2801, 117)",1,1.01
"(268, 1949)",1,1.01
"(254, 214)",1,1.01
"(268, 646)",1,1.01
"(392, 1563)",1,1.01
"(101, 392)",1,1.01
"(204, 65)",1,1.01
"(2871, 11)",1,1.01
"(992, 2871)",1,1.01
"(2168, 123)",1,1.01
"(153, 2168)",1,1.01
"(2696, 153)",1,1.01
"(2144, 11)",1,1.01
"(72, 1159)",1,1.01
"(922, 1502)",1,1.01
"(714, 922)",1,1.01
"(9, 1503)",1,1.01
"(9, 2556)",1,1.01
"(103, 1232)",1,1.01
"(414, 89)",1,1.01
"(239, 55)",1,1.01
"(383, 2084)",1,1.01
"(99, 383)",1,1.01
"(1822, 99)",1,1.01
"(1890, 1822)",1,1.01
"(9, 1890)",1,1.01
"(1307, 9)",1,1.01
"(87, 1300)",1,1.01
"(876, 170)",1,1.01
"(746, 271)",1,1.01
"(687, 667)",1,1.01
"(200, 687)",1,1.01
"(55, 200)",1,1.01
"(1398, 93)",1,1.01
"(3, 420)",1,1.01
"(1294, 3)",1,1.01
"(408, 117)",1,1.01
"(135, 260)",1,1.01
"(90, 537)",1,1.01
"(76, 524)",1,1.01
"(2753, 93)",1,1.01
"(9, 2753)",1,1.01
"(462, 203)",1,1.01
"(2477, 122)",1,1.01
"(115, 2477)",1,1.01
"(127, 837)",1,1.01
"(1748, 127)",1,1.01
"(622, 1391)",1,1.01
"(1766, 826)",1,1.01
"(9, 2387)",1,1.01
"(826, 171)",1,1.01
"(1789, 203)",1,1.01
"(191, 1789)",1,1.01
"(300, 76)",1,1.01
"(596, 171)",1,1.01
"(581, 144)",1,1.01
"(88, 955)",1,1.01
"(601, 91)",1,1.01
"(63, 104)",1,1.01
"(971, 398)",1,1.01
"(601, 231)",1,1.01
"(290, 292)",1,1.01
"(577, 404)",1,1.01
"(715, 577)",1,1.01
"(288, 715)",1,1.01
"(114, 288)",1,1.01
"(171, 1357)",1,1.01
"(552, 171)",1,1.01
"(431, 552)",1,1.01
"(3, 431)",1,1.01
"(61, 3)",1,1.01
"(436, 290)",1,1.01
"(153, 2766)",1,1.01
"(609, 98)",1,1.01
"(101, 91)",1,1.01
"(1823, 101)",1,1.01
"(72, 1823)",1,1.01
"(171, 293)",1,1.01
"(2542, 9)",1,1.01
"(922, 258)",1,1.01
"(199, 4)",1,1.01
"(1515, 31)",1,1.01
"(378, 1018)",1,1.01
"(1678, 378)",1,1.01
"(1683, 1678)",1,1.01
"(88, 1683)",1,1.01
"(441, 88)",1,1.01
"(57, 44)",1,1.01
"(6, 526)",1,1.01
"(147, 6)",1,1.01
"(363, 261)",1,1.01
"(89, 131)",1,1.01
"(544, 6)",1,1.01
"(58, 105)",1,1.01
"(31, 58)",1,1.01
"(2167, 1515)",1,1.01
"(2016, 89)",1,1.01
"(551, 2167)",1,1.01
"(201, 551)",1,1.01
"(6, 336)",1,1.01
"(60, 6)",1,1.01
"(734, 60)",1,1.01
"(1556, 734)",1,1.01
"(2144, 9)",1,1.01
"(335, 2144)",1,1.01
"(749, 405)",1,1.01
"(111, 98)",1,1.01
"(390, 1422)",1,1.01
"(630, 390)",1,1.01
"(371, 258)",1,1.01
"(1018, 171)",1,1.01
"(2452, 396)",1,1.01
"(127, 1933)",1,1.01
"(1933, 468)",1,1.01
"(72, 731)",1,1.01
"(2763, 6)",1,1.01
"(88, 4)",1,1.01
"(68, 1084)",1,1.01
"(334, 89)",1,1.01
"(1746, 334)",1,1.01
"(135, 2737)",1,1.01
"(1535, 292)",1,1.01
"(240, 1535)",1,1.01
"(1184, 258)",1,1.01
"(1745, 492)",1,1.01
"(34, 1745)",1,1.01
"(1183, 431)",1,1.01
"(141, 395)",1,1.01
"(1082, 446)",1,1.01
"(988, 1082)",1,1.01
"(2197, 102)",1,1.01
"(839, 2197)",1,1.01
"(1028, 839)",1,1.01
"(1941, 2918)",1,1.01
"(9, 1525)",1,1.01
"(214, 444)",1,1.01
"(2651, 126)",1,1.01
"(54, 2651)",1,1.01
"(54, 24)",1,1.01
"(2010, 315)",1,1.01
"(597, 142)",1,1.01
"(55, 371)",1,1.01
"(438, 93)",1,1.01
"(1452, 258)",1,1.01
"(2477, 117)",1,1.01
"(54, 2414)",1,1.01
"(1282, 88)",1,1.01
"(72, 1282)",1,1.01
"(119, 1489)",1,1.01
"(2815, 98)",1,1.01
"(349, 228)",1,1.01
"(126, 2190)",1,1.01
"(1577, 11)",1,1.01
"(139, 1577)",1,1.01
"(2516, 28)",1,1.01
"(77, 2516)",1,1.01
"(102, 40)",1,1.01
"(65, 102)",1,1.01
"(66, 33)",1,1.01
"(477, 110)",1,1.01
"(37, 477)",1,1.01
"(1018, 203)",1,1.01
"(189, 2725)",1,1.01
"(99, 355)",1,1.01
"(10, 1337)",1,1.01
"(141, 1275)",1,1.01
"(775, 117)",1,1.01
"(101, 163)",1,1.01
"(2292, 2703)",1,1.01
"(2467, 11)",1,1.01
"(800, 117)",1,1.01
"(234, 88)",1,1.01
"(211, 2477)",1,1.01
"(2801, 69)",1,1.01
"(1632, 96)",1,1.01
"(69, 110)",1,1.01
"(255, 831)",1,1.01
"(160, 1073)",1,1.01
"(813, 160)",1,1.01
"(106, 813)",1,1.01
"(1210, 106)",1,1.01
"(488, 1210)",1,1.01
"(1933, 117)",1,1.01
"(684, 101)",1,1.01
"(311, 684)",1,1.01
"(243, 311)",1,1.01
"(2889, 243)",1,1.01
"(823, 2889)",1,1.01
"(306, 56)",1,1.01
"(93, 41)",1,1.01
"(9, 2149)",1,1.01
"(2149, 88)",1,1.01
"(132, 38)",1,1.01
"(41, 132)",1,1.01
"(9, 41)",1,1.01
"(2144, 701)",1,1.01
"(102, 438)",1,1.01
"(203, 438)",1,1.01
"(1968, 88)",1,1.01
"(2018, 1968)",1,1.01
"(9, 2018)",1,1.01
"(1691, 77)",1,1.01
"(110, 1691)",1,1.01
"(104, 253)",1,1.01
"(167, 136)",1,1.01
"(690, 170)",1,1.01
"(313, 241)",1,1.01
"(2285, 1788)",1,1.01
"(172, 227)",1,1.01
"(1098, 9)",1,1.01
"(163, 159)",1,1.01
"(72, 1647)",1,1.01
"(1098, 93)",1,1.01
"(327, 188)",1,1.01
"(593, 159)",1,1.01
"(102, 1241)",1,1.01
"(2886, 380)",1,1.01
"(272, 2886)",1,1.01
"(377, 272)",1,1.01
"(34, 2030)",1,1.01
"(339, 313)",1,1.01
"(104, 254)",1,1.01
"(818, 339)",1,1.01
"(233, 350)",1,1.01
"(171, 233)",1,1.01
"(493, 341)",1,1.01
"(814, 90)",1,1.01
"(182, 97)",1,1.01
"(54, 2382)",1,1.01
"(108, 290)",1,1.01
"(2034, 906)",1,1.01
"(200, 290)",1,1.01
"(1801, 9)",1,1.01
"(390, 1801)",1,1.01
"(2770, 106)",1,1.01
"(927, 89)",1,1.01
"(2902, 290)",1,1.01
"(88, 788)",1,1.01
"(788, 101)",1,1.01
"(415, 473)",1,1.01
"(245, 34)",1,1.01
"(25, 378)",1,1.01
"(78, 290)",1,1.01
"(971, 111)",1,1.01
"(298, 971)",1,1.01
"(36, 298)",1,1.01
"(38, 427)",1,1.01
"(782, 38)",1,1.01
"(1610, 782)",1,1.01
"(29, 1610)",1,1.01
"(304, 29)",1,1.01
"(599, 304)",1,1.01
"(2671, 599)",1,1.01
"(300, 2671)",1,1.01
"(576, 101)",1,1.01
"(577, 127)",1,1.01
"(171, 577)",1,1.01
"(353, 136)",1,1.01
"(867, 34)",1,1.01
"(823, 867)",1,1.01
"(2742, 11)",1,1.01
"(576, 601)",1,1.01
"(1866, 134)",1,1.01
"(468, 1866)",1,1.01
"(188, 2075)",1,1.01
"(561, 715)",1,1.01
"(2317, 101)",1,1.01
"(2462, 346)",1,1.01
"(96, 995)",1,1.01
"(2512, 93)",1,1.01
"(135, 2060)",1,1.01
"(117, 416)",1,1.01
"(93, 1502)",1,1.01
"(1772, 93)",1,1.01
"(1033, 1772)",1,1.01
"(645, 102)",1,1.01
"(777, 673)",1,1.01
"(519, 130)",1,1.01
"(389, 519)",1,1.01
"(894, 389)",1,1.01
"(1385, 319)",1,1.01
"(2881, 166)",1,1.01
"(93, 2881)",1,1.01
"(1191, 278)",1,1.01
"(323, 101)",1,1.01
"(116, 1191)",1,1.01
"(2348, 116)",1,1.01
"(815, 2348)",1,1.01
"(1146, 815)",1,1.01
"(93, 1146)",1,1.01
"(72, 1788)",1,1.01
"(96, 492)",1,1.01
"(132, 578)",1,1.01
"(377, 758)",1,1.01
"(272, 377)",1,1.01
"(1204, 272)",1,1.01
"(113, 271)",1,1.01
"(2592, 323)",1,1.01
"(135, 267)",1,1.01
"(379, 1119)",1,1.01
"(876, 1912)",1,1.01
"(443, 103)",1,1.01
"(147, 858)",1,1.01
"(502, 147)",1,1.01
"(95, 502)",1,1.01
"(111, 622)",1,1.01
"(940, 111)",1,1.01
"(9, 940)",1,1.01
"(2045, 9)",1,1.01
"(1472, 813)",1,1.01
"(363, 1472)",1,1.01
"(72, 363)",1,1.01
"(132, 416)",1,1.01
"(1649, 132)",1,1.01
"(97, 251)",1,1.01
"(274, 98)",1,1.01
"(89, 1758)",1,1.01
"(2875, 622)",1,1.01
"(135, 2875)",1,1.01
"(96, 6)",1,1.01
"(2867, 183)",1,1.01
"(135, 2867)",1,1.01
"(97, 93)",1,1.01
"(845, 66)",1,1.01
"(107, 831)",1,1.01
"(433, 523)",1,1.01
"(430, 102)",1,1.01
"(1522, 254)",1,1.01
"(188, 2592)",1,1.01
"(2891, 155)",1,1.01
"(280, 2866)",1,1.01
"(2866, 309)",1,1.01
"(615, 89)",1,1.01
"(149, 558)",1,1.01
"(253, 487)",1,1.01
"(203, 253)",1,1.01
"(91, 150)",1,1.01
"(2367, 270)",1,1.01
"(293, 268)",1,1.01
"(468, 293)",1,1.01
"(274, 474)",1,1.01
"(372, 497)",1,1.01
"(1356, 350)",1,1.01
"(239, 1356)",1,1.01
"(1493, 239)",1,1.01
"(302, 1493)",1,1.01
"(846, 973)",1,1.01
"(958, 388)",1,1.01
"(1872, 421)",1,1.01
"(302, 2141)",1,1.01
"(538, 101)",1,1.01
"(73, 538)",1,1.01
"(831, 172)",1,1.01
"(518, 831)",1,1.01
"(600, 518)",1,1.01
"(961, 600)",1,1.01
"(106, 961)",1,1.01
"(691, 109)",1,1.01
"(1872, 69)",1,1.01
"(298, 200)",1,1.01
"(955, 298)",1,1.01
"(558, 315)",1,1.01
"(188, 1167)",1,1.01
"(130, 2531)",1,1.01
"(1293, 205)",1,1.01
"(117, 2750)",1,1.01
"(2868, 369)",1,1.01
"(1184, 184)",1,1.01
"(1132, 183)",1,1.01
"(252, 1132)",1,1.01
"(181, 113)",1,1.01
"(507, 454)",1,1.01
"(71, 507)",1,1.01
"(582, 350)",1,1.01
"(506, 582)",1,1.01
"(1043, 506)",1,1.01
"(414, 270)",1,1.01
"(672, 414)",1,1.01
"(6, 672)",1,1.01
"(89, 344)",1,1.01
"(2631, 89)",1,1.01
"(230, 2631)",1,1.01
"(281, 284)",1,1.01
"(493, 939)",1,1.01
"(794, 685)",1,1.01
"(1556, 794)",1,1.01
"(1814, 93)",1,1.01
"(1896, 1814)",1,1.01
"(10, 1896)",1,1.01
"(198, 350)",1,1.01
"(511, 188)",1,1.01
"(105, 511)",1,1.01
"(1586, 96)",1,1.01
"(88, 1586)",1,1.01
"(223, 1266)",1,1.01
"(1249, 442)",1,1.01
"(260, 78)",1,1.01
"(1970, 142)",1,1.01
"(372, 9)",1,1.01
"(134, 404)",1,1.01
"(2408, 9)",1,1.01
"(1912, 67)",1,1.01
"(101, 1912)",1,1.01
"(419, 102)",1,1.01
"(114, 419)",1,1.01
"(1653, 1249)",1,1.01
"(392, 1653)",1,1.01
"(104, 2318)",1,1.01
"(2029, 104)",1,1.01
"(179, 339)",1,1.01
"(319, 97)",1,1.01
"(423, 109)",1,1.01
"(583, 423)",1,1.01
"(93, 583)",1,1.01
"(1212, 135)",1,1.01
"(415, 270)",1,1.01
"(764, 11)",1,1.01
"(284, 764)",1,1.01
"(1998, 330)",1,1.01
"(1950, 2370)",1,1.01
"(112, 1950)",1,1.01
"(725, 112)",1,1.01
"(388, 725)",1,1.01
"(127, 1249)",1,1.01
"(226, 1550)",1,1.01
"(2431, 350)",1,1.01
"(582, 101)",1,1.01
"(1249, 127)",1,1.01
"(354, 1249)",1,1.01
"(1167, 354)",1,1.01
"(782, 9)",1,1.01
"(1845, 473)",1,1.01
"(109, 1845)",1,1.01
"(1513, 425)",1,1.01
"(284, 265)",1,1.01
"(135, 1810)",1,1.01
"(2046, 203)",1,1.01
"(74, 99)",1,1.01
"(93, 1319)",1,1.01
"(1316, 93)",1,1.01
"(109, 1653)",1,1.01
"(759, 197)",1,1.01
"(370, 6)",1,1.01
"(171, 426)",1,1.01
"(1093, 34)",1,1.01
"(330, 96)",1,1.01
"(34, 814)",1,1.01
"(1607, 201)",1,1.01
"(1743, 1607)",1,1.01
"(1301, 1743)",1,1.01
"(93, 1301)",1,1.01
"(380, 2658)",1,1.01
"(507, 380)",1,1.01
"(377, 1319)",1,1.01
"(132, 2592)",1,1.01
"(2203, 132)",1,1.01
"(93, 2203)",1,1.01
"(2150, 1478)",1,1.01
"(1466, 158)",1,1.01
"(73, 307)",1,1.01
"(2376, 73)",1,1.01
"(1733, 2376)",1,1.01
"(167, 1733)",1,1.01
"(1035, 9)",1,1.01
"(1551, 421)",1,1.01
"(1733, 33)",1,1.01
"(377, 1733)",1,1.01
"(1006, 25)",1,1.01
"(964, 421)",1,1.01
"(286, 942)",1,1.01
"(1478, 286)",1,1.01
"(360, 112)",1,1.01
"(166, 1142)",1,1.01
"(646, 155)",1,1.01
"(942, 502)",1,1.01
"(141, 1848)",1,1.01
"(1740, 225)",1,1.01
"(1503, 1740)",1,1.01
"(117, 130)",1,1.01
"(2179, 89)",1,1.01
"(587, 1197)",1,1.01
"(1197, 668)",1,1.01
"(89, 2023)",1,1.01
"(744, 171)",1,1.01
"(1063, 942)",1,1.01
"(1222, 93)",1,1.01
"(158, 134)",1,1.01
"(93, 270)",1,1.01
"(270, 1065)",1,1.01
"(1065, 2792)",1,1.01
"(201, 1041)",1,1.01
"(172, 1623)",1,1.01
"(307, 172)",1,1.01
"(111, 307)",1,1.01
"(513, 111)",1,1.01
"(31, 513)",1,1.01
"(945, 89)",1,1.01
"(804, 93)",1,1.01
"(169, 55)",1,1.01
"(297, 169)",1,1.01
"(511, 11)",1,1.01
"(198, 511)",1,1.01
"(640, 268)",1,1.01
"(136, 640)",1,1.01
"(1152, 191)",1,1.01
"(665, 986)",1,1.01
"(1283, 155)",1,1.01
"(165, 1283)",1,1.01
"(117, 165)",1,1.01
"(2806, 310)",1,1.01
"(377, 1939)",1,1.01
"(2645, 873)",1,1.01
"(1056, 103)",1,1.01
"(364, 1056)",1,1.01
"(306, 364)",1,1.01
"(1016, 113)",1,1.01
"(2792, 784)",1,1.01
"(117, 753)",1,1.01
"(1759, 34)",1,1.01
"(832, 1759)",1,1.01
"(2346, 93)",1,1.01
"(117, 254)",1,1.01
"(2769, 34)",1,1.01
"(25, 2769)",1,1.01
"(66, 25)",1,1.01
"(942, 174)",1,1.01
"(104, 942)",1,1.01
"(102, 925)",1,1.01
"(942, 310)",1,1.01
"(593, 142)",1,1.01
"(101, 529)",1,1.01
"(1529, 622)",1,1.01
"(620, 1194)",1,1.01
"(2367, 101)",1,1.01
"(129, 2367)",1,1.01
"(475, 129)",1,1.01
"(188, 475)",1,1.01
"(1417, 160)",1,1.01
"(1526, 25)",1,1.01
"(104, 1526)",1,1.01
"(1017, 104)",1,1.01
"(1035, 1017)",1,1.01
"(2799, 1035)",1,1.01
"(530, 68)",1,1.01
"(339, 530)",1,1.01
"(167, 339)",1,1.01
"(96, 2943)",1,1.01
"(377, 2396)",1,1.01
"(666, 177)",1,1.01
"(93, 1670)",1,1.01
"(420, 832)",1,1.01
"(1670, 2193)",1,1.01
"(879, 90)",1,1.01
"(559, 237)",1,1.01
"(182, 65)",1,1.01
"(99, 653)",1,1.01
"(1564, 389)",1,1.01
"(701, 1564)",1,1.01
"(331, 701)",1,1.01
"(88, 1146)",1,1.01
"(195, 267)",1,1.01
"(2168, 195)",1,1.01
"(103, 66)",1,1.01
"(1888, 1548)",1,1.01
"(9, 1888)",1,1.01
"(1733, 1300)",1,1.01
"(9, 548)",1,1.01
"(66, 113)",1,1.01
"(88, 2953)",1,1.01
"(1695, 254)",1,1.01
"(72, 640)",1,1.01
"(463, 113)",1,1.01
"(394, 138)",1,1.01
"(1460, 547)",1,1.01
"(828, 1460)",1,1.01
"(2224, 218)",1,1.01
"(255, 258)",1,1.01
"(862, 255)",1,1.01
"(10, 862)",1,1.01
"(1041, 166)",1,1.01
"(1142, 631)",1,1.01
"(2164, 93)",1,1.01
"(135, 75)",1,1.01
"(25, 460)",1,1.01
"(460, 201)",1,1.01
"(1001, 350)",1,1.01
"(171, 1001)",1,1.01
"(506, 171)",1,1.01
"(2005, 421)",1,1.01
"(282, 2005)",1,1.01
"(377, 282)",1,1.01
"(495, 132)",1,1.01
"(377, 622)",1,1.01
"(237, 377)",1,1.01
"(1099, 237)",1,1.01
"(126, 74)",1,1.01
"(464, 1848)",1,1.01
"(631, 350)",1,1.01
"(223, 112)",1,1.01
"(398, 25)",1,1.01
"(104, 444)",1,1.01
"(139, 274)",1,1.01
"(315, 94)",1,1.01
"(844, 315)",1,1.01
"(104, 844)",1,1.01
"(104, 1910)",1,1.01
"(1179, 9)",1,1.01
"(2488, 1179)",1,1.01
"(142, 2488)",1,1.01
"(2976, 142)",1,1.01
"(134, 118)",1,1.01
"(149, 138)",1,1.01
"(138, 341)",1,1.01
"(341, 719)",1,1.01
"(719, 6)",1,1.01
"(93, 2164)",1,1.01
"(609, 93)",1,1.01
"(1218, 609)",1,1.01
"(147, 1218)",1,1.01
"(1824, 9)",1,1.01
"(255, 942)",1,1.01
"(1409, 10)",1,1.01
"(132, 347)",1,1.01
"(475, 555)",1,1.01
"(58, 270)",1,1.01
"(37, 90)",1,1.01
"(78, 37)",1,1.01
"(805, 78)",1,1.01
"(90, 805)",1,1.01
"(14, 28)",1,1.01
"(17, 14)",1,1.01
"(9, 17)",1,1.01
"(659, 6)",1,1.01
"(75, 659)",1,1.01
"(38, 95)",1,1.01
"(93, 38)",1,1.01
"(1451, 93)",1,1.01
"(574, 1451)",1,1.01
"(96, 574)",1,1.01
"(989, 310)",1,1.01
"(64, 350)",1,1.01
"(72, 365)",1,1.01
"(25, 33)",1,1.01
"(1333, 350)",1,1.01
"(1300, 1333)",1,1.01
"(128, 9)",1,1.01
"(334, 187)",1,1.01
"(163, 334)",1,1.01
"(440, 820)",1,1.01
"(1172, 113)",1,1.01
"(867, 93)",1,1.01
"(303, 230)",1,1.01
"(183, 388)",1,1.01
"(213, 183)",1,1.01
"(213, 109)",1,1.01
"(240, 665)",1,1.01
"(149, 240)",1,1.01
"(2450, 339)",1,1.01
"(128, 1432)",1,1.01
"(132, 339)",1,1.01
"(1675, 132)",1,1.01
"(1062, 1675)",1,1.01
"(123, 1062)",1,1.01
"(797, 350)",1,1.01
"(748, 797)",1,1.01
"(797, 270)",1,1.01
"(132, 797)",1,1.01
"(128, 1408)",1,1.01
"(415, 128)",1,1.01
"(1408, 96)",1,1.01
"(409, 2738)",1,1.01
"(1279, 350)",1,1.01
"(184, 1733)",1,1.01
"(187, 237)",1,1.01
"(163, 96)",1,1.01
"(1001, 421)",1,1.01
"(183, 270)",1,1.01
"(134, 1309)",1,1.01
"(801, 11)",1,1.01
"(56, 69)",1,1.01
"(75, 1971)",1,1.01
"(554, 1085)",1,1.01
"(454, 145)",1,1.01
"(188, 2925)",1,1.01
"(118, 296)",1,1.01
"(594, 1002)",1,1.01
"(607, 59)",1,1.01
"(117, 437)",1,1.01
"(119, 62)",1,1.01
"(1640, 271)",1,1.01
"(426, 24)",1,1.01
"(225, 426)",1,1.01
"(167, 78)",1,1.01
"(60, 167)",1,1.01
"(136, 210)",1,1.01
"(114, 1960)",1,1.01
"(433, 451)",1,1.01
"(858, 271)",1,1.01
"(72, 858)",1,1.01
"(130, 225)",1,1.01
"(54, 1252)",1,1.01
"(377, 310)",1,1.01
"(346, 350)",1,1.01
"(441, 218)",1,1.01
"(156, 1748)",1,1.01
"(877, 1742)",1,1.01
"(115, 3)",1,1.01
"(1134, 171)",1,1.01
"(280, 2840)",1,1.01
"(241, 102)",1,1.01
"(626, 695)",1,1.01
"(2354, 626)",1,1.01
"(272, 2354)",1,1.01
"(184, 303)",1,1.01
"(371, 184)",1,1.01
"(922, 371)",1,1.01
"(637, 922)",1,1.01
"(636, 11)",1,1.01
"(1007, 636)",1,1.01
"(184, 1007)",1,1.01
"(310, 184)",1,1.01
"(2598, 1134)",1,1.01
"(25, 7)",1,1.01
"(26, 2598)",1,1.01
"(1641, 26)",1,1.01
"(234, 1641)",1,1.01
"(1593, 267)",1,1.01
"(647, 1874)",1,1.01
"(1172, 203)",1,1.01
"(998, 1172)",1,1.01
"(2046, 102)",1,1.01
"(273, 2046)",1,1.01
"(1389, 515)",1,1.01
"(99, 2130)",1,1.01
"(476, 2932)",1,1.01
"(2932, 6)",1,1.01
"(966, 54)",1,1.01
"(101, 380)",1,1.01
"(1001, 160)",1,1.01
"(2105, 760)",1,1.01
"(1444, 2024)",1,1.01
"(317, 1444)",1,1.01
"(101, 2133)",1,1.01
"(160, 371)",1,1.01
"(1564, 160)",1,1.01
"(223, 1793)",1,1.01
"(1728, 25)",1,1.01
"(241, 1728)",1,1.01
"(577, 1469)",1,1.01
"(966, 102)",1,1.01
"(1933, 2787)",1,1.01
"(806, 126)",1,1.01
"(282, 395)",1,1.01
"(2125, 191)",1,1.01
"(1007, 2125)",1,1.01
"(147, 1007)",1,1.01
"(1842, 147)",1,1.01
"(522, 203)",1,1.01
"(2101, 522)",1,1.01
"(304, 2101)",1,1.01
"(101, 2561)",1,1.01
"(2627, 2863)",1,1.01
"(857, 2627)",1,1.01
"(25, 356)",1,1.01
"(2133, 25)",1,1.01
"(750, 2133)",1,1.01
"(760, 93)",1,1.01
"(518, 102)",1,1.01
"(343, 25)",1,1.01
"(2625, 59)",1,1.01
"(1848, 103)",1,1.01
"(395, 267)",1,1.01
"(268, 395)",1,1.01
"(98, 372)",1,1.01
"(2005, 55)",1,1.01
"(226, 2005)",1,1.01
"(1779, 127)",1,1.01
"(228, 1779)",1,1.01
"(503, 91)",1,1.01
"(223, 503)",1,1.01
"(1198, 1063)",1,1.01
"(1443, 1198)",1,1.01
"(666, 229)",1,1.01
"(135, 666)",1,1.01
"(237, 1848)",1,1.01
"(144, 1001)",1,1.01
"(697, 135)",1,1.01
"(1593, 697)",1,1.01
"(2493, 581)",1,1.01
"(1746, 175)",1,1.01
"(101, 2234)",1,1.01
"(114, 2455)",1,1.01
"(2391, 547)",1,1.01
"(2251, 868)",1,1.01
"(141, 741)",1,1.01
"(144, 639)",1,1.01
"(153, 1896)",1,1.01
"(521, 153)",1,1.01
"(675, 304)",1,1.01
"(160, 2201)",1,1.01
"(2201, 57)",1,1.01
"(57, 306)",1,1.01
"(306, 73)",1,1.01
"(1669, 144)",1,1.01
"(102, 1669)",1,1.01
"(1384, 190)",1,1.01
"(93, 1384)",1,1.01
"(720, 366)",1,1.01
"(296, 977)",1,1.01
"(507, 296)",1,1.01
"(241, 1210)",1,1.01
"(637, 241)",1,1.01
"(102, 1953)",1,1.01
"(1007, 366)",1,1.01
"(422, 1007)",1,1.01
"(1809, 462)",1,1.01
"(127, 382)",1,1.01
"(706, 127)",1,1.01
"(1953, 127)",1,1.01
"(523, 96)",1,1.01
"(1245, 155)",1,1.01
"(127, 1245)",1,1.01
"(117, 1503)",1,1.01
"(1728, 9)",1,1.01
"(918, 1728)",1,1.01
"(1443, 1869)",1,1.01
"(142, 1443)",1,1.01
"(63, 144)",1,1.01
"(135, 2259)",1,1.01
"(73, 573)",1,1.01
"(2024, 117)",1,1.01
"(240, 1975)",1,1.01
"(1975, 77)",1,1.01
"(117, 103)",1,1.01
"(45, 2479)",1,1.01
"(40, 49)",1,1.01
"(39, 43)",1,1.01
"(33, 39)",1,1.01
"(40, 33)",1,1.01
"(35, 40)",1,1.01
"(29, 35)",1,1.01
"(127, 707)",1,1.01
"(252, 271)",1,1.01
"(1184, 1592)",1,1.01
"(117, 389)",1,1.01
"(1418, 11)",1,1.01
"(163, 1974)",1,1.01
"(2356, 2566)",1,1.01
"(1312, 462)",1,1.01
"(101, 2356)",1,1.01
"(88, 2530)",1,1.01
"(314, 365)",1,1.01
"(237, 2328)",1,1.01
"(857, 237)",1,1.01
"(54, 1855)",1,1.01
"(272, 25)",1,1.01
"(81, 460)",1,1.01
"(25, 81)",1,1.01
"(22, 14)",1,1.01
"(2784, 213)",1,1.01
"(349, 2784)",1,1.01
"(740, 310)",1,1.01
"(2479, 23)",1,1.01
"(6, 2015)",1,1.01
"(2015, 241)",1,1.01
"(241, 1231)",1,1.01
"(823, 1006)",1,1.01
"(2615, 9)",1,1.01
"(103, 2615)",1,1.01
"(135, 1290)",1,1.01
"(278, 142)",1,1.01
"(114, 348)",1,1.01
"(523, 114)",1,1.01
"(449, 462)",1,1.01
"(247, 103)",1,1.01
"(34, 1056)",1,1.01
"(302, 167)",1,1.01
"(1076, 302)",1,1.01
"(2620, 93)",1,1.01
"(302, 1306)",1,1.01
"(1227, 302)",1,1.01
"(374, 134)",1,1.01
"(451, 855)",1,1.01
"(3, 1874)",1,1.01
"(1468, 3)",1,1.01
"(3, 1468)",1,1.01
"(262, 3)",1,1.01
"(45, 9)",1,1.01
"(107, 1641)",1,1.01
"(7, 46)",1,1.01
"(14, 22)",1,1.01
"(2536, 113)",1,1.01
"(1231, 2536)",1,1.01
"(101, 103)",1,1.01
"(241, 470)",1,1.01
"(80, 2799)",1,1.01
"(292, 1228)",1,1.01
"(130, 2381)",1,1.01
"(203, 2593)",1,1.01
"(118, 203)",1,1.01
"(2325, 160)",1,1.01
"(93, 1010)",1,1.01
"(204, 145)",1,1.01
"(2125, 101)",1,1.01
"(88, 2125)",1,1.01
"(1471, 88)",1,1.01
"(102, 1471)",1,1.01
"(1791, 102)",1,1.01
"(307, 1791)",1,1.01
"(663, 307)",1,1.01
"(2305, 663)",1,1.01
"(10, 2305)",1,1.01
"(821, 78)",1,1.01
"(223, 821)",1,1.01
"(176, 89)",1,1.01
"(102, 444)",1,1.01
"(1663, 1057)",1,1.01
"(132, 1663)",1,1.01
"(156, 170)",1,1.01
"(1951, 234)",1,1.01
"(142, 128)",1,1.01
"(381, 237)",1,1.01
"(717, 381)",1,1.01
"(114, 717)",1,1.01
"(2381, 1650)",1,1.01
"(2504, 136)",1,1.01
"(11, 80)",1,1.01
"(102, 793)",1,1.01
"(848, 2784)",1,1.01
"(109, 167)",1,1.01
"(2492, 11)",1,1.01
"(1357, 2492)",1,1.01
"(2724, 1357)",1,1.01
"(406, 700)",1,1.01
"(2125, 117)",1,1.01
"(239, 2125)",1,1.01
"(519, 516)",1,1.01
"(141, 1644)",1,1.01
"(1641, 141)",1,1.01
"(15, 1363)",1,1.01
"(91, 517)",1,1.01
"(201, 2477)",1,1.01
"(517, 608)",1,1.01
"(114, 388)",1,1.01
"(8, 223)",1,1.01
"(2477, 8)",1,1.01
"(113, 2477)",1,1.01
"(3, 600)",1,1.01
"(135, 518)",1,1.01
"(1746, 142)",1,1.01
"(198, 170)",1,1.01
"(1564, 136)",1,1.01
"(487, 113)",1,1.01
"(1129, 11)",1,1.01
"(793, 1068)",1,1.01
"(683, 675)",1,1.01
"(93, 1828)",1,1.01
"(802, 93)",1,1.01
"(171, 548)",1,1.01
"(2283, 832)",1,1.01
"(88, 2283)",1,1.01
"(2945, 88)",1,1.01
"(695, 1357)",1,1.01
"(73, 695)",1,1.01
"(1618, 73)",1,1.01
"(98, 1618)",1,1.01
"(950, 113)",1,1.01
"(89, 950)",1,1.01
"(462, 89)",1,1.01
"(2749, 462)",1,1.01
"(241, 72)",1,1.01
"(548, 241)",1,1.01
"(277, 98)",1,1.01
"(88, 103)",1,1.01
"(117, 430)",1,1.01
"(114, 835)",1,1.01
"(1645, 102)",1,1.01
"(131, 695)",1,1.01
"(1424, 131)",1,1.01
"(102, 1424)",1,1.01
"(1204, 136)",1,1.01
"(1766, 160)",1,1.01
"(2321, 101)",1,1.01
"(93, 100)",1,1.01
"(1290, 93)",1,1.01
"(601, 1290)",1,1.01
"(944, 127)",1,1.01
"(10, 2515)",1,1.01
"(767, 93)",1,1.01
"(876, 556)",1,1.01
"(2119, 191)",1,1.01
"(112, 218)",1,1.01
"(97, 2455)",1,1.01
"(370, 11)",1,1.01
"(2749, 375)",1,1.01
"(88, 2749)",1,1.01
"(210, 88)",1,1.01
"(78, 210)",1,1.01
"(127, 61)",1,1.01
"(976, 102)",1,1.01
"(1033, 976)",1,1.01
"(226, 1033)",1,1.01
"(1760, 348)",1,1.01
"(1562, 1760)",1,1.01
"(866, 1562)",1,1.01
"(98, 866)",1,1.01
"(90, 2174)",1,1.01
"(258, 98)",1,1.01
"(114, 554)",1,1.01
"(2467, 1500)",1,1.01
"(2910, 258)",1,1.01
"(97, 2910)",1,1.01
"(2725, 97)",1,1.01
"(39, 2725)",1,1.01
"(1428, 1035)",1,1.01
"(2323, 1428)",1,1.01
"(241, 2323)",1,1.01
"(2102, 241)",1,1.01
"(643, 88)",1,1.01
"(155, 561)",1,1.01
"(241, 155)",1,1.01
"(577, 237)",1,1.01
"(640, 237)",1,1.01
"(597, 640)",1,1.01
"(9, 597)",1,1.01
"(1135, 677)",1,1.01
"(97, 2253)",1,1.01
"(306, 987)",1,1.01
"(1753, 35)",1,1.01
"(102, 1753)",1,1.01
"(108, 102)",1,1.01
"(218, 716)",1,1.01
"(1398, 286)",1,1.01
"(57, 1398)",1,1.01
"(1033, 314)",1,1.01
"(89, 1033)",1,1.01
"(240, 2177)",1,1.01
"(486, 142)",1,1.01
"(2201, 486)",1,1.01
"(519, 2201)",1,1.01
"(2836, 519)",1,1.01
"(423, 2836)",1,1.01
"(234, 423)",1,1.01
"(44, 234)",1,1.01
"(129, 210)",1,1.01
"(114, 666)",1,1.01
"(2521, 237)",1,1.01
"(117, 578)",1,1.01
"(241, 1737)",1,1.01
"(1389, 96)",1,1.01
"(93, 2131)",1,1.01
"(122, 167)",1,1.01
"(2131, 89)",1,1.01
"(394, 122)",1,1.01
"(300, 312)",1,1.01
"(2735, 920)",1,1.01
"(876, 93)",1,1.01
"(953, 102)",1,1.01
"(406, 976)",1,1.01
"(1535, 2456)",1,1.01
"(171, 1535)",1,1.01
"(94, 272)",1,1.01
"(136, 94)",1,1.01
"(1584, 514)",1,1.01
"(145, 733)",1,1.01
"(404, 87)",1,1.01
"(290, 489)",1,1.01
"(283, 346)",1,1.01
"(2667, 93)",1,1.01
"(2455, 840)",1,1.01
"(223, 2455)",1,1.01
"(1842, 867)",1,1.01
"(509, 2089)",1,1.01
"(136, 509)",1,1.01
"(2136, 289)",1,1.01
"(239, 2136)",1,1.01
"(164, 239)",1,1.01
"(576, 164)",1,1.01
"(127, 143)",1,1.01
"(1737, 101)",1,1.01
"(218, 323)",1,1.01
"(740, 193)",1,1.01
"(101, 802)",1,1.01
"(133, 1828)",1,1.01
"(639, 142)",1,1.01
"(142, 91)",1,1.01
"(78, 55)",1,1.01
"(400, 78)",1,1.01
"(27, 400)",1,1.01
"(1348, 2024)",1,1.01
"(410, 98)",1,1.01
"(2088, 101)",1,1.01
"(129, 35)",1,1.01
"(107, 176)",1,1.01
"(1684, 107)",1,1.01
"(88, 1684)",1,1.01
"(1828, 89)",1,1.01
"(906, 133)",1,1.01
"(193, 666)",1,1.01
"(188, 352)",1,1.01
"(2005, 800)",1,1.01
"(34, 231)",1,1.01
"(250, 34)",1,1.01
"(38, 250)",1,1.01
"(6, 38)",1,1.01
"(605, 8)",1,1.01
"(7, 1505)",1,1.01
"(30, 7)",1,1.01
"(1311, 37)",1,1.01
"(38, 1311)",1,1.01
"(38, 38)",1,1.01
"(46, 38)",1,1.01
"(1178, 183)",1,1.01
"(183, 267)",1,1.01
"(267, 2005)",1,1.01
"(2005, 1006)",1,1.01
"(2135, 9)",1,1.01
"(135, 2135)",1,1.01
"(89, 1167)",1,1.01
"(93, 2185)",1,1.01
"(830, 93)",1,1.01
"(97, 220)",1,1.01
"(454, 916)",1,1.01
"(240, 1927)",1,1.01
"(1334, 2163)",1,1.01
"(1826, 197)",1,1.01
"(102, 1826)",1,1.01
"(422, 102)",1,1.01
"(840, 422)",1,1.01
"(848, 96)",1,1.01
"(2815, 11)",1,1.01
"(88, 1637)",1,1.01
"(802, 101)",1,1.01
"(88, 802)",1,1.01
"(239, 316)",1,1.01
"(67, 74)",1,1.01
"(625, 67)",1,1.01
"(89, 868)",1,1.01
"(2468, 548)",1,1.01
"(298, 2468)",1,1.01
"(1593, 117)",1,1.01
"(1583, 1678)",1,1.01
"(11, 2941)",1,1.01
"(44, 46)",1,1.01
"(1575, 44)",1,1.01
"(640, 1678)",1,1.01
"(102, 531)",1,1.01
"(78, 834)",1,1.01
"(44, 78)",1,1.01
"(149, 2351)",1,1.01
"(1186, 149)",1,1.01
"(102, 1186)",1,1.01
"(579, 2443)",1,1.01
"(1286, 24)",1,1.01
"(1557, 99)",1,1.01
"(129, 1557)",1,1.01
"(54, 46)",1,1.01
"(1707, 237)",1,1.01
"(822, 93)",1,1.01
"(230, 219)",1,1.01
"(252, 230)",1,1.01
"(2921, 252)",1,1.01
"(268, 2715)",1,1.01
"(382, 558)",1,1.01
"(385, 96)",1,1.01
"(1564, 385)",1,1.01
"(2615, 237)",1,1.01
"(343, 2615)",1,1.01
"(406, 1954)",1,1.01
"(2232, 155)",1,1.01
"(257, 309)",1,1.01
"(1055, 306)",1,1.01
"(1599, 54)",1,1.01
"(129, 1599)",1,1.01
"(834, 102)",1,1.01
"(101, 316)",1,1.01
"(172, 704)",1,1.01
"(1728, 136)",1,1.01
"(436, 635)",1,1.01
"(6, 436)",1,1.01
"(1559, 93)",1,1.01
"(138, 114)",1,1.01
"(309, 181)",1,1.01
"(268, 147)",1,1.01
"(147, 2131)",1,1.01
"(2131, 144)",1,1.01
"(434, 129)",1,1.01
"(462, 32)",1,1.01
"(289, 9)",1,1.01
"(819, 2755)",1,1.01
"(2112, 127)",1,1.01
"(128, 334)",1,1.01
"(1245, 313)",1,1.01
"(66, 104)",1,1.01
"(1224, 90)",1,1.01
"(759, 1224)",1,1.01
"(1593, 759)",1,1.01
"(11, 1874)",1,1.01
"(124, 9)",1,1.01
"(104, 283)",1,1.01
"(1470, 34)",1,1.01
"(227, 1874)",1,1.01
"(315, 2470)",1,1.01
"(2443, 203)",1,1.01
"(268, 2443)",1,1.01
"(1006, 552)",1,1.01
"(98, 6)",1,1.01
"(6, 67)",1,1.01
"(1443, 2387)",1,1.01
"(1106, 1286)",1,1.01
"(300, 2402)",1,1.01
"(1337, 103)",1,1.01
"(201, 1337)",1,1.01
"(904, 1889)",1,1.01
"(190, 1221)",1,1.01
"(2067, 101)",1,1.01
"(10, 1020)",1,1.01
"(2086, 97)",1,1.01
"(596, 135)",1,1.01
"(640, 166)",1,1.01
"(452, 98)",1,1.01
"(2387, 645)",1,1.01
"(312, 99)",1,1.01
"(88, 2517)",1,1.01
"(268, 403)",1,1.01
"(483, 181)",1,1.01
"(306, 127)",1,1.01
"(149, 322)",1,1.01
"(349, 149)",1,1.01
"(54, 2593)",1,1.01
"(682, 290)",1,1.01
"(1180, 107)",1,1.01
"(88, 2593)",1,1.01
"(874, 127)",1,1.01
"(994, 1678)",1,1.01
"(782, 54)",1,1.01
"(6, 27)",1,1.01
"(1286, 977)",1,1.01
"(2864, 89)",1,1.01
"(72, 1152)",1,1.01
"(860, 807)",1,1.01
"(907, 93)",1,1.01
"(1020, 203)",1,1.01
"(651, 1020)",1,1.01
"(1078, 93)",1,1.01
"(406, 1078)",1,1.01
"(626, 807)",1,1.01
"(741, 626)",1,1.01
"(103, 916)",1,1.01
"(1880, 103)",1,1.01
"(2477, 89)",1,1.01
"(2009, 2477)",1,1.01
"(2009, 9)",1,1.01
"(2479, 2933)",1,1.01
"(6, 1237)",1,1.01
"(273, 118)",1,1.01
"(987, 93)",1,1.01
"(304, 1387)",1,1.01
"(97, 962)",1,1.01
"(2046, 97)",1,1.01
"(839, 254)",1,1.01
"(58, 839)",1,1.01
"(1956, 65)",1,1.01
"(1478, 388)",1,1.01
"(416, 1478)",1,1.01
"(1840, 313)",1,1.01
"(930, 89)",1,1.01
"(136, 61)",1,1.01
"(2371, 8)",1,1.01
"(7, 2371)",1,1.01
"(499, 127)",1,1.01
"(916, 23)",1,1.01
"(119, 573)",1,1.01
"(312, 74)",1,1.01
"(268, 312)",1,1.01
"(313, 268)",1,1.01
"(2748, 191)",1,1.01
"(258, 2748)",1,1.01
"(1227, 147)",1,1.01
"(116, 1227)",1,1.01
"(88, 1892)",1,1.01
"(1229, 2007)",1,1.01
"(170, 1405)",1,1.01
"(2784, 93)",1,1.01
"(41, 366)",1,1.01
"(144, 1490)",1,1.01
"(451, 1793)",1,1.01
"(1443, 325)",1,1.01
"(302, 1443)",1,1.01
"(102, 1056)",1,1.01
"(29, 40)",1,1.01
"(939, 1678)",1,1.01
"(56, 939)",1,1.01
"(1563, 348)",1,1.01
"(303, 1563)",1,1.01
"(268, 422)",1,1.01
"(639, 547)",1,1.01
"(54, 2007)",1,1.01
"(874, 106)",1,1.01
"(2933, 29)",1,1.01
"(6, 856)",1,1.01
"(252, 126)",1,1.01
"(208, 2932)",1,1.01
"(6, 433)",1,1.01
"(129, 1678)",1,1.01
"(6, 46)",1,1.01
"(1469, 25)",1,1.01
"(233, 1469)",1,1.01
"(409, 252)",1,1.01
"(1101, 1678)",1,1.01
"(751, 172)",1,1.01
"(213, 1974)",1,1.01
"(1808, 213)",1,1.01
"(476, 1808)",1,1.01
"(252, 1974)",1,1.01
"(203, 784)",1,1.01
"(1245, 203)",1,1.01
"(651, 1245)",1,1.01
"(127, 651)",1,1.01
"(2025, 205)",1,1.01
"(188, 2025)",1,1.01
"(134, 203)",1,1.01
"(342, 102)",1,1.01
"(263, 231)",1,1.01
"(2189, 54)",1,1.01
"(263, 2189)",1,1.01
"(2285, 116)",1,1.01
"(127, 258)",1,1.01
"(8, 290)",1,1.01
"(1701, 8)",1,1.01
"(643, 1469)",1,1.01
"(2517, 669)",1,1.01
"(6, 1516)",1,1.01
"(65, 791)",1,1.01
"(1165, 44)",1,1.01
"(193, 282)",1,1.01
"(2520, 96)",1,1.01
"(261, 2520)",1,1.01
"(95, 261)",1,1.01
"(1656, 11)",1,1.01
"(54, 2390)",1,1.01
"(777, 98)",1,1.01
"(2341, 9)",1,1.01
"(9, 2341)",1,1.01
"(1067, 381)",1,1.01
"(144, 1067)",1,1.01
"(791, 144)",1,1.01
"(894, 600)",1,1.01
"(66, 267)",1,1.01
"(72, 894)",1,1.01
"(651, 1412)",1,1.01
"(1893, 88)",1,1.01
"(88, 1076)",1,1.01
"(283, 2106)",1,1.01
"(102, 394)",1,1.01
"(1917, 155)",1,1.01
"(416, 1917)",1,1.01
"(1729, 2389)",1,1.01
"(117, 869)",1,1.01
"(714, 219)",1,1.01
"(1566, 11)",1,1.01
"(2289, 102)",1,1.01
"(117, 2903)",1,1.01
"(103, 1106)",1,1.01
"(132, 147)",1,1.01
"(383, 530)",1,1.01
"(937, 1802)",1,1.01
"(1398, 937)",1,1.01
"(2440, 9)",1,1.01
"(109, 2440)",1,1.01
"(752, 109)",1,1.01
"(752, 93)",1,1.01
"(31, 752)",1,1.01
"(651, 102)",1,1.01
"(9, 2775)",1,1.01
"(239, 114)",1,1.01
"(127, 2087)",1,1.01
"(725, 2158)",1,1.01
"(618, 1847)",1,1.01
"(1893, 96)",1,1.01
"(160, 130)",1,1.01
"(132, 95)",1,1.01
"(775, 89)",1,1.01
"(120, 1165)",1,1.01
"(141, 2268)",1,1.01
"(2330, 88)",1,1.01
"(104, 359)",1,1.01
"(740, 1144)",1,1.01
"(119, 740)",1,1.01
"(295, 119)",1,1.01
"(2392, 93)",1,1.01
"(54, 647)",1,1.01
"(1234, 1656)",1,1.01
"(1729, 1076)",1,1.01
"(1152, 72)",1,1.01
"(43, 2668)",1,1.01
"(2914, 165)",1,1.01
"(98, 2748)",1,1.01
"(1464, 98)",1,1.01
"(98, 1464)",1,1.01
"(502, 98)",1,1.01
"(722, 179)",1,1.01
"(489, 722)",1,1.01
"(2809, 306)",1,1.01
"(117, 2809)",1,1.01
"(2464, 11)",1,1.01
"(95, 213)",1,1.01
"(120, 95)",1,1.01
"(62, 120)",1,1.01
"(1391, 62)",1,1.01
"(130, 1391)",1,1.01
"(1886, 2191)",1,1.01
"(78, 111)",1,1.01
"(183, 78)",1,1.01
"(1773, 183)",1,1.01
"(354, 1773)",1,1.01
"(2096, 1766)",1,1.01
"(2112, 2783)",1,1.01
"(1011, 2112)",1,1.01
"(177, 1011)",1,1.01
"(241, 714)",1,1.01
"(2665, 96)",1,1.01
"(1185, 46)",1,1.01
"(43, 28)",1,1.01
"(101, 2914)",1,1.01
"(72, 293)",1,1.01
"(464, 203)",1,1.01
"(9, 2852)",1,1.01
"(2028, 464)",1,1.01
"(457, 2028)",1,1.01
"(649, 457)",1,1.01
"(489, 943)",1,1.01
"(171, 2092)",1,1.01
"(1766, 290)",1,1.01
"(170, 173)",1,1.01
"(164, 170)",1,1.01
"(1367, 89)",1,1.01
"(2668, 1185)",1,1.01
"(2867, 600)",1,1.01
"(2330, 2867)",1,1.01
"(59, 2330)",1,1.01
"(288, 1020)",1,1.01
"(99, 288)",1,1.01
"(160, 322)",1,1.01
"(426, 190)",1,1.01
"(925, 276)",1,1.01
"(160, 925)",1,1.01
"(1984, 160)",1,1.01
"(72, 1984)",1,1.01
"(271, 2459)",1,1.01
"(318, 10)",1,1.01
"(208, 318)",1,1.01
"(340, 649)",1,1.01
"(1247, 810)",1,1.01
"(470, 1423)",1,1.01
"(1516, 874)",1,1.01
"(2135, 8)",1,1.01
"(10, 363)",1,1.01
"(129, 758)",1,1.01
"(1727, 11)",1,1.01
"(2201, 1727)",1,1.01
"(114, 2201)",1,1.01
"(1006, 213)",1,1.01
"(243, 328)",1,1.01
"(227, 131)",1,1.01
"(2724, 9)",1,1.01
"(388, 2724)",1,1.01
"(1032, 388)",1,1.01
"(1535, 462)",1,1.01
"(127, 1535)",1,1.01
"(2615, 190)",1,1.01
"(108, 1717)",1,1.01
"(107, 2001)",1,1.01
"(226, 2925)",1,1.01
"(127, 2592)",1,1.01
"(2932, 184)",1,1.01
"(1064, 2932)",1,1.01
"(488, 1064)",1,1.01
"(254, 1360)",1,1.01
"(1766, 2754)",1,1.01
"(1468, 88)",1,1.01
"(142, 1468)",1,1.01
"(369, 142)",1,1.01
"(97, 2907)",1,1.01
"(129, 107)",1,1.01
"(201, 2621)",1,1.01
"(2632, 201)",1,1.01
"(548, 102)",1,1.01
"(475, 2592)",1,1.01
"(1474, 203)",1,1.01
"(239, 2646)",1,1.01
"(106, 1941)",1,1.01
"(170, 133)",1,1.01
"(113, 170)",1,1.01
"(1117, 1266)",1,1.01
"(34, 289)",1,1.01
"(106, 34)",1,1.01
"(394, 109)",1,1.01
"(1331, 102)",1,1.01
"(268, 647)",1,1.01
"(521, 462)",1,1.01
"(1766, 127)",1,1.01
"(222, 241)",1,1.01
"(163, 617)",1,1.01
"(1628, 93)",1,1.01
"(2182, 1678)",1,1.01
"(101, 2182)",1,1.01
"(88, 852)",1,1.01
"(2524, 89)",1,1.01
"(129, 2524)",1,1.01
"(343, 994)",1,1.01
"(140, 226)",1,1.01
"(2838, 9)",1,1.01
"(130, 2838)",1,1.01
"(72, 346)",1,1.01
"(1107, 6)",1,1.01
"(127, 1107)",1,1.01
"(305, 346)",1,1.01
"(93, 2632)",1,1.01
"(2210, 1569)",1,1.01
"(404, 2210)",1,1.01
"(2809, 2250)",1,1.01
"(2477, 792)",1,1.01
"(161, 2477)",1,1.01
"(338, 197)",1,1.01
"(1079, 2477)",1,1.01
"(1361, 1079)",1,1.01
"(109, 2477)",1,1.01
"(6, 1203)",1,1.01
"(93, 2268)",1,1.01
"(650, 93)",1,1.01
"(1077, 72)",1,1.01
"(78, 1077)",1,1.01
"(237, 2407)",1,1.01
"(304, 237)",1,1.01
"(164, 258)",1,1.01
"(700, 164)",1,1.01
"(754, 349)",1,1.01
"(1766, 1848)",1,1.01
"(904, 118)",1,1.01
"(2620, 185)",1,1.01
"(106, 1571)",1,1.01
"(349, 1678)",1,1.01
"(343, 2670)",1,1.01
"(138, 343)",1,1.01
"(129, 272)",1,1.01
"(179, 286)",1,1.01
"(257, 2932)",1,1.01
"(363, 257)",1,1.01
"(88, 2809)",1,1.01
"(2651, 1265)",1,1.01
"(801, 9)",1,1.01
"(2834, 290)",1,1.01
"(1817, 145)",1,1.01
"(99, 90)",1,1.01
"(576, 99)",1,1.01
"(550, 191)",1,1.01
"(101, 943)",1,1.01
"(904, 2771)",1,1.01
"(2857, 1398)",1,1.01
"(88, 2857)",1,1.01
"(127, 868)",1,1.01
"(1962, 289)",1,1.01
"(2287, 584)",1,1.01
"(129, 231)",1,1.01
"(544, 160)",1,1.01
"(286, 55)",1,1.01
"(111, 2066)",1,1.01
"(1297, 111)",1,1.01
"(758, 1297)",1,1.01
"(26, 758)",1,1.01
"(2477, 26)",1,1.01
"(1902, 2477)",1,1.01
"(6, 31)",1,1.01
"(1341, 2477)",1,1.01
"(6, 28)",1,1.01
"(262, 2477)",1,1.01
"(147, 2268)",1,1.01
"(941, 142)",1,1.01
"(290, 412)",1,1.01
"(1941, 129)",1,1.01
"(454, 2431)",1,1.01
"(7, 2135)",1,1.01
"(1495, 2784)",1,1.01
"(309, 191)",1,1.01
"(2010, 2130)",1,1.01
"(93, 2010)",1,1.01
"(2784, 25)",1,1.01
"(519, 2784)",1,1.01
"(1187, 519)",1,1.01
"(142, 1187)",1,1.01
"(1556, 142)",1,1.01
"(511, 190)",1,1.01
"(2610, 511)",1,1.01
"(153, 2610)",1,1.01
"(2147, 153)",1,1.01
"(2784, 1096)",1,1.01
"(101, 1644)",1,1.01
"(98, 910)",1,1.01
"(639, 54)",1,1.01
"(166, 2007)",1,1.01
"(2915, 89)",1,1.01
"(394, 2915)",1,1.01
"(219, 394)",1,1.01
"(343, 175)",1,1.01
"(488, 89)",1,1.01
"(1052, 1678)",1,1.01
"(103, 1052)",1,1.01
"(725, 1290)",1,1.01
"(147, 725)",1,1.01
"(2909, 147)",1,1.01
"(639, 188)",1,1.01
"(89, 1387)",1,1.01
"(1387, 371)",1,1.01
"(371, 819)",1,1.01
"(819, 647)",1,1.01
"(40, 50)",1,1.01
"(128, 25)",1,1.01
"(184, 128)",1,1.01
"(6, 1517)",1,1.01
"(8, 6)",1,1.01
"(1678, 8)",1,1.01
"(476, 1678)",1,1.01
"(130, 1915)",1,1.01
"(163, 2273)",1,1.01
"(241, 163)",1,1.01
"(488, 486)",1,1.01
"(234, 571)",1,1.01
"(72, 2007)",1,1.01
"(50, 37)",1,1.01
"(904, 167)",1,1.01
"(1634, 109)",1,1.01
"(204, 1634)",1,1.01
"(25, 2926)",1,1.01
"(153, 25)",1,1.01
"(136, 153)",1,1.01
"(2273, 136)",1,1.01
"(28, 40)",1,1.01
"(359, 307)",1,1.01
"(160, 620)",1,1.01
"(141, 175)",1,1.01
"(259, 1641)",1,1.01
"(647, 161)",1,1.01
"(119, 129)",1,1.01
"(406, 494)",1,1.01
"(286, 406)",1,1.01
"(606, 2339)",1,1.01
"(54, 1333)",1,1.01
"(751, 54)",1,1.01
"(41, 50)",1,1.01
"(442, 1974)",1,1.01
"(98, 442)",1,1.01
"(508, 363)",1,1.01
"(658, 508)",1,1.01
"(333, 658)",1,1.01
"(2880, 2208)",1,1.01
"(1878, 945)",1,1.01
"(11, 1878)",1,1.01
"(2032, 280)",1,1.01
"(166, 827)",1,1.01
"(58, 166)",1,1.01
"(2801, 98)",1,1.01
"(50, 43)",1,1.01
"(1013, 127)",1,1.01
"(136, 2715)",1,1.01
"(2880, 1525)",1,1.01
"(921, 190)",1,1.01
"(9, 1974)",1,1.01
"(2200, 2253)",1,1.01
"(832, 1868)",1,1.01
"(772, 519)",1,1.01
"(129, 989)",1,1.01
"(181, 1015)",1,1.01
"(804, 11)",1,1.01
"(343, 310)",1,1.01
"(166, 56)",1,1.01
"(1019, 1227)",1,1.01
"(268, 73)",1,1.01
"(1118, 188)",1,1.01
"(227, 1118)",1,1.01
"(203, 2195)",1,1.01
"(1221, 203)",1,1.01
"(142, 1221)",1,1.01
"(1178, 142)",1,1.01
"(181, 2253)",1,1.01
"(286, 1641)",1,1.01
"(2477, 203)",1,1.01
"(794, 2477)",1,1.01
"(172, 794)",1,1.01
"(6, 2944)",1,1.01
"(9, 2203)",1,1.01
"(58, 304)",1,1.01
"(35, 58)",1,1.01
"(7, 35)",1,1.01
"(747, 1678)",1,1.01
"(1292, 745)",1,1.01
"(40, 41)",1,1.01
"(212, 99)",1,1.01
"(419, 212)",1,1.01
"(71, 419)",1,1.01
"(153, 71)",1,1.01
"(371, 292)",1,1.01
"(147, 237)",1,1.01
"(1964, 147)",1,1.01
"(167, 1964)",1,1.01
"(2341, 103)",1,1.01
"(904, 2341)",1,1.01
"(1286, 54)",1,1.01
"(224, 104)",1,1.01
"(1750, 201)",1,1.01
"(105, 1062)",1,1.01
"(2131, 1048)",1,1.01
"(201, 383)",1,1.01
"(127, 293)",1,1.01
"(2801, 2092)",1,1.01
"(88, 2801)",1,1.01
"(528, 353)",1,1.01
"(286, 116)",1,1.01
"(2617, 286)",1,1.01
"(383, 1761)",1,1.01
"(886, 95)",1,1.01
"(54, 886)",1,1.01
"(61, 96)",1,1.01
"(204, 2869)",1,1.01
"(247, 247)",1,1.01
"(300, 247)",1,1.01
"(607, 300)",1,1.01
"(1081, 539)",1,1.01
"(1193, 1532)",1,1.01
"(942, 109)",1,1.01
"(1631, 219)",1,1.01
"(2330, 93)",1,1.01
"(2616, 209)",1,1.01
"(107, 147)",1,1.01
"(1920, 89)",1,1.01
"(371, 1920)",1,1.01
"(922, 903)",1,1.01
"(431, 488)",1,1.01
"(166, 2544)",1,1.01
"(2544, 65)",1,1.01
"(164, 278)",1,1.01
"(433, 117)",1,1.01
"(2118, 25)",1,1.01
"(255, 2118)",1,1.01
"(745, 660)",1,1.01
"(2228, 745)",1,1.01
"(135, 41)",1,1.01
"(112, 135)",1,1.01
"(226, 1528)",1,1.01
"(1180, 89)",1,1.01
"(708, 127)",1,1.01
"(136, 708)",1,1.01
"(1184, 289)",1,1.01
"(1761, 89)",1,1.01
"(832, 1761)",1,1.01
"(768, 469)",1,1.01
"(107, 406)",1,1.01
"(2856, 667)",1,1.01
"(243, 2856)",1,1.01
"(34, 243)",1,1.01
"(1927, 11)",1,1.01
"(1163, 204)",1,1.01
"(620, 1136)",1,1.01
"(272, 620)",1,1.01
"(267, 272)",1,1.01
"(93, 579)",1,1.01
"(101, 2456)",1,1.01
"(278, 584)",1,1.01
"(297, 922)",1,1.01
"(813, 258)",1,1.01
"(1996, 258)",1,1.01
"(292, 1663)",1,1.01
"(116, 2715)",1,1.01
"(390, 1706)",1,1.01
"(961, 578)",1,1.01
"(166, 65)",1,1.01
"(2172, 738)",1,1.01
"(572, 2559)",1,1.01
"(209, 572)",1,1.01
"(1091, 116)",1,1.01
"(272, 1091)",1,1.01
"(738, 292)",1,1.01
"(353, 142)",1,1.01
"(743, 539)",1,1.01
"(1172, 166)",1,1.01
"(1120, 11)",1,1.01
"(392, 2265)",1,1.01
"(166, 1120)",1,1.01
"(1333, 114)",1,1.01
"(1663, 93)",1,1.01
"(93, 2533)",1,1.01
"(451, 142)",1,1.01
"(404, 451)",1,1.01
"(686, 404)",1,1.01
"(410, 429)",1,1.01
"(429, 1497)",1,1.01
"(172, 1677)",1,1.01
"(1497, 369)",1,1.01
"(141, 2680)",1,1.01
"(1245, 89)",1,1.01
"(2715, 579)",1,1.01
"(2899, 93)",1,1.01
"(493, 2172)",1,1.01
"(490, 524)",1,1.01
"(109, 470)",1,1.01
"(959, 147)",1,1.01
"(489, 673)",1,1.01
"(197, 296)",1,1.01
"(226, 884)",1,1.01
"(1304, 226)",1,1.01
"(727, 222)",1,1.01
"(166, 2876)",1,1.01
"(399, 98)",1,1.01
"(1920, 96)",1,1.01
"(1032, 1920)",1,1.01
"(470, 203)",1,1.01
"(141, 787)",1,1.01
"(2611, 127)",1,1.01
"(1753, 390)",1,1.01
"(135, 517)",1,1.01
"(376, 98)",1,1.01
"(98, 376)",1,1.01
"(380, 97)",1,1.01
"(1623, 380)",1,1.01
"(102, 1623)",1,1.01
"(1158, 1777)",1,1.01
"(136, 2156)",1,1.01
"(203, 493)",1,1.01
"(306, 1256)",1,1.01
"(166, 2423)",1,1.01
"(524, 166)",1,1.01
"(572, 462)",1,1.01
"(462, 289)",1,1.01
"(1422, 581)",1,1.01
"(628, 390)",1,1.01
"(1597, 1761)",1,1.01
"(166, 1597)",1,1.01
"(128, 790)",1,1.01
"(739, 102)",1,1.01
"(163, 739)",1,1.01
"(2450, 375)",1,1.01
"(54, 2450)",1,1.01
"(1417, 88)",1,1.01
"(69, 127)",1,1.01
"(239, 1218)",1,1.01
"(2400, 98)",1,1.01
"(98, 2400)",1,1.01
"(1560, 117)",1,1.01
"(203, 2982)",1,1.01
"(150, 1422)",1,1.01
"(2196, 188)",1,1.01
"(687, 1742)",1,1.01
"(66, 687)",1,1.01
"(77, 1289)",1,1.01
"(416, 160)",1,1.01
"(87, 523)",1,1.01
"(1287, 11)",1,1.01
"(1289, 459)",1,1.01
"(188, 1772)",1,1.01
"(1218, 188)",1,1.01
"(257, 1218)",1,1.01
"(600, 257)",1,1.01
"(204, 144)",1,1.01
"(1761, 425)",1,1.01
"(398, 286)",1,1.01
"(172, 1535)",1,1.01
"(364, 147)",1,1.01
"(866, 1677)",1,1.01
"(2629, 866)",1,1.01
"(101, 2629)",1,1.01
"(705, 54)",1,1.01
"(954, 705)",1,1.01
"(300, 954)",1,1.01
"(2064, 117)",1,1.01
"(78, 2064)",1,1.01
"(103, 319)",1,1.01
"(116, 287)",1,1.01
"(44, 116)",1,1.01
"(1668, 1758)",1,1.01
"(1918, 93)",1,1.01
"(96, 942)",1,1.01
"(802, 701)",1,1.01
"(379, 802)",1,1.01
"(166, 1154)",1,1.01
"(999, 313)",1,1.01
"(556, 625)",1,1.01
"(88, 1035)",1,1.01
"(2751, 93)",1,1.01
"(942, 1058)",1,1.01
"(116, 2683)",1,1.01
"(1294, 390)",1,1.01
"(94, 204)",1,1.01
"(2179, 94)",1,1.01
"(147, 2425)",1,1.01
"(339, 190)",1,1.01
"(828, 339)",1,1.01
"(89, 145)",1,1.01
"(804, 71)",1,1.01
"(272, 893)",1,1.01
"(554, 272)",1,1.01
"(181, 554)",1,1.01
"(1691, 58)",1,1.01
"(78, 1691)",1,1.01
"(91, 78)",1,1.01
"(164, 91)",1,1.01
"(44, 164)",1,1.01
"(1745, 89)",1,1.01
"(832, 243)",1,1.01
"(476, 832)",1,1.01
"(25, 476)",1,1.01
"(966, 25)",1,1.01
"(459, 295)",1,1.01
"(100, 313)",1,1.01
"(66, 1502)",1,1.01
"(2226, 93)",1,1.01
"(248, 2226)",1,1.01
"(54, 248)",1,1.01
"(241, 114)",1,1.01
"(213, 241)",1,1.01
"(318, 25)",1,1.01
"(96, 1574)",1,1.01
"(379, 1838)",1,1.01
"(300, 515)",1,1.01
"(99, 539)",1,1.01
"(9, 150)",1,1.01
"(93, 804)",1,1.01
"(71, 540)",1,1.01
"(2262, 1715)",1,1.01
"(540, 381)",1,1.01
"(204, 2262)",1,1.01
"(72, 426)",1,1.01
"(1032, 72)",1,1.01
"(1820, 369)",1,1.01
"(227, 1820)",1,1.01
"(136, 227)",1,1.01
"(194, 72)",1,1.01
"(204, 194)",1,1.01
"(132, 841)",1,1.01
"(802, 136)",1,1.01
"(832, 802)",1,1.01
"(1109, 832)",1,1.01
"(626, 101)",1,1.01
"(224, 88)",1,1.01
"(113, 289)",1,1.01
"(1014, 102)",1,1.01
"(521, 1014)",1,1.01
"(171, 258)",1,1.01
"(91, 171)",1,1.01
"(2104, 136)",1,1.01
"(171, 2104)",1,1.01
"(743, 907)",1,1.01
"(565, 233)",1,1.01
"(201, 565)",1,1.01
"(166, 284)",1,1.01
"(2104, 104)",1,1.01
"(9, 268)",1,1.01
"(1016, 1245)",1,1.01
"(136, 1016)",1,1.01
"(2680, 399)",1,1.01
"(399, 286)",1,1.01
"(108, 1069)",1,1.01
"(1109, 2593)",1,1.01
"(1221, 11)",1,1.01
"(427, 117)",1,1.01
"(284, 427)",1,1.01
"(1229, 284)",1,1.01
"(75, 1229)",1,1.01
"(805, 75)",1,1.01
"(88, 805)",1,1.01
"(168, 258)",1,1.01
"(784, 34)",1,1.01
"(286, 630)",1,1.01
"(1763, 98)",1,1.01
"(1418, 188)",1,1.01
"(481, 394)",1,1.01
"(224, 142)",1,1.01
"(343, 990)",1,1.01
"(90, 267)",1,1.01
"(1000, 90)",1,1.01
"(2849, 351)",1,1.01
"(117, 2849)",1,1.01
"(1800, 319)",1,1.01
"(254, 188)",1,1.01
"(119, 254)",1,1.01
"(430, 136)",1,1.01
"(876, 69)",1,1.01
"(104, 136)",1,1.01
"(951, 714)",1,1.01
"(91, 96)",1,1.01
"(1225, 784)",1,1.01
"(921, 109)",1,1.01
"(188, 1225)",1,1.01
"(69, 2851)",1,1.01
"(88, 1218)",1,1.01
"(111, 1423)",1,1.01
"(714, 96)",1,1.01
"(2698, 1483)",1,1.01
"(263, 2698)",1,1.01
"(903, 263)",1,1.01
"(135, 261)",1,1.01
"(834, 89)",1,1.01
"(1103, 138)",1,1.01
"(113, 1103)",1,1.01
"(1000, 113)",1,1.01
"(651, 1000)",1,1.01
"(111, 128)",1,1.01
"(213, 2916)",1,1.01
"(1584, 502)",1,1.01
"(725, 1584)",1,1.01
"(2039, 89)",1,1.01
"(69, 2039)",1,1.01
"(78, 69)",1,1.01
"(642, 61)",1,1.01
"(502, 1003)",1,1.01
"(343, 351)",1,1.01
"(231, 104)",1,1.01
"(950, 89)",1,1.01
"(147, 950)",1,1.01
"(454, 622)",1,1.01
"(102, 2737)",1,1.01
"(873, 155)",1,1.01
"(1917, 188)",1,1.01
"(127, 1654)",1,1.01
"(293, 2307)",1,1.01
"(331, 319)",1,1.01
"(1715, 331)",1,1.01
"(191, 1715)",1,1.01
"(853, 205)",1,1.01
"(1193, 853)",1,1.01
"(2854, 11)",1,1.01
"(398, 2854)",1,1.01
"(113, 425)",1,1.01
"(1673, 9)",1,1.01
"(248, 111)",1,1.01
"(2304, 71)",1,1.01
"(218, 2304)",1,1.01
"(113, 404)",1,1.01
"(65, 117)",1,1.01
"(688, 65)",1,1.01
"(2228, 688)",1,1.01
"(1213, 2228)",1,1.01
"(2568, 188)",1,1.01
"(276, 319)",1,1.01
"(510, 34)",1,1.01
"(1654, 2563)",1,1.01
"(117, 167)",1,1.01
"(642, 117)",1,1.01
"(802, 127)",1,1.01
"(102, 260)",1,1.01
"(1255, 102)",1,1.01
"(2307, 56)",1,1.01
"(979, 1194)",1,1.01
"(171, 188)",1,1.01
"(1194, 1148)",1,1.01
"(190, 1100)",1,1.01
"(130, 1218)",1,1.01
"(1608, 130)",1,1.01
"(153, 717)",1,1.01
"(1505, 153)",1,1.01
"(607, 1505)",1,1.01
"(1653, 188)",1,1.01
"(942, 1322)",1,1.01
"(95, 394)",1,1.01
"(872, 95)",1,1.01
"(160, 872)",1,1.01
"(873, 160)",1,1.01
"(725, 873)",1,1.01
"(1322, 109)",1,1.01
"(193, 872)",1,1.01
"(1906, 286)",1,1.01
"(426, 188)",1,1.01
"(268, 426)",1,1.01
"(873, 252)",1,1.01
"(78, 873)",1,1.01
"(300, 677)",1,1.01
"(186, 1698)",1,1.01
"(1106, 1799)",1,1.01
"(160, 1106)",1,1.01
"(1341, 160)",1,1.01
"(61, 1341)",1,1.01
"(147, 179)",1,1.01
"(2851, 481)",1,1.01
"(984, 2329)",1,1.01
"(133, 255)",1,1.01
"(136, 2141)",1,1.01
"(797, 227)",1,1.01
"(88, 2397)",1,1.01
"(342, 504)",1,1.01
"(1136, 54)",1,1.01
"(2397, 1418)",1,1.01
"(477, 101)",1,1.01
"(2088, 60)",1,1.01
"(823, 89)",1,1.01
"(1418, 1502)",1,1.01
"(57, 797)",1,1.01
"(1502, 290)",1,1.01
"(290, 519)",1,1.01
"(2141, 371)",1,1.01
"(625, 358)",1,1.01
"(1418, 109)",1,1.01
"(54, 625)",1,1.01
"(388, 271)",1,1.01
"(1807, 134)",1,1.01
"(144, 208)",1,1.01
"(71, 1950)",1,1.01
"(1950, 60)",1,1.01
"(188, 444)",1,1.01
"(1280, 89)",1,1.01
"(34, 717)",1,1.01
"(1477, 93)",1,1.01
"(304, 2688)",1,1.01
"(72, 304)",1,1.01
"(61, 117)",1,1.01
"(225, 1717)",1,1.01
"(1717, 172)",1,1.01
"(1845, 916)",1,1.01
"(160, 2741)",1,1.01
"(255, 1274)",1,1.01
"(620, 1567)",1,1.01
"(130, 620)",1,1.01
"(2199, 545)",1,1.01
"(147, 2199)",1,1.01
"(331, 1155)",1,1.01
"(353, 331)",1,1.01
"(438, 290)",1,1.01
"(87, 438)",1,1.01
"(2751, 11)",1,1.01
"(167, 2751)",1,1.01
"(558, 1706)",1,1.01
"(1817, 737)",1,1.01
"(117, 1817)",1,1.01
"(832, 2094)",1,1.01
"(792, 832)",1,1.01
"(1367, 88)",1,1.01
"(204, 2995)",1,1.01
"(415, 453)",1,1.01
"(579, 95)",1,1.01
"(88, 579)",1,1.01
"(2311, 172)",1,1.01
"(102, 2311)",1,1.01
"(240, 1590)",1,1.01
"(190, 2470)",1,1.01
"(1030, 203)",1,1.01
"(2741, 94)",1,1.01
"(490, 61)",1,1.01
"(302, 490)",1,1.01
"(1786, 810)",1,1.01
"(286, 258)",1,1.01
"(1073, 129)",1,1.01
"(104, 2106)",1,1.01
"(2028, 104)",1,1.01
"(658, 2028)",1,1.01
"(602, 658)",1,1.01
"(1807, 102)",1,1.01
"(117, 1807)",1,1.01
"(199, 98)",1,1.01
"(129, 1854)",1,1.01
"(117, 178)",1,1.01
"(88, 1438)",1,1.01
"(388, 34)",1,1.01
"(1348, 984)",1,1.01
"(439, 78)",1,1.01
"(29, 439)",1,1.01
"(370, 381)",1,1.01
"(774, 73)",1,1.01
"(240, 114)",1,1.01
"(377, 638)",1,1.01
"(93, 377)",1,1.01
"(313, 188)",1,1.01
"(1896, 313)",1,1.01
"(2589, 1896)",1,1.01
"(255, 2589)",1,1.01
"(1319, 10)",1,1.01
"(858, 2854)",1,1.01
"(109, 858)",1,1.01
"(2345, 102)",1,1.01
"(1329, 89)",1,1.01
"(399, 1339)",1,1.01
"(166, 2959)",1,1.01
"(528, 302)",1,1.01
"(302, 1255)",1,1.01
"(548, 302)",1,1.01
"(943, 350)",1,1.01
"(1101, 11)",1,1.01
"(142, 1101)",1,1.01
"(93, 1546)",1,1.01
"(2400, 1560)",1,1.01
"(93, 2400)",1,1.01
"(101, 487)",1,1.01
"(89, 810)",1,1.01
"(136, 363)",1,1.01
"(846, 663)",1,1.01
"(1443, 66)",1,1.01
"(204, 1443)",1,1.01
"(383, 539)",1,1.01
"(1444, 1710)",1,1.01
"(603, 1073)",1,1.01
"(1943, 113)",1,1.01
"(363, 1943)",1,1.01
"(160, 363)",1,1.01
"(626, 188)",1,1.01
"(71, 370)",1,1.01
"(556, 203)",1,1.01
"(848, 171)",1,1.01
"(811, 11)",1,1.01
"(2959, 1300)",1,1.01
"(603, 93)",1,1.01
"(282, 1546)",1,1.01
"(2361, 117)",1,1.01
"(508, 55)",1,1.01
"(343, 957)",1,1.01
"(179, 724)",1,1.01
"(406, 1001)",1,1.01
"(1849, 54)",1,1.01
"(291, 11)",1,1.01
"(88, 1965)",1,1.01
"(149, 288)",1,1.01
"(1065, 1513)",1,1.01
"(333, 350)",1,1.01
"(116, 333)",1,1.01
"(108, 220)",1,1.01
"(172, 108)",1,1.01
"(1785, 172)",1,1.01
"(960, 508)",1,1.01
"(211, 130)",1,1.01
"(108, 270)",1,1.01
"(1513, 1035)",1,1.01
"(1035, 117)",1,1.01
"(117, 3)",1,1.01
"(54, 1500)",1,1.01
"(1376, 258)",1,1.01
"(1827, 101)",1,1.01
"(54, 1827)",1,1.01
"(101, 399)",1,1.01
"(901, 101)",1,1.01
"(88, 1369)",1,1.01
"(1933, 127)",1,1.01
"(1152, 89)",1,1.01
"(957, 350)",1,1.01
"(9, 2788)",1,1.01
"(132, 664)",1,1.01
"(664, 9)",1,1.01
"(959, 2754)",1,1.01
"(102, 2174)",1,1.01
"(101, 61)",1,1.01
"(348, 352)",1,1.01
"(262, 348)",1,1.01
"(941, 65)",1,1.01
"(371, 412)",1,1.01
"(135, 371)",1,1.01
"(449, 135)",1,1.01
"(61, 304)",1,1.01
"(276, 166)",1,1.01
"(1231, 365)",1,1.01
"(493, 1231)",1,1.01
"(304, 161)",1,1.01
"(700, 1326)",1,1.01
"(161, 65)",1,1.01
"(2742, 93)",1,1.01
"(97, 128)",1,1.01
"(1032, 97)",1,1.01
"(2754, 350)",1,1.01
"(106, 2754)",1,1.01
"(539, 270)",1,1.01
"(1669, 539)",1,1.01
"(263, 1669)",1,1.01
"(747, 937)",1,1.01
"(1082, 245)",1,1.01
"(34, 1082)",1,1.01
"(130, 1152)",1,1.01
"(570, 188)",1,1.01
"(218, 1143)",1,1.01
"(153, 2003)",1,1.01
"(90, 1309)",1,1.01
"(97, 372)",1,1.01
"(984, 102)",1,1.01
"(574, 422)",1,1.01
"(483, 213)",1,1.01
"(172, 218)",1,1.01
"(759, 172)",1,1.01
"(2762, 977)",1,1.01
"(1032, 2762)",1,1.01
"(2664, 89)",1,1.01
"(195, 2664)",1,1.01
"(204, 745)",1,1.01
"(54, 1701)",1,1.01
"(795, 153)",1,1.01
"(445, 292)",1,1.01
"(136, 1167)",1,1.01
"(93, 292)",1,1.01
"(344, 1163)",1,1.01
"(1715, 258)",1,1.01
"(1452, 1715)",1,1.01
"(179, 2729)",1,1.01
"(141, 377)",1,1.01
"(371, 421)",1,1.01
"(166, 345)",1,1.01
"(144, 98)",1,1.01
"(286, 144)",1,1.01
"(1302, 552)",1,1.01
"(2666, 89)",1,1.01
"(1309, 93)",1,1.01
"(188, 868)",1,1.01
"(802, 24)",1,1.01
"(376, 802)",1,1.01
"(377, 445)",1,1.01
"(34, 377)",1,1.01
"(240, 397)",1,1.01
"(423, 240)",1,1.01
"(114, 1317)",1,1.01
"(297, 1458)",1,1.01
"(582, 431)",1,1.01
"(274, 270)",1,1.01
"(95, 274)",1,1.01
"(10, 316)",1,1.01
"(165, 10)",1,1.01
"(129, 165)",1,1.01
"(431, 130)",1,1.01
"(101, 3)",1,1.01
"(691, 34)",1,1.01
"(1713, 421)",1,1.01
"(268, 802)",1,1.01
"(1651, 72)",1,1.01
"(179, 1651)",1,1.01
"(988, 1168)",1,1.01
"(1568, 988)",1,1.01
"(1568, 34)",1,1.01
"(687, 190)",1,1.01
"(237, 125)",1,1.01
"(2338, 237)",1,1.01
"(109, 2338)",1,1.01
"(748, 376)",1,1.01
"(75, 92)",1,1.01
"(92, 126)",1,1.01
"(792, 132)",1,1.01
"(69, 383)",1,1.01
"(657, 893)",1,1.01
"(1913, 474)",1,1.01
"(1406, 9)",1,1.01
"(893, 24)",1,1.01
"(460, 96)",1,1.01
"(89, 492)",1,1.01
"(354, 1290)",1,1.01
"(24, 893)",1,1.01
"(1333, 2775)",1,1.01
"(1835, 93)",1,1.01
"(576, 72)",1,1.01
"(493, 2790)",1,1.01
"(160, 493)",1,1.01
"(497, 69)",1,1.01
"(2094, 204)",1,1.01
"(67, 642)",1,1.01
"(1963, 426)",1,1.01
"(854, 122)",1,1.01
"(116, 854)",1,1.01
"(499, 258)",1,1.01
"(2818, 499)",1,1.01
"(93, 2818)",1,1.01
"(168, 254)",1,1.01
"(65, 168)",1,1.01
"(136, 65)",1,1.01
"(1154, 103)",1,1.01
"(1771, 191)",1,1.01
"(119, 1771)",1,1.01
"(65, 657)",1,1.01
"(623, 9)",1,1.01
"(894, 1882)",1,1.01
"(1882, 1896)",1,1.01
"(1769, 272)",1,1.01
"(11, 1769)",1,1.01
"(730, 96)",1,1.01
"(281, 2091)",1,1.01
"(1226, 444)",1,1.01
"(1549, 93)",1,1.01
"(1501, 1637)",1,1.01
"(931, 54)",1,1.01
"(102, 931)",1,1.01
"(99, 703)",1,1.01
"(351, 99)",1,1.01
"(54, 351)",1,1.01
"(999, 109)",1,1.01
"(94, 1523)",1,1.01
"(2414, 404)",1,1.01
"(1897, 2414)",1,1.01
"(1966, 271)",1,1.01
"(656, 161)",1,1.01
"(1784, 267)",1,1.01
"(2855, 1784)",1,1.01
"(2426, 54)",1,1.01
"(223, 2426)",1,1.01
"(108, 258)",1,1.01
"(1099, 216)",1,1.01
"(103, 55)",1,1.01
"(300, 2003)",1,1.01
"(1896, 300)",1,1.01
"(2150, 708)",1,1.01
"(300, 2968)",1,1.01
"(743, 1903)",1,1.01
"(382, 127)",1,1.01
"(116, 389)",1,1.01
"(1628, 127)",1,1.01
"(72, 700)",1,1.01
"(1280, 6)",1,1.01
"(744, 135)",1,1.01
"(90, 198)",1,1.01
"(2364, 957)",1,1.01
"(383, 1983)",1,1.01
"(2979, 258)",1,1.01
"(325, 55)",1,1.01
"(57, 325)",1,1.01
"(156, 88)",1,1.01
"(2667, 313)",1,1.01
"(787, 2667)",1,1.01
"(522, 54)",1,1.01
"(129, 1317)",1,1.01
"(286, 1064)",1,1.01
"(111, 296)",1,1.01
"(2188, 267)",1,1.01
"(190, 289)",1,1.01
"(848, 101)",1,1.01
"(1762, 11)",1,1.01
"(93, 1762)",1,1.01
"(2961, 93)",1,1.01
"(102, 1648)",1,1.01
"(1903, 697)",1,1.01
"(204, 1903)",1,1.01
"(833, 96)",1,1.01
"(2690, 1239)",1,1.01
"(2662, 743)",1,1.01
"(503, 1266)",1,1.01
"(1812, 319)",1,1.01
"(197, 160)",1,1.01
"(876, 1280)",1,1.01
"(2441, 88)",1,1.01
"(2773, 237)",1,1.01
"(93, 2773)",1,1.01
"(114, 426)",1,1.01
"(2894, 2052)",1,1.01
"(72, 193)",1,1.01
"(93, 2239)",1,1.01
"(127, 529)",1,1.01
"(799, 9)",1,1.01
"(9, 719)",1,1.01
"(65, 221)",1,1.01
"(223, 65)",1,1.01
"(88, 198)",1,1.01
"(160, 589)",1,1.01
"(2316, 172)",1,1.01
"(587, 2316)",1,1.01
"(149, 359)",1,1.01
"(1499, 274)",1,1.01
"(274, 2690)",1,1.01
"(519, 1828)",1,1.01
"(54, 942)",1,1.01
"(392, 98)",1,1.01
"(2058, 392)",1,1.01
"(274, 2058)",1,1.01
"(1625, 142)",1,1.01
"(104, 1625)",1,1.01
"(58, 227)",1,1.01
"(759, 218)",1,1.01
"(66, 470)",1,1.01
"(709, 313)",1,1.01
"(114, 602)",1,1.01
"(1468, 9)",1,1.01
"(135, 1468)",1,1.01
"(840, 755)",1,1.01
"(172, 840)",1,1.01
"(2406, 172)",1,1.01
"(503, 57)",1,1.01
"(2762, 155)",1,1.01
"(97, 2762)",1,1.01
"(390, 191)",1,1.01
"(93, 2468)",1,1.01
"(2468, 144)",1,1.01
"(260, 10)",1,1.01
"(404, 554)",1,1.01
"(144, 118)",1,1.01
"(87, 1976)",1,1.01
"(77, 1427)",1,1.01
"(1427, 11)",1,1.01
"(2406, 406)",1,1.01
"(1109, 89)",1,1.01
"(132, 937)",1,1.01
"(9, 1059)",1,1.01
"(948, 319)",1,1.01
"(1139, 700)",1,1.01
"(1616, 167)",1,1.01
"(73, 1616)",1,1.01
"(1000, 208)",1,1.01
"(93, 2175)",1,1.01
"(2175, 96)",1,1.01
"(662, 118)",1,1.01
"(130, 310)",1,1.01
"(374, 201)",1,1.01
"(431, 1644)",1,1.01
"(688, 431)",1,1.01
"(1173, 419)",1,1.01
"(921, 2935)",1,1.01
"(272, 2614)",1,1.01
"(166, 272)",1,1.01
"(464, 94)",1,1.01
"(1452, 547)",1,1.01
"(204, 2747)",1,1.01
"(2025, 346)",1,1.01
"(195, 2025)",1,1.01
"(193, 204)",1,1.01
"(1003, 426)",1,1.01
"(93, 1003)",1,1.01
"(1098, 350)",1,1.01
"(276, 392)",1,1.01
"(114, 144)",1,1.01
"(336, 442)",1,1.01
"(734, 11)",1,1.01
"(54, 1186)",1,1.01
"(2468, 2270)",1,1.01
"(416, 1328)",1,1.01
"(101, 1184)",1,1.01
"(740, 143)",1,1.01
"(251, 740)",1,1.01
"(170, 73)",1,1.01
"(1513, 170)",1,1.01
"(218, 1513)",1,1.01
"(1198, 640)",1,1.01
"(436, 55)",1,1.01
"(2640, 1886)",1,1.01
"(93, 2640)",1,1.01
"(310, 819)",1,1.01
"(819, 282)",1,1.01
"(190, 71)",1,1.01
"(2003, 203)",1,1.01
"(1966, 2003)",1,1.01
"(1077, 101)",1,1.01
"(239, 1077)",1,1.01
"(2319, 239)",1,1.01
"(54, 2319)",1,1.01
"(129, 54)",1,1.01
"(420, 1343)",1,1.01
"(828, 11)",1,1.01
"(973, 828)",1,1.01
"(166, 973)",1,1.01
"(450, 166)",1,1.01
"(304, 213)",1,1.01
"(649, 304)",1,1.01
"(579, 149)",1,1.01
"(1636, 628)",1,1.01
"(300, 1636)",1,1.01
"(1159, 977)",1,1.01
"(116, 509)",1,1.01
"(161, 292)",1,1.01
"(1143, 161)",1,1.01
"(204, 1198)",1,1.01
"(153, 2440)",1,1.01
"(937, 54)",1,1.01
"(2440, 753)",1,1.01
"(88, 1863)",1,1.01
"(114, 143)",1,1.01
"(2639, 114)",1,1.01
"(635, 101)",1,1.01
"(305, 635)",1,1.01
"(65, 305)",1,1.01
"(1560, 65)",1,1.01
"(54, 1560)",1,1.01
"(129, 310)",1,1.01
"(95, 129)",1,1.01
"(1110, 95)",1,1.01
"(90, 1110)",1,1.01
"(364, 171)",1,1.01
"(101, 228)",1,1.01
"(1449, 2268)",1,1.01
"(147, 1449)",1,1.01
"(1324, 147)",1,1.01
"(1398, 1324)",1,1.01
"(326, 1398)",1,1.01
"(1695, 155)",1,1.01
"(687, 2312)",1,1.01
"(2768, 258)",1,1.01
"(204, 2768)",1,1.01
"(1092, 204)",1,1.01
"(114, 1092)",1,1.01
"(103, 556)",1,1.01
"(257, 103)",1,1.01
"(2364, 136)",1,1.01
"(10, 683)",1,1.01
"(1519, 473)",1,1.01
"(2899, 421)",1,1.01
"(1015, 25)",1,1.01
"(2512, 191)",1,1.01
"(181, 2831)",1,1.01
"(1325, 11)",1,1.01
"(2087, 1325)",1,1.01
"(268, 2087)",1,1.01
"(2213, 181)",1,1.01
"(1770, 2213)",1,1.01
"(233, 451)",1,1.01
"(2086, 88)",1,1.01
"(104, 2086)",1,1.01
"(1353, 95)",1,1.01
"(4, 1353)",1,1.01
"(2778, 11)",1,1.01
"(2468, 1546)",1,1.01
"(135, 2778)",1,1.01
"(1033, 135)",1,1.01
"(136, 1033)",1,1.01
"(2886, 98)",1,1.01
"(98, 2886)",1,1.01
"(132, 98)",1,1.01
"(93, 2954)",1,1.01
"(154, 178)",1,1.01
"(209, 251)",1,1.01
"(58, 209)",1,1.01
"(508, 58)",1,1.01
"(90, 428)",1,1.01
"(1322, 61)",1,1.01
"(1433, 854)",1,1.01
"(854, 181)",1,1.01
"(844, 102)",1,1.01
"(128, 1015)",1,1.01
"(93, 1519)",1,1.01
"(183, 977)",1,1.01
"(172, 183)",1,1.01
"(1335, 172)",1,1.01
"(332, 25)",1,1.01
"(1323, 332)",1,1.01
"(983, 552)",1,1.01
"(2529, 11)",1,1.01
"(88, 2529)",1,1.01
"(2319, 93)",1,1.01
"(102, 1742)",1,1.01
"(350, 440)",1,1.01
"(336, 2423)",1,1.01
"(720, 2213)",1,1.01
"(371, 396)",1,1.01
"(153, 194)",1,1.01
"(1588, 304)",1,1.01
"(300, 1588)",1,1.01
"(201, 300)",1,1.01
"(371, 201)",1,1.01
"(894, 371)",1,1.01
"(1433, 894)",1,1.01
"(4, 1433)",1,1.01
"(631, 270)",1,1.01
"(967, 227)",1,1.01
"(201, 2703)",1,1.01
"(392, 142)",1,1.01
"(1710, 1322)",1,1.01
"(54, 1710)",1,1.01
"(557, 422)",1,1.01
"(88, 1168)",1,1.01
"(2033, 96)",1,1.01
"(425, 2033)",1,1.01
"(1429, 425)",1,1.01
"(9, 1429)",1,1.01
"(1345, 413)",1,1.01
"(948, 96)",1,1.01
"(58, 700)",1,1.01
"(10, 1880)",1,1.01
"(1465, 10)",1,1.01
"(761, 1465)",1,1.01
"(104, 761)",1,1.01
"(1099, 104)",1,1.01
"(2326, 9)",1,1.01
"(93, 2326)",1,1.01
"(1056, 93)",1,1.01
"(135, 1056)",1,1.01
"(2379, 290)",1,1.01
"(2717, 258)",1,1.01
"(585, 147)",1,1.01
"(150, 585)",1,1.01
"(2791, 150)",1,1.01
"(293, 2791)",1,1.01
"(107, 290)",1,1.01
"(290, 2468)",1,1.01
"(1286, 135)",1,1.01
"(310, 1286)",1,1.01
"(560, 310)",1,1.01
"(1081, 203)",1,1.01
"(154, 2701)",1,1.01
"(364, 166)",1,1.01
"(2701, 73)",1,1.01
"(1452, 1359)",1,1.01
"(181, 354)",1,1.01
"(832, 2729)",1,1.01
"(2798, 104)",1,1.01
"(204, 2921)",1,1.01
"(2741, 204)",1,1.01
"(618, 94)",1,1.01
"(708, 618)",1,1.01
"(112, 116)",1,1.01
"(9, 174)",1,1.01
"(114, 1889)",1,1.01
"(1247, 237)",1,1.01
"(227, 1247)",1,1.01
"(87, 451)",1,1.01
"(508, 116)",1,1.01
"(72, 1451)",1,1.01
"(1032, 6)",1,1.01
"(180, 88)",1,1.01
"(104, 91)",1,1.01
"(1629, 104)",1,1.01
"(102, 1629)",1,1.01
"(188, 1231)",1,1.01
"(1752, 289)",1,1.01
"(786, 127)",1,1.01
"(109, 797)",1,1.01
"(350, 422)",1,1.01
"(54, 350)",1,1.01
"(198, 1983)",1,1.01
"(1677, 319)",1,1.01
"(1003, 1677)",1,1.01
"(187, 55)",1,1.01
"(768, 523)",1,1.01
"(409, 768)",1,1.01
"(872, 555)",1,1.01
"(1076, 872)",1,1.01
"(93, 1076)",1,1.01
"(451, 1076)",1,1.01
"(89, 469)",1,1.01
"(340, 563)",1,1.01
"(1529, 91)",1,1.01
"(272, 701)",1,1.01
"(959, 640)",1,1.01
"(91, 363)",1,1.01
"(55, 839)",1,1.01
"(548, 397)",1,1.01
"(2387, 127)",1,1.01
"(101, 11)",1,1.01
"(413, 91)",1,1.01
"(54, 2056)",1,1.01
"(1749, 270)",1,1.01
"(626, 258)",1,1.01
"(394, 431)",1,1.01
"(1703, 394)",1,1.01
"(725, 264)",1,1.01
"(538, 725)",1,1.01
"(1143, 350)",1,1.01
"(376, 2029)",1,1.01
"(26, 376)",1,1.01
"(1202, 270)",1,1.01
"(818, 89)",1,1.01
"(1433, 959)",1,1.01
"(959, 281)",1,1.01
"(1304, 2061)",1,1.01
"(1072, 102)",1,1.01
"(1360, 2385)",1,1.01
"(134, 1360)",1,1.01
"(519, 2385)",1,1.01
"(760, 101)",1,1.01
"(949, 54)",1,1.01
"(409, 949)",1,1.01
"(416, 2022)",1,1.01
"(497, 416)",1,1.01
"(501, 123)",1,1.01
"(592, 99)",1,1.01
"(103, 1016)",1,1.01
"(1901, 103)",1,1.01
"(117, 1901)",1,1.01
"(665, 1244)",1,1.01
"(502, 554)",1,1.01
"(2043, 59)",1,1.01
"(88, 2043)",1,1.01
"(296, 166)",1,1.01
"(190, 296)",1,1.01
"(2775, 2536)",1,1.01
"(88, 2775)",1,1.01
"(2040, 1706)",1,1.01
"(2663, 91)",1,1.01
"(799, 399)",1,1.01
"(420, 464)",1,1.01
"(667, 313)",1,1.01
"(106, 218)",1,1.01
"(34, 2387)",1,1.01
"(114, 1003)",1,1.01
"(58, 2414)",1,1.01
"(1676, 11)",1,1.01
"(377, 161)",1,1.01
"(30, 54)",1,1.01
"(134, 2668)",1,1.01
"(72, 1188)",1,1.01
"(220, 1207)",1,1.01
"(416, 24)",1,1.01
"(302, 1923)",1,1.01
"(1581, 302)",1,1.01
"(73, 1581)",1,1.01
"(223, 263)",1,1.01
"(255, 399)",1,1.01
"(2414, 350)",1,1.01
"(1612, 58)",1,1.01
"(1625, 11)",1,1.01
"(94, 1612)",1,1.01
"(55, 94)",1,1.01
"(188, 55)",1,1.01
"(2968, 179)",1,1.01
"(114, 2968)",1,1.01
"(134, 114)",1,1.01
"(72, 1787)",1,1.01
"(103, 99)",1,1.01
"(312, 69)",1,1.01
"(377, 78)",1,1.01
"(1597, 554)",1,1.01
"(1551, 831)",1,1.01
"(1885, 1551)",1,1.01
"(73, 268)",1,1.01
"(149, 271)",1,1.01
"(256, 2732)",1,1.01
"(134, 2241)",1,1.01
"(153, 1625)",1,1.01
"(2254, 380)",1,1.01
"(440, 2254)",1,1.01
"(944, 270)",1,1.01
"(1346, 94)",1,1.01
"(336, 1625)",1,1.01
"(1093, 117)",1,1.01
"(204, 1093)",1,1.01
"(380, 204)",1,1.01
"(190, 1093)",1,1.01
"(466, 190)",1,1.01
"(56, 466)",1,1.01
"(108, 56)",1,1.01
"(102, 108)",1,1.01
"(2880, 233)",1,1.01
"(959, 25)",1,1.01
"(519, 959)",1,1.01
"(288, 201)",1,1.01
"(1001, 313)",1,1.01
"(201, 664)",1,1.01
"(201, 139)",1,1.01
"(1770, 1306)",1,1.01
"(281, 2041)",1,1.01
"(2705, 270)",1,1.01
"(300, 2808)",1,1.01
"(2115, 300)",1,1.01
"(2241, 2115)",1,1.01
"(450, 109)",1,1.01
"(147, 2473)",1,1.01
"(167, 353)",1,1.01
"(307, 4)",1,1.01
"(509, 2208)",1,1.01
"(268, 260)",1,1.01
"(2719, 2508)",1,1.01
"(117, 2719)",1,1.01
"(1707, 258)",1,1.01
"(311, 1707)",1,1.01
"(807, 89)",1,1.01
"(166, 2589)",1,1.01
"(161, 166)",1,1.01
"(455, 61)",1,1.01
"(166, 2113)",1,1.01
"(9, 911)",1,1.01
"(166, 2456)",1,1.01
"(2194, 136)",1,1.01
"(353, 440)",1,1.01
"(94, 251)",1,1.01
"(130, 28)",1,1.01
"(88, 1876)",1,1.01
"(91, 88)",1,1.01
"(118, 297)",1,1.01
"(971, 640)",1,1.01
"(200, 971)",1,1.01
"(135, 700)",1,1.01
"(9, 2754)",1,1.01
"(1058, 99)",1,1.01
"(503, 1058)",1,1.01
"(651, 350)",1,1.01
"(2452, 651)",1,1.01
"(2208, 431)",1,1.01
"(431, 56)",1,1.01
"(1841, 129)",1,1.01
"(431, 1425)",1,1.01
"(149, 2982)",1,1.01
"(101, 1279)",1,1.01
"(392, 1130)",1,1.01
"(255, 674)",1,1.01
"(684, 58)",1,1.01
"(88, 2331)",1,1.01
"(2928, 390)",1,1.01
"(2345, 2928)",1,1.01
"(186, 11)",1,1.01
"(132, 54)",1,1.01
"(507, 1468)",1,1.01
"(383, 57)",1,1.01
"(1760, 1967)",1,1.01
"(114, 1760)",1,1.01
"(437, 784)",1,1.01
"(2023, 437)",1,1.01
"(114, 2023)",1,1.01
"(2802, 442)",1,1.01
"(352, 2802)",1,1.01
"(1751, 11)",1,1.01
"(1323, 1751)",1,1.01
"(204, 1323)",1,1.01
"(630, 204)",1,1.01
"(188, 2194)",1,1.01
"(263, 1508)",1,1.01
"(1052, 263)",1,1.01
"(2178, 519)",1,1.01
"(163, 1744)",1,1.01
"(2147, 109)",1,1.01
"(1723, 1569)",1,1.01
"(1436, 9)",1,1.01
"(129, 2386)",1,1.01
"(2178, 2761)",1,1.01
"(201, 1168)",1,1.01
"(1256, 201)",1,1.01
"(72, 1533)",1,1.01
"(1869, 270)",1,1.01
"(443, 1300)",1,1.01
"(949, 443)",1,1.01
"(281, 949)",1,1.01
"(114, 2761)",1,1.01
"(2665, 290)",1,1.01
"(2552, 101)",1,1.01
"(302, 2552)",1,1.01
"(226, 111)",1,1.01
"(290, 226)",1,1.01
"(1349, 290)",1,1.01
"(581, 1460)",1,1.01
"(2391, 581)",1,1.01
"(398, 2732)",1,1.01
"(218, 290)",1,1.01
"(1002, 129)",1,1.01
"(102, 1002)",1,1.01
"(239, 1306)",1,1.01
"(1132, 1608)",1,1.01
"(176, 350)",1,1.01
"(273, 1073)",1,1.01
"(440, 98)",1,1.01
"(2386, 56)",1,1.01
"(101, 741)",1,1.01
"(154, 2005)",1,1.01
"(741, 145)",1,1.01
"(218, 93)",1,1.01
"(1273, 369)",1,1.01
"(1306, 1273)",1,1.01
"(406, 1306)",1,1.01
"(639, 290)",1,1.01
"(651, 101)",1,1.01
"(846, 54)",1,1.01
"(371, 117)",1,1.01
"(2138, 23)",1,1.01
"(292, 489)",1,1.01
"(309, 270)",1,1.01
"(1006, 102)",1,1.01
"(1269, 270)",1,1.01
"(103, 421)",1,1.01
"(188, 964)",1,1.01
"(865, 188)",1,1.01
"(409, 865)",1,1.01
"(871, 102)",1,1.01
"(71, 871)",1,1.01
"(276, 71)",1,1.01
"(489, 334)",1,1.01
"(2233, 191)",1,1.01
"(88, 2233)",1,1.01
"(828, 102)",1,1.01
"(2792, 1156)",1,1.01
"(406, 2792)",1,1.01
"(193, 103)",1,1.01
"(2228, 1885)",1,1.01
"(2493, 2228)",1,1.01
"(248, 2493)",1,1.01
"(317, 523)",1,1.01
"(1059, 523)",1,1.01
"(1316, 172)",1,1.01
"(102, 1316)",1,1.01
"(2974, 102)",1,1.01
"(866, 437)",1,1.01
"(160, 866)",1,1.01
"(352, 1245)",1,1.01
"(204, 2389)",1,1.01
"(1245, 144)",1,1.01
"(2769, 88)",1,1.01
"(73, 176)",1,1.01
"(144, 1854)",1,1.01
"(135, 2211)",1,1.01
"(1527, 267)",1,1.01
"(2751, 480)",1,1.01
"(2330, 1527)",1,1.01
"(93, 990)",1,1.01
"(1118, 166)",1,1.01
"(1854, 72)",1,1.01
"(977, 267)",1,1.01
"(317, 290)",1,1.01
"(297, 1059)",1,1.01
"(489, 2301)",1,1.01
"(102, 489)",1,1.01
"(457, 102)",1,1.01
"(1798, 1820)",1,1.01
"(204, 1798)",1,1.01
"(1059, 890)",1,1.01
"(523, 667)",1,1.01
"(135, 312)",1,1.01
"(312, 55)",1,1.01
"(574, 1148)",1,1.01
"(1082, 1800)",1,1.01
"(136, 1082)",1,1.01
"(1080, 11)",1,1.01
"(2589, 1080)",1,1.01
"(160, 2589)",1,1.01
"(582, 116)",1,1.01
"(1706, 820)",1,1.01
"(524, 1527)",1,1.01
"(95, 524)",1,1.01
"(144, 95)",1,1.01
"(127, 144)",1,1.01
"(622, 127)",1,1.01
"(1253, 622)",1,1.01
"(166, 1927)",1,1.01
"(1763, 166)",1,1.01
"(153, 1763)",1,1.01
"(700, 212)",1,1.01
"(109, 700)",1,1.01
"(1845, 264)",1,1.01
"(96, 1845)",1,1.01
"(272, 88)",1,1.01
"(226, 345)",1,1.01
"(1257, 962)",1,1.01
"(470, 1257)",1,1.01
"(98, 2852)",1,1.01
"(103, 332)",1,1.01
"(1148, 166)",1,1.01
"(1063, 1059)",1,1.01
"(153, 1063)",1,1.01
"(941, 523)",1,1.01
"(1967, 117)",1,1.01
"(241, 2258)",1,1.01
"(158, 241)",1,1.01
"(626, 292)",1,1.01
"(123, 626)",1,1.01
"(581, 102)",1,1.01
"(1059, 339)",1,1.01
"(371, 1059)",1,1.01
"(141, 2801)",1,1.01
"(2554, 310)",1,1.01
"(54, 2554)",1,1.01
"(9, 2988)",1,1.01
"(135, 2179)",1,1.01
"(818, 310)",1,1.01
"(144, 818)",1,1.01
"(322, 144)",1,1.01
"(102, 763)",1,1.01
"(160, 254)",1,1.01
"(763, 173)",1,1.01
"(1247, 523)",1,1.01
"(289, 1247)",1,1.01
"(1798, 289)",1,1.01
"(87, 88)",1,1.01
"(110, 491)",1,1.01
"(1078, 110)",1,1.01
"(172, 422)",1,1.01
"(2557, 88)",1,1.01
"(922, 2557)",1,1.01
"(2258, 66)",1,1.01
"(866, 104)",1,1.01
"(223, 2608)",1,1.01
"(336, 563)",1,1.01
"(2052, 136)",1,1.01
"(872, 2052)",1,1.01
"(72, 872)",1,1.01
"(2648, 11)",1,1.01
"(1670, 820)",1,1.01
"(714, 1670)",1,1.01
"(570, 142)",1,1.01
"(160, 570)",1,1.01
"(141, 1813)",1,1.01
"(100, 2213)",1,1.01
"(204, 1744)",1,1.01
"(190, 763)",1,1.01
"(709, 539)",1,1.01
"(545, 142)",1,1.01
"(626, 2144)",1,1.01
"(132, 1695)",1,1.01
"(153, 132)",1,1.01
"(607, 1002)",1,1.01
"(319, 725)",1,1.01
"(155, 319)",1,1.01
"(2512, 468)",1,1.01
"(1011, 585)",1,1.01
"(93, 1011)",1,1.01
"(149, 376)",1,1.01
"(376, 93)",1,1.01
"(149, 1805)",1,1.01
"(1805, 3)",1,1.01
"(657, 2751)",1,1.01
"(276, 755)",1,1.01
"(950, 26)",1,1.01
"(98, 222)",1,1.01
"(343, 60)",1,1.01
"(570, 90)",1,1.01
"(1016, 252)",1,1.01
"(347, 1923)",1,1.01
"(2705, 142)",1,1.01
"(55, 73)",1,1.01
"(665, 195)",1,1.01
"(9, 115)",1,1.01
"(2007, 56)",1,1.01
"(1804, 2007)",1,1.01
"(503, 67)",1,1.01
"(306, 95)",1,1.01
"(1427, 72)",1,1.01
"(116, 98)",1,1.01
"(303, 6)",1,1.01
"(353, 116)",1,1.01
"(3, 1043)",1,1.01
"(1152, 54)",1,1.01
"(1198, 555)",1,1.01
"(101, 1198)",1,1.01
"(376, 342)",1,1.01
"(3, 109)",1,1.01
"(517, 3)",1,1.01
"(1109, 517)",1,1.01
"(132, 161)",1,1.01
"(2562, 172)",1,1.01
"(123, 2562)",1,1.01
"(190, 1015)",1,1.01
"(89, 2857)",1,1.01
"(67, 79)",1,1.01
"(1961, 1229)",1,1.01
"(1229, 135)",1,1.01
"(101, 950)",1,1.01
"(2560, 101)",1,1.01
"(904, 2560)",1,1.01
"(88, 2842)",1,1.01
"(142, 636)",1,1.01
"(1553, 2262)",1,1.01
"(201, 1912)",1,1.01
"(499, 399)",1,1.01
"(66, 499)",1,1.01
"(156, 66)",1,1.01
"(144, 156)",1,1.01
"(135, 2166)",1,1.01
"(2355, 9)",1,1.01
"(2693, 2355)",1,1.01
"(204, 1121)",1,1.01
"(597, 204)",1,1.01
"(99, 213)",1,1.01
"(288, 167)",1,1.01
"(1804, 252)",1,1.01
"(2088, 2060)",1,1.01
"(1371, 2088)",1,1.01
"(69, 1371)",1,1.01
"(493, 69)",1,1.01
"(1963, 96)",1,1.01
"(129, 443)",1,1.01
"(2068, 129)",1,1.01
"(844, 406)",1,1.01
"(377, 1760)",1,1.01
"(493, 2580)",1,1.01
"(165, 267)",1,1.01
"(190, 1668)",1,1.01
"(73, 345)",1,1.01
"(379, 1338)",1,1.01
"(1361, 90)",1,1.01
"(166, 2737)",1,1.01
"(582, 298)",1,1.01
"(371, 858)",1,1.01
"(1406, 147)",1,1.01
"(1907, 1406)",1,1.01
"(9, 1907)",1,1.01
"(858, 407)",1,1.01
"(922, 673)",1,1.01
"(179, 1502)",1,1.01
"(1772, 9)",1,1.01
"(274, 258)",1,1.01
"(9, 1527)",1,1.01
"(1184, 1695)",1,1.01
"(2142, 11)",1,1.01
"(166, 2142)",1,1.01
"(1746, 1255)",1,1.01
"(9, 1177)",1,1.01
"(1425, 176)",1,1.01
"(1412, 166)",1,1.01
"(709, 1412)",1,1.01
"(1706, 69)",1,1.01
"(198, 1706)",1,1.01
"(93, 355)",1,1.01
"(72, 873)",1,1.01
"(873, 171)",1,1.01
"(1081, 2508)",1,1.01
"(2169, 103)",1,1.01
"(427, 739)",1,1.01
"(93, 2169)",1,1.01
"(1760, 11)",1,1.01
"(188, 1488)",1,1.01
"(622, 388)",1,1.01
"(2159, 9)",1,1.01
"(779, 2159)",1,1.01
"(56, 779)",1,1.01
"(2795, 155)",1,1.01
"(25, 2795)",1,1.01
"(775, 25)",1,1.01
"(759, 89)",1,1.01
"(158, 201)",1,1.01
"(195, 74)",1,1.01
"(446, 290)",1,1.01
"(77, 581)",1,1.01
"(587, 77)",1,1.01
"(89, 60)",1,1.01
"(300, 359)",1,1.01
"(74, 427)",1,1.01
"(656, 166)",1,1.01
"(622, 258)",1,1.01
"(72, 1090)",1,1.01
"(426, 492)",1,1.01
"(423, 977)",1,1.01
"(9, 2483)",1,1.01
"(869, 11)",1,1.01
"(93, 2181)",1,1.01
"(2982, 127)",1,1.01
"(90, 2646)",1,1.01
"(102, 653)",1,1.01
"(772, 56)",1,1.01
"(1272, 1027)",1,1.01
"(1027, 154)",1,1.01
"(1490, 427)",1,1.01
"(383, 2658)",1,1.01
"(11, 2926)",1,1.01
"(1620, 203)",1,1.01
"(261, 1620)",1,1.01
"(62, 261)",1,1.01
"(857, 298)",1,1.01
"(959, 34)",1,1.01
"(1654, 11)",1,1.01
"(2042, 1654)",1,1.01
"(258, 226)",1,1.01
"(181, 2832)",1,1.01
"(533, 195)",1,1.01
"(103, 2829)",1,1.01
"(237, 1644)",1,1.01
"(127, 1241)",1,1.01
"(90, 1923)",1,1.01
"(2055, 160)",1,1.01
"(113, 2055)",1,1.01
"(646, 96)",1,1.01
"(554, 646)",1,1.01
"(290, 440)",1,1.01
"(191, 4)",1,1.01
"(1052, 116)",1,1.01
"(276, 267)",1,1.01
"(497, 135)",1,1.01
"(31, 2406)",1,1.01
"(2406, 237)",1,1.01
"(237, 1419)",1,1.01
"(9, 1272)",1,1.01
"(204, 2771)",1,1.01
"(1499, 1504)",1,1.01
"(252, 65)",1,1.01
"(2370, 252)",1,1.01
"(2356, 2370)",1,1.01
"(1841, 191)",1,1.01
"(260, 258)",1,1.01
"(196, 260)",1,1.01
"(2800, 196)",1,1.01
"(323, 2800)",1,1.01
"(470, 54)",1,1.01
"(76, 470)",1,1.01
"(1504, 264)",1,1.01
"(1380, 262)",1,1.01
"(2911, 190)",1,1.01
"(252, 2911)",1,1.01
"(1815, 937)",1,1.01
"(937, 1028)",1,1.01
"(958, 204)",1,1.01
"(1588, 102)",1,1.01
"(2252, 1588)",1,1.01
"(54, 2252)",1,1.01
"(994, 136)",1,1.01
"(468, 2455)",1,1.01
"(1346, 191)",1,1.01
"(715, 1699)",1,1.01
"(99, 1863)",1,1.01
"(1376, 497)",1,1.01
"(1548, 1376)",1,1.01
"(89, 1548)",1,1.01
"(67, 1052)",1,1.01
"(558, 508)",1,1.01
"(95, 695)",1,1.01
"(486, 95)",1,1.01
"(2067, 147)",1,1.01
"(257, 1341)",1,1.01
"(2042, 94)",1,1.01
"(93, 2042)",1,1.01
"(522, 93)",1,1.01
"(1098, 673)",1,1.01
"(493, 392)",1,1.01
"(274, 112)",1,1.01
"(1136, 155)",1,1.01
"(2621, 2547)",1,1.01
"(921, 389)",1,1.01
"(468, 2614)",1,1.01
"(2105, 468)",1,1.01
"(127, 58)",1,1.01
"(2055, 106)",1,1.01
"(980, 2055)",1,1.01
"(2178, 2508)",1,1.01
"(1037, 2178)",1,1.01
"(554, 89)",1,1.01
"(1912, 1334)",1,1.01
"(2055, 97)",1,1.01
"(1593, 2055)",1,1.01
"(2434, 142)",1,1.01
"(198, 395)",1,1.01
"(508, 2857)",1,1.01
"(1052, 98)",1,1.01
"(1128, 89)",1,1.01
"(139, 290)",1,1.01
"(1786, 90)",1,1.01
"(219, 231)",1,1.01
"(106, 2347)",1,1.01
"(353, 1525)",1,1.01
"(2564, 25)",1,1.01
"(204, 2564)",1,1.01
"(852, 102)",1,1.01
"(333, 88)",1,1.01
"(227, 333)",1,1.01
"(503, 106)",1,1.01
"(306, 392)",1,1.01
"(1241, 257)",1,1.01
"(101, 63)",1,1.01
"(90, 142)",1,1.01
"(2512, 101)",1,1.01
"(1761, 2512)",1,1.01
"(88, 1761)",1,1.01
"(88, 335)",1,1.01
"(58, 290)",1,1.01
"(62, 228)",1,1.01
"(276, 62)",1,1.01
"(101, 276)",1,1.01
"(343, 1932)",1,1.01
"(2233, 343)",1,1.01
"(54, 2233)",1,1.01
"(147, 748)",1,1.01
"(1139, 147)",1,1.01
"(2771, 1150)",1,1.01
"(294, 98)",1,1.01
"(93, 1926)",1,1.01
"(942, 102)",1,1.01
"(129, 251)",1,1.01
"(1763, 204)",1,1.01
"(582, 1763)",1,1.01
"(873, 34)",1,1.01
"(1910, 166)",1,1.01
"(163, 1910)",1,1.01
"(1052, 136)",1,1.01
"(911, 88)",1,1.01
"(488, 1143)",1,1.01
"(160, 488)",1,1.01
"(848, 2687)",1,1.01
"(129, 87)",1,1.01
"(1187, 942)",1,1.01
"(251, 109)",1,1.01
"(395, 134)",1,1.01
"(372, 251)",1,1.01
"(1202, 34)",1,1.01
"(1225, 54)",1,1.01
"(149, 1225)",1,1.01
"(396, 142)",1,1.01
"(974, 127)",1,1.01
"(134, 71)",1,1.01
"(442, 1458)",1,1.01
"(392, 1386)",1,1.01
"(114, 950)",1,1.01
"(802, 102)",1,1.01
"(2277, 188)",1,1.01
"(1789, 89)",1,1.01
"(1841, 104)",1,1.01
"(104, 204)",1,1.01
"(310, 129)",1,1.01
"(560, 345)",1,1.01
"(130, 477)",1,1.01
"(144, 2206)",1,1.01
"(399, 2092)",1,1.01
"(2131, 155)",1,1.01
"(72, 2131)",1,1.01
"(2563, 191)",1,1.01
"(223, 602)",1,1.01
"(572, 1597)",1,1.01
"(621, 89)",1,1.01
"(1095, 102)",1,1.01
"(11, 1733)",1,1.01
"(34, 1847)",1,1.01
"(381, 584)",1,1.01
"(179, 756)",1,1.01
"(642, 179)",1,1.01
"(2373, 642)",1,1.01
"(389, 171)",1,1.01
"(101, 1243)",1,1.01
"(506, 161)",1,1.01
"(241, 96)",1,1.01
"(1733, 117)",1,1.01
"(1240, 188)",1,1.01
"(117, 1240)",1,1.01
"(831, 113)",1,1.01
"(93, 2663)",1,1.01
"(2626, 2080)",1,1.01
"(64, 2626)",1,1.01
"(183, 93)",1,1.01
"(135, 315)",1,1.01
"(1655, 135)",1,1.01
"(877, 188)",1,1.01
"(2402, 104)",1,1.01
"(720, 2402)",1,1.01
"(1588, 98)",1,1.01
"(54, 1588)",1,1.01
"(97, 2998)",1,1.01
"(2334, 147)",1,1.01
"(209, 2334)",1,1.01
"(392, 209)",1,1.01
"(643, 135)",1,1.01
"(2606, 1155)",1,1.01
"(574, 2606)",1,1.01
"(2713, 346)",1,1.01
"(1729, 347)",1,1.01
"(101, 1729)",1,1.01
"(2178, 98)",1,1.01
"(399, 2533)",1,1.01
"(640, 117)",1,1.01
"(142, 640)",1,1.01
"(523, 142)",1,1.01
"(421, 462)",1,1.01
"(927, 421)",1,1.01
"(252, 251)",1,1.01
"(104, 106)",1,1.01
"(250, 9)",1,1.01
"(107, 250)",1,1.01
"(1461, 107)",1,1.01
"(117, 294)",1,1.01
"(104, 2531)",1,1.01
"(198, 868)",1,1.01
"(1534, 1655)",1,1.01
"(34, 359)",1,1.01
"(1773, 106)",1,1.01
"(459, 1773)",1,1.01
"(743, 421)",1,1.01
"(646, 24)",1,1.01
"(609, 926)",1,1.01
"(114, 609)",1,1.01
"(1930, 114)",1,1.01
"(90, 1930)",1,1.01
"(255, 197)",1,1.01
"(297, 2227)",1,1.01
"(556, 350)",1,1.01
"(218, 556)",1,1.01
"(2969, 218)",1,1.01
"(102, 178)",1,1.01
"(193, 508)",1,1.01
"(468, 851)",1,1.01
"(2838, 237)",1,1.01
"(2749, 2838)",1,1.01
"(129, 363)",1,1.01
"(636, 254)",1,1.01
"(103, 636)",1,1.01
"(101, 1227)",1,1.01
"(122, 111)",1,1.01
"(2416, 122)",1,1.01
"(188, 2416)",1,1.01
"(1896, 188)",1,1.01
"(359, 1896)",1,1.01
"(1109, 198)",1,1.01
"(904, 138)",1,1.01
"(653, 24)",1,1.01
"(1626, 11)",1,1.01
"(1341, 464)",1,1.01
"(160, 1341)",1,1.01
"(101, 2652)",1,1.01
"(1345, 1772)",1,1.01
"(10, 2262)",1,1.01
"(1899, 10)",1,1.01
"(204, 1899)",1,1.01
"(160, 204)",1,1.01
"(67, 840)",1,1.01
"(93, 2103)",1,1.01
"(189, 9)",1,1.01
"(2652, 109)",1,1.01
"(109, 1626)",1,1.01
"(1257, 147)",1,1.01
"(160, 1974)",1,1.01
"(131, 539)",1,1.01
"(2850, 155)",1,1.01
"(1341, 2850)",1,1.01
"(603, 690)",1,1.01
"(65, 603)",1,1.01
"(288, 547)",1,1.01
"(2558, 9)",1,1.01
"(10, 2558)",1,1.01
"(93, 443)",1,1.01
"(9, 125)",1,1.01
"(722, 371)",1,1.01
"(160, 722)",1,1.01
"(959, 1976)",1,1.01
"(443, 1896)",1,1.01
"(93, 376)",1,1.01
"(141, 209)",1,1.01
"(209, 972)",1,1.01
"(147, 1772)",1,1.01
"(1459, 364)",1,1.01
"(129, 280)",1,1.01
"(987, 319)",1,1.01
"(488, 987)",1,1.01
"(4, 488)",1,1.01
"(239, 127)",1,1.01
"(127, 155)",1,1.01
"(483, 497)",1,1.01
"(93, 137)",1,1.01
"(153, 1668)",1,1.01
"(1324, 9)",1,1.01
"(154, 584)",1,1.01
"(521, 144)",1,1.01
"(1345, 465)",1,1.01
"(136, 2756)",1,1.01
"(204, 1471)",1,1.01
"(191, 204)",1,1.01
"(1962, 191)",1,1.01
"(218, 657)",1,1.01
"(921, 142)",1,1.01
"(268, 879)",1,1.01
"(2196, 93)",1,1.01
"(1812, 71)",1,1.01
"(9, 1812)",1,1.01
"(1019, 9)",1,1.01
"(204, 1019)",1,1.01
"(129, 1356)",1,1.01
"(272, 111)",1,1.01
"(343, 227)",1,1.01
"(376, 517)",1,1.01
"(213, 1125)",1,1.01
"(2848, 258)",1,1.01
"(91, 2848)",1,1.01
"(959, 1298)",1,1.01
"(1256, 136)",1,1.01
"(188, 1533)",1,1.01
"(380, 188)",1,1.01
"(1346, 380)",1,1.01
"(944, 102)",1,1.01
"(404, 596)",1,1.01
"(1386, 9)",1,1.01
"(99, 1386)",1,1.01
"(10, 988)",1,1.01
"(932, 114)",1,1.01
"(166, 503)",1,1.01
"(489, 380)",1,1.01
"(2553, 142)",1,1.01
"(825, 2553)",1,1.01
"(1247, 9)",1,1.01
"(680, 209)",1,1.01
"(133, 348)",1,1.01
"(178, 96)",1,1.01
"(1793, 195)",1,1.01
"(483, 1793)",1,1.01
"(1992, 191)",1,1.01
"(129, 1992)",1,1.01
"(673, 129)",1,1.01
"(93, 932)",1,1.01
"(2883, 304)",1,1.01
"(422, 11)",1,1.01
"(54, 1904)",1,1.01
"(550, 116)",1,1.01
"(349, 88)",1,1.01
"(147, 1945)",1,1.01
"(2973, 117)",1,1.01
"(78, 203)",1,1.01
"(509, 57)",1,1.01
"(132, 142)",1,1.01
"(404, 181)",1,1.01
"(372, 404)",1,1.01
"(93, 1013)",1,1.01
"(1634, 93)",1,1.01
"(69, 1147)",1,1.01
"(1147, 93)",1,1.01
"(2194, 102)",1,1.01
"(823, 2194)",1,1.01
"(367, 166)",1,1.01
"(2478, 9)",1,1.01
"(88, 1432)",1,1.01
"(95, 2255)",1,1.01
"(1227, 1006)",1,1.01
"(2265, 103)",1,1.01
"(2150, 213)",1,1.01
"(795, 93)",1,1.01
"(2539, 126)",1,1.01
"(544, 11)",1,1.01
"(204, 457)",1,1.01
"(1904, 1582)",1,1.01
"(1772, 191)",1,1.01
"(153, 2049)",1,1.01
"(89, 2935)",1,1.01
"(2686, 477)",1,1.01
"(111, 348)",1,1.01
"(88, 2968)",1,1.01
"(2537, 89)",1,1.01
"(1273, 2537)",1,1.01
"(98, 1539)",1,1.01
"(577, 109)",1,1.01
"(451, 577)",1,1.01
"(24, 94)",1,1.01
"(171, 24)",1,1.01
"(331, 171)",1,1.01
"(119, 502)",1,1.01
"(303, 2596)",1,1.01
"(104, 226)",1,1.01
"(1647, 2686)",1,1.01
"(2049, 204)",1,1.01
"(9, 1647)",1,1.01
"(2686, 1471)",1,1.01
"(237, 334)",1,1.01
"(1187, 237)",1,1.01
"(1224, 2687)",1,1.01
"(4, 1224)",1,1.01
"(135, 1451)",1,1.01
"(775, 350)",1,1.01
"(141, 392)",1,1.01
"(2531, 10)",1,1.01
"(1779, 2566)",1,1.01
"(210, 1779)",1,1.01
"(2036, 258)",1,1.01
"(348, 488)",1,1.01
"(488, 995)",1,1.01
"(2136, 1011)",1,1.01
"(972, 191)",1,1.01
"(1443, 149)",1,1.01
"(560, 1443)",1,1.01
"(129, 2057)",1,1.01
"(114, 1758)",1,1.01
"(26, 1001)",1,1.01
"(203, 421)",1,1.01
"(69, 203)",1,1.01
"(153, 1023)",1,1.01
"(152, 158)",1,1.01
"(436, 380)",1,1.01
"(276, 380)",1,1.01
"(143, 717)",1,1.01
"(434, 258)",1,1.01
"(2205, 191)",1,1.01
"(379, 2205)",1,1.01
"(371, 203)",1,1.01
"(519, 1128)",1,1.01
"(1622, 519)",1,1.01
"(403, 1622)",1,1.01
"(877, 127)",1,1.01
"(1177, 88)",1,1.01
"(263, 116)",1,1.01
"(1728, 263)",1,1.01
"(578, 1728)",1,1.01
"(1127, 578)",1,1.01
"(2253, 11)",1,1.01
"(263, 2253)",1,1.01
"(1983, 93)",1,1.01
"(1597, 237)",1,1.01
"(2071, 1597)",1,1.01
"(665, 2233)",1,1.01
"(197, 658)",1,1.01
"(2615, 197)",1,1.01
"(328, 138)",1,1.01
"(483, 576)",1,1.01
"(153, 483)",1,1.01
"(833, 229)",1,1.01
"(1088, 2443)",1,1.01
"(1032, 584)",1,1.01
"(54, 1032)",1,1.01
"(434, 106)",1,1.01
"(600, 434)",1,1.01
"(399, 600)",1,1.01
"(461, 147)",1,1.01
"(402, 703)",1,1.01
"(703, 54)",1,1.01
"(66, 142)",1,1.01
"(204, 176)",1,1.01
"(1721, 204)",1,1.01
"(160, 219)",1,1.01
"(656, 23)",1,1.01
"(117, 2967)",1,1.01
"(1081, 426)",1,1.01
"(873, 96)",1,1.01
"(643, 873)",1,1.01
"(100, 643)",1,1.01
"(365, 100)",1,1.01
"(204, 365)",1,1.01
"(658, 560)",1,1.01
"(787, 354)",1,1.01
"(9, 2608)",1,1.01
"(149, 529)",1,1.01
"(1496, 9)",1,1.01
"(187, 1496)",1,1.01
"(144, 187)",1,1.01
"(601, 193)",1,1.01
"(4, 1387)",1,1.01
"(97, 137)",1,1.01
"(231, 251)",1,1.01
"(202, 93)",1,1.01
"(135, 525)",1,1.01
"(2984, 135)",1,1.01
"(221, 2984)",1,1.01
"(1308, 453)",1,1.01
"(1707, 1308)",1,1.01
"(135, 413)",1,1.01
"(106, 328)",1,1.01
"(872, 444)",1,1.01
"(179, 2630)",1,1.01
"(2526, 179)",1,1.01
"(54, 2526)",1,1.01
"(1631, 271)",1,1.01
"(97, 1631)",1,1.01
"(300, 369)",1,1.01
"(602, 103)",1,1.01
"(416, 602)",1,1.01
"(258, 416)",1,1.01
"(135, 1710)",1,1.01
"(666, 117)",1,1.01
"(272, 2361)",1,1.01
"(97, 292)",1,1.01
"(858, 1286)",1,1.01
"(303, 1820)",1,1.01
"(57, 89)",1,1.01
"(145, 88)",1,1.01
"(254, 76)",1,1.01
"(1051, 254)",1,1.01
"(404, 1051)",1,1.01
"(2268, 9)",1,1.01
"(1529, 2268)",1,1.01
"(563, 1529)",1,1.01
"(147, 1662)",1,1.01
"(1724, 147)",1,1.01
"(56, 1724)",1,1.01
"(857, 145)",1,1.01
"(2950, 857)",1,1.01
"(141, 303)",1,1.01
"(1697, 93)",1,1.01
"(96, 399)",1,1.01
"(876, 1889)",1,1.01
"(2773, 113)",1,1.01
"(90, 93)",1,1.01
"(2109, 1264)",1,1.01
"(665, 71)",1,1.01
"(190, 826)",1,1.01
"(278, 11)",1,1.01
"(94, 401)",1,1.01
"(317, 96)",1,1.01
"(203, 1733)",1,1.01
"(1956, 254)",1,1.01
"(54, 1205)",1,1.01
"(89, 537)",1,1.01
"(109, 840)",1,1.01
"(840, 2400)",1,1.01
"(1361, 1048)",1,1.01
"(1746, 290)",1,1.01
"(394, 126)",1,1.01
"(1025, 290)",1,1.01
"(102, 1025)",1,1.01
"(1707, 88)",1,1.01
"(153, 1316)",1,1.01
"(475, 153)",1,1.01
"(700, 168)",1,1.01
"(268, 700)",1,1.01
"(2544, 136)",1,1.01
"(1599, 101)",1,1.01
"(1918, 127)",1,1.01
"(89, 1886)",1,1.01
"(1017, 169)",1,1.01
"(1835, 426)",1,1.01
"(57, 398)",1,1.01
"(1649, 57)",1,1.01
"(79, 1649)",1,1.01
"(1101, 213)",1,1.01
"(181, 2773)",1,1.01
"(699, 921)",1,1.01
"(93, 699)",1,1.01
"(1968, 254)",1,1.01
"(954, 1968)",1,1.01
"(296, 954)",1,1.01
"(959, 296)",1,1.01
"(774, 101)",1,1.01
"(404, 700)",1,1.01
"(806, 155)",1,1.01
"(78, 165)",1,1.01
"(89, 1965)",1,1.01
"(313, 383)",1,1.01
"(119, 1097)",1,1.01
"(127, 719)",1,1.01
"(204, 126)",1,1.01
"(1091, 204)",1,1.01
"(289, 1997)",1,1.01
"(176, 289)",1,1.01
"(771, 102)",1,1.01
"(2326, 160)",1,1.01
"(2770, 2326)",1,1.01
"(1583, 11)",1,1.01
"(213, 2185)",1,1.01
"(99, 514)",1,1.01
"(2348, 89)",1,1.01
"(423, 365)",1,1.01
"(276, 2348)",1,1.01
"(2502, 93)",1,1.01
"(90, 2502)",1,1.01
"(2163, 90)",1,1.01
"(2168, 2163)",1,1.01
"(101, 2168)",1,1.01
"(633, 101)",1,1.01
"(74, 633)",1,1.01
"(585, 89)",1,1.01
"(473, 585)",1,1.01
"(9, 473)",1,1.01
"(2326, 101)",1,1.01
"(2702, 2326)",1,1.01
"(304, 2582)",1,1.01
"(213, 1534)",1,1.01
"(1534, 319)",1,1.01
"(704, 93)",1,1.01
"(204, 2500)",1,1.01
"(1271, 190)",1,1.01
"(252, 1271)",1,1.01
"(2164, 96)",1,1.01
"(1318, 2164)",1,1.01
"(147, 298)",1,1.01
"(1145, 55)",1,1.01
"(153, 365)",1,1.01
"(2491, 153)",1,1.01
"(1512, 147)",1,1.01
"(178, 1512)",1,1.01
"(160, 178)",1,1.01
"(2894, 153)",1,1.01
"(370, 89)",1,1.01
"(1205, 10)",1,1.01
"(560, 131)",1,1.01
"(2497, 203)",1,1.01
"(296, 1060)",1,1.01
"(307, 296)",1,1.01
"(101, 2483)",1,1.01
"(1317, 463)",1,1.01
"(54, 1317)",1,1.01
"(240, 1234)",1,1.01
"(61, 215)",1,1.01
"(304, 61)",1,1.01
"(383, 975)",1,1.01
"(602, 383)",1,1.01
"(372, 1916)",1,1.01
"(1916, 54)",1,1.01
"(54, 1098)",1,1.01
"(810, 118)",1,1.01
"(58, 313)",1,1.01
"(166, 263)",1,1.01
"(701, 166)",1,1.01
"(1201, 155)",1,1.01
"(1597, 175)",1,1.01
"(154, 477)",1,1.01
"(117, 154)",1,1.01
"(2316, 258)",1,1.01
"(1274, 238)",1,1.01
"(2097, 1274)",1,1.01
"(1148, 502)",1,1.01
"(2379, 10)",1,1.01
"(810, 1771)",1,1.01
"(2828, 2590)",1,1.01
"(583, 410)",1,1.01
"(131, 2828)",1,1.01
"(62, 131)",1,1.01
"(787, 62)",1,1.01
"(944, 292)",1,1.01
"(2468, 376)",1,1.01
"(239, 936)",1,1.01
"(127, 516)",1,1.01
"(281, 1357)",1,1.01
"(1751, 34)",1,1.01
"(315, 1751)",1,1.01
"(1316, 11)",1,1.01
"(149, 665)",1,1.01
"(305, 725)",1,1.01
"(116, 783)",1,1.01
"(783, 99)",1,1.01
"(91, 24)",1,1.01
"(720, 475)",1,1.01
"(2961, 89)",1,1.01
"(857, 1648)",1,1.01
"(518, 857)",1,1.01
"(199, 96)",1,1.01
"(96, 152)",1,1.01
"(152, 101)",1,1.01
"(2304, 1887)",1,1.01
"(54, 2304)",1,1.01
"(339, 147)",1,1.01
"(255, 339)",1,1.01
"(444, 109)",1,1.01
"(2902, 102)",1,1.01
"(111, 2902)",1,1.01
"(104, 1073)",1,1.01
"(1280, 104)",1,1.01
"(117, 1280)",1,1.01
"(407, 1224)",1,1.01
"(241, 330)",1,1.01
"(903, 233)",1,1.01
"(130, 903)",1,1.01
"(300, 128)",1,1.01
"(728, 9)",1,1.01
"(677, 304)",1,1.01
"(383, 165)",1,1.01
"(864, 93)",1,1.01
"(277, 1159)",1,1.01
"(54, 853)",1,1.01
"(193, 2463)",1,1.01
"(213, 58)",1,1.01
"(813, 213)",1,1.01
"(1553, 2244)",1,1.01
"(1099, 101)",1,1.01
"(2875, 112)",1,1.01
"(54, 2875)",1,1.01
"(591, 348)",1,1.01
"(454, 282)",1,1.01
"(272, 768)",1,1.01
"(54, 2842)",1,1.01
"(64, 348)",1,1.01
"(932, 515)",1,1.01
"(1572, 636)",1,1.01
"(1059, 254)",1,1.01
"(138, 54)",1,1.01
"(477, 138)",1,1.01
"(353, 258)",1,1.01
"(89, 1078)",1,1.01
"(1868, 71)",1,1.01
"(368, 11)",1,1.01
"(93, 1861)",1,1.01
"(1398, 1106)",1,1.01
"(602, 219)",1,1.01
"(2405, 9)",1,1.01
"(1577, 2405)",1,1.01
"(54, 1577)",1,1.01
"(755, 98)",1,1.01
"(2643, 9)",1,1.01
"(90, 2643)",1,1.01
"(300, 1073)",1,1.01
"(2800, 93)",1,1.01
"(2885, 218)",1,1.01
"(486, 2733)",1,1.01
"(218, 601)",1,1.01
"(476, 486)",1,1.01
"(2463, 857)",1,1.01
"(894, 1757)",1,1.01
"(509, 894)",1,1.01
"(98, 220)",1,1.01
"(797, 98)",1,1.01
"(653, 161)",1,1.01
"(281, 653)",1,1.01
"(1144, 281)",1,1.01
"(127, 1330)",1,1.01
"(560, 126)",1,1.01
"(560, 1131)",1,1.01
"(89, 113)",1,1.01
"(2062, 101)",1,1.01
"(88, 2062)",1,1.01
"(2582, 113)",1,1.01
"(281, 483)",1,1.01
"(534, 78)",1,1.01
"(58, 534)",1,1.01
"(239, 1816)",1,1.01
"(78, 368)",1,1.01
"(101, 516)",1,1.01
"(894, 2547)",1,1.01
"(1578, 191)",1,1.01
"(784, 584)",1,1.01
"(166, 784)",1,1.01
"(95, 1525)",1,1.01
"(106, 2702)",1,1.01
"(128, 821)",1,1.01
"(379, 2301)",1,1.01
"(2856, 58)",1,1.01
"(1059, 161)",1,1.01
"(427, 2616)",1,1.01
"(258, 55)",1,1.01
"(2608, 166)",1,1.01
"(1063, 2608)",1,1.01
"(113, 1296)",1,1.01
"(204, 1699)",1,1.01
"(89, 190)",1,1.01
"(114, 199)",1,1.01
"(1214, 598)",1,1.01
"(1194, 203)",1,1.01
"(204, 1194)",1,1.01
"(190, 2535)",1,1.01
"(112, 2856)",1,1.01
"(738, 54)",1,1.01
"(1886, 112)",1,1.01
"(1346, 89)",1,1.01
"(452, 716)",1,1.01
"(103, 1028)",1,1.01
"(160, 2311)",1,1.01
"(765, 160)",1,1.01
"(93, 2355)",1,1.01
"(9, 345)",1,1.01
"(438, 371)",1,1.01
"(1313, 560)",1,1.01
"(882, 2595)",1,1.01
"(4, 518)",1,1.01
"(44, 102)",1,1.01
"(869, 213)",1,1.01
"(1482, 203)",1,1.01
"(538, 135)",1,1.01
"(618, 2981)",1,1.01
"(1088, 153)",1,1.01
"(93, 1088)",1,1.01
"(88, 933)",1,1.01
"(190, 1629)",1,1.01
"(2954, 1489)",1,1.01
"(9, 2356)",1,1.01
"(750, 55)",1,1.01
"(90, 1782)",1,1.01
"(89, 1550)",1,1.01
"(101, 1505)",1,1.01
"(93, 1707)",1,1.01
"(271, 1078)",1,1.01
"(160, 271)",1,1.01
"(1858, 153)",1,1.01
"(420, 1858)",1,1.01
"(93, 2456)",1,1.01
"(804, 166)",1,1.01
"(136, 2758)",1,1.01
"(454, 710)",1,1.01
"(725, 1276)",1,1.01
"(2528, 489)",1,1.01
"(204, 240)",1,1.01
"(1815, 102)",1,1.01
"(1285, 959)",1,1.01
"(2823, 104)",1,1.01
"(101, 2823)",1,1.01
"(1626, 54)",1,1.01
"(1296, 106)",1,1.01
"(1538, 736)",1,1.01
"(89, 1538)",1,1.01
"(136, 354)",1,1.01
"(135, 1266)",1,1.01
"(396, 147)",1,1.01
"(10, 2061)",1,1.01
"(2549, 2842)",1,1.01
"(2475, 2549)",1,1.01
"(160, 2475)",1,1.01
"(198, 304)",1,1.01
"(730, 942)",1,1.01
"(73, 730)",1,1.01
"(1375, 98)",1,1.01
"(876, 2667)",1,1.01
"(751, 116)",1,1.01
"(1298, 149)",1,1.01
"(136, 1298)",1,1.01
"(767, 290)",1,1.01
"(819, 90)",1,1.01
"(90, 325)",1,1.01
"(93, 1771)",1,1.01
"(9, 2667)",1,1.01
"(54, 290)",1,1.01
"(894, 2156)",1,1.01
"(1346, 559)",1,1.01
"(519, 1346)",1,1.01
"(1802, 101)",1,1.01
"(252, 558)",1,1.01
"(71, 252)",1,1.01
"(2666, 1637)",1,1.01
"(379, 2664)",1,1.01
"(117, 237)",1,1.01
"(1346, 1320)",1,1.01
"(230, 90)",1,1.01
"(136, 1859)",1,1.01
"(767, 11)",1,1.01
"(300, 2515)",1,1.01
"(888, 101)",1,1.01
"(103, 2566)",1,1.01
"(54, 2458)",1,1.01
"(210, 94)",1,1.01
"(107, 210)",1,1.01
"(89, 61)",1,1.01
"(2458, 258)",1,1.01
"(160, 1320)",1,1.01
"(204, 982)",1,1.01
"(389, 204)",1,1.01
"(944, 380)",1,1.01
"(815, 127)",1,1.01
"(388, 815)",1,1.01
"(851, 388)",1,1.01
"(78, 2665)",1,1.01
"(1346, 127)",1,1.01
"(743, 618)",1,1.01
"(166, 976)",1,1.01
"(1692, 398)",1,1.01
"(258, 102)",1,1.01
"(394, 219)",1,1.01
"(1705, 127)",1,1.01
"(1607, 258)",1,1.01
"(90, 1607)",1,1.01
"(2104, 142)",1,1.01
"(2408, 832)",1,1.01
"(1637, 72)",1,1.01
"(234, 390)",1,1.01
"(128, 465)",1,1.01
"(2232, 72)",1,1.01
"(142, 2232)",1,1.01
"(179, 589)",1,1.01
"(2024, 72)",1,1.01
"(90, 2024)",1,1.01
"(836, 1073)",1,1.01
"(1345, 836)",1,1.01
"(177, 65)",1,1.01
"(1377, 348)",1,1.01
"(272, 609)",1,1.01
"(234, 267)",1,1.01
"(390, 2301)",1,1.01
"(586, 2698)",1,1.01
"(130, 2205)",1,1.01
"(2850, 166)",1,1.01
"(1646, 2850)",1,1.01
"(116, 1646)",1,1.01
"(1697, 116)",1,1.01
"(688, 101)",1,1.01
"(720, 359)",1,1.01
"(771, 93)",1,1.01
"(1233, 127)",1,1.01
"(793, 117)",1,1.01
"(166, 793)",1,1.01
"(317, 166)",1,1.01
"(768, 11)",1,1.01
"(204, 768)",1,1.01
"(2636, 2052)",1,1.01
"(2052, 2358)",1,1.01
"(2358, 193)",1,1.01
"(193, 2199)",1,1.01
"(1229, 1637)",1,1.01
"(10, 65)",1,1.01
"(430, 11)",1,1.01
"(1706, 315)",1,1.01
"(93, 1706)",1,1.01
"(2364, 93)",1,1.01
"(744, 1063)",1,1.01
"(974, 93)",1,1.01
"(2783, 147)",1,1.01
"(204, 2783)",1,1.01
"(423, 204)",1,1.01
"(167, 1974)",1,1.01
"(237, 347)",1,1.01
"(2522, 237)",1,1.01
"(199, 204)",1,1.01
"(220, 117)",1,1.01
"(406, 127)",1,1.01
"(2664, 11)",1,1.01
"(97, 846)",1,1.01
"(226, 2857)",1,1.01
"(1326, 237)",1,1.01
"(73, 1326)",1,1.01
"(846, 1050)",1,1.01
"(130, 1938)",1,1.01
"(284, 89)",1,1.01
"(204, 284)",1,1.01
"(2199, 437)",1,1.01
"(2366, 93)",1,1.01
"(522, 237)",1,1.01
"(2662, 673)",1,1.01
"(319, 1245)",1,1.01
"(1698, 153)",1,1.01
"(1508, 190)",1,1.01
"(2835, 67)",1,1.01
"(153, 1707)",1,1.01
"(152, 66)",1,1.01
"(216, 152)",1,1.01
"(1056, 216)",1,1.01
"(1277, 1056)",1,1.01
"(103, 1277)",1,1.01
"(10, 75)",1,1.01
"(90, 352)",1,1.01
"(1978, 190)",1,1.01
"(351, 1978)",1,1.01
"(1281, 56)",1,1.01
"(271, 139)",1,1.01
"(239, 1771)",1,1.01
"(295, 160)",1,1.01
"(392, 707)",1,1.01
"(833, 167)",1,1.01
"(227, 833)",1,1.01
"(297, 227)",1,1.01
"(519, 136)",1,1.01
"(98, 519)",1,1.01
"(2959, 72)",1,1.01
"(292, 2758)",1,1.01
"(1629, 292)",1,1.01
"(2205, 1629)",1,1.01
"(136, 319)",1,1.01
"(160, 1240)",1,1.01
"(10, 2662)",1,1.01
"(28, 2835)",1,1.01
"(10, 54)",1,1.01
"(163, 810)",1,1.01
"(794, 153)",1,1.01
"(390, 794)",1,1.01
"(1204, 390)",1,1.01
"(1078, 126)",1,1.01
"(901, 93)",1,1.01
"(464, 1369)",1,1.01
"(154, 464)",1,1.01
"(160, 567)",1,1.01
"(193, 160)",1,1.01
"(147, 2718)",1,1.01
"(1963, 147)",1,1.01
"(959, 2092)",1,1.01
"(1830, 959)",1,1.01
"(141, 2825)",1,1.01
"(94, 390)",1,1.01
"(1820, 94)",1,1.01
"(102, 1820)",1,1.01
"(310, 60)",1,1.01
"(197, 334)",1,1.01
"(2277, 197)",1,1.01
"(204, 601)",1,1.01
"(669, 977)",1,1.01
"(1144, 117)",1,1.01
"(1628, 584)",1,1.01
"(855, 700)",1,1.01
"(149, 2331)",1,1.01
"(183, 618)",1,1.01
"(89, 133)",1,1.01
"(555, 1601)",1,1.01
"(1930, 93)",1,1.01
"(2479, 3)",1,1.01
"(2750, 453)",1,1.01
"(394, 2750)",1,1.01
"(591, 394)",1,1.01
"(123, 591)",1,1.01
"(111, 123)",1,1.01
"(67, 111)",1,1.01
"(10, 625)",1,1.01
"(172, 10)",1,1.01
"(293, 56)",1,1.01
"(136, 529)",1,1.01
"(768, 142)",1,1.01
"(107, 388)",1,1.01
"(181, 2661)",1,1.01
"(103, 311)",1,1.01
"(101, 245)",1,1.01
"(1029, 1758)",1,1.01
"(502, 326)",1,1.01
"(907, 88)",1,1.01
"(360, 907)",1,1.01
"(93, 360)",1,1.01
"(1375, 1508)",1,1.01
"(394, 1375)",1,1.01
"(289, 394)",1,1.01
"(1264, 289)",1,1.01
"(2484, 268)",1,1.01
"(382, 832)",1,1.01
"(2264, 1084)",1,1.01
"(333, 227)",1,1.01
"(1857, 794)",1,1.01
"(794, 2104)",1,1.01
"(1462, 1847)",1,1.01
"(2467, 662)",1,1.01
"(528, 90)",1,1.01
"(208, 101)",1,1.01
"(149, 101)",1,1.01
"(54, 2200)",1,1.01
"(2076, 71)",1,1.01
"(10, 2076)",1,1.01
"(2899, 667)",1,1.01
"(475, 203)",1,1.01
"(453, 142)",1,1.01
"(819, 453)",1,1.01
"(188, 819)",1,1.01
"(1557, 2897)",1,1.01
"(241, 1557)",1,1.01
"(2208, 98)",1,1.01
"(894, 2208)",1,1.01
"(171, 894)",1,1.01
"(2068, 1879)",1,1.01
"(166, 2068)",1,1.01
"(927, 1255)",1,1.01
"(88, 412)",1,1.01
"(270, 2770)",1,1.01
"(2969, 134)",1,1.01
"(1597, 333)",1,1.01
"(644, 1597)",1,1.01
"(2104, 644)",1,1.01
"(2661, 89)",1,1.01
"(204, 2102)",1,1.01
"(116, 2661)",1,1.01
"(10, 1863)",1,1.01
"(2949, 242)",1,1.01
"(93, 2949)",1,1.01
"(775, 93)",1,1.01
"(198, 775)",1,1.01
"(2613, 166)",1,1.01
"(193, 2613)",1,1.01
"(252, 193)",1,1.01
"(531, 860)",1,1.01
"(198, 160)",1,1.01
"(1378, 101)",1,1.01
"(178, 93)",1,1.01
"(945, 125)",1,1.01
"(1863, 945)",1,1.01
"(26, 377)",1,1.01
"(201, 406)",1,1.01
"(58, 252)",1,1.01
"(190, 376)",1,1.01
"(1859, 147)",1,1.01
"(116, 1859)",1,1.01
"(434, 127)",1,1.01
"(153, 1050)",1,1.01
"(894, 2664)",1,1.01
"(2395, 972)",1,1.01
"(1835, 89)",1,1.01
"(2990, 2500)",1,1.01
"(289, 2990)",1,1.01
"(2747, 371)",1,1.01
"(98, 2747)",1,1.01
"(133, 258)",1,1.01
"(397, 132)",1,1.01
"(132, 136)",1,1.01
"(268, 2270)",1,1.01
"(300, 1629)",1,1.01
"(163, 300)",1,1.01
"(7, 191)",1,1.01
"(72, 7)",1,1.01
"(203, 2081)",1,1.01
"(869, 203)",1,1.01
"(29, 141)",1,1.01
"(237, 142)",1,1.01
"(120, 2461)",1,1.01
"(547, 670)",1,1.01
"(382, 153)",1,1.01
"(356, 26)",1,1.01
"(136, 1333)",1,1.01
"(1573, 9)",1,1.01
"(1375, 1573)",1,1.01
"(114, 1375)",1,1.01
"(857, 451)",1,1.01
"(1969, 101)",1,1.01
"(1427, 1969)",1,1.01
"(91, 33)",1,1.01
"(1000, 443)",1,1.01
"(116, 1000)",1,1.01
"(114, 24)",1,1.01
"(518, 547)",1,1.01
"(1554, 166)",1,1.01
"(397, 229)",1,1.01
"(968, 397)",1,1.01
"(289, 1920)",1,1.01
"(1920, 1124)",1,1.01
"(1124, 54)",1,1.01
"(775, 972)",1,1.01
"(918, 376)",1,1.01
"(1147, 350)",1,1.01
"(48, 1311)",1,1.01
"(30, 1601)",1,1.01
"(72, 786)",1,1.01
"(195, 891)",1,1.01
"(2009, 195)",1,1.01
"(88, 2009)",1,1.01
"(66, 1838)",1,1.01
"(636, 421)",1,1.01
"(407, 636)",1,1.01
"(263, 1036)",1,1.01
"(1281, 462)",1,1.01
"(303, 775)",1,1.01
"(1198, 422)",1,1.01
"(495, 303)",1,1.01
"(1601, 43)",1,1.01
"(395, 2600)",1,1.01
"(103, 1274)",1,1.01
"(1001, 103)",1,1.01
"(240, 1001)",1,1.01
"(2902, 421)",1,1.01
"(1036, 89)",1,1.01
"(37, 28)",1,1.01
"(2479, 42)",1,1.01
"(990, 89)",1,1.01
"(4, 2573)",1,1.01
"(203, 114)",1,1.01
"(104, 2831)",1,1.01
"(1640, 11)",1,1.01
"(787, 2462)",1,1.01
"(2462, 731)",1,1.01
"(97, 858)",1,1.01
"(1597, 345)",1,1.01
"(2504, 142)",1,1.01
"(2467, 59)",1,1.01
"(2265, 90)",1,1.01
"(102, 2265)",1,1.01
"(315, 117)",1,1.01
"(668, 492)",1,1.01
"(470, 2508)",1,1.01
"(2467, 56)",1,1.01
"(135, 2467)",1,1.01
"(455, 147)",1,1.01
"(94, 437)",1,1.01
"(2369, 94)",1,1.01
"(197, 2369)",1,1.01
"(669, 270)",1,1.01
"(10, 669)",1,1.01
"(475, 10)",1,1.01
"(743, 237)",1,1.01
"(241, 56)",1,1.01
"(1015, 89)",1,1.01
"(66, 1015)",1,1.01
"(302, 2067)",1,1.01
"(1036, 302)",1,1.01
"(2489, 72)",1,1.01
"(188, 2489)",1,1.01
"(199, 142)",1,1.01
"(191, 949)",1,1.01
"(241, 1546)",1,1.01
"(2891, 241)",1,1.01
"(4, 289)",1,1.01
"(2632, 11)",1,1.01
"(135, 2632)",1,1.01
"(2620, 89)",1,1.01
"(218, 1252)",1,1.01
"(113, 2371)",1,1.01
"(890, 113)",1,1.01
"(296, 890)",1,1.01
"(239, 2737)",1,1.01
"(135, 1921)",1,1.01
"(1672, 203)",1,1.01
"(97, 1672)",1,1.01
"(113, 97)",1,1.01
"(528, 113)",1,1.01
"(983, 97)",1,1.01
"(117, 492)",1,1.01
"(99, 394)",1,1.01
"(272, 167)",1,1.01
"(1760, 34)",1,1.01
"(1478, 1760)",1,1.01
"(276, 56)",1,1.01
"(105, 10)",1,1.01
"(2094, 89)",1,1.01
"(94, 132)",1,1.01
"(1800, 94)",1,1.01
"(108, 149)",1,1.01
"(2680, 263)",1,1.01
"(101, 2680)",1,1.01
"(30, 44)",1,1.01
"(101, 1118)",1,1.01
"(30, 50)",1,1.01
"(1118, 89)",1,1.01
"(50, 2294)",1,1.01
"(1183, 11)",1,1.01
"(2294, 1415)",1,1.01
"(2505, 72)",1,1.01
"(147, 326)",1,1.01
"(736, 147)",1,1.01
"(195, 736)",1,1.01
"(1455, 745)",1,1.01
"(39, 1455)",1,1.01
"(341, 343)",1,1.01
"(144, 149)",1,1.01
"(317, 144)",1,1.01
"(495, 25)",1,1.01
"(6, 2370)",1,1.01
"(629, 89)",1,1.01
"(253, 629)",1,1.01
"(420, 253)",1,1.01
"(1305, 421)",1,1.01
"(591, 350)",1,1.01
"(6, 188)",1,1.01
"(47, 106)",1,1.01
"(1709, 421)",1,1.01
"(134, 1709)",1,1.01
"(867, 201)",1,1.01
"(460, 89)",1,1.01
"(440, 421)",1,1.01
"(6, 134)",1,1.01
"(371, 153)",1,1.01
"(61, 147)",1,1.01
"(103, 1011)",1,1.01
"(97, 1528)",1,1.01
"(1925, 98)",1,1.01
"(116, 1925)",1,1.01
"(2459, 9)",1,1.01
"(312, 2459)",1,1.01
"(147, 363)",1,1.01
"(464, 1107)",1,1.01
"(1234, 428)",1,1.01
"(1107, 258)",1,1.01
"(2888, 530)",1,1.01
"(2309, 9)",1,1.01
"(77, 2309)",1,1.01
"(744, 218)",1,1.01
"(129, 744)",1,1.01
"(306, 97)",1,1.01
"(1615, 102)",1,1.01
"(198, 67)",1,1.01
"(740, 707)",1,1.01
"(481, 2500)",1,1.01
"(127, 444)",1,1.01
"(502, 1509)",1,1.01
"(1922, 502)",1,1.01
"(464, 1922)",1,1.01
"(118, 464)",1,1.01
"(534, 118)",1,1.01
"(91, 534)",1,1.01
"(489, 91)",1,1.01
"(103, 138)",1,1.01
"(2688, 103)",1,1.01
"(109, 322)",1,1.01
"(88, 2867)",1,1.01
"(2867, 101)",1,1.01
"(762, 237)",1,1.01
"(204, 884)",1,1.01
"(1853, 203)",1,1.01
"(191, 1853)",1,1.01
"(486, 1052)",1,1.01
"(1559, 486)",1,1.01
"(127, 2556)",1,1.01
"(894, 59)",1,1.01
"(293, 1329)",1,1.01
"(2512, 584)",1,1.01
"(292, 147)",1,1.01
"(2027, 396)",1,1.01
"(129, 2027)",1,1.01
"(519, 1663)",1,1.01
"(2565, 89)",1,1.01
"(129, 2565)",1,1.01
"(252, 73)",1,1.01
"(524, 738)",1,1.01
"(2605, 524)",1,1.01
"(272, 2605)",1,1.01
"(519, 272)",1,1.01
"(112, 519)",1,1.01
"(95, 1932)",1,1.01
"(96, 601)",1,1.01
"(2885, 96)",1,1.01
"(330, 2885)",1,1.01
"(218, 330)",1,1.01
"(552, 218)",1,1.01
"(93, 2688)",1,1.01
"(2535, 178)",1,1.01
"(101, 2535)",1,1.01
"(2549, 1967)",1,1.01
"(399, 191)",1,1.01
"(312, 399)",1,1.01
"(224, 10)",1,1.01
"(75, 830)",1,1.01
"(54, 75)",1,1.01
"(397, 1296)",1,1.01
"(1596, 920)",1,1.01
"(300, 1596)",1,1.01
"(1214, 171)",1,1.01
"(99, 416)",1,1.01
"(191, 131)",1,1.01
"(920, 191)",1,1.01
"(876, 920)",1,1.01
"(728, 840)",1,1.01
"(2957, 1144)",1,1.01
"(2307, 2957)",1,1.01
"(354, 2307)",1,1.01
"(477, 354)",1,1.01
"(326, 477)",1,1.01
"(114, 2356)",1,1.01
"(109, 1298)",1,1.01
"(665, 672)",1,1.01
"(755, 315)",1,1.01
"(109, 755)",1,1.01
"(2035, 93)",1,1.01
"(422, 1587)",1,1.01
"(2661, 422)",1,1.01
"(54, 2549)",1,1.01
"(416, 1671)",1,1.01
"(313, 492)",1,1.01
"(1671, 102)",1,1.01
"(254, 313)",1,1.01
"(290, 429)",1,1.01
"(462, 290)",1,1.01
"(335, 462)",1,1.01
"(103, 193)",1,1.01
"(383, 1169)",1,1.01
"(172, 383)",1,1.01
"(1297, 78)",1,1.01
"(9, 178)",1,1.01
"(290, 69)",1,1.01
"(1234, 290)",1,1.01
"(2823, 605)",1,1.01
"(9, 2823)",1,1.01
"(300, 651)",1,1.01
"(2664, 314)",1,1.01
"(1014, 2857)",1,1.01
"(312, 11)",1,1.01
"(9, 2711)",1,1.01
"(312, 101)",1,1.01
"(1996, 388)",1,1.01
"(358, 1996)",1,1.01
"(522, 114)",1,1.01
"(470, 724)",1,1.01
"(127, 2852)",1,1.01
"(1554, 101)",1,1.01
"(171, 57)",1,1.01
"(392, 171)",1,1.01
"(884, 1615)",1,1.01
"(449, 598)",1,1.01
"(2635, 103)",1,1.01
"(206, 290)",1,1.01
"(116, 441)",1,1.01
"(102, 116)",1,1.01
"(104, 138)",1,1.01
"(2103, 104)",1,1.01
"(46, 72)",1,1.01
"(190, 87)",1,1.01
"(1949, 102)",1,1.01
"(116, 1949)",1,1.01
"(1540, 88)",1,1.01
"(252, 1540)",1,1.01
"(93, 1304)",1,1.01
"(596, 93)",1,1.01
"(372, 768)",1,1.01
"(446, 166)",1,1.01
"(88, 2947)",1,1.01
"(1272, 446)",1,1.01
"(547, 1272)",1,1.01
"(171, 547)",1,1.01
"(802, 290)",1,1.01
"(225, 153)",1,1.01
"(420, 560)",1,1.01
"(959, 252)",1,1.01
"(23, 141)",1,1.01
"(1910, 23)",1,1.01
"(806, 1910)",1,1.01
"(99, 806)",1,1.01
"(1068, 116)",1,1.01
"(1204, 1068)",1,1.01
"(441, 2328)",1,1.01
"(215, 46)",1,1.01
"(547, 768)",1,1.01
"(160, 1745)",1,1.01
"(860, 43)",1,1.01
"(255, 2398)",1,1.01
"(260, 255)",1,1.01
"(87, 260)",1,1.01
"(434, 142)",1,1.01
"(58, 434)",1,1.01
"(1218, 58)",1,1.01
"(117, 1218)",1,1.01
"(135, 2954)",1,1.01
"(1158, 96)",1,1.01
"(615, 1158)",1,1.01
"(554, 76)",1,1.01
"(1400, 1976)",1,1.01
"(353, 38)",1,1.01
"(2686, 9)",1,1.01
"(89, 274)",1,1.01
"(720, 662)",1,1.01
"(1745, 172)",1,1.01
"(1032, 1745)",1,1.01
"(9, 600)",1,1.01
"(111, 204)",1,1.01
"(2774, 111)",1,1.01
"(252, 2060)",1,1.01
"(172, 130)",1,1.01
"(9, 1699)",1,1.01
"(193, 90)",1,1.01
"(1745, 237)",1,1.01
"(2696, 11)",1,1.01
"(89, 2696)",1,1.01
"(1198, 136)",1,1.01
"(450, 1483)",1,1.01
"(594, 710)",1,1.01
"(942, 1205)",1,1.01
"(607, 1192)",1,1.01
"(108, 145)",1,1.01
"(2903, 108)",1,1.01
"(876, 2903)",1,1.01
"(116, 88)",1,1.01
"(147, 739)",1,1.01
"(2741, 147)",1,1.01
"(944, 93)",1,1.01
"(103, 2064)",1,1.01
"(475, 72)",1,1.01
"(293, 936)",1,1.01
"(725, 293)",1,1.01
"(104, 725)",1,1.01
"(1205, 9)",1,1.01
"(55, 470)",1,1.01
"(942, 55)",1,1.01
"(177, 58)",1,1.01
"(2655, 177)",1,1.01
"(93, 1663)",1,1.01
"(172, 894)",1,1.01
"(2735, 59)",1,1.01
"(172, 2735)",1,1.01
"(65, 172)",1,1.01
"(160, 1484)",1,1.01
"(1510, 160)",1,1.01
"(1400, 24)",1,1.01
"(1483, 9)",1,1.01
"(166, 1198)",1,1.01
"(397, 254)",1,1.01
"(256, 142)",1,1.01
"(163, 401)",1,1.01
"(1309, 106)",1,1.01
"(1109, 1309)",1,1.01
"(213, 1013)",1,1.01
"(985, 103)",1,1.01
"(93, 475)",1,1.01
"(1649, 330)",1,1.01
"(268, 1026)",1,1.01
"(302, 2213)",1,1.01
"(93, 1305)",1,1.01
"(519, 2909)",1,1.01
"(1305, 519)",1,1.01
"(281, 998)",1,1.01
"(2666, 330)",1,1.01
"(1948, 96)",1,1.01
"(560, 195)",1,1.01
"(258, 89)",1,1.01
"(2949, 258)",1,1.01
"(281, 2949)",1,1.01
"(2089, 281)",1,1.01
"(188, 2089)",1,1.01
"(852, 93)",1,1.01
"(1167, 108)",1,1.01
"(280, 1167)",1,1.01
"(651, 258)",1,1.01
"(665, 556)",1,1.01
"(1136, 88)",1,1.01
"(2556, 203)",1,1.01
"(160, 2556)",1,1.01
"(343, 2458)",1,1.01
"(1159, 238)",1,1.01
"(353, 1159)",1,1.01
"(1824, 11)",1,1.01
"(130, 1824)",1,1.01
"(626, 584)",1,1.01
"(457, 284)",1,1.01
"(234, 437)",1,1.01
"(647, 54)",1,1.01
"(1607, 34)",1,1.01
"(420, 323)",1,1.01
"(1912, 93)",1,1.01
"(1581, 103)",1,1.01
"(307, 1581)",1,1.01
"(2662, 2483)",1,1.01
"(312, 172)",1,1.01
"(2491, 9)",1,1.01
"(147, 2491)",1,1.01
"(113, 1701)",1,1.01
"(1548, 113)",1,1.01
"(1059, 1548)",1,1.01
"(1231, 1059)",1,1.01
"(300, 1231)",1,1.01
"(414, 1469)",1,1.01
"(2509, 1391)",1,1.01
"(390, 2509)",1,1.01
"(2509, 390)",1,1.01
"(449, 2509)",1,1.01
"(2544, 9)",1,1.01
"(88, 1997)",1,1.01
"(1997, 136)",1,1.01
"(959, 219)",1,1.01
"(99, 128)",1,1.01
"(114, 465)",1,1.01
"(99, 832)",1,1.01
"(2102, 1427)",1,1.01
"(1497, 457)",1,1.01
"(2066, 89)",1,1.01
"(876, 365)",1,1.01
"(147, 876)",1,1.01
"(1099, 88)",1,1.01
"(69, 524)",1,1.01
"(1247, 166)",1,1.01
"(1082, 1247)",1,1.01
"(116, 1082)",1,1.01
"(274, 2916)",1,1.01
"(54, 2430)",1,1.01
"(1427, 111)",1,1.01
"(272, 390)",1,1.01
"(296, 584)",1,1.01
"(129, 292)",1,1.01
"(1017, 129)",1,1.01
"(272, 1017)",1,1.01
"(1705, 11)",1,1.01
"(415, 286)",1,1.01
"(171, 415)",1,1.01
"(136, 1695)",1,1.01
"(1390, 132)",1,1.01
"(247, 572)",1,1.01
"(128, 768)",1,1.01
"(379, 2544)",1,1.01
"(204, 312)",1,1.01
"(233, 160)",1,1.01
"(1364, 469)",1,1.01
"(93, 791)",1,1.01
"(104, 1524)",1,1.01
"(105, 2190)",1,1.01
"(1028, 1662)",1,1.01
"(166, 800)",1,1.01
"(102, 825)",1,1.01
"(243, 93)",1,1.01
"(234, 93)",1,1.01
"(6, 2943)",1,1.01
"(203, 2576)",1,1.01
"(72, 1554)",1,1.01
"(2685, 6)",1,1.01
"(469, 2685)",1,1.01
"(116, 147)",1,1.01
"(572, 204)",1,1.01
"(1465, 290)",1,1.01
"(102, 1465)",1,1.01
"(2067, 103)",1,1.01
"(160, 126)",1,1.01
"(761, 470)",1,1.01
"(2045, 101)",1,1.01
"(54, 2045)",1,1.01
"(921, 388)",1,1.01
"(432, 444)",1,1.01
"(204, 1728)",1,1.01
"(388, 161)",1,1.01
"(523, 715)",1,1.01
"(1056, 371)",1,1.01
"(791, 54)",1,1.01
"(54, 1038)",1,1.01
"(371, 1695)",1,1.01
"(55, 162)",1,1.01
"(133, 717)",1,1.01
"(193, 242)",1,1.01
"(9, 2311)",1,1.01
"(93, 1509)",1,1.01
"(2413, 1423)",1,1.01
"(205, 2413)",1,1.01
"(147, 205)",1,1.01
"(1703, 147)",1,1.01
"(1765, 264)",1,1.01
"(88, 1765)",1,1.01
"(1315, 72)",1,1.01
"(98, 1315)",1,1.01
"(1746, 98)",1,1.01
"(1962, 160)",1,1.01
"(204, 316)",1,1.01
"(101, 1234)",1,1.01
"(836, 101)",1,1.01
"(160, 836)",1,1.01
"(2891, 1052)",1,1.01
"(300, 55)",1,1.01
"(450, 171)",1,1.01
"(1076, 193)",1,1.01
"(335, 1076)",1,1.01
"(1319, 62)",1,1.01
"(54, 1319)",1,1.01
"(1597, 1084)",1,1.01
"(2564, 9)",1,1.01
"(543, 11)",1,1.01
"(1345, 1276)",1,1.01
"(454, 216)",1,1.01
"(470, 1966)",1,1.01
"(1835, 9)",1,1.01
"(1537, 135)",1,1.01
"(2409, 101)",1,1.01
"(312, 2409)",1,1.01
"(10, 2443)",1,1.01
"(464, 1493)",1,1.01
"(1125, 464)",1,1.01
"(101, 1125)",1,1.01
"(1688, 2544)",1,1.01
"(204, 1688)",1,1.01
"(390, 204)",1,1.01
"(2777, 390)",1,1.01
"(2890, 2777)",1,1.01
"(204, 2852)",1,1.01
"(544, 72)",1,1.01
"(733, 89)",1,1.01
"(550, 1048)",1,1.01
"(449, 166)",1,1.01
"(2896, 437)",1,1.01
"(132, 2896)",1,1.01
"(1695, 453)",1,1.01
"(1052, 1695)",1,1.01
"(2443, 1309)",1,1.01
"(375, 2413)",1,1.01
"(44, 375)",1,1.01
"(1309, 127)",1,1.01
"(88, 1210)",1,1.01
"(88, 2389)",1,1.01
"(88, 1954)",1,1.01
"(101, 265)",1,1.01
"(10, 74)",1,1.01
"(2410, 93)",1,1.01
"(2344, 93)",1,1.01
"(477, 103)",1,1.01
"(1339, 477)",1,1.01
"(774, 9)",1,1.01
"(1757, 404)",1,1.01
"(335, 1048)",1,1.01
"(381, 1081)",1,1.01
"(438, 89)",1,1.01
"(1746, 2852)",1,1.01
"(102, 1634)",1,1.01
"(836, 102)",1,1.01
"(282, 836)",1,1.01
"(252, 88)",1,1.01
"(31, 129)",1,1.01
"(1779, 577)",1,1.01
"(68, 1779)",1,1.01
"(135, 132)",1,1.01
"(133, 135)",1,1.01
"(558, 242)",1,1.01
"(10, 1280)",1,1.01
"(838, 93)",1,1.01
"(382, 310)",1,1.01
"(1187, 127)",1,1.01
"(1369, 1187)",1,1.01
"(114, 1369)",1,1.01
"(118, 1316)",1,1.01
"(88, 368)",1,1.01
"(747, 310)",1,1.01
"(436, 89)",1,1.01
"(72, 2616)",1,1.01
"(2543, 166)",1,1.01
"(1971, 630)",1,1.01
"(1588, 103)",1,1.01
"(93, 1588)",1,1.01
"(603, 72)",1,1.01
"(166, 71)",1,1.01
"(473, 129)",1,1.01
"(1943, 169)",1,1.01
"(364, 1023)",1,1.01
"(209, 660)",1,1.01
"(2874, 113)",1,1.01
"(1249, 93)",1,1.01
"(254, 1249)",1,1.01
"(924, 381)",1,1.01
"(172, 924)",1,1.01
"(545, 598)",1,1.01
"(2797, 1128)",1,1.01
"(2520, 88)",1,1.01
"(163, 112)",1,1.01
"(1597, 163)",1,1.01
"(930, 135)",1,1.01
"(951, 252)",1,1.01
"(1527, 102)",1,1.01
"(1095, 523)",1,1.01
"(190, 2161)",1,1.01
"(457, 11)",1,1.01
"(2261, 258)",1,1.01
"(777, 2261)",1,1.01
"(160, 457)",1,1.01
"(91, 2874)",1,1.01
"(1438, 103)",1,1.01
"(550, 2066)",1,1.01
"(239, 1438)",1,1.01
"(88, 2460)",1,1.01
"(603, 116)",1,1.01
"(1308, 444)",1,1.01
"(213, 590)",1,1.01
"(427, 98)",1,1.01
"(188, 1189)",1,1.01
"(117, 1930)",1,1.01
"(94, 464)",1,1.01
"(117, 2237)",1,1.01
"(697, 89)",1,1.01
"(371, 697)",1,1.01
"(2311, 127)",1,1.01
"(296, 94)",1,1.01
"(1032, 93)",1,1.01
"(204, 493)",1,1.01
"(132, 1649)",1,1.01
"(71, 132)",1,1.01
"(129, 71)",1,1.01
"(132, 335)",1,1.01
"(160, 60)",1,1.01
"(97, 2085)",1,1.01
"(2616, 153)",1,1.01
"(211, 844)",1,1.01
"(2085, 203)",1,1.01
"(58, 1316)",1,1.01
"(2066, 389)",1,1.01
"(93, 1056)",1,1.01
"(1222, 102)",1,1.01
"(1913, 1084)",1,1.01
"(573, 57)",1,1.01
"(161, 160)",1,1.01
"(2272, 397)",1,1.01
"(10, 2272)",1,1.01
"(141, 2312)",1,1.01
"(2317, 332)",1,1.01
"(1789, 254)",1,1.01
"(404, 1789)",1,1.01
"(54, 2803)",1,1.01
"(295, 1159)",1,1.01
"(59, 295)",1,1.01
"(130, 59)",1,1.01
"(1452, 130)",1,1.01
"(57, 1452)",1,1.01
"(2869, 93)",1,1.01
"(71, 626)",1,1.01
"(2474, 2869)",1,1.01
"(1730, 700)",1,1.01
"(11, 1730)",1,1.01
"(894, 784)",1,1.01
"(147, 894)",1,1.01
"(434, 147)",1,1.01
"(1283, 93)",1,1.01
"(169, 1283)",1,1.01
"(232, 169)",1,1.01
"(255, 2428)",1,1.01
"(88, 1524)",1,1.01
"(1538, 161)",1,1.01
"(117, 1538)",1,1.01
"(56, 614)",1,1.01
"(614, 2343)",1,1.01
"(626, 142)",1,1.01
"(9, 876)",1,1.01
"(205, 167)",1,1.01
"(147, 1733)",1,1.01
"(377, 1210)",1,1.01
"(2777, 437)",1,1.01
"(423, 2777)",1,1.01
"(772, 161)",1,1.01
"(154, 1257)",1,1.01
"(219, 666)",1,1.01
"(333, 3)",1,1.01
"(1106, 102)",1,1.01
"(225, 1106)",1,1.01
"(585, 383)",1,1.01
"(954, 585)",1,1.01
"(191, 954)",1,1.01
"(2103, 9)",1,1.01
"(78, 2103)",1,1.01
"(228, 98)",1,1.01
"(690, 228)",1,1.01
"(703, 101)",1,1.01
"(1398, 703)",1,1.01
"(2090, 1398)",1,1.01
"(1651, 2090)",1,1.01
"(2193, 651)",1,1.01
"(300, 2193)",1,1.01
"(894, 151)",1,1.01
"(9, 894)",1,1.01
"(876, 73)",1,1.01
"(2508, 88)",1,1.01
"(394, 2508)",1,1.01
"(153, 2650)",1,1.01
"(170, 120)",1,1.01
"(300, 852)",1,1.01
"(431, 54)",1,1.01
"(582, 1096)",1,1.01
"(442, 582)",1,1.01
"(557, 11)",1,1.01
"(2928, 9)",1,1.01
"(11, 201)",1,1.01
"(289, 430)",1,1.01
"(101, 2554)",1,1.01
"(2010, 363)",1,1.01
"(1163, 994)",1,1.01
"(446, 1163)",1,1.01
"(351, 95)",1,1.01
"(129, 351)",1,1.01
"(1717, 129)",1,1.01
"(171, 1717)",1,1.01
"(343, 1882)",1,1.01
"(444, 167)",1,1.01
"(2292, 89)",1,1.01
"(102, 2091)",1,1.01
"(130, 191)",1,1.01
"(149, 238)",1,1.01
"(1784, 9)",1,1.01
"(131, 319)",1,1.01
"(92, 131)",1,1.01
"(67, 69)",1,1.01
"(133, 423)",1,1.01
"(852, 170)",1,1.01
"(120, 72)",1,1.01
"(449, 153)",1,1.01
"(132, 2675)",1,1.01
"(1257, 449)",1,1.01
"(426, 666)",1,1.01
"(543, 426)",1,1.01
"(191, 149)",1,1.01
"(847, 1732)",1,1.01
"(93, 1629)",1,1.01
"(1052, 453)",1,1.01
"(132, 2042)",1,1.01
"(2451, 132)",1,1.01
"(136, 2451)",1,1.01
"(1402, 136)",1,1.01
"(166, 1402)",1,1.01
"(2771, 93)",1,1.01
"(136, 1000)",1,1.01
"(556, 313)",1,1.01
"(300, 1035)",1,1.01
"(1479, 98)",1,1.01
"(149, 1479)",1,1.01
"(1996, 191)",1,1.01
"(245, 258)",1,1.01
"(252, 446)",1,1.01
"(1573, 1369)",1,1.01
"(218, 1573)",1,1.01
"(223, 72)",1,1.01
"(511, 270)",1,1.01
"(383, 511)",1,1.01
"(2675, 102)",1,1.01
"(293, 1171)",1,1.01
"(626, 2826)",1,1.01
"(157, 1913)",1,1.01
"(288, 1028)",1,1.01
"(101, 1465)",1,1.01
"(54, 238)",1,1.01
"(131, 203)",1,1.01
"(515, 1425)",1,1.01
"(509, 515)",1,1.01
"(404, 106)",1,1.01
"(1379, 404)",1,1.01
"(2551, 3)",1,1.01
"(1586, 102)",1,1.01
"(188, 1586)",1,1.01
"(754, 191)",1,1.01
"(2464, 88)",1,1.01
"(354, 171)",1,1.01
"(420, 288)",1,1.01
"(2826, 539)",1,1.01
"(260, 1644)",1,1.01
"(2367, 181)",1,1.01
"(343, 1814)",1,1.01
"(54, 38)",1,1.01
"(166, 1954)",1,1.01
"(136, 1631)",1,1.01
"(139, 93)",1,1.01
"(202, 139)",1,1.01
"(117, 202)",1,1.01
"(743, 117)",1,1.01
"(2471, 166)",1,1.01
"(354, 2471)",1,1.01
"(706, 485)",1,1.01
"(1465, 23)",1,1.01
"(23, 1516)",1,1.01
"(2771, 136)",1,1.01
"(1995, 142)",1,1.01
"(326, 157)",1,1.01
"(293, 326)",1,1.01
"(2341, 161)",1,1.01
"(153, 2341)",1,1.01
"(1379, 153)",1,1.01
"(160, 618)",1,1.01
"(2751, 1136)",1,1.01
"(2335, 422)",1,1.01
"(119, 1500)",1,1.01
"(823, 142)",1,1.01
"(93, 539)",1,1.01
"(161, 72)",1,1.01
"(26, 2803)",1,1.01
"(166, 2174)",1,1.01
"(991, 292)",1,1.01
"(882, 991)",1,1.01
"(102, 1995)",1,1.01
"(104, 1407)",1,1.01
"(922, 104)",1,1.01
"(268, 922)",1,1.01
"(2364, 203)",1,1.01
"(101, 2364)",1,1.01
"(2225, 131)",1,1.01
"(2276, 2225)",1,1.01
"(475, 237)",1,1.01
"(921, 2470)",1,1.01
"(91, 89)",1,1.01
"(1298, 219)",1,1.01
"(876, 1052)",1,1.01
"(144, 180)",1,1.01
"(26, 2276)",1,1.01
"(117, 820)",1,1.01
"(571, 62)",1,1.01
"(41, 571)",1,1.01
"(139, 349)",1,1.01
"(204, 1466)",1,1.01
"(9, 2066)",1,1.01
"(2887, 172)",1,1.01
"(136, 2887)",1,1.01
"(154, 1560)",1,1.01
"(293, 623)",1,1.01
"(973, 539)",1,1.01
"(69, 973)",1,1.01
"(876, 59)",1,1.01
"(93, 876)",1,1.01
"(276, 1038)",1,1.01
"(2448, 10)",1,1.01
"(2521, 54)",1,1.01
"(1009, 1300)",1,1.01
"(145, 885)",1,1.01
"(1052, 76)",1,1.01
"(630, 171)",1,1.01
"(429, 11)",1,1.01
"(820, 147)",1,1.01
"(271, 1627)",1,1.01
"(89, 261)",1,1.01
"(2126, 89)",1,1.01
"(539, 9)",1,1.01
"(172, 3)",1,1.01
"(2276, 10)",1,1.01
"(221, 144)",1,1.01
"(556, 2863)",1,1.01
"(38, 98)",1,1.01
"(466, 93)",1,1.01
"(1230, 98)",1,1.01
"(1319, 944)",1,1.01
"(127, 1266)",1,1.01
"(89, 1256)",1,1.01
"(2196, 453)",1,1.01
"(1804, 213)",1,1.01
"(99, 179)",1,1.01
"(550, 2158)",1,1.01
"(306, 1809)",1,1.01
"(470, 132)",1,1.01
"(166, 2852)",1,1.01
"(1903, 101)",1,1.01
"(88, 1903)",1,1.01
"(1441, 9)",1,1.01
"(697, 555)",1,1.01
"(2325, 870)",1,1.01
"(1961, 2325)",1,1.01
"(132, 79)",1,1.01
"(1585, 416)",1,1.01
"(201, 216)",1,1.01
"(1243, 3)",1,1.01
"(533, 34)",1,1.01
"(656, 523)",1,1.01
"(172, 555)",1,1.01
"(2863, 62)",1,1.01
"(764, 98)",1,1.01
"(98, 1128)",1,1.01
"(252, 1757)",1,1.01
"(60, 204)",1,1.01
"(522, 1128)",1,1.01
"(754, 88)",1,1.01
"(239, 743)",1,1.01
"(1336, 66)",1,1.01
"(9, 768)",1,1.01
"(840, 114)",1,1.01
"(442, 840)",1,1.01
"(153, 1178)",1,1.01
"(166, 2259)",1,1.01
"(2546, 166)",1,1.01
"(237, 2546)",1,1.01
"(116, 1848)",1,1.01
"(1984, 292)",1,1.01
"(2415, 1317)",1,1.01
"(379, 30)",1,1.01
"(353, 600)",1,1.01
"(227, 213)",1,1.01
"(959, 227)",1,1.01
"(129, 2188)",1,1.01
"(2210, 129)",1,1.01
"(1138, 136)",1,1.01
"(88, 1138)",1,1.01
"(251, 277)",1,1.01
"(1568, 251)",1,1.01
"(684, 1568)",1,1.01
"(2598, 313)",1,1.01
"(88, 2598)",1,1.01
"(2357, 88)",1,1.01
"(1404, 160)",1,1.01
"(939, 7)",1,1.01
"(7, 204)",1,1.01
"(204, 563)",1,1.01
"(2131, 1255)",1,1.01
"(538, 203)",1,1.01
"(706, 475)",1,1.01
"(78, 499)",1,1.01
"(89, 30)",1,1.01
"(312, 109)",1,1.01
"(1241, 312)",1,1.01
"(2015, 1241)",1,1.01
"(88, 2015)",1,1.01
"(65, 94)",1,1.01
"(27, 187)",1,1.01
"(89, 27)",1,1.01
"(1263, 72)",1,1.01
"(35, 1263)",1,1.01
"(1319, 133)",1,1.01
"(430, 9)",1,1.01
"(195, 9)",1,1.01
"(204, 1775)",1,1.01
"(1654, 389)",1,1.01
"(111, 1654)",1,1.01
"(623, 494)",1,1.01
"(1367, 101)",1,1.01
"(795, 89)",1,1.01
"(93, 354)",1,1.01
"(1078, 8)",1,1.01
"(160, 1078)",1,1.01
"(173, 645)",1,1.01
"(2366, 136)",1,1.01
"(135, 2366)",1,1.01
"(1806, 147)",1,1.01
"(894, 1368)",1,1.01
"(870, 237)",1,1.01
"(818, 1319)",1,1.01
"(2364, 554)",1,1.01
"(1869, 1775)",1,1.01
"(1911, 874)",1,1.01
"(88, 1911)",1,1.01
"(9, 1717)",1,1.01
"(195, 1004)",1,1.01
"(88, 1778)",1,1.01
"(1778, 58)",1,1.01
"(141, 2500)",1,1.01
"(2102, 109)",1,1.01
"(979, 577)",1,1.01
"(1348, 653)",1,1.01
"(653, 767)",1,1.01
"(9, 937)",1,1.01
"(1375, 9)",1,1.01
"(767, 101)",1,1.01
"(443, 2278)",1,1.01
"(263, 443)",1,1.01
"(2224, 9)",1,1.01
"(178, 937)",1,1.01
"(749, 178)",1,1.01
"(116, 749)",1,1.01
"(1634, 9)",1,1.01
"(797, 1839)",1,1.01
"(128, 797)",1,1.01
"(166, 894)",1,1.01
"(304, 116)",1,1.01
"(93, 1816)",1,1.01
"(136, 793)",1,1.01
"(72, 1397)",1,1.01
"(1538, 58)",1,1.01
"(96, 1538)",1,1.01
"(93, 959)",1,1.01
"(1063, 1128)",1,1.01
"(1909, 231)",1,1.01
"(114, 1847)",1,1.01
"(1138, 237)",1,1.01
"(54, 1138)",1,1.01
"(522, 161)",1,1.01
"(161, 376)",1,1.01
"(72, 907)",1,1.01
"(2510, 226)",1,1.01
"(1324, 2053)",1,1.01
"(163, 1324)",1,1.01
"(343, 775)",1,1.01
"(247, 343)",1,1.01
"(1782, 130)",1,1.01
"(508, 976)",1,1.01
"(2160, 153)",1,1.01
"(151, 2160)",1,1.01
"(198, 151)",1,1.01
"(877, 204)",1,1.01
"(205, 58)",1,1.01
"(760, 205)",1,1.01
"(97, 179)",1,1.01
"(102, 2019)",1,1.01
"(218, 1266)",1,1.01
"(30, 79)",1,1.01
"(1247, 440)",1,1.01
"(88, 2790)",1,1.01
"(293, 761)",1,1.01
"(237, 293)",1,1.01
"(102, 237)",1,1.01
"(160, 381)",1,1.01
"(78, 605)",1,1.01
"(339, 2682)",1,1.01
"(239, 731)",1,1.01
"(1896, 204)",1,1.01
"(328, 191)",1,1.01
"(646, 261)",1,1.01
"(2002, 598)",1,1.01
"(73, 976)",1,1.01
"(2790, 2679)",1,1.01
"(73, 541)",1,1.01
"(79, 1544)",1,1.01
"(218, 2313)",1,1.01
"(2855, 99)",1,1.01
"(9, 2855)",1,1.01
"(96, 200)",1,1.01
"(326, 96)",1,1.01
"(171, 326)",1,1.01
"(176, 2023)",1,1.01
"(2675, 116)",1,1.01
"(237, 2675)",1,1.01
"(104, 237)",1,1.01
"(237, 310)",1,1.01
"(1224, 422)",1,1.01
"(521, 1224)",1,1.01
"(761, 112)",1,1.01
"(1862, 127)",1,1.01
"(128, 904)",1,1.01
"(904, 1139)",1,1.01
"(560, 2042)",1,1.01
"(668, 560)",1,1.01
"(2205, 101)",1,1.01
"(2466, 2205)",1,1.01
"(93, 2833)",1,1.01
"(179, 1581)",1,1.01
"(1122, 179)",1,1.01
"(147, 1122)",1,1.01
"(2068, 1808)",1,1.01
"(488, 2068)",1,1.01
"(1644, 573)",1,1.01
"(195, 1644)",1,1.01
"(1802, 195)",1,1.01
"(34, 2472)",1,1.01
"(2472, 102)",1,1.01
"(1932, 267)",1,1.01
"(103, 1932)",1,1.01
"(135, 710)",1,1.01
"(101, 75)",1,1.01
"(2447, 101)",1,1.01
"(1677, 2447)",1,1.01
"(89, 1677)",1,1.01
"(93, 1711)",1,1.01
"(1904, 93)",1,1.01
"(160, 1904)",1,1.01
"(438, 153)",1,1.01
"(213, 66)",1,1.01
"(2452, 1563)",1,1.01
"(160, 406)",1,1.01
"(1072, 985)",1,1.01
"(1531, 204)",1,1.01
"(204, 2002)",1,1.01
"(743, 96)",1,1.01
"(1465, 9)",1,1.01
"(88, 1465)",1,1.01
"(738, 390)",1,1.01
"(550, 489)",1,1.01
"(939, 147)",1,1.01
"(2831, 753)",1,1.01
"(339, 1336)",1,1.01
"(153, 203)",1,1.01
"(508, 160)",1,1.01
"(1079, 304)",1,1.01
"(93, 1079)",1,1.01
"(76, 304)",1,1.01
"(223, 76)",1,1.01
"(255, 425)",1,1.01
"(403, 255)",1,1.01
"(195, 403)",1,1.01
"(300, 628)",1,1.01
"(1441, 300)",1,1.01
"(142, 1441)",1,1.01
"(945, 142)",1,1.01
"(166, 945)",1,1.01
"(66, 166)",1,1.01
"(312, 66)",1,1.01
"(62, 312)",1,1.01
"(1544, 62)",1,1.01
"(172, 1531)",1,1.01
"(1778, 339)",1,1.01
"(840, 1591)",1,1.01
"(1346, 147)",1,1.01
"(297, 840)",1,1.01
"(129, 1833)",1,1.01
"(406, 557)",1,1.01
"(449, 314)",1,1.01
"(226, 2683)",1,1.01
"(2664, 631)",1,1.01
"(166, 2664)",1,1.01
"(230, 410)",1,1.01
"(1375, 166)",1,1.01
"(347, 2521)",1,1.01
"(1971, 347)",1,1.01
"(95, 1971)",1,1.01
"(487, 95)",1,1.01
"(294, 487)",1,1.01
"(160, 294)",1,1.01
"(1927, 214)",1,1.01
"(252, 647)",1,1.01
"(149, 252)",1,1.01
"(839, 127)",1,1.01
"(119, 839)",1,1.01
"(1301, 119)",1,1.01
"(109, 1301)",1,1.01
"(1839, 280)",1,1.01
"(128, 1839)",1,1.01
"(237, 128)",1,1.01
"(252, 237)",1,1.01
"(574, 252)",1,1.01
"(440, 147)",1,1.01
"(166, 1982)",1,1.01
"(117, 2890)",1,1.01
"(274, 2813)",1,1.01
"(1717, 380)",1,1.01
"(959, 1717)",1,1.01
"(777, 959)",1,1.01
"(219, 54)",1,1.01
"(2326, 11)",1,1.01
"(104, 2326)",1,1.01
"(2640, 104)",1,1.01
"(147, 2640)",1,1.01
"(2316, 147)",1,1.01
"(1051, 1193)",1,1.01
"(371, 1051)",1,1.01
"(815, 437)",1,1.01
"(921, 815)",1,1.01
"(306, 1839)",1,1.01
"(109, 489)",1,1.01
"(2685, 89)",1,1.01
"(248, 2156)",1,1.01
"(122, 55)",1,1.01
"(232, 988)",1,1.01
"(114, 142)",1,1.01
"(352, 114)",1,1.01
"(451, 352)",1,1.01
"(2666, 451)",1,1.01
"(939, 88)",1,1.01
"(637, 258)",1,1.01
"(280, 2596)",1,1.01
"(396, 508)",1,1.01
"(249, 396)",1,1.01
"(380, 171)",1,1.01
"(210, 2983)",1,1.01
"(2983, 136)",1,1.01
"(102, 2946)",1,1.01
"(720, 377)",1,1.01
"(127, 720)",1,1.01
"(753, 127)",1,1.01
"(1021, 155)",1,1.01
"(75, 1452)",1,1.01
"(382, 673)",1,1.01
"(882, 2809)",1,1.01
"(78, 104)",1,1.01
"(155, 2592)",1,1.01
"(848, 2682)",1,1.01
"(454, 758)",1,1.01
"(130, 1030)",1,1.01
"(268, 1409)",1,1.01
"(332, 153)",1,1.01
"(9, 640)",1,1.01
"(382, 653)",1,1.01
"(2773, 286)",1,1.01
"(103, 191)",1,1.01
"(93, 2527)",1,1.01
"(1248, 93)",1,1.01
"(88, 1048)",1,1.01
"(736, 89)",1,1.01
"(1164, 736)",1,1.01
"(1585, 129)",1,1.01
"(784, 1585)",1,1.01
"(120, 135)",1,1.01
"(2946, 9)",1,1.01
"(597, 93)",1,1.01
"(2802, 116)",1,1.01
"(101, 2802)",1,1.01
"(2530, 909)",1,1.01
"(103, 464)",1,1.01
"(106, 964)",1,1.01
"(794, 25)",1,1.01
"(237, 794)",1,1.01
"(349, 237)",1,1.01
"(171, 67)",1,1.01
"(1835, 290)",1,1.01
"(379, 55)",1,1.01
"(130, 1965)",1,1.01
"(392, 1114)",1,1.01
"(88, 392)",1,1.01
"(2305, 165)",1,1.01
"(54, 2305)",1,1.01
"(423, 339)",1,1.01
"(326, 137)",1,1.01
"(1187, 350)",1,1.01
"(1628, 11)",1,1.01
"(160, 1708)",1,1.01
"(72, 502)",1,1.01
"(1244, 270)",1,1.01
"(552, 1244)",1,1.01
"(932, 116)",1,1.01
"(73, 119)",1,1.01
"(72, 319)",1,1.01
"(89, 172)",1,1.01
"(1064, 2547)",1,1.01
"(333, 753)",1,1.01
"(487, 2530)",1,1.01
"(288, 389)",1,1.01
"(367, 101)",1,1.01
"(720, 2431)",1,1.01
"(894, 367)",1,1.01
"(346, 295)",1,1.01
"(1125, 11)",1,1.01
"(127, 1125)",1,1.01
"(1951, 108)",1,1.01
"(258, 9)",1,1.01
"(307, 290)",1,1.01
"(1117, 280)",1,1.01
"(725, 160)",1,1.01
"(54, 1775)",1,1.01
"(509, 497)",1,1.01
"(1620, 509)",1,1.01
"(279, 1404)",1,1.01
"(1247, 204)",1,1.01
"(304, 1247)",1,1.01
"(2949, 304)",1,1.01
"(10, 2949)",1,1.01
"(1378, 10)",1,1.01
"(1376, 88)",1,1.01
"(88, 1376)",1,1.01
"(2471, 101)",1,1.01
"(292, 89)",1,1.01
"(1588, 72)",1,1.01
"(1765, 1588)",1,1.01
"(725, 1765)",1,1.01
"(317, 725)",1,1.01
"(2431, 11)",1,1.01
"(377, 2648)",1,1.01
"(306, 139)",1,1.01
"(437, 166)",1,1.01
"(1606, 173)",1,1.01
"(266, 2977)",1,1.01
"(2247, 266)",1,1.01
"(201, 2247)",1,1.01
"(786, 93)",1,1.01
"(2041, 11)",1,1.01
"(581, 555)",1,1.01
"(90, 581)",1,1.01
"(219, 270)",1,1.01
"(1623, 155)",1,1.01
"(134, 1623)",1,1.01
"(835, 214)",1,1.01
"(134, 835)",1,1.01
"(173, 344)",1,1.01
"(195, 1606)",1,1.01
"(139, 504)",1,1.01
"(141, 195)",1,1.01
"(423, 203)",1,1.01
"(453, 555)",1,1.01
"(366, 98)",1,1.01
"(38, 366)",1,1.01
"(1237, 453)",1,1.01
"(2126, 203)",1,1.01
"(108, 2126)",1,1.01
"(412, 101)",1,1.01
"(90, 412)",1,1.01
"(821, 130)",1,1.01
"(90, 821)",1,1.01
"(203, 311)",1,1.01
"(2977, 102)",1,1.01
"(166, 2133)",1,1.01
"(2133, 104)",1,1.01
"(104, 166)",1,1.01
"(208, 2698)",1,1.01
"(351, 208)",1,1.01
"(127, 313)",1,1.01
"(102, 330)",1,1.01
"(231, 2041)",1,1.01
"(203, 330)",1,1.01
"(241, 203)",1,1.01
"(2885, 241)",1,1.01
"(1730, 48)",1,1.01
"(597, 1730)",1,1.01
"(1279, 181)",1,1.01
"(30, 1279)",1,1.01
"(1516, 30)",1,1.01
"(286, 640)",1,1.01
"(1078, 1136)",1,1.01
"(241, 1078)",1,1.01
"(102, 1041)",1,1.01
"(550, 102)",1,1.01
"(60, 550)",1,1.01
"(302, 1208)",1,1.01
"(253, 302)",1,1.01
"(134, 195)",1,1.01
"(2973, 134)",1,1.01
"(302, 517)",1,1.01
"(958, 134)",1,1.01
"(34, 958)",1,1.01
"(1728, 11)",1,1.01
"(1840, 203)",1,1.01
"(2112, 237)",1,1.01
"(268, 2331)",1,1.01
"(231, 176)",1,1.01
"(141, 2809)",1,1.01
"(160, 1021)",1,1.01
"(179, 242)",1,1.01
"(605, 907)",1,1.01
"(72, 1696)",1,1.01
"(1501, 2791)",1,1.01
"(101, 493)",1,1.01
"(1813, 136)",1,1.01
"(2497, 254)",1,1.01
"(924, 2497)",1,1.01
"(429, 924)",1,1.01
"(2426, 319)",1,1.01
"(160, 2426)",1,1.01
"(430, 103)",1,1.01
"(2092, 2413)",1,1.01
"(141, 854)",1,1.01
"(2532, 380)",1,1.01
"(392, 2532)",1,1.01
"(104, 142)",1,1.01
"(392, 104)",1,1.01
"(71, 392)",1,1.01
"(121, 71)",1,1.01
"(45, 121)",1,1.01
"(9, 45)",1,1.01
"(2894, 109)",1,1.01
"(94, 190)",1,1.01
"(136, 1800)",1,1.01
"(867, 160)",1,1.01
"(55, 307)",1,1.01
"(306, 274)",1,1.01
"(340, 2533)",1,1.01
"(102, 2423)",1,1.01
"(840, 116)",1,1.01
"(272, 840)",1,1.01
"(2543, 272)",1,1.01
"(2897, 166)",1,1.01
"(2543, 332)",1,1.01
"(503, 2174)",1,1.01
"(814, 503)",1,1.01
"(1835, 814)",1,1.01
"(877, 172)",1,1.01
"(78, 230)",1,1.01
"(383, 2050)",1,1.01
"(901, 350)",1,1.01
"(857, 1494)",1,1.01
"(1062, 857)",1,1.01
"(144, 1062)",1,1.01
"(656, 147)",1,1.01
"(1319, 447)",1,1.01
"(293, 145)",1,1.01
"(782, 470)",1,1.01
"(89, 55)",1,1.01
"(102, 1625)",1,1.01
"(453, 102)",1,1.01
"(2773, 453)",1,1.01
"(147, 178)",1,1.01
"(787, 160)",1,1.01
"(198, 117)",1,1.01
"(304, 1059)",1,1.01
"(191, 1397)",1,1.01
"(876, 2883)",1,1.01
"(9, 319)",1,1.01
"(173, 454)",1,1.01
"(707, 173)",1,1.01
"(406, 707)",1,1.01
"(1079, 109)",1,1.01
"(223, 2093)",1,1.01
"(643, 616)",1,1.01
"(203, 856)",1,1.01
"(616, 89)",1,1.01
"(827, 959)",1,1.01
"(89, 102)",1,1.01
"(832, 1642)",1,1.01
"(1251, 832)",1,1.01
"(136, 1320)",1,1.01
"(1281, 519)",1,1.01
"(891, 54)",1,1.01
"(105, 891)",1,1.01
"(220, 105)",1,1.01
"(1285, 220)",1,1.01
"(101, 1491)",1,1.01
"(54, 2813)",1,1.01
"(225, 96)",1,1.01
"(2745, 89)",1,1.01
"(1324, 2745)",1,1.01
"(596, 1324)",1,1.01
"(101, 1658)",1,1.01
"(102, 649)",1,1.01
"(689, 9)",1,1.01
"(454, 96)",1,1.01
"(96, 1771)",1,1.01
"(1771, 103)",1,1.01
"(201, 1033)",1,1.01
"(54, 1369)",1,1.01
"(171, 175)",1,1.01
"(901, 25)",1,1.01
"(2098, 903)",1,1.01
"(223, 2998)",1,1.01
"(95, 67)",1,1.01
"(31, 95)",1,1.01
"(73, 846)",1,1.01
"(118, 93)",1,1.01
"(846, 181)",1,1.01
"(181, 833)",1,1.01
"(1033, 98)",1,1.01
"(854, 201)",1,1.01
"(93, 1149)",1,1.01
"(127, 264)",1,1.01
"(966, 93)",1,1.01
"(135, 1011)",1,1.01
"(390, 135)",1,1.01
"(827, 9)",1,1.01
"(1021, 1642)",1,1.01
"(93, 1298)",1,1.01
"(519, 116)",1,1.01
"(1032, 101)",1,1.01
"(141, 1032)",1,1.01
"(604, 1011)",1,1.01
"(1149, 1198)",1,1.01
"(1658, 72)",1,1.01
"(319, 1407)",1,1.01
"(466, 74)",1,1.01
"(2005, 623)",1,1.01
"(9, 28)",1,1.01
"(103, 28)",1,1.01
"(28, 568)",1,1.01
"(93, 1765)",1,1.01
"(9, 1119)",1,1.01
"(568, 112)",1,1.01
"(349, 252)",1,1.01
"(2828, 457)",1,1.01
"(160, 72)",1,1.01
"(1082, 596)",1,1.01
"(54, 818)",1,1.01
"(183, 101)",1,1.01
"(514, 183)",1,1.01
"(506, 333)",1,1.01
"(203, 155)",1,1.01
"(818, 2993)",1,1.01
"(2993, 142)",1,1.01
"(966, 555)",1,1.01
"(2938, 74)",1,1.01
"(93, 2938)",1,1.01
"(26, 868)",1,1.01
"(868, 203)",1,1.01
"(203, 231)",1,1.01
"(1251, 526)",1,1.01
"(231, 2712)",1,1.01
"(116, 1320)",1,1.01
"(840, 127)",1,1.01
"(1746, 93)",1,1.01
"(290, 1411)",1,1.01
"(447, 98)",1,1.01
"(102, 1320)",1,1.01
"(166, 2005)",1,1.01
"(666, 11)",1,1.01
"(160, 281)",1,1.01
"(671, 106)",1,1.01
"(1433, 371)",1,1.01
"(2068, 2781)",1,1.01
"(1331, 2068)",1,1.01
"(106, 530)",1,1.01
"(1308, 2174)",1,1.01
"(530, 987)",1,1.01
"(987, 996)",1,1.01
"(470, 190)",1,1.01
"(574, 102)",1,1.01
"(98, 2389)",1,1.01
"(727, 492)",1,1.01
"(288, 171)",1,1.01
"(252, 1360)",1,1.01
"(1360, 270)",1,1.01
"(359, 2428)",1,1.01
"(725, 155)",1,1.01
"(1515, 1742)",1,1.01
"(2114, 204)",1,1.01
"(136, 2114)",1,1.01
"(2422, 555)",1,1.01
"(436, 134)",1,1.01
"(2389, 186)",1,1.01
"(832, 959)",1,1.01
"(959, 422)",1,1.01
"(647, 89)",1,1.01
"(2993, 101)",1,1.01
"(3, 48)",1,1.01
"(282, 2792)",1,1.01
"(2792, 102)",1,1.01
"(1226, 2860)",1,1.01
"(300, 1226)",1,1.01
"(426, 191)",1,1.01
"(596, 113)",1,1.01
"(113, 1429)",1,1.01
"(839, 208)",1,1.01
"(1186, 839)",1,1.01
"(101, 1186)",1,1.01
"(1429, 11)",1,1.01
"(142, 214)",1,1.01
"(657, 99)",1,1.01
"(143, 657)",1,1.01
"(269, 1111)",1,1.01
"(172, 269)",1,1.01
"(160, 664)",1,1.01
"(147, 56)",1,1.01
"(1429, 147)",1,1.01
"(543, 2953)",1,1.01
"(310, 134)",1,1.01
"(722, 504)",1,1.01
"(1429, 132)",1,1.01
"(34, 2250)",1,1.01
"(782, 88)",1,1.01
"(2250, 99)",1,1.01
"(78, 925)",1,1.01
"(925, 2587)",1,1.01
"(2587, 10)",1,1.01
"(69, 201)",1,1.01
"(1127, 11)",1,1.01
"(420, 1712)",1,1.01
"(28, 2226)",1,1.01
"(2511, 101)",1,1.01
"(2196, 369)",1,1.01
"(2226, 264)",1,1.01
"(804, 258)",1,1.01
"(145, 804)",1,1.01
"(420, 758)",1,1.01
"(602, 54)",1,1.01
"(130, 69)",1,1.01
"(573, 426)",1,1.01
"(845, 116)",1,1.01
"(10, 1463)",1,1.01
"(201, 72)",1,1.01
"(3, 38)",1,1.01
"(626, 351)",1,1.01
"(2424, 626)",1,1.01
"(101, 2424)",1,1.01
"(758, 1962)",1,1.01
"(375, 758)",1,1.01
"(38, 154)",1,1.01
"(89, 95)",1,1.01
"(95, 150)",1,1.01
"(150, 54)",1,1.01
"(1463, 444)",1,1.01
"(147, 469)",1,1.01
"(2359, 101)",1,1.01
"(100, 2359)",1,1.01
"(78, 1651)",1,1.01
"(2669, 172)",1,1.01
"(489, 1143)",1,1.01
"(1154, 62)",1,1.01
"(60, 1154)",1,1.01
"(34, 60)",1,1.01
"(54, 2576)",1,1.01
"(591, 284)",1,1.01
"(161, 290)",1,1.01
"(99, 1146)",1,1.01
"(54, 2239)",1,1.01
"(1808, 88)",1,1.01
"(102, 1808)",1,1.01
"(153, 711)",1,1.01
"(438, 602)",1,1.01
"(102, 339)",1,1.01
"(2037, 2104)",1,1.01
"(54, 2037)",1,1.01
"(979, 251)",1,1.01
"(383, 572)",1,1.01
"(313, 641)",1,1.01
"(1942, 313)",1,1.01
"(2141, 104)",1,1.01
"(602, 1598)",1,1.01
"(1814, 191)",1,1.01
"(377, 1814)",1,1.01
"(106, 647)",1,1.01
"(561, 203)",1,1.01
"(54, 2669)",1,1.01
"(9, 156)",1,1.01
"(440, 555)",1,1.01
"(1529, 2170)",1,1.01
"(2170, 806)",1,1.01
"(665, 322)",1,1.01
"(806, 11)",1,1.01
"(374, 54)",1,1.01
"(68, 374)",1,1.01
"(488, 68)",1,1.01
"(925, 101)",1,1.01
"(2088, 925)",1,1.01
"(117, 722)",1,1.01
"(722, 350)",1,1.01
"(117, 2151)",1,1.01
"(57, 187)",1,1.01
"(138, 94)",1,1.01
"(545, 1324)",1,1.01
"(2945, 54)",1,1.01
"(93, 2996)",1,1.01
"(78, 151)",1,1.01
"(2410, 101)",1,1.01
"(54, 1686)",1,1.01
"(127, 221)",1,1.01
"(335, 539)",1,1.01
"(88, 1139)",1,1.01
"(134, 445)",1,1.01
"(78, 425)",1,1.01
"(366, 78)",1,1.01
"(54, 840)",1,1.01
"(2712, 349)",1,1.01
"(423, 2781)",1,1.01
"(1947, 25)",1,1.01
"(582, 149)",1,1.01
"(2428, 1362)",1,1.01
"(2492, 1262)",1,1.01
"(91, 1591)",1,1.01
"(935, 91)",1,1.01
"(88, 935)",1,1.01
"(1991, 2449)",1,1.01
"(74, 1991)",1,1.01
"(101, 1543)",1,1.01
"(95, 1452)",1,1.01
"(72, 23)",1,1.01
"(509, 280)",1,1.01
"(6, 2941)",1,1.01
"(179, 7)",1,1.01
"(129, 1637)",1,1.01
"(2941, 55)",1,1.01
"(149, 2496)",1,1.01
"(604, 149)",1,1.01
"(2063, 604)",1,1.01
"(88, 2063)",1,1.01
"(728, 88)",1,1.01
"(252, 728)",1,1.01
"(845, 622)",1,1.01
"(450, 203)",1,1.01
"(1133, 450)",1,1.01
"(1072, 1133)",1,1.01
"(252, 261)",1,1.01
"(149, 1842)",1,1.01
"(1842, 89)",1,1.01
"(89, 2911)",1,1.01
"(265, 248)",1,1.01
"(219, 102)",1,1.01
"(43, 140)",1,1.01
"(176, 25)",1,1.01
"(140, 37)",1,1.01
"(442, 2394)",1,1.01
"(37, 603)",1,1.01
"(603, 108)",1,1.01
"(108, 176)",1,1.01
"(573, 2956)",1,1.01
"(176, 555)",1,1.01
"(144, 2089)",1,1.01
"(208, 93)",1,1.01
"(2299, 93)",1,1.01
"(141, 295)",1,1.01
"(4, 2299)",1,1.01
"(349, 440)",1,1.01
"(252, 1255)",1,1.01
"(2272, 11)",1,1.01
"(103, 2272)",1,1.01
"(252, 1290)",1,1.01
"(10, 1959)",1,1.01
"(383, 352)",1,1.01
"(539, 383)",1,1.01
"(440, 109)",1,1.01
"(127, 602)",1,1.01
"(3, 141)",1,1.01
"(2060, 252)",1,1.01
"(1229, 93)",1,1.01
"(67, 1229)",1,1.01
"(283, 90)",1,1.01
"(98, 1296)",1,1.01
"(56, 150)",1,1.01
"(89, 178)",1,1.01
"(1296, 98)",1,1.01
"(241, 182)",1,1.01
"(198, 310)",1,1.01
"(658, 182)",1,1.01
"(1136, 658)",1,1.01
"(300, 1136)",1,1.01
"(310, 1678)",1,1.01
"(1678, 654)",1,1.01
"(620, 1737)",1,1.01
"(1236, 283)",1,1.01
"(2316, 188)",1,1.01
"(995, 1236)",1,1.01
"(54, 995)",1,1.01
"(1631, 98)",1,1.01
"(91, 280)",1,1.01
"(772, 1139)",1,1.01
"(319, 2669)",1,1.01
"(1139, 101)",1,1.01
"(2542, 132)",1,1.01
"(72, 1597)",1,1.01
"(2097, 72)",1,1.01
"(1017, 867)",1,1.01
"(428, 108)",1,1.01
"(97, 238)",1,1.01
"(106, 2661)",1,1.01
"(55, 343)",1,1.01
"(2621, 66)",1,1.01
"(72, 1607)",1,1.01
"(343, 1923)",1,1.01
"(630, 396)",1,1.01
"(306, 29)",1,1.01
"(190, 204)",1,1.01
"(826, 190)",1,1.01
"(78, 1228)",1,1.01
"(29, 89)",1,1.01
"(89, 2590)",1,1.01
"(2255, 93)",1,1.01
"(274, 2255)",1,1.01
"(2590, 44)",1,1.01
"(1578, 9)",1,1.01
"(112, 298)",1,1.01
"(564, 1578)",1,1.01
"(347, 564)",1,1.01
"(135, 347)",1,1.01
"(253, 183)",1,1.01
"(141, 505)",1,1.01
"(505, 1787)",1,1.01
"(1787, 820)",1,1.01
"(820, 106)",1,1.01
"(1065, 34)",1,1.01
"(188, 1921)",1,1.01
"(573, 188)",1,1.01
"(298, 247)",1,1.01
"(88, 1947)",1,1.01
"(9, 43)",1,1.01
"(110, 65)",1,1.01
"(255, 557)",1,1.01
"(678, 319)",1,1.01
"(509, 106)",1,1.01
"(98, 1007)",1,1.01
"(722, 868)",1,1.01
"(128, 722)",1,1.01
"(1902, 128)",1,1.01
"(442, 1902)",1,1.01
"(291, 304)",1,1.01
"(1007, 99)",1,1.01
"(1007, 91)",1,1.01
"(1789, 1007)",1,1.01
"(892, 116)",1,1.01
"(1981, 72)",1,1.01
"(2552, 1981)",1,1.01
"(1721, 98)",1,1.01
"(98, 1721)",1,1.01
"(2521, 9)",1,1.01
"(1308, 231)",1,1.01
"(114, 1308)",1,1.01
"(88, 1737)",1,1.01
"(2987, 1256)",1,1.01
"(93, 2987)",1,1.01
"(2133, 72)",1,1.01
"(2054, 2133)",1,1.01
"(903, 1761)",1,1.01
"(1737, 2055)",1,1.01
"(188, 489)",1,1.01
"(2565, 4)",1,1.01
"(1264, 67)",1,1.01
"(1963, 1879)",1,1.01
"(1786, 96)",1,1.01
"(54, 110)",1,1.01
"(1331, 54)",1,1.01
"(198, 2566)",1,1.01
"(9, 283)",1,1.01
"(591, 97)",1,1.01
"(2054, 206)",1,1.01
"(94, 2054)",1,1.01
"(69, 2067)",1,1.01
"(2883, 1242)",1,1.01
"(126, 2178)",1,1.01
"(2178, 11)",1,1.01
"(317, 350)",1,1.01
"(65, 1786)",1,1.01
"(690, 33)",1,1.01
"(100, 65)",1,1.01
"(4, 1721)",1,1.01
"(298, 116)",1,1.01
"(33, 298)",1,1.01
"(98, 2829)",1,1.01
"(823, 2208)",1,1.01
"(93, 339)",1,1.01
"(1654, 106)",1,1.01
"(226, 2630)",1,1.01
"(114, 701)",1,1.01
"(701, 2836)",1,1.01
"(2836, 94)",1,1.01
"(2055, 54)",1,1.01
"(2565, 237)",1,1.01
"(73, 2359)",1,1.01
"(937, 172)",1,1.01
"(9, 2623)",1,1.01
"(1517, 281)",1,1.01
"(25, 1517)",1,1.01
"(2182, 407)",1,1.01
"(1196, 2182)",1,1.01
"(1537, 1884)",1,1.01
"(2623, 230)",1,1.01
"(230, 508)",1,1.01
"(1728, 98)",1,1.01
"(270, 877)",1,1.01
"(1309, 88)",1,1.01
"(54, 1737)",1,1.01
"(1737, 254)",1,1.01
"(372, 493)",1,1.01
"(1035, 285)",1,1.01
"(1842, 106)",1,1.01
"(141, 1842)",1,1.01
"(285, 11)",1,1.01
"(2068, 710)",1,1.01
"(2013, 237)",1,1.01
"(128, 903)",1,1.01
"(380, 128)",1,1.01
"(188, 60)",1,1.01
"(78, 737)",1,1.01
"(101, 2902)",1,1.01
"(214, 255)",1,1.01
"(1127, 89)",1,1.01
"(358, 450)",1,1.01
"(1788, 73)",1,1.01
"(258, 462)",1,1.01
"(10, 1788)",1,1.01
"(135, 2580)",1,1.01
"(1982, 101)",1,1.01
"(2369, 2136)",1,1.01
"(594, 1569)",1,1.01
"(615, 289)",1,1.01
"(306, 399)",1,1.01
"(109, 389)",1,1.01
"(712, 9)",1,1.01
"(252, 712)",1,1.01
"(389, 468)",1,1.01
"(468, 135)",1,1.01
"(1150, 258)",1,1.01
"(1168, 358)",1,1.01
"(91, 1150)",1,1.01
"(95, 252)",1,1.01
"(657, 1946)",1,1.01
"(104, 2475)",1,1.01
"(2475, 89)",1,1.01
"(398, 88)",1,1.01
"(374, 195)",1,1.01
"(191, 855)",1,1.01
"(706, 191)",1,1.01
"(421, 706)",1,1.01
"(432, 421)",1,1.01
"(54, 1168)",1,1.01
"(93, 1752)",1,1.01
"(88, 1127)",1,1.01
"(960, 114)",1,1.01
"(2015, 132)",1,1.01
"(500, 230)",1,1.01
"(2539, 553)",1,1.01
"(2467, 651)",1,1.01
"(1028, 1215)",1,1.01
"(609, 102)",1,1.01
"(2010, 91)",1,1.01
"(155, 106)",1,1.01
"(1911, 155)",1,1.01
"(302, 1911)",1,1.01
"(127, 302)",1,1.01
"(101, 916)",1,1.01
"(67, 628)",1,1.01
"(218, 1400)",1,1.01
"(90, 316)",1,1.01
"(2963, 113)",1,1.01
"(98, 2963)",1,1.01
"(216, 98)",1,1.01
"(188, 1210)",1,1.01
"(1460, 188)",1,1.01
"(468, 1460)",1,1.01
"(200, 1191)",1,1.01
"(1191, 2807)",1,1.01
"(2807, 9)",1,1.01
"(379, 2312)",1,1.01
"(103, 69)",1,1.01
"(389, 103)",1,1.01
"(101, 2333)",1,1.01
"(470, 1808)",1,1.01
"(113, 1303)",1,1.01
"(1305, 134)",1,1.01
"(147, 757)",1,1.01
"(135, 2402)",1,1.01
"(97, 2701)",1,1.01
"(99, 1262)",1,1.01
"(2017, 93)",1,1.01
"(375, 2017)",1,1.01
"(191, 375)",1,1.01
"(2679, 811)",1,1.01
"(54, 2679)",1,1.01
"(2820, 286)",1,1.01
"(93, 2820)",1,1.01
"(106, 1782)",1,1.01
"(1568, 468)",1,1.01
"(352, 1215)",1,1.01
"(181, 401)",1,1.01
"(9, 2900)",1,1.01
"(1016, 93)",1,1.01
"(147, 1016)",1,1.01
"(54, 2437)",1,1.01
"(637, 88)",1,1.01
"(416, 154)",1,1.01
"(101, 1199)",1,1.01
"(951, 270)",1,1.01
"(2632, 270)",1,1.01
"(2467, 54)",1,1.01
"(149, 2467)",1,1.01
"(101, 2197)",1,1.01
"(99, 831)",1,1.01
"(602, 263)",1,1.01
"(1038, 127)",1,1.01
"(57, 168)",1,1.01
"(286, 117)",1,1.01
"(117, 99)",1,1.01
"(286, 135)",1,1.01
"(1917, 286)",1,1.01
"(223, 1917)",1,1.01
"(2731, 313)",1,1.01
"(1187, 147)",1,1.01
"(290, 1020)",1,1.01
"(1920, 290)",1,1.01
"(2432, 98)",1,1.01
"(129, 2432)",1,1.01
"(168, 150)",1,1.01
"(108, 57)",1,1.01
"(1718, 2158)",1,1.01
"(663, 108)",1,1.01
"(98, 663)",1,1.01
"(75, 98)",1,1.01
"(263, 75)",1,1.01
"(135, 263)",1,1.01
"(2072, 93)",1,1.01
"(2709, 10)",1,1.01
"(573, 2803)",1,1.01
"(290, 416)",1,1.01
"(1606, 94)",1,1.01
"(2662, 165)",1,1.01
"(2474, 145)",1,1.01
"(434, 286)",1,1.01
"(2158, 147)",1,1.01
"(274, 195)",1,1.01
"(103, 1948)",1,1.01
"(134, 313)",1,1.01
"(54, 2018)",1,1.01
"(573, 2515)",1,1.01
"(188, 238)",1,1.01
"(372, 620)",1,1.01
"(1018, 127)",1,1.01
"(483, 2032)",1,1.01
"(177, 34)",1,1.01
"(134, 241)",1,1.01
"(826, 134)",1,1.01
"(1294, 11)",1,1.01
"(2441, 282)",1,1.01
"(1948, 117)",1,1.01
"(2160, 9)",1,1.01
"(1655, 161)",1,1.01
"(1030, 350)",1,1.01
"(101, 1023)",1,1.01
"(360, 10)",1,1.01
"(10, 678)",1,1.01
"(135, 1154)",1,1.01
"(678, 284)",1,1.01
"(101, 1119)",1,1.01
"(284, 62)",1,1.01
"(90, 2306)",1,1.01
"(493, 26)",1,1.01
"(62, 2160)",1,1.01
"(1479, 270)",1,1.01
"(132, 631)",1,1.01
"(194, 147)",1,1.01
"(1108, 421)",1,1.01
"(336, 2725)",1,1.01
"(714, 292)",1,1.01
"(542, 714)",1,1.01
"(353, 96)",1,1.01
"(1150, 353)",1,1.01
"(1474, 93)",1,1.01
"(1409, 746)",1,1.01
"(198, 1076)",1,1.01
"(746, 432)",1,1.01
"(372, 855)",1,1.01
"(932, 127)",1,1.01
"(117, 932)",1,1.01
"(432, 753)",1,1.01
"(93, 2904)",1,1.01
"(168, 188)",1,1.01
"(248, 168)",1,1.01
"(2028, 281)",1,1.01
"(706, 171)",1,1.01
"(1770, 2340)",1,1.01
"(78, 369)",1,1.01
"(197, 453)",1,1.01
"(434, 197)",1,1.01
"(416, 563)",1,1.01
"(594, 270)",1,1.01
"(794, 1242)",1,1.01
"(573, 69)",1,1.01
"(98, 219)",1,1.01
"(2564, 117)",1,1.01
"(117, 988)",1,1.01
"(533, 714)",1,1.01
"(1626, 34)",1,1.01
"(1109, 315)",1,1.01
"(2354, 89)",1,1.01
"(1753, 2354)",1,1.01
"(1971, 145)",1,1.01
"(1256, 102)",1,1.01
"(804, 271)",1,1.01
"(302, 314)",1,1.01
"(2210, 302)",1,1.01
"(102, 2210)",1,1.01
"(218, 2679)",1,1.01
"(704, 2423)",1,1.01
"(34, 704)",1,1.01
"(158, 1626)",1,1.01
"(714, 468)",1,1.01
"(928, 158)",1,1.01
"(1313, 928)",1,1.01
"(302, 2019)",1,1.01
"(1621, 302)",1,1.01
"(594, 976)",1,1.01
"(2582, 102)",1,1.01
"(227, 2582)",1,1.01
"(163, 227)",1,1.01
"(1015, 873)",1,1.01
"(976, 1256)",1,1.01
"(227, 2101)",1,1.01
"(468, 227)",1,1.01
"(538, 150)",1,1.01
"(9, 538)",1,1.01
"(231, 1592)",1,1.01
"(994, 54)",1,1.01
"(1122, 307)",1,1.01
"(274, 1122)",1,1.01
"(406, 312)",1,1.01
"(319, 302)",1,1.01
"(438, 319)",1,1.01
"(314, 438)",1,1.01
"(1016, 314)",1,1.01
"(252, 1016)",1,1.01
"(2927, 2803)",1,1.01
"(2884, 883)",1,1.01
"(198, 428)",1,1.01
"(343, 2174)",1,1.01
"(2698, 150)",1,1.01
"(853, 1084)",1,1.01
"(88, 2698)",1,1.01
"(870, 134)",1,1.01
"(2896, 227)",1,1.01
"(101, 2896)",1,1.01
"(163, 180)",1,1.01
"(128, 1122)",1,1.01
"(615, 786)",1,1.01
"(552, 11)",1,1.01
"(436, 149)",1,1.01
"(1989, 270)",1,1.01
"(2354, 102)",1,1.01
"(263, 2354)",1,1.01
"(307, 252)",1,1.01
"(281, 395)",1,1.01
"(555, 231)",1,1.01
"(505, 109)",1,1.01
"(9, 2635)",1,1.01
"(1043, 203)",1,1.01
"(114, 118)",1,1.01
"(2561, 161)",1,1.01
"(102, 2561)",1,1.01
"(224, 102)",1,1.01
"(333, 990)",1,1.01
"(615, 144)",1,1.01
"(518, 615)",1,1.01
"(463, 203)",1,1.01
"(1941, 334)",1,1.01
"(530, 1852)",1,1.01
"(258, 134)",1,1.01
"(806, 1793)",1,1.01
"(34, 1902)",1,1.01
"(511, 191)",1,1.01
"(71, 511)",1,1.01
"(722, 71)",1,1.01
"(1439, 11)",1,1.01
"(1226, 906)",1,1.01
"(130, 1442)",1,1.01
"(198, 2829)",1,1.01
"(966, 142)",1,1.01
"(1503, 2840)",1,1.01
"(1284, 1503)",1,1.01
"(845, 853)",1,1.01
"(54, 2474)",1,1.01
"(430, 10)",1,1.01
"(1942, 258)",1,1.01
"(4, 128)",1,1.01
"(258, 565)",1,1.01
"(1502, 2310)",1,1.01
"(1781, 571)",1,1.01
"(1849, 396)",1,1.01
"(571, 113)",1,1.01
"(160, 90)",1,1.01
"(1400, 239)",1,1.01
"(314, 210)",1,1.01
"(98, 314)",1,1.01
"(1597, 116)",1,1.01
"(1151, 109)",1,1.01
"(2009, 1151)",1,1.01
"(26, 2009)",1,1.01
"(213, 701)",1,1.01
"(865, 135)",1,1.01
"(73, 865)",1,1.01
"(116, 2738)",1,1.01
"(976, 214)",1,1.01
"(1336, 976)",1,1.01
"(530, 1336)",1,1.01
"(114, 122)",1,1.01
"(376, 281)",1,1.01
"(135, 376)",1,1.01
"(1096, 93)",1,1.01
"(72, 1096)",1,1.01
"(72, 493)",1,1.01
"(402, 188)",1,1.01
"(1444, 1502)",1,1.01
"(623, 126)",1,1.01
"(106, 1124)",1,1.01
"(93, 2280)",1,1.01
"(339, 347)",1,1.01
"(711, 339)",1,1.01
"(350, 98)",1,1.01
"(867, 348)",1,1.01
"(171, 925)",1,1.01
"(925, 1452)",1,1.01
"(1452, 90)",1,1.01
"(298, 114)",1,1.01
"(272, 2506)",1,1.01
"(114, 341)",1,1.01
"(88, 856)",1,1.01
"(2280, 88)",1,1.01
"(341, 111)",1,1.01
"(1124, 241)",1,1.01
"(604, 1149)",1,1.01
"(10, 604)",1,1.01
"(968, 350)",1,1.01
"(951, 254)",1,1.01
"(34, 2138)",1,1.01
"(503, 2728)",1,1.01
"(114, 503)",1,1.01
"(2996, 9)",1,1.01
"(2009, 2996)",1,1.01
"(642, 2009)",1,1.01
"(241, 926)",1,1.01
"(78, 1444)",1,1.01
"(108, 350)",1,1.01
"(188, 1654)",1,1.01
"(89, 1926)",1,1.01
"(409, 100)",1,1.01
"(846, 2559)",1,1.01
"(97, 2207)",1,1.01
"(2060, 98)",1,1.01
"(240, 314)",1,1.01
"(1585, 106)",1,1.01
"(2441, 350)",1,1.01
"(272, 2441)",1,1.01
"(257, 272)",1,1.01
"(181, 118)",1,1.01
"(2987, 350)",1,1.01
"(912, 1412)",1,1.01
"(1508, 258)",1,1.01
"(2864, 135)",1,1.01
"(409, 846)",1,1.01
"(136, 2864)",1,1.01
"(593, 129)",1,1.01
"(904, 188)",1,1.01
"(199, 314)",1,1.01
"(15, 68)",1,1.01
"(96, 14)",1,1.01
"(18, 87)",1,1.01
"(14, 18)",1,1.01
"(129, 14)",1,1.01
"(74, 129)",1,1.01
"(35, 74)",1,1.01
"(258, 35)",1,1.01
"(2711, 369)",1,1.01
"(109, 2437)",1,1.01
"(54, 734)",1,1.01
"(251, 212)",1,1.01
"(2305, 2610)",1,1.01
"(734, 10)",1,1.01
"(1902, 88)",1,1.01
"(451, 1902)",1,1.01
"(194, 270)",1,1.01
"(239, 270)",1,1.01
"(773, 109)",1,1.01
"(255, 271)",1,1.01
"(90, 1429)",1,1.01
"(1429, 55)",1,1.01
"(93, 67)",1,1.01
"(212, 927)",1,1.01
"(101, 251)",1,1.01
"(129, 1006)",1,1.01
"(720, 1828)",1,1.01
"(158, 65)",1,1.01
"(403, 158)",1,1.01
"(93, 403)",1,1.01
"(868, 93)",1,1.01
"(132, 868)",1,1.01
"(2441, 421)",1,1.01
"(257, 2441)",1,1.01
"(55, 1297)",1,1.01
"(116, 620)",1,1.01
"(1297, 130)",1,1.01
"(1006, 1224)",1,1.01
"(347, 363)",1,1.01
"(312, 254)",1,1.01
"(165, 2334)",1,1.01
"(794, 28)",1,1.01
"(89, 421)",1,1.01
"(2012, 270)",1,1.01
"(241, 2012)",1,1.01
"(589, 468)",1,1.01
"(771, 142)",1,1.01
"(55, 771)",1,1.01
"(522, 2115)",1,1.01
"(1843, 522)",1,1.01
"(195, 1843)",1,1.01
"(511, 195)",1,1.01
"(128, 511)",1,1.01
"(90, 452)",1,1.01
"(2012, 102)",1,1.01
"(106, 2283)",1,1.01
"(2283, 290)",1,1.01
"(495, 555)",1,1.01
"(370, 555)",1,1.01
"(750, 370)",1,1.01
"(290, 1264)",1,1.01
"(420, 985)",1,1.01
"(1400, 127)",1,1.01
"(100, 298)",1,1.01
"(586, 100)",1,1.01
"(264, 586)",1,1.01
"(1135, 270)",1,1.01
"(2551, 197)",1,1.01
"(93, 2551)",1,1.01
"(421, 1488)",1,1.01
"(141, 1382)",1,1.01
"(289, 833)",1,1.01
"(297, 1906)",1,1.01
"(2334, 6)",1,1.01
"(9, 2414)",1,1.01
"(6, 417)",1,1.01
"(417, 73)",1,1.01
"(571, 2864)",1,1.01
"(346, 98)",1,1.01
"(2864, 539)",1,1.01
"(539, 755)",1,1.01
"(241, 651)",1,1.01
"(2792, 310)",1,1.01
"(310, 1612)",1,1.01
"(1612, 64)",1,1.01
"(1983, 3)",1,1.01
"(54, 1889)",1,1.01
"(101, 1983)",1,1.01
"(2283, 55)",1,1.01
"(533, 2283)",1,1.01
"(916, 3)",1,1.01
"(533, 916)",1,1.01
"(104, 1254)",1,1.01
"(1254, 9)",1,1.01
"(88, 1425)",1,1.01
"(100, 753)",1,1.01
"(1444, 976)",1,1.01
"(976, 9)",1,1.01
"(1502, 136)",1,1.01
"(1093, 93)",1,1.01
"(1013, 1093)",1,1.01
"(1391, 60)",1,1.01
"(135, 2089)",1,1.01
"(2445, 1212)",1,1.01
"(97, 2445)",1,1.01
"(686, 97)",1,1.01
"(651, 231)",1,1.01
"(99, 1035)",1,1.01
"(106, 1991)",1,1.01
"(1478, 54)",1,1.01
"(1991, 2093)",1,1.01
"(643, 203)",1,1.01
"(178, 11)",1,1.01
"(181, 1640)",1,1.01
"(2089, 817)",1,1.01
"(1316, 109)",1,1.01
"(2880, 171)",1,1.01
"(1640, 353)",1,1.01
"(715, 155)",1,1.01
"(1740, 270)",1,1.01
"(353, 127)",1,1.01
"(115, 88)",1,1.01
"(263, 216)",1,1.01
"(106, 350)",1,1.01
"(113, 109)",1,1.01
"(106, 315)",1,1.01
"(166, 1709)",1,1.01
"(1709, 794)",1,1.01
"(9, 1184)",1,1.01
"(1212, 161)",1,1.01
"(2631, 421)",1,1.01
"(925, 1391)",1,1.01
"(335, 2003)",1,1.01
"(99, 925)",1,1.01
"(288, 422)",1,1.01
"(54, 368)",1,1.01
"(1036, 25)",1,1.01
"(272, 220)",1,1.01
"(197, 1079)",1,1.01
"(1079, 508)",1,1.01
"(620, 143)",1,1.01
"(203, 462)",1,1.01
"(2203, 203)",1,1.01
"(45, 71)",1,1.01
"(101, 262)",1,1.01
"(1938, 335)",1,1.01
"(106, 2631)",1,1.01
"(347, 1938)",1,1.01
"(361, 60)",1,1.01
"(941, 1569)",1,1.01
"(495, 270)",1,1.01
"(1057, 2726)",1,1.01
"(349, 134)",1,1.01
"(297, 554)",1,1.01
"(603, 11)",1,1.01
"(2083, 109)",1,1.01
"(603, 1035)",1,1.01
"(481, 94)",1,1.01
"(744, 9)",1,1.01
"(74, 428)",1,1.01
"(41, 466)",1,1.01
"(101, 1319)",1,1.01
"(1379, 116)",1,1.01
"(56, 211)",1,1.01
"(2114, 166)",1,1.01
"(116, 2114)",1,1.01
"(415, 489)",1,1.01
"(98, 428)",1,1.01
"(428, 1281)",1,1.01
"(2977, 31)",1,1.01
"(135, 159)",1,1.01
"(420, 135)",1,1.01
"(103, 2670)",1,1.01
"(1614, 103)",1,1.01
"(45, 1614)",1,1.01
"(90, 45)",1,1.01
"(93, 2669)",1,1.01
"(1053, 488)",1,1.01
"(88, 2833)",1,1.01
"(73, 310)",1,1.01
"(299, 73)",1,1.01
"(44, 299)",1,1.01
"(488, 1385)",1,1.01
"(67, 237)",1,1.01
"(89, 67)",1,1.01
"(2151, 89)",1,1.01
"(163, 1357)",1,1.01
"(390, 1664)",1,1.01
"(626, 54)",1,1.01
"(160, 518)",1,1.01
"(315, 630)",1,1.01
"(330, 292)",1,1.01
"(165, 95)",1,1.01
"(504, 201)",1,1.01
"(1331, 2554)",1,1.01
"(396, 102)",1,1.01
"(1200, 258)",1,1.01
"(892, 1521)",1,1.01
"(2458, 290)",1,1.01
"(1622, 1976)",1,1.01
"(237, 2687)",1,1.01
"(1988, 9)",1,1.01
"(241, 154)",1,1.01
"(2213, 89)",1,1.01
"(71, 2565)",1,1.01
"(201, 71)",1,1.01
"(252, 2259)",1,1.01
"(160, 1646)",1,1.01
"(274, 34)",1,1.01
"(103, 2385)",1,1.01
"(9, 793)",1,1.01
"(88, 2127)",1,1.01
"(34, 1621)",1,1.01
"(1857, 34)",1,1.01
"(218, 634)",1,1.01
"(72, 1460)",1,1.01
"(1741, 101)",1,1.01
"(1408, 101)",1,1.01
"(115, 941)",1,1.01
"(1646, 115)",1,1.01
"(1202, 191)",1,1.01
"(163, 2253)",1,1.01
"(2097, 41)",1,1.01
"(2253, 9)",1,1.01
"(9, 836)",1,1.01
"(908, 1550)",1,1.01
"(1550, 11)",1,1.01
"(604, 1108)",1,1.01
"(166, 604)",1,1.01
"(240, 2580)",1,1.01
"(2499, 240)",1,1.01
"(132, 2499)",1,1.01
"(840, 132)",1,1.01
"(144, 2755)",1,1.01
"(1541, 34)",1,1.01
"(346, 1541)",1,1.01
"(166, 58)",1,1.01
"(815, 166)",1,1.01
"(344, 815)",1,1.01
"(687, 172)",1,1.01
"(567, 687)",1,1.01
"(89, 567)",1,1.01
"(1835, 1923)",1,1.01
"(106, 57)",1,1.01
"(54, 2670)",1,1.01
"(2032, 54)",1,1.01
"(41, 2032)",1,1.01
"(1068, 350)",1,1.01
"(94, 1799)",1,1.01
"(1327, 88)",1,1.01
"(604, 88)",1,1.01
"(836, 10)",1,1.01
"(10, 170)",1,1.01
"(10, 908)",1,1.01
"(576, 1072)",1,1.01
"(54, 982)",1,1.01
"(982, 191)",1,1.01
"(93, 1397)",1,1.01
"(1942, 93)",1,1.01
"(119, 1942)",1,1.01
"(55, 119)",1,1.01
"(101, 40)",1,1.01
"(1113, 1615)",1,1.01
"(88, 1113)",1,1.01
"(1706, 437)",1,1.01
"(958, 9)",1,1.01
"(1072, 116)",1,1.01
"(30, 576)",1,1.01
"(290, 810)",1,1.01
"(296, 96)",1,1.01
"(542, 101)",1,1.01
"(268, 2455)",1,1.01
"(1322, 1629)",1,1.01
"(1629, 237)",1,1.01
"(274, 69)",1,1.01
"(2883, 95)",1,1.01
"(134, 2270)",1,1.01
"(2270, 685)",1,1.01
"(255, 993)",1,1.01
"(140, 10)",1,1.01
"(2286, 290)",1,1.01
"(2338, 396)",1,1.01
"(54, 1833)",1,1.01
"(188, 703)",1,1.01
"(2364, 290)",1,1.01
"(443, 1974)",1,1.01
"(227, 443)",1,1.01
"(167, 227)",1,1.01
"(104, 2024)",1,1.01
"(101, 1068)",1,1.01
"(2718, 667)",1,1.01
"(637, 132)",1,1.01
"(132, 1011)",1,1.01
"(972, 2713)",1,1.01
"(2564, 98)",1,1.01
"(2713, 98)",1,1.01
"(136, 2911)",1,1.01
"(191, 2571)",1,1.01
"(1494, 2173)",1,1.01
"(720, 982)",1,1.01
"(2136, 136)",1,1.01
"(130, 646)",1,1.01
"(233, 1584)",1,1.01
"(309, 96)",1,1.01
"(347, 2755)",1,1.01
"(1584, 602)",1,1.01
"(1848, 226)",1,1.01
"(197, 1848)",1,1.01
"(2598, 9)",1,1.01
"(87, 2598)",1,1.01
"(602, 127)",1,1.01
"(127, 225)",1,1.01
"(135, 1927)",1,1.01
"(1858, 104)",1,1.01
"(101, 230)",1,1.01
"(2040, 135)",1,1.01
"(229, 589)",1,1.01
"(427, 1011)",1,1.01
"(101, 2571)",1,1.01
"(1494, 421)",1,1.01
"(2674, 270)",1,1.01
"(2792, 1028)",1,1.01
"(258, 90)",1,1.01
"(278, 258)",1,1.01
"(132, 58)",1,1.01
"(1817, 1546)",1,1.01
"(609, 127)",1,1.01
"(642, 1584)",1,1.01
"(483, 280)",1,1.01
"(230, 164)",1,1.01
"(1413, 97)",1,1.01
"(1894, 11)",1,1.01
"(171, 263)",1,1.01
"(263, 1357)",1,1.01
"(364, 126)",1,1.01
"(106, 2206)",1,1.01
"(359, 97)",1,1.01
"(420, 1589)",1,1.01
"(114, 383)",1,1.01
"(300, 98)",1,1.01
"(98, 300)",1,1.01
"(398, 106)",1,1.01
"(135, 1696)",1,1.01
"(246, 89)",1,1.01
"(803, 246)",1,1.01
"(282, 443)",1,1.01
"(1814, 101)",1,1.01
"(1653, 1814)",1,1.01
"(113, 1833)",1,1.01
"(585, 142)",1,1.01
"(914, 585)",1,1.01
"(932, 58)",1,1.01
"(109, 247)",1,1.01
"(1471, 109)",1,1.01
"(91, 1471)",1,1.01
"(102, 1638)",1,1.01
"(1033, 142)",1,1.01
"(443, 1033)",1,1.01
"(201, 282)",1,1.01
"(319, 296)",1,1.01
"(523, 201)",1,1.01
"(291, 1474)",1,1.01
"(141, 1443)",1,1.01
"(864, 88)",1,1.01
"(109, 91)",1,1.01
"(644, 313)",1,1.01
"(451, 644)",1,1.01
"(2551, 451)",1,1.01
"(873, 127)",1,1.01
"(437, 302)",1,1.01
"(106, 437)",1,1.01
"(198, 347)",1,1.01
"(1047, 348)",1,1.01
"(252, 2278)",1,1.01
"(1109, 59)",1,1.01
"(379, 310)",1,1.01
"(69, 2389)",1,1.01
"(2389, 1607)",1,1.01
"(74, 100)",1,1.01
"(2632, 106)",1,1.01
"(594, 2632)",1,1.01
"(1607, 117)",1,1.01
"(2167, 144)",1,1.01
"(289, 2167)",1,1.01
"(1497, 289)",1,1.01
"(132, 851)",1,1.01
"(716, 594)",1,1.01
"(686, 2588)",1,1.01
"(310, 283)",1,1.01
"(2278, 96)",1,1.01
"(135, 1711)",1,1.01
"(402, 507)",1,1.01
"(1608, 402)",1,1.01
"(102, 1608)",1,1.01
"(733, 171)",1,1.01
"(106, 295)",1,1.01
"(1502, 106)",1,1.01
"(78, 1502)",1,1.01
"(72, 2783)",1,1.01
"(93, 2233)",1,1.01
"(918, 1296)",1,1.01
"(34, 319)",1,1.01
"(1149, 117)",1,1.01
"(1666, 88)",1,1.01
"(227, 1666)",1,1.01
"(134, 24)",1,1.01
"(1797, 247)",1,1.01
"(128, 1797)",1,1.01
"(2963, 179)",1,1.01
"(552, 744)",1,1.01
"(109, 2833)",1,1.01
"(34, 195)",1,1.01
"(1108, 24)",1,1.01
"(129, 666)",1,1.01
"(307, 106)",1,1.01
"(666, 1084)",1,1.01
"(583, 349)",1,1.01
"(257, 583)",1,1.01
"(88, 257)",1,1.01
"(2002, 231)",1,1.01
"(302, 1644)",1,1.01
"(145, 639)",1,1.01
"(629, 145)",1,1.01
"(128, 629)",1,1.01
"(118, 1315)",1,1.01
"(2201, 102)",1,1.01
"(2547, 2201)",1,1.01
"(188, 2547)",1,1.01
"(75, 398)",1,1.01
"(374, 1533)",1,1.01
"(88, 1744)",1,1.01
"(797, 25)",1,1.01
"(1016, 797)",1,1.01
"(247, 891)",1,1.01
"(341, 2963)",1,1.01
"(302, 231)",1,1.01
"(402, 274)",1,1.01
"(2040, 1737)",1,1.01
"(547, 2446)",1,1.01
"(2446, 181)",1,1.01
"(717, 963)",1,1.01
"(2980, 11)",1,1.01
"(806, 2980)",1,1.01
"(144, 779)",1,1.01
"(127, 1738)",1,1.01
"(1738, 2064)",1,1.01
"(645, 142)",1,1.01
"(188, 696)",1,1.01
"(274, 188)",1,1.01
"(863, 402)",1,1.01
"(542, 2019)",1,1.01
"(102, 863)",1,1.01
"(844, 642)",1,1.01
"(439, 2867)",1,1.01
"(2867, 1258)",1,1.01
"(34, 261)",1,1.01
"(630, 302)",1,1.01
"(795, 630)",1,1.01
"(1991, 2310)",1,1.01
"(114, 1991)",1,1.01
"(589, 114)",1,1.01
"(1072, 195)",1,1.01
"(195, 341)",1,1.01
"(422, 1016)",1,1.01
"(441, 34)",1,1.01
"(1315, 107)",1,1.01
"(101, 2005)",1,1.01
"(140, 88)",1,1.01
"(497, 243)",1,1.01
"(1231, 6)",1,1.01
"(2139, 88)",1,1.01
"(442, 2139)",1,1.01
"(1377, 109)",1,1.01
"(263, 311)",1,1.01
"(2551, 263)",1,1.01
"(263, 2551)",1,1.01
"(93, 589)",1,1.01
"(637, 685)",1,1.01
"(2005, 662)",1,1.01
"(253, 2028)",1,1.01
"(240, 427)",1,1.01
"(241, 270)",1,1.01
"(54, 1760)",1,1.01
"(1760, 1356)",1,1.01
"(129, 195)",1,1.01
"(214, 1175)",1,1.01
"(222, 214)",1,1.01
"(2120, 222)",1,1.01
"(101, 2120)",1,1.01
"(1746, 11)",1,1.01
"(213, 742)",1,1.01
"(241, 1108)",1,1.01
"(1240, 241)",1,1.01
"(88, 1921)",1,1.01
"(59, 1377)",1,1.01
"(107, 542)",1,1.01
"(109, 292)",1,1.01
"(1717, 258)",1,1.01
"(542, 597)",1,1.01
"(1131, 191)",1,1.01
"(93, 1131)",1,1.01
"(54, 1145)",1,1.01
"(1942, 9)",1,1.01
"(143, 1177)",1,1.01
"(1021, 2938)",1,1.01
"(896, 258)",1,1.01
"(54, 896)",1,1.01
"(1621, 54)",1,1.01
"(134, 1621)",1,1.01
"(577, 98)",1,1.01
"(1377, 1427)",1,1.01
"(281, 620)",1,1.01
"(88, 2491)",1,1.01
"(241, 118)",1,1.01
"(398, 201)",1,1.01
"(93, 428)",1,1.01
"(2491, 255)",1,1.01
"(255, 1808)",1,1.01
"(1808, 350)",1,1.01
"(577, 350)",1,1.01
"(2896, 142)",1,1.01
"(1109, 2896)",1,1.01
"(1427, 775)",1,1.01
"(306, 547)",1,1.01
"(934, 334)",1,1.01
"(212, 227)",1,1.01
"(274, 2115)",1,1.01
"(29, 106)",1,1.01
"(116, 29)",1,1.01
"(73, 364)",1,1.01
"(129, 286)",1,1.01
"(172, 1015)",1,1.01
"(2091, 172)",1,1.01
"(364, 745)",1,1.01
"(747, 290)",1,1.01
"(196, 132)",1,1.01
"(57, 216)",1,1.01
"(227, 94)",1,1.01
"(4, 203)",1,1.01
"(771, 4)",1,1.01
"(10, 254)",1,1.01
"(439, 10)",1,1.01
"(61, 439)",1,1.01
"(4, 254)",1,1.01
"(114, 4)",1,1.01
"(72, 376)",1,1.01
"(2908, 9)",1,1.01
"(142, 2908)",1,1.01
"(105, 142)",1,1.01
"(382, 114)",1,1.01
"(2993, 227)",1,1.01
"(254, 28)",1,1.01
"(443, 254)",1,1.01
"(201, 443)",1,1.01
"(106, 1150)",1,1.01
"(1753, 132)",1,1.01
"(88, 2222)",1,1.01
"(676, 281)",1,1.01
"(102, 212)",1,1.01
"(1358, 191)",1,1.01
"(2870, 88)",1,1.01
"(276, 59)",1,1.01
"(54, 7)",1,1.01
"(173, 531)",1,1.01
"(1623, 96)",1,1.01
"(72, 1623)",1,1.01
"(2104, 6)",1,1.01
"(166, 2104)",1,1.01
"(728, 101)",1,1.01
"(531, 117)",1,1.01
"(147, 347)",1,1.01
"(2222, 1033)",1,1.01
"(239, 491)",1,1.01
"(347, 202)",1,1.01
"(166, 2306)",1,1.01
"(202, 71)",1,1.01
"(1621, 237)",1,1.01
"(239, 518)",1,1.01
"(2552, 442)",1,1.01
"(1976, 241)",1,1.01
"(39, 1753)",1,1.01
"(2990, 725)",1,1.01
"(163, 2990)",1,1.01
"(1033, 4)",1,1.01
"(847, 191)",1,1.01
"(191, 403)",1,1.01
"(364, 1866)",1,1.01
"(88, 122)",1,1.01
"(10, 298)",1,1.01
"(58, 508)",1,1.01
"(394, 1471)",1,1.01
"(874, 270)",1,1.01
"(141, 2286)",1,1.01
"(134, 840)",1,1.01
"(433, 376)",1,1.01
"(458, 11)",1,1.01
"(423, 1738)",1,1.01
"(156, 423)",1,1.01
"(56, 156)",1,1.01
"(122, 56)",1,1.01
"(134, 814)",1,1.01
"(123, 346)",1,1.01
"(431, 134)",1,1.01
"(1110, 431)",1,1.01
"(1534, 240)",1,1.01
"(31, 62)",1,1.01
"(2945, 89)",1,1.01
"(240, 388)",1,1.01
"(101, 1357)",1,1.01
"(2474, 11)",1,1.01
"(383, 134)",1,1.01
"(1110, 191)",1,1.01
"(144, 934)",1,1.01
"(2115, 258)",1,1.01
"(298, 363)",1,1.01
"(167, 1546)",1,1.01
"(1202, 98)",1,1.01
"(187, 676)",1,1.01
"(1866, 11)",1,1.01
"(2912, 339)",1,1.01
"(169, 2912)",1,1.01
"(1502, 169)",1,1.01
"(686, 2726)",1,1.01
"(100, 341)",1,1.01
"(108, 104)",1,1.01
"(104, 187)",1,1.01
"(199, 34)",1,1.01
"(195, 199)",1,1.01
"(2086, 203)",1,1.01
"(2894, 2086)",1,1.01
"(2809, 2837)",1,1.01
"(603, 129)",1,1.01
"(2837, 134)",1,1.01
"(678, 258)",1,1.01
"(2270, 126)",1,1.01
"(378, 97)",1,1.01
"(117, 1200)",1,1.01
"(54, 2398)",1,1.01
"(1933, 54)",1,1.01
"(655, 11)",1,1.01
"(1721, 1013)",1,1.01
"(281, 1721)",1,1.01
"(54, 2960)",1,1.01
"(2960, 102)",1,1.01
"(193, 347)",1,1.01
"(584, 132)",1,1.01
"(103, 2392)",1,1.01
"(960, 288)",1,1.01
"(621, 218)",1,1.01
"(218, 810)",1,1.01
"(114, 790)",1,1.01
"(2364, 191)",1,1.01
"(10, 1727)",1,1.01
"(1727, 2255)",1,1.01
"(1955, 9)",1,1.01
"(2255, 11)",1,1.01
"(166, 106)",1,1.01
"(444, 166)",1,1.01
"(671, 444)",1,1.01
"(971, 671)",1,1.01
"(1028, 745)",1,1.01
"(374, 88)",1,1.01
"(232, 547)",1,1.01
"(1193, 1444)",1,1.01
"(2861, 2955)",1,1.01
"(1467, 2861)",1,1.01
"(173, 9)",1,1.01
"(831, 1543)",1,1.01
"(304, 831)",1,1.01
"(747, 59)",1,1.01
"(2379, 350)",1,1.01
"(1109, 2366)",1,1.01
"(2366, 563)",1,1.01
"(106, 1896)",1,1.01
"(2660, 74)",1,1.01
"(204, 142)",1,1.01
"(91, 621)",1,1.01
"(921, 2958)",1,1.01
"(2980, 421)",1,1.01
"(629, 267)",1,1.01
"(678, 88)",1,1.01
"(2025, 190)",1,1.01
"(252, 578)",1,1.01
"(288, 1033)",1,1.01
"(1033, 651)",1,1.01
"(508, 959)",1,1.01
"(1893, 508)",1,1.01
"(651, 1196)",1,1.01
"(127, 2379)",1,1.01
"(2379, 2980)",1,1.01
"(72, 220)",1,1.01
"(147, 1031)",1,1.01
"(104, 389)",1,1.01
"(1031, 93)",1,1.01
"(101, 2396)",1,1.01
"(454, 101)",1,1.01
"(369, 454)",1,1.01
"(26, 369)",1,1.01
"(955, 108)",1,1.01
"(1259, 955)",1,1.01
"(493, 1259)",1,1.01
"(767, 258)",1,1.01
"(62, 767)",1,1.01
"(2389, 62)",1,1.01
"(44, 2389)",1,1.01
"(10, 561)",1,1.01
"(239, 195)",1,1.01
"(128, 10)",1,1.01
"(302, 402)",1,1.01
"(99, 753)",1,1.01
"(427, 2364)",1,1.01
"(2564, 584)",1,1.01
"(117, 185)",1,1.01
"(365, 821)",1,1.01
"(88, 2288)",1,1.01
"(821, 306)",1,1.01
"(93, 1543)",1,1.01
"(89, 2669)",1,1.01
"(231, 901)",1,1.01
"(901, 302)",1,1.01
"(1359, 377)",1,1.01
"(1104, 88)",1,1.01
"(204, 749)",1,1.01
"(823, 995)",1,1.01
"(995, 36)",1,1.01
"(1599, 1091)",1,1.01
"(1551, 112)",1,1.01
"(59, 213)",1,1.01
"(377, 2379)",1,1.01
"(2379, 88)",1,1.01
"(343, 91)",1,1.01
"(126, 343)",1,1.01
"(93, 298)",1,1.01
"(400, 93)",1,1.01
"(773, 400)",1,1.01
"(94, 1902)",1,1.01
"(93, 2737)",1,1.01
"(313, 89)",1,1.01
"(213, 1399)",1,1.01
"(218, 1370)",1,1.01
"(616, 218)",1,1.01
"(497, 616)",1,1.01
"(141, 1444)",1,1.01
"(160, 127)",1,1.01
"(786, 11)",1,1.01
"(103, 786)",1,1.01
"(106, 1677)",1,1.01
"(1677, 11)",1,1.01
"(160, 167)",1,1.01
"(1264, 68)",1,1.01
"(67, 190)",1,1.01
"(1117, 1647)",1,1.01
"(300, 73)",1,1.01
"(2338, 584)",1,1.01
"(1955, 1787)",1,1.01
"(68, 123)",1,1.01
"(1021, 197)",1,1.01
"(153, 1021)",1,1.01
"(123, 258)",1,1.01
"(99, 28)",1,1.01
"(43, 99)",1,1.01
"(88, 43)",1,1.01
"(2064, 1096)",1,1.01
"(141, 1637)",1,1.01
"(719, 11)",1,1.01
"(267, 700)",1,1.01
"(9, 2718)",1,1.01
"(54, 1471)",1,1.01
"(2718, 675)",1,1.01
"(645, 97)",1,1.01
"(2136, 604)",1,1.01
"(300, 995)",1,1.01
"(130, 421)",1,1.01
"(165, 1782)",1,1.01
"(1290, 258)",1,1.01
"(665, 1290)",1,1.01
"(1782, 1624)",1,1.01
"(258, 147)",1,1.01
"(227, 554)",1,1.01
"(304, 117)",1,1.01
"(67, 304)",1,1.01
"(1723, 310)",1,1.01
"(93, 1723)",1,1.01
"(2554, 93)",1,1.01
"(104, 241)",1,1.01
"(2957, 916)",1,1.01
"(638, 2957)",1,1.01
"(241, 2136)",1,1.01
"(2136, 442)",1,1.01
"(934, 93)",1,1.01
"(1286, 109)",1,1.01
"(97, 2833)",1,1.01
"(2563, 11)",1,1.01
"(114, 1590)",1,1.01
"(88, 1828)",1,1.01
"(655, 254)",1,1.01
"(284, 2806)",1,1.01
"(2806, 160)",1,1.01
"(160, 2206)",1,1.01
"(323, 2909)",1,1.01
"(867, 219)",1,1.01
"(171, 10)",1,1.01
"(2621, 1200)",1,1.01
"(95, 130)",1,1.01
"(1842, 1554)",1,1.01
"(103, 68)",1,1.01
"(37, 103)",1,1.01
"(2178, 89)",1,1.01
"(74, 2178)",1,1.01
"(1200, 444)",1,1.01
"(213, 1200)",1,1.01
"(2909, 117)",1,1.01
"(615, 11)",1,1.01
"(364, 66)",1,1.01
"(1204, 2745)",1,1.01
"(109, 190)",1,1.01
"(1534, 2452)",1,1.01
"(289, 515)",1,1.01
"(2452, 350)",1,1.01
"(154, 346)",1,1.01
"(518, 154)",1,1.01
"(2040, 237)",1,1.01
"(251, 2040)",1,1.01
"(2364, 117)",1,1.01
"(73, 1793)",1,1.01
"(106, 1167)",1,1.01
"(1916, 93)",1,1.01
"(873, 88)",1,1.01
"(724, 102)",1,1.01
"(117, 404)",1,1.01
"(88, 2825)",1,1.01
"(114, 810)",1,1.01
"(188, 87)",1,1.01
"(573, 94)",1,1.01
"(2249, 247)",1,1.01
"(231, 2249)",1,1.01
"(1184, 231)",1,1.01
"(102, 41)",1,1.01
"(604, 102)",1,1.01
"(573, 254)",1,1.01
"(954, 573)",1,1.01
"(404, 954)",1,1.01
"(971, 9)",1,1.01
"(1830, 2500)",1,1.01
"(10, 745)",1,1.01
"(2955, 10)",1,1.01
"(222, 2955)",1,1.01
"(88, 222)",1,1.01
"(2387, 88)",1,1.01
"(102, 2387)",1,1.01
"(158, 190)",1,1.01
"(102, 142)",1,1.01
"(719, 1579)",1,1.01
"(1444, 719)",1,1.01
"(218, 2181)",1,1.01
"(414, 514)",1,1.01
"(612, 293)",1,1.01
"(72, 2265)",1,1.01
"(1206, 103)",1,1.01
"(241, 2379)",1,1.01
"(135, 1206)",1,1.01
"(1018, 237)",1,1.01
"(754, 9)",1,1.01
"(376, 350)",1,1.01
"(1893, 190)",1,1.01
"(1993, 9)",1,1.01
"(135, 1993)",1,1.01
"(453, 700)",1,1.01
"(711, 453)",1,1.01
"(101, 711)",1,1.01
"(1789, 54)",1,1.01
"(227, 998)",1,1.01
"(2379, 270)",1,1.01
"(93, 2972)",1,1.01
"(2427, 319)",1,1.01
"(937, 41)",1,1.01
"(260, 937)",1,1.01
"(543, 260)",1,1.01
"(364, 195)",1,1.01
"(976, 364)",1,1.01
"(404, 976)",1,1.01
"(135, 2491)",1,1.01
"(98, 868)",1,1.01
"(307, 142)",1,1.01
"(1741, 93)",1,1.01
"(193, 634)",1,1.01
"(239, 773)",1,1.01
"(822, 54)",1,1.01
"(2392, 306)",1,1.01
"(89, 41)",1,1.01
"(650, 10)",1,1.01
"(191, 231)",1,1.01
"(129, 187)",1,1.01
"(9, 2761)",1,1.01
"(144, 504)",1,1.01
"(582, 333)",1,1.01
"(333, 389)",1,1.01
"(96, 150)",1,1.01
"(135, 96)",1,1.01
"(106, 1031)",1,1.01
"(394, 144)",1,1.01
"(2837, 201)",1,1.01
"(2621, 2837)",1,1.01
"(104, 2621)",1,1.01
"(135, 955)",1,1.01
"(189, 135)",1,1.01
"(921, 421)",1,1.01
"(1014, 665)",1,1.01
"(888, 97)",1,1.01
"(436, 302)",1,1.01
"(488, 2566)",1,1.01
"(302, 1358)",1,1.01
"(1358, 106)",1,1.01
"(163, 893)",1,1.01
"(106, 1333)",1,1.01
"(89, 66)",1,1.01
"(645, 89)",1,1.01
"(10, 852)",1,1.01
"(1139, 191)",1,1.01
"(1765, 1139)",1,1.01
"(268, 258)",1,1.01
"(102, 79)",1,1.01
"(662, 95)",1,1.01
"(43, 662)",1,1.01
"(147, 43)",1,1.01
"(232, 2980)",1,1.01
"(2980, 72)",1,1.01
"(87, 7)",1,1.01
"(135, 134)",1,1.01
"(2035, 89)",1,1.01
"(1443, 1587)",1,1.01
"(1387, 1443)",1,1.01
"(258, 1387)",1,1.01
"(1423, 11)",1,1.01
"(240, 1765)",1,1.01
"(135, 1423)",1,1.01
"(679, 161)",1,1.01
"(120, 679)",1,1.01
"(118, 120)",1,1.01
"(106, 118)",1,1.01
"(107, 2359)",1,1.01
"(132, 90)",1,1.01
"(256, 54)",1,1.01
"(68, 60)",1,1.01
"(102, 1191)",1,1.01
"(306, 255)",1,1.01
"(1299, 306)",1,1.01
"(1333, 65)",1,1.01
"(135, 396)",1,1.01
"(10, 175)",1,1.01
"(820, 181)",1,1.01
"(561, 103)",1,1.01
"(751, 561)",1,1.01
"(103, 665)",1,1.01
"(95, 267)",1,1.01
"(1017, 1664)",1,1.01
"(225, 203)",1,1.01
"(1019, 132)",1,1.01
"(1692, 136)",1,1.01
"(179, 267)",1,1.01
"(1597, 1787)",1,1.01
"(2338, 252)",1,1.01
"(252, 820)",1,1.01
"(127, 2966)",1,1.01
"(468, 662)",1,1.01
"(2966, 1452)",1,1.01
"(845, 178)",1,1.01
"(719, 309)",1,1.01
"(274, 347)",1,1.01
"(211, 274)",1,1.01
"(503, 644)",1,1.01
"(561, 160)",1,1.01
"(160, 2340)",1,1.01
"(2770, 201)",1,1.01
"(2340, 584)",1,1.01
"(74, 111)",1,1.01
"(306, 74)",1,1.01
"(2347, 103)",1,1.01
"(2870, 218)",1,1.01
"(2581, 10)",1,1.01
"(60, 1173)",1,1.01
"(2860, 2581)",1,1.01
"(135, 2860)",1,1.01
"(134, 2626)",1,1.01
"(2626, 9)",1,1.01
"(135, 1159)",1,1.01
"(1081, 147)",1,1.01
"(1005, 437)",1,1.01
"(444, 1005)",1,1.01
"(738, 444)",1,1.01
"(281, 1425)",1,1.01
"(2178, 60)",1,1.01
"(223, 284)",1,1.01
"(491, 309)",1,1.01
"(658, 2347)",1,1.01
"(227, 1172)",1,1.01
"(2463, 823)",1,1.01
"(106, 2463)",1,1.01
"(1017, 2136)",1,1.01
"(784, 2508)",1,1.01
"(2136, 93)",1,1.01
"(1981, 147)",1,1.01
"(263, 2278)",1,1.01
"(1082, 333)",1,1.01
"(93, 1892)",1,1.01
"(349, 203)",1,1.01
"(2465, 658)",1,1.01
"(307, 94)",1,1.01
"(651, 1033)",1,1.01
"(164, 822)",1,1.01
"(303, 651)",1,1.01
"(1755, 89)",1,1.01
"(9, 1755)",1,1.01
"(193, 91)",1,1.01
"(2568, 89)",1,1.01
"(104, 827)",1,1.01
"(1001, 104)",1,1.01
"(335, 2732)",1,1.01
"(223, 2397)",1,1.01
"(872, 102)",1,1.01
"(858, 872)",1,1.01
"(2397, 921)",1,1.01
"(198, 2194)",1,1.01
"(806, 267)",1,1.01
"(214, 89)",1,1.01
"(72, 395)",1,1.01
"(89, 2491)",1,1.01
"(72, 370)",1,1.01
"(2491, 11)",1,1.01
"(89, 465)",1,1.01
"(106, 65)",1,1.01
"(406, 371)",1,1.01
"(156, 406)",1,1.01
"(640, 54)",1,1.01
"(1014, 640)",1,1.01
"(206, 96)",1,1.01
"(600, 206)",1,1.01
"(93, 600)",1,1.01
"(173, 2566)",1,1.01
"(2957, 9)",1,1.01
"(128, 205)",1,1.01
"(1946, 304)",1,1.01
"(219, 65)",1,1.01
"(502, 219)",1,1.01
"(2046, 11)",1,1.01
"(626, 1226)",1,1.01
"(135, 2774)",1,1.01
"(180, 241)",1,1.01
"(193, 539)",1,1.01
"(1161, 2632)",1,1.01
"(54, 1161)",1,1.01
"(241, 1444)",1,1.01
"(1868, 916)",1,1.01
"(1444, 2379)",1,1.01
"(88, 1946)",1,1.01
"(123, 203)",1,1.01
"(1496, 237)",1,1.01
"(134, 958)",1,1.01
"(1108, 191)",1,1.01
"(958, 89)",1,1.01
"(533, 281)",1,1.01
"(281, 744)",1,1.01
"(609, 89)",1,1.01
"(255, 114)",1,1.01
"(54, 823)",1,1.01
"(106, 2127)",1,1.01
"(1815, 101)",1,1.01
"(918, 2255)",1,1.01
"(73, 3)",1,1.01
"(10, 1488)",1,1.01
"(73, 1200)",1,1.01
"(218, 2748)",1,1.01
"(720, 284)",1,1.01
"(468, 642)",1,1.01
"(1370, 134)",1,1.01
"(2029, 1370)",1,1.01
"(106, 2029)",1,1.01
"(226, 904)",1,1.01
"(150, 2031)",1,1.01
"(240, 90)",1,1.01
"(854, 89)",1,1.01
"(904, 995)",1,1.01
"(2340, 147)",1,1.01
"(89, 2340)",1,1.01
"(468, 218)",1,1.01
"(1155, 540)",1,1.01
"(2136, 1139)",1,1.01
"(2276, 102)",1,1.01
"(589, 2276)",1,1.01
"(142, 231)",1,1.01
"(58, 106)",1,1.01
"(167, 133)",1,1.01
"(343, 2379)",1,1.01
"(2379, 1519)",1,1.01
"(1519, 101)",1,1.01
"(139, 104)",1,1.01
"(54, 1362)",1,1.01
"(74, 54)",1,1.01
"(4, 226)",1,1.01
"(540, 78)",1,1.01
"(2868, 170)",1,1.01
"(135, 736)",1,1.01
"(666, 2868)",1,1.01
"(1620, 89)",1,1.01
"(266, 383)",1,1.01
"(105, 266)",1,1.01
"(1317, 105)",1,1.01
"(903, 1317)",1,1.01
"(1031, 89)",1,1.01
"(300, 1031)",1,1.01
"(858, 147)",1,1.01
"(108, 858)",1,1.01
"(1995, 108)",1,1.01
"(9, 1995)",1,1.01
"(101, 856)",1,1.01
"(78, 2163)",1,1.01
"(856, 182)",1,1.01
"(182, 72)",1,1.01
"(129, 175)",1,1.01
"(106, 2761)",1,1.01
"(591, 2732)",1,1.01
"(2552, 191)",1,1.01
"(127, 2919)",1,1.01
"(2455, 109)",1,1.01
"(9, 2455)",1,1.01
"(2007, 374)",1,1.01
"(135, 1923)",1,1.01
"(34, 2130)",1,1.01
"(315, 106)",1,1.01
"(233, 442)",1,1.01
"(522, 1397)",1,1.01
"(522, 204)",1,1.01
"(1115, 2092)",1,1.01
"(1108, 117)",1,1.01
"(1692, 710)",1,1.01
"(431, 1692)",1,1.01
"(88, 431)",1,1.01
"(701, 88)",1,1.01
"(734, 701)",1,1.01
"(96, 734)",1,1.01
"(2471, 93)",1,1.01
"(706, 2471)",1,1.01
"(1273, 907)",1,1.01
"(164, 1273)",1,1.01
"(98, 164)",1,1.01
"(298, 113)",1,1.01
"(2317, 298)",1,1.01
"(224, 2108)",1,1.01
"(2109, 1502)",1,1.01
"(166, 926)",1,1.01
"(739, 96)",1,1.01
"(89, 739)",1,1.01
"(554, 254)",1,1.01
"(1145, 87)",1,1.01
"(101, 48)",1,1.01
"(920, 93)",1,1.01
"(1898, 9)",1,1.01
"(277, 93)",1,1.01
"(237, 1533)",1,1.01
"(1963, 815)",1,1.01
"(403, 71)",1,1.01
"(71, 277)",1,1.01
"(54, 2264)",1,1.01
"(1273, 1854)",1,1.01
"(2523, 2457)",1,1.01
"(2473, 75)",1,1.01
"(1707, 1528)",1,1.01
"(589, 1707)",1,1.01
"(449, 589)",1,1.01
"(1926, 290)",1,1.01
"(88, 485)",1,1.01
"(114, 2531)",1,1.01
"(59, 9)",1,1.01
"(673, 59)",1,1.01
"(2264, 673)",1,1.01
"(2327, 101)",1,1.01
"(277, 234)",1,1.01
"(88, 2327)",1,1.01
"(601, 322)",1,1.01
"(330, 353)",1,1.01
"(2134, 101)",1,1.01
"(73, 2134)",1,1.01
"(2531, 1229)",1,1.01
"(88, 159)",1,1.01
"(105, 131)",1,1.01
"(1229, 89)",1,1.01
"(267, 1662)",1,1.01
"(2066, 267)",1,1.01
"(1443, 135)",1,1.01
"(239, 867)",1,1.01
"(764, 89)",1,1.01
"(2408, 11)",1,1.01
"(109, 764)",1,1.01
"(671, 263)",1,1.01
"(66, 671)",1,1.01
"(109, 107)",1,1.01
"(98, 2023)",1,1.01
"(63, 98)",1,1.01
"(1740, 9)",1,1.01
"(73, 1740)",1,1.01
"(2340, 175)",1,1.01
"(394, 181)",1,1.01
"(895, 1382)",1,1.01
"(149, 895)",1,1.01
"(268, 2244)",1,1.01
"(2244, 1593)",1,1.01
"(239, 2918)",1,1.01
"(90, 1634)",1,1.01
"(1554, 98)",1,1.01
"(88, 1554)",1,1.01
"(380, 1399)",1,1.01
"(1302, 380)",1,1.01
"(969, 1302)",1,1.01
"(2665, 102)",1,1.01
"(268, 1033)",1,1.01
"(854, 191)",1,1.01
"(193, 854)",1,1.01
"(113, 449)",1,1.01
"(93, 2306)",1,1.01
"(2283, 93)",1,1.01
"(307, 109)",1,1.01
"(597, 2903)",1,1.01
"(303, 518)",1,1.01
"(2547, 89)",1,1.01
"(830, 109)",1,1.01
"(204, 1073)",1,1.01
"(127, 66)",1,1.01
"(255, 1647)",1,1.01
"(1257, 1062)",1,1.01
"(397, 598)",1,1.01
"(346, 397)",1,1.01
"(1343, 1076)",1,1.01
"(2750, 203)",1,1.01
"(307, 389)",1,1.01
"(720, 2547)",1,1.01
"(106, 571)",1,1.01
"(136, 1324)",1,1.01
"(128, 303)",1,1.01
"(75, 54)",1,1.01
"(594, 75)",1,1.01
"(346, 1528)",1,1.01
"(1324, 163)",1,1.01
"(668, 188)",1,1.01
"(784, 219)",1,1.01
"(1390, 1139)",1,1.01
"(2635, 72)",1,1.01
"(1621, 204)",1,1.01
"(1744, 522)",1,1.01
"(93, 1744)",1,1.01
"(891, 93)",1,1.01
"(201, 2347)",1,1.01
"(101, 1290)",1,1.01
"(1230, 191)",1,1.01
"(1247, 172)",1,1.01
"(99, 348)",1,1.01
"(313, 270)",1,1.01
"(348, 2700)",1,1.01
"(1619, 96)",1,1.01
"(188, 161)",1,1.01
"(4, 260)",1,1.01
"(215, 10)",1,1.01
"(1874, 200)",1,1.01
"(97, 1885)",1,1.01
"(1885, 777)",1,1.01
"(2718, 258)",1,1.01
"(1848, 813)",1,1.01
"(147, 1848)",1,1.01
"(2669, 487)",1,1.01
"(9, 1940)",1,1.01
"(268, 678)",1,1.01
"(487, 78)",1,1.01
"(1859, 2106)",1,1.01
"(959, 1859)",1,1.01
"(78, 2714)",1,1.01
"(2714, 110)",1,1.01
"(548, 109)",1,1.01
"(509, 116)",1,1.01
"(292, 509)",1,1.01
"(303, 292)",1,1.01
"(110, 1499)",1,1.01
"(1499, 9)",1,1.01
"(553, 272)",1,1.01
"(1916, 11)",1,1.01
"(4, 2765)",1,1.01
"(263, 153)",1,1.01
"(336, 1508)",1,1.01
"(154, 502)",1,1.01
"(181, 204)",1,1.01
"(959, 407)",1,1.01
"(4, 1053)",1,1.01
"(2065, 1984)",1,1.01
"(135, 2065)",1,1.01
"(1916, 208)",1,1.01
"(464, 491)",1,1.01
"(477, 145)",1,1.01
"(9, 1883)",1,1.01
"(145, 129)",1,1.01
"(704, 240)",1,1.01
"(2765, 959)",1,1.01
"(971, 2409)",1,1.01
"(1206, 172)",1,1.01
"(24, 1206)",1,1.01
"(225, 24)",1,1.01
"(172, 560)",1,1.01
"(2409, 3)",1,1.01
"(149, 295)",1,1.01
"(24, 153)",1,1.01
"(72, 24)",1,1.01
"(149, 72)",1,1.01
"(163, 310)",1,1.01
"(491, 72)",1,1.01
"(2867, 10)",1,1.01
"(626, 1300)",1,1.01
"(1299, 626)",1,1.01
"(1624, 281)",1,1.01
"(2228, 737)",1,1.01
"(533, 9)",1,1.01
"(300, 2465)",1,1.01
"(1568, 784)",1,1.01
"(113, 245)",1,1.01
"(353, 984)",1,1.01
"(245, 24)",1,1.01
"(806, 1528)",1,1.01
"(1460, 113)",1,1.01
"(113, 302)",1,1.01
"(302, 1777)",1,1.01
"(1616, 365)",1,1.01
"(9, 758)",1,1.01
"(450, 421)",1,1.01
"(1221, 9)",1,1.01
"(91, 465)",1,1.01
"(465, 772)",1,1.01
"(90, 335)",1,1.01
"(999, 651)",1,1.01
"(164, 999)",1,1.01
"(772, 25)",1,1.01
"(533, 1252)",1,1.01
"(203, 2210)",1,1.01
"(847, 2181)",1,1.01
"(218, 55)",1,1.01
"(2543, 218)",1,1.01
"(1256, 127)",1,1.01
"(396, 1444)",1,1.01
"(2768, 160)",1,1.01
"(2912, 89)",1,1.01
"(489, 2768)",1,1.01
"(2806, 9)",1,1.01
"(147, 2053)",1,1.01
"(1158, 437)",1,1.01
"(2227, 1158)",1,1.01
"(664, 2227)",1,1.01
"(93, 664)",1,1.01
"(866, 93)",1,1.01
"(2473, 9)",1,1.01
"(93, 2473)",1,1.01
"(898, 101)",1,1.01
"(1264, 119)",1,1.01
"(665, 1580)",1,1.01
"(1444, 784)",1,1.01
"(979, 665)",1,1.01
"(34, 314)",1,1.01
"(160, 1854)",1,1.01
"(330, 161)",1,1.01
"(314, 266)",1,1.01
"(266, 113)",1,1.01
"(167, 90)",1,1.01
"(740, 91)",1,1.01
"(450, 310)",1,1.01
"(725, 188)",1,1.01
"(450, 34)",1,1.01
"(1469, 117)",1,1.01
"(201, 2283)",1,1.01
"(103, 1197)",1,1.01
"(405, 103)",1,1.01
"(108, 2820)",1,1.01
"(79, 626)",1,1.01
"(586, 79)",1,1.01
"(57, 586)",1,1.01
"(845, 57)",1,1.01
"(141, 2364)",1,1.01
"(102, 243)",1,1.01
"(510, 102)",1,1.01
"(2364, 160)",1,1.01
"(1159, 254)",1,1.01
"(2722, 1159)",1,1.01
"(1718, 71)",1,1.01
"(130, 1718)",1,1.01
"(160, 28)",1,1.01
"(191, 353)",1,1.01
"(28, 74)",1,1.01
"(167, 62)",1,1.01
"(343, 193)",1,1.01
"(255, 2038)",1,1.01
"(193, 195)",1,1.01
"(300, 703)",1,1.01
"(195, 261)",1,1.01
"(976, 171)",1,1.01
"(108, 921)",1,1.01
"(130, 108)",1,1.01
"(2330, 1654)",1,1.01
"(206, 191)",1,1.01
"(147, 346)",1,1.01
"(626, 1084)",1,1.01
"(351, 1528)",1,1.01
"(620, 72)",1,1.01
"(140, 103)",1,1.01
"(258, 79)",1,1.01
"(506, 2419)",1,1.01
"(1075, 9)",1,1.01
"(188, 1198)",1,1.01
"(88, 1829)",1,1.01
"(1198, 126)",1,1.01
"(1751, 258)",1,1.01
"(475, 96)",1,1.01
"(722, 1597)",1,1.01
"(801, 457)",1,1.01
"(2927, 88)",1,1.01
"(103, 2927)",1,1.01
"(73, 514)",1,1.01
"(290, 620)",1,1.01
"(9, 2313)",1,1.01
"(1007, 1011)",1,1.01
"(129, 1528)",1,1.01
"(196, 129)",1,1.01
"(312, 196)",1,1.01
"(2407, 312)",1,1.01
"(1920, 2407)",1,1.01
"(760, 290)",1,1.01
"(1169, 93)",1,1.01
"(93, 1728)",1,1.01
"(958, 290)",1,1.01
"(594, 662)",1,1.01
"(360, 724)",1,1.01
"(306, 155)",1,1.01
"(130, 1368)",1,1.01
"(2613, 88)",1,1.01
"(1101, 191)",1,1.01
"(99, 1101)",1,1.01
"(1016, 1758)",1,1.01
"(129, 430)",1,1.01
"(571, 902)",1,1.01
"(169, 571)",1,1.01
"(1322, 258)",1,1.01
"(1521, 203)",1,1.01
"(141, 1658)",1,1.01
"(136, 164)",1,1.01
"(2473, 188)",1,1.01
"(164, 1365)",1,1.01
"(352, 2613)",1,1.01
"(896, 10)",1,1.01
"(1365, 988)",1,1.01
"(1065, 552)",1,1.01
"(188, 387)",1,1.01
"(1229, 623)",1,1.01
"(1565, 9)",1,1.01
"(1511, 88)",1,1.01
"(1032, 102)",1,1.01
"(300, 2923)",1,1.01
"(1557, 1103)",1,1.01
"(348, 1081)",1,1.01
"(573, 348)",1,1.01
"(2446, 2089)",1,1.01
"(188, 896)",1,1.01
"(55, 179)",1,1.01
"(526, 87)",1,1.01
"(218, 56)",1,1.01
"(267, 526)",1,1.01
"(1160, 267)",1,1.01
"(10, 1160)",1,1.01
"(204, 438)",1,1.01
"(304, 1082)",1,1.01
"(1082, 2747)",1,1.01
"(153, 1917)",1,1.01
"(470, 1933)",1,1.01
"(1933, 95)",1,1.01
"(129, 347)",1,1.01
"(136, 609)",1,1.01
"(213, 1738)",1,1.01
"(1334, 1202)",1,1.01
"(179, 784)",1,1.01
"(190, 258)",1,1.01
"(1450, 630)",1,1.01
"(136, 2733)",1,1.01
"(154, 1500)",1,1.01
"(190, 1539)",1,1.01
"(1273, 147)",1,1.01
"(89, 1189)",1,1.01
"(2854, 89)",1,1.01
"(423, 2854)",1,1.01
"(163, 2469)",1,1.01
"(2469, 102)",1,1.01
"(784, 213)",1,1.01
"(99, 163)",1,1.01
"(2820, 267)",1,1.01
"(28, 138)",1,1.01
"(1198, 258)",1,1.01
"(241, 810)",1,1.01
"(300, 117)",1,1.01
"(420, 519)",1,1.01
"(573, 470)",1,1.01
"(101, 961)",1,1.01
"(1136, 426)",1,1.01
"(426, 218)",1,1.01
"(210, 66)",1,1.01
"(62, 210)",1,1.01
"(101, 62)",1,1.01
"(1226, 101)",1,1.01
"(218, 1594)",1,1.01
"(2177, 665)",1,1.01
"(2465, 106)",1,1.01
"(1451, 2955)",1,1.01
"(126, 1451)",1,1.01
"(248, 304)",1,1.01
"(365, 248)",1,1.01
"(641, 10)",1,1.01
"(635, 641)",1,1.01
"(394, 353)",1,1.01
"(353, 403)",1,1.01
"(132, 167)",1,1.01
"(1718, 132)",1,1.01
"(601, 258)",1,1.01
"(457, 601)",1,1.01
"(351, 457)",1,1.01
"(101, 737)",1,1.01
"(9, 784)",1,1.01
"(191, 187)",1,1.01
"(145, 2031)",1,1.01
"(219, 191)",1,1.01
"(95, 525)",1,1.01
"(93, 1296)",1,1.01
"(383, 991)",1,1.01
"(1469, 426)",1,1.01
"(1268, 1469)",1,1.01
"(1339, 1268)",1,1.01
"(9, 1339)",1,1.01
"(90, 2201)",1,1.01
"(853, 2064)",1,1.01
"(2201, 2276)",1,1.01
"(2031, 102)",1,1.01
"(2276, 1084)",1,1.01
"(187, 299)",1,1.01
"(591, 93)",1,1.01
"(724, 591)",1,1.01
"(2541, 695)",1,1.01
"(104, 2347)",1,1.01
"(2217, 221)",1,1.01
"(2854, 102)",1,1.01
"(352, 2854)",1,1.01
"(108, 352)",1,1.01
"(425, 108)",1,1.01
"(60, 425)",1,1.01
"(72, 1230)",1,1.01
"(299, 72)",1,1.01
"(600, 463)",1,1.01
"(2369, 600)",1,1.01
"(364, 1637)",1,1.01
"(891, 9)",1,1.01
"(422, 241)",1,1.01
"(468, 422)",1,1.01
"(427, 383)",1,1.01
"(2466, 1197)",1,1.01
"(383, 2156)",1,1.01
"(127, 2690)",1,1.01
"(455, 545)",1,1.01
"(795, 113)",1,1.01
"(1551, 545)",1,1.01
"(64, 165)",1,1.01
"(638, 64)",1,1.01
"(300, 638)",1,1.01
"(2329, 142)",1,1.01
"(154, 88)",1,1.01
"(1387, 56)",1,1.01
"(1987, 72)",1,1.01
"(1804, 1668)",1,1.01
"(166, 371)",1,1.01
"(300, 93)",1,1.01
"(1103, 2317)",1,1.01
"(2888, 1103)",1,1.01
"(519, 2888)",1,1.01
"(2812, 101)",1,1.01
"(268, 402)",1,1.01
"(2417, 130)",1,1.01
"(2901, 11)",1,1.01
"(286, 10)",1,1.01
"(1032, 578)",1,1.01
"(2828, 671)",1,1.01
"(2383, 191)",1,1.01
"(120, 941)",1,1.01
"(1191, 120)",1,1.01
"(1450, 1191)",1,1.01
"(412, 1450)",1,1.01
"(2474, 138)",1,1.01
"(1479, 2474)",1,1.01
"(190, 2201)",1,1.01
"(2201, 144)",1,1.01
"(11, 47)",1,1.01
"(203, 1139)",1,1.01
"(144, 1122)",1,1.01
"(191, 333)",1,1.01
"(2530, 2383)",1,1.01
"(1033, 286)",1,1.01
"(725, 2530)",1,1.01
"(360, 89)",1,1.01
"(1122, 255)",1,1.01
"(406, 286)",1,1.01
"(343, 867)",1,1.01
"(711, 267)",1,1.01
"(191, 2108)",1,1.01
"(2675, 191)",1,1.01
"(725, 60)",1,1.01
"(1654, 101)",1,1.01
"(2897, 241)",1,1.01
"(377, 10)",1,1.01
"(336, 1200)",1,1.01
"(1200, 88)",1,1.01
"(994, 89)",1,1.01
"(280, 149)",1,1.01
"(1249, 142)",1,1.01
"(1484, 1249)",1,1.01
"(147, 1484)",1,1.01
"(2629, 147)",1,1.01
"(179, 166)",1,1.01
"(152, 179)",1,1.01
"(302, 1308)",1,1.01
"(1308, 126)",1,1.01
"(2270, 195)",1,1.01
"(1472, 302)",1,1.01
"(302, 974)",1,1.01
"(974, 89)",1,1.01
"(2264, 2901)",1,1.01
"(722, 35)",1,1.01
"(426, 1524)",1,1.01
"(35, 229)",1,1.01
"(1427, 195)",1,1.01
"(1885, 1427)",1,1.01
"(89, 1885)",1,1.01
"(336, 425)",1,1.01
"(270, 336)",1,1.01
"(229, 90)",1,1.01
"(303, 280)",1,1.01
"(102, 303)",1,1.01
"(248, 379)",1,1.01
"(106, 2421)",1,1.01
"(2255, 106)",1,1.01
"(131, 1452)",1,1.01
"(1452, 89)",1,1.01
"(117, 852)",1,1.01
"(188, 623)",1,1.01
"(509, 1108)",1,1.01
"(752, 258)",1,1.01
"(791, 598)",1,1.01
"(409, 1069)",1,1.01
"(136, 266)",1,1.01
"(167, 155)",1,1.01
"(240, 171)",1,1.01
"(293, 290)",1,1.01
"(2490, 293)",1,1.01
"(2496, 9)",1,1.01
"(1862, 2496)",1,1.01
"(240, 1862)",1,1.01
"(832, 68)",1,1.01
"(422, 560)",1,1.01
"(161, 832)",1,1.01
"(161, 539)",1,1.01
"(1333, 34)",1,1.01
"(1398, 861)",1,1.01
"(1888, 258)",1,1.01
"(116, 1888)",1,1.01
"(2471, 116)",1,1.01
"(759, 134)",1,1.01
"(2641, 296)",1,1.01
"(1997, 11)",1,1.01
"(1127, 1997)",1,1.01
"(54, 1127)",1,1.01
"(72, 2255)",1,1.01
"(983, 171)",1,1.01
"(127, 609)",1,1.01
"(54, 2965)",1,1.01
"(4, 2376)",1,1.01
"(177, 270)",1,1.01
"(90, 392)",1,1.01
"(191, 653)",1,1.01
"(302, 570)",1,1.01
"(570, 312)",1,1.01
"(594, 465)",1,1.01
"(1056, 270)",1,1.01
"(270, 860)",1,1.01
"(10, 1828)",1,1.01
"(387, 1626)",1,1.01
"(1626, 271)",1,1.01
"(2965, 2615)",1,1.01
"(129, 1828)",1,1.01
"(552, 1360)",1,1.01
"(972, 9)",1,1.01
"(508, 1011)",1,1.01
"(132, 508)",1,1.01
"(156, 132)",1,1.01
"(523, 1475)",1,1.01
"(1398, 455)",1,1.01
"(971, 1398)",1,1.01
"(135, 2531)",1,1.01
"(2861, 890)",1,1.01
"(136, 1069)",1,1.01
"(948, 426)",1,1.01
"(2376, 129)",1,1.01
"(594, 1534)",1,1.01
"(181, 127)",1,1.01
"(101, 283)",1,1.01
"(2255, 252)",1,1.01
"(10, 145)",1,1.01
"(194, 10)",1,1.01
"(132, 1119)",1,1.01
"(89, 630)",1,1.01
"(379, 131)",1,1.01
"(58, 243)",1,1.01
"(2426, 161)",1,1.01
"(416, 2426)",1,1.01
"(140, 94)",1,1.01
"(181, 2353)",1,1.01
"(188, 252)",1,1.01
"(2791, 912)",1,1.01
"(1534, 350)",1,1.01
"(396, 54)",1,1.01
"(665, 1945)",1,1.01
"(2911, 147)",1,1.01
"(34, 2911)",1,1.01
"(90, 88)",1,1.01
"(141, 38)",1,1.01
"(882, 11)",1,1.01
"(101, 272)",1,1.01
"(912, 191)",1,1.01
"(2778, 231)",1,1.01
"(101, 2778)",1,1.01
"(303, 392)",1,1.01
"(134, 791)",1,1.01
"(149, 381)",1,1.01
"(2329, 350)",1,1.01
"(980, 814)",1,1.01
"(1573, 1307)",1,1.01
"(141, 1573)",1,1.01
"(302, 868)",1,1.01
"(188, 561)",1,1.01
"(715, 142)",1,1.01
"(868, 290)",1,1.01
"(290, 272)",1,1.01
"(96, 226)",1,1.01
"(226, 1944)",1,1.01
"(1721, 90)",1,1.01
"(167, 126)",1,1.01
"(111, 319)",1,1.01
"(2621, 477)",1,1.01
"(772, 96)",1,1.01
"(191, 363)",1,1.01
"(1716, 671)",1,1.01
"(126, 1577)",1,1.01
"(309, 93)",1,1.01
"(101, 2755)",1,1.01
"(1482, 97)",1,1.01
"(102, 387)",1,1.01
"(755, 1009)",1,1.01
"(408, 755)",1,1.01
"(263, 408)",1,1.01
"(102, 98)",1,1.01
"(1072, 72)",1,1.01
"(9, 1591)",1,1.01
"(1307, 106)",1,1.01
"(106, 810)",1,1.01
"(2490, 2973)",1,1.01
"(1322, 1328)",1,1.01
"(390, 9)",1,1.01
"(302, 443)",1,1.01
"(10, 323)",1,1.01
"(801, 437)",1,1.01
"(41, 801)",1,1.01
"(1366, 267)",1,1.01
"(274, 1366)",1,1.01
"(1551, 1081)",1,1.01
"(300, 165)",1,1.01
"(219, 831)",1,1.01
"(323, 1322)",1,1.01
"(853, 389)",1,1.01
"(141, 1333)",1,1.01
"(1289, 258)",1,1.01
"(1333, 602)",1,1.01
"(302, 1309)",1,1.01
"(1309, 102)",1,1.01
"(245, 351)",1,1.01
"(127, 406)",1,1.01
"(356, 380)",1,1.01
"(238, 2735)",1,1.01
"(2735, 210)",1,1.01
"(67, 218)",1,1.01
"(2961, 103)",1,1.01
"(128, 992)",1,1.01
"(376, 1289)",1,1.01
"(420, 143)",1,1.01
"(966, 129)",1,1.01
"(1005, 127)",1,1.01
"(1193, 96)",1,1.01
"(869, 866)",1,1.01
"(343, 2075)",1,1.01
"(141, 1503)",1,1.01
"(10, 465)",1,1.01
"(1920, 831)",1,1.01
"(9, 1920)",1,1.01
"(166, 1984)",1,1.01
"(2616, 94)",1,1.01
"(1504, 2980)",1,1.01
"(922, 611)",1,1.01
"(2980, 468)",1,1.01
"(468, 858)",1,1.01
"(268, 907)",1,1.01
"(1857, 1180)",1,1.01
"(2061, 437)",1,1.01
"(907, 188)",1,1.01
"(188, 346)",1,1.01
"(2629, 93)",1,1.01
"(509, 166)",1,1.01
"(1286, 509)",1,1.01
"(959, 1286)",1,1.01
"(130, 299)",1,1.01
"(351, 98)",1,1.01
"(374, 1644)",1,1.01
"(509, 855)",1,1.01
"(1770, 980)",1,1.01
"(866, 203)",1,1.01
"(188, 2583)",1,1.01
"(2471, 462)",1,1.01
"(333, 163)",1,1.01
"(751, 2471)",1,1.01
"(2918, 602)",1,1.01
"(134, 826)",1,1.01
"(218, 2273)",1,1.01
"(242, 2611)",1,1.01
"(1753, 242)",1,1.01
"(1007, 346)",1,1.01
"(760, 203)",1,1.01
"(130, 195)",1,1.01
"(1143, 155)",1,1.01
"(73, 487)",1,1.01
"(487, 346)",1,1.01
"(2702, 127)",1,1.01
"(136, 2925)",1,1.01
"(199, 2702)",1,1.01
"(874, 34)",1,1.01
"(1356, 191)",1,1.01
"(179, 142)",1,1.01
"(1121, 179)",1,1.01
"(90, 1121)",1,1.01
"(116, 90)",1,1.01
"(1143, 598)",1,1.01
"(218, 530)",1,1.01
"(225, 218)",1,1.01
"(1158, 953)",1,1.01
"(2925, 1158)",1,1.01
"(1232, 522)",1,1.01
"(522, 1152)",1,1.01
"(200, 1200)",1,1.01
"(103, 810)",1,1.01
"(1161, 2675)",1,1.01
"(101, 1161)",1,1.01
"(2719, 93)",1,1.01
"(88, 2719)",1,1.01
"(2015, 127)",1,1.01
"(127, 797)",1,1.01
"(240, 646)",1,1.01
"(646, 350)",1,1.01
"(352, 1707)",1,1.01
"(171, 352)",1,1.01
"(270, 476)",1,1.01
"(2568, 54)",1,1.01
"(740, 1525)",1,1.01
"(1525, 2732)",1,1.01
"(129, 2701)",1,1.01
"(230, 464)",1,1.01
"(9, 230)",1,1.01
"(105, 187)",1,1.01
"(1828, 105)",1,1.01
"(240, 1828)",1,1.01
"(1469, 267)",1,1.01
"(1858, 1469)",1,1.01
"(102, 1858)",1,1.01
"(1343, 1885)",1,1.01
"(2984, 89)",1,1.01
"(223, 91)",1,1.01
"(2645, 93)",1,1.01
"(2675, 602)",1,1.01
"(127, 413)",1,1.01
"(413, 724)",1,1.01
"(225, 1960)",1,1.01
"(1069, 2712)",1,1.01
"(646, 78)",1,1.01
"(2269, 11)",1,1.01
"(589, 34)",1,1.01
"(227, 106)",1,1.01
"(2474, 1761)",1,1.01
"(166, 2474)",1,1.01
"(114, 2701)",1,1.01
"(772, 1469)",1,1.01
"(305, 2832)",1,1.01
"(2391, 225)",1,1.01
"(204, 371)",1,1.01
"(93, 2274)",1,1.01
"(193, 453)",1,1.01
"(181, 188)",1,1.01
"(72, 71)",1,1.01
"(188, 1848)",1,1.01
"(1848, 359)",1,1.01
"(2155, 11)",1,1.01
"(166, 1231)",1,1.01
"(533, 359)",1,1.01
"(171, 2759)",1,1.01
"(352, 88)",1,1.01
"(296, 352)",1,1.01
"(2539, 281)",1,1.01
"(539, 219)",1,1.01
"(91, 2864)",1,1.01
"(2864, 88)",1,1.01
"(1273, 1085)",1,1.01
"(1696, 104)",1,1.01
"(1900, 1106)",1,1.01
"(863, 102)",1,1.01
"(1919, 9)",1,1.01
"(2327, 1919)",1,1.01
"(153, 2327)",1,1.01
"(987, 153)",1,1.01
"(2748, 11)",1,1.01
"(2466, 2748)",1,1.01
"(203, 2466)",1,1.01
"(2912, 203)",1,1.01
"(160, 1580)",1,1.01
"(257, 322)",1,1.01
"(1014, 1696)",1,1.01
"(1900, 89)",1,1.01
"(226, 2547)",1,1.01
"(248, 14)",1,1.01
"(45, 74)",1,1.01
"(117, 45)",1,1.01
"(544, 113)",1,1.01
"(760, 208)",1,1.01
"(1810, 473)",1,1.01
"(867, 350)",1,1.01
"(147, 994)",1,1.01
"(270, 1165)",1,1.01
"(265, 172)",1,1.01
"(36, 265)",1,1.01
"(1503, 863)",1,1.01
"(89, 662)",1,1.01
"(55, 1273)",1,1.01
"(376, 762)",1,1.01
"(910, 55)",1,1.01
"(108, 910)",1,1.01
"(222, 108)",1,1.01
"(642, 222)",1,1.01
"(2609, 203)",1,1.01
"(665, 2609)",1,1.01
"(2873, 237)",1,1.01
"(1737, 258)",1,1.01
"(1511, 390)",1,1.01
"(819, 1511)",1,1.01
"(93, 819)",1,1.01
"(533, 2338)",1,1.01
"(68, 71)",1,1.01
"(2880, 1001)",1,1.01
"(1315, 68)",1,1.01
"(126, 1315)",1,1.01
"(666, 112)",1,1.01
"(762, 270)",1,1.01
"(655, 161)",1,1.01
"(2155, 525)",1,1.01
"(34, 1503)",1,1.01
"(397, 102)",1,1.01
"(171, 397)",1,1.01
"(1309, 9)",1,1.01
"(93, 1309)",1,1.01
"(1001, 93)",1,1.01
"(1474, 214)",1,1.01
"(1916, 553)",1,1.01
"(1152, 149)",1,1.01
"(553, 56)",1,1.01
"(1148, 237)",1,1.01
"(237, 2747)",1,1.01
"(91, 1175)",1,1.01
"(239, 65)",1,1.01
"(2983, 11)",1,1.01
"(272, 2028)",1,1.01
"(97, 791)",1,1.01
"(665, 1103)",1,1.01
"(872, 258)",1,1.01
"(296, 872)",1,1.01
"(523, 296)",1,1.01
"(791, 678)",1,1.01
"(678, 616)",1,1.01
"(616, 438)",1,1.01
"(78, 280)",1,1.01
"(517, 78)",1,1.01
"(1501, 517)",1,1.01
"(438, 736)",1,1.01
"(55, 258)",1,1.01
"(560, 208)",1,1.01
"(2597, 9)",1,1.01
"(920, 258)",1,1.01
"(560, 920)",1,1.01
"(2741, 560)",1,1.01
"(72, 2741)",1,1.01
"(489, 462)",1,1.01
"(197, 117)",1,1.01
"(502, 810)",1,1.01
"(1522, 286)",1,1.01
"(1398, 959)",1,1.01
"(2691, 99)",1,1.01
"(74, 126)",1,1.01
"(1873, 54)",1,1.01
"(104, 1873)",1,1.01
"(110, 104)",1,1.01
"(90, 110)",1,1.01
"(1605, 90)",1,1.01
"(4, 1605)",1,1.01
"(708, 132)",1,1.01
"(132, 2691)",1,1.01
"(153, 280)",1,1.01
"(353, 385)",1,1.01
"(2543, 353)",1,1.01
"(161, 271)",1,1.01
"(959, 348)",1,1.01
"(1334, 2301)",1,1.01
"(89, 2576)",1,1.01
"(72, 28)",1,1.01
"(78, 6)",1,1.01
"(130, 378)",1,1.01
"(78, 130)",1,1.01
"(919, 78)",1,1.01
"(88, 919)",1,1.01
"(256, 10)",1,1.01
"(88, 1191)",1,1.01
"(573, 815)",1,1.01
"(399, 1522)",1,1.01
"(305, 166)",1,1.01
"(740, 371)",1,1.01
"(1528, 127)",1,1.01
"(240, 101)",1,1.01
"(1310, 1365)",1,1.01
"(88, 1310)",1,1.01
"(1121, 72)",1,1.01
"(325, 1121)",1,1.01
"(60, 325)",1,1.01
"(2397, 584)",1,1.01
"(1247, 29)",1,1.01
"(155, 1247)",1,1.01
"(191, 155)",1,1.01
"(109, 191)",1,1.01
"(1345, 72)",1,1.01
"(113, 1064)",1,1.01
"(240, 9)",1,1.01
"(304, 258)",1,1.01
"(101, 264)",1,1.01
"(2835, 392)",1,1.01
"(147, 288)",1,1.01
"(127, 121)",1,1.01
"(416, 2265)",1,1.01
"(240, 73)",1,1.01
"(1553, 2565)",1,1.01
"(167, 664)",1,1.01
"(134, 339)",1,1.01
"(330, 640)",1,1.01
"(1763, 9)",1,1.01
"(476, 283)",1,1.01
"(1365, 427)",1,1.01
"(104, 48)",1,1.01
"(330, 1528)",1,1.01
"(1444, 2052)",1,1.01
"(2005, 1539)",1,1.01
"(2606, 2005)",1,1.01
"(142, 2606)",1,1.01
"(1804, 109)",1,1.01
"(89, 1921)",1,1.01
"(381, 1341)",1,1.01
"(1341, 147)",1,1.01
"(114, 677)",1,1.01
"(636, 2592)",1,1.01
"(103, 485)",1,1.01
"(1178, 495)",1,1.01
"(2052, 1178)",1,1.01
"(2675, 127)",1,1.01
"(305, 584)",1,1.01
"(1436, 2675)",1,1.01
"(485, 11)",1,1.01
"(323, 56)",1,1.01
"(375, 99)",1,1.01
"(106, 195)",1,1.01
"(140, 54)",1,1.01
"(130, 140)",1,1.01
"(999, 339)",1,1.01
"(88, 1421)",1,1.01
"(498, 2717)",1,1.01
"(10, 498)",1,1.01
"(101, 1739)",1,1.01
"(272, 2446)",1,1.01
"(941, 34)",1,1.01
"(93, 1921)",1,1.01
"(339, 72)",1,1.01
"(663, 1790)",1,1.01
"(114, 1644)",1,1.01
"(303, 442)",1,1.01
"(1790, 194)",1,1.01
"(101, 1563)",1,1.01
"(1833, 349)",1,1.01
"(442, 744)",1,1.01
"(167, 191)",1,1.01
"(1146, 316)",1,1.01
"(1547, 104)",1,1.01
"(226, 1547)",1,1.01
"(328, 54)",1,1.01
"(240, 845)",1,1.01
"(845, 2935)",1,1.01
"(252, 260)",1,1.01
"(507, 89)",1,1.01
"(114, 2824)",1,1.01
"(2492, 23)",1,1.01
"(37, 144)",1,1.01
"(720, 609)",1,1.01
"(147, 31)",1,1.01
"(72, 2875)",1,1.01
"(129, 72)",1,1.01
"(31, 1241)",1,1.01
"(132, 2473)",1,1.01
"(1241, 28)",1,1.01
"(1664, 591)",1,1.01
"(88, 2748)",1,1.01
"(594, 89)",1,1.01
"(154, 2950)",1,1.01
"(104, 163)",1,1.01
"(252, 2876)",1,1.01
"(2547, 258)",1,1.01
"(2093, 612)",1,1.01
"(204, 736)",1,1.01
"(348, 170)",1,1.01
"(1814, 1132)",1,1.01
"(823, 1814)",1,1.01
"(436, 296)",1,1.01
"(316, 73)",1,1.01
"(143, 316)",1,1.01
"(633, 193)",1,1.01
"(95, 454)",1,1.01
"(1319, 119)",1,1.01
"(644, 201)",1,1.01
"(114, 1319)",1,1.01
"(1607, 442)",1,1.01
"(142, 1432)",1,1.01
"(828, 142)",1,1.01
"(72, 1156)",1,1.01
"(1427, 2876)",1,1.01
"(1644, 69)",1,1.01
"(225, 263)",1,1.01
"(128, 225)",1,1.01
"(247, 154)",1,1.01
"(2445, 1252)",1,1.01
"(201, 2445)",1,1.01
"(166, 1664)",1,1.01
"(380, 339)",1,1.01
"(88, 266)",1,1.01
"(88, 380)",1,1.01
"(223, 2138)",1,1.01
"(511, 1851)",1,1.01
"(1308, 511)",1,1.01
"(383, 1308)",1,1.01
"(596, 383)",1,1.01
"(2395, 473)",1,1.01
"(97, 2339)",1,1.01
"(258, 2496)",1,1.01
"(372, 579)",1,1.01
"(650, 286)",1,1.01
"(114, 650)",1,1.01
"(54, 372)",1,1.01
"(372, 561)",1,1.01
"(1786, 127)",1,1.01
"(462, 295)",1,1.01
"(1397, 90)",1,1.01
"(2413, 116)",1,1.01
"(677, 2413)",1,1.01
"(6, 677)",1,1.01
"(738, 6)",1,1.01
"(272, 738)",1,1.01
"(550, 126)",1,1.01
"(390, 489)",1,1.01
"(99, 2496)",1,1.01
"(527, 255)",1,1.01
"(232, 1537)",1,1.01
"(1387, 272)",1,1.01
"(2138, 1266)",1,1.01
"(75, 1504)",1,1.01
"(1504, 127)",1,1.01
"(172, 744)",1,1.01
"(507, 98)",1,1.01
"(71, 615)",1,1.01
"(542, 365)",1,1.01
"(226, 231)",1,1.01
"(101, 95)",1,1.01
"(446, 589)",1,1.01
"(104, 446)",1,1.01
"(450, 104)",1,1.01
"(68, 96)",1,1.01
"(252, 2310)",1,1.01
"(2913, 127)",1,1.01
"(166, 517)",1,1.01
"(422, 755)",1,1.01
"(160, 227)",1,1.01
"(840, 97)",1,1.01
"(230, 840)",1,1.01
"(68, 270)",1,1.01
"(960, 241)",1,1.01
"(1624, 88)",1,1.01
"(166, 1252)",1,1.01
"(715, 267)",1,1.01
"(116, 715)",1,1.01
"(95, 1976)",1,1.01
"(1842, 1136)",1,1.01
"(44, 2395)",1,1.01
"(227, 1847)",1,1.01
"(117, 26)",1,1.01
"(722, 2093)",1,1.01
"(147, 722)",1,1.01
"(248, 15)",1,1.01
"(106, 376)",1,1.01
"(2083, 106)",1,1.01
"(897, 2083)",1,1.01
"(88, 897)",1,1.01
"(519, 527)",1,1.01
"(521, 101)",1,1.01
"(65, 1368)",1,1.01
"(107, 749)",1,1.01
"(145, 107)",1,1.01
"(1425, 145)",1,1.01
"(468, 1425)",1,1.01
"(1032, 468)",1,1.01
"(1398, 109)",1,1.01
"(101, 2701)",1,1.01
"(1714, 101)",1,1.01
"(288, 2024)",1,1.01
"(114, 2331)",1,1.01
"(336, 1020)",1,1.01
"(2880, 1108)",1,1.01
"(135, 314)",1,1.01
"(416, 258)",1,1.01
"(1649, 462)",1,1.01
"(289, 126)",1,1.01
"(1169, 290)",1,1.01
"(237, 1169)",1,1.01
"(2395, 237)",1,1.01
"(34, 177)",1,1.01
"(376, 89)",1,1.01
"(502, 88)",1,1.01
"(365, 419)",1,1.01
"(218, 1360)",1,1.01
"(2632, 290)",1,1.01
"(72, 2632)",1,1.01
"(271, 147)",1,1.01
"(104, 220)",1,1.01
"(1655, 2244)",1,1.01
"(195, 111)",1,1.01
"(191, 241)",1,1.01
"(241, 220)",1,1.01
"(56, 2417)",1,1.01
"(2417, 252)",1,1.01
"(252, 2530)",1,1.01
"(88, 1232)",1,1.01
"(201, 1290)",1,1.01
"(419, 310)",1,1.01
"(237, 263)",1,1.01
"(604, 237)",1,1.01
"(1005, 254)",1,1.01
"(419, 66)",1,1.01
"(167, 243)",1,1.01
"(1525, 34)",1,1.01
"(686, 1525)",1,1.01
"(116, 347)",1,1.01
"(378, 102)",1,1.01
"(633, 89)",1,1.01
"(377, 1121)",1,1.01
"(468, 377)",1,1.01
"(706, 126)",1,1.01
"(290, 706)",1,1.01
"(489, 290)",1,1.01
"(751, 404)",1,1.01
"(149, 351)",1,1.01
"(188, 28)",1,1.01
"(38, 771)",1,1.01
"(2629, 203)",1,1.01
"(904, 2629)",1,1.01
"(771, 10)",1,1.01
"(1149, 350)",1,1.01
"(350, 773)",1,1.01
"(100, 1262)",1,1.01
"(738, 181)",1,1.01
"(922, 738)",1,1.01
"(404, 922)",1,1.01
"(2951, 102)",1,1.01
"(54, 703)",1,1.01
"(103, 2951)",1,1.01
"(356, 1511)",1,1.01
"(1511, 1387)",1,1.01
"(237, 55)",1,1.01
"(867, 237)",1,1.01
"(1387, 69)",1,1.01
"(1376, 191)",1,1.01
"(382, 65)",1,1.01
"(160, 1211)",1,1.01
"(116, 962)",1,1.01
"(324, 292)",1,1.01
"(15, 324)",1,1.01
"(298, 188)",1,1.01
"(2686, 7)",1,1.01
"(240, 489)",1,1.01
"(1433, 116)",1,1.01
"(229, 2432)",1,1.01
"(2432, 9)",1,1.01
"(2870, 589)",1,1.01
"(240, 1608)",1,1.01
"(130, 959)",1,1.01
"(1209, 130)",1,1.01
"(1299, 1209)",1,1.01
"(489, 1299)",1,1.01
"(166, 609)",1,1.01
"(1608, 310)",1,1.01
"(2330, 147)",1,1.01
"(181, 209)",1,1.01
"(10, 63)",1,1.01
"(7, 707)",1,1.01
"(2709, 9)",1,1.01
"(88, 1787)",1,1.01
"(226, 662)",1,1.01
"(426, 226)",1,1.01
"(190, 426)",1,1.01
"(1787, 230)",1,1.01
"(8, 127)",1,1.01
"(1198, 8)",1,1.01
"(2791, 1546)",1,1.01
"(54, 2791)",1,1.01
"(295, 319)",1,1.01
"(35, 298)",1,1.01
"(272, 69)",1,1.01
"(760, 191)",1,1.01
"(404, 219)",1,1.01
"(473, 111)",1,1.01
"(2338, 89)",1,1.01
"(184, 270)",1,1.01
"(223, 469)",1,1.01
"(217, 72)",1,1.01
"(1283, 118)",1,1.01
"(232, 444)",1,1.01
"(556, 1693)",1,1.01
"(331, 10)",1,1.01
"(383, 331)",1,1.01
"(598, 383)",1,1.01
"(1201, 142)",1,1.01
"(101, 1201)",1,1.01
"(175, 129)",1,1.01
"(447, 88)",1,1.01
"(470, 350)",1,1.01
"(108, 630)",1,1.01
"(1106, 1170)",1,1.01
"(604, 1106)",1,1.01
"(394, 2988)",1,1.01
"(2470, 241)",1,1.01
"(93, 2470)",1,1.01
"(102, 1828)",1,1.01
"(683, 1137)",1,1.01
"(88, 1330)",1,1.01
"(1936, 106)",1,1.01
"(102, 1936)",1,1.01
"(895, 102)",1,1.01
"(78, 288)",1,1.01
"(2416, 290)",1,1.01
"(828, 319)",1,1.01
"(190, 2732)",1,1.01
"(88, 2428)",1,1.01
"(141, 742)",1,1.01
"(35, 144)",1,1.01
"(161, 35)",1,1.01
"(1149, 103)",1,1.01
"(142, 1149)",1,1.01
"(2534, 142)",1,1.01
"(282, 2534)",1,1.01
"(2561, 93)",1,1.01
"(10, 2561)",1,1.01
"(639, 831)",1,1.01
"(142, 1234)",1,1.01
"(282, 672)",1,1.01
"(144, 2416)",1,1.01
"(868, 282)",1,1.01
"(34, 1659)",1,1.01
"(210, 9)",1,1.01
"(32, 54)",1,1.01
"(1659, 127)",1,1.01
"(56, 364)",1,1.01
"(1021, 209)",1,1.01
"(9, 1021)",1,1.01
"(876, 742)",1,1.01
"(531, 54)",1,1.01
"(589, 144)",1,1.01
"(2283, 2403)",1,1.01
"(158, 895)",1,1.01
"(2671, 158)",1,1.01
"(203, 2671)",1,1.01
"(54, 1694)",1,1.01
"(116, 131)",1,1.01
"(2119, 98)",1,1.01
"(288, 315)",1,1.01
"(2686, 288)",1,1.01
"(2248, 9)",1,1.01
"(274, 2248)",1,1.01
"(98, 536)",1,1.01
"(54, 2666)",1,1.01
"(1304, 172)",1,1.01
"(2666, 272)",1,1.01
"(272, 312)",1,1.01
"(274, 2646)",1,1.01
"(1694, 10)",1,1.01
"(682, 142)",1,1.01
"(2585, 144)",1,1.01
"(2883, 2585)",1,1.01
"(904, 2883)",1,1.01
"(853, 242)",1,1.01
"(1122, 777)",1,1.01
"(468, 1122)",1,1.01
"(245, 270)",1,1.01
"(78, 2927)",1,1.01
"(276, 2854)",1,1.01
"(801, 94)",1,1.01
"(2002, 413)",1,1.01
"(95, 195)",1,1.01
"(131, 682)",1,1.01
"(615, 73)",1,1.01
"(24, 203)",1,1.01
"(963, 9)",1,1.01
"(1831, 24)",1,1.01
"(106, 303)",1,1.01
"(1137, 11)",1,1.01
"(615, 224)",1,1.01
"(470, 2565)",1,1.01
"(420, 170)",1,1.01
"(54, 1258)",1,1.01
"(177, 1653)",1,1.01
"(343, 1288)",1,1.01
"(129, 926)",1,1.01
"(128, 229)",1,1.01
"(2658, 290)",1,1.01
"(76, 963)",1,1.01
"(500, 1396)",1,1.01
"(2027, 93)",1,1.01
"(1063, 2027)",1,1.01
"(108, 1063)",1,1.01
"(78, 195)",1,1.01
"(102, 2811)",1,1.01
"(1407, 102)",1,1.01
"(423, 191)",1,1.01
"(191, 90)",1,1.01
"(576, 78)",1,1.01
"(118, 576)",1,1.01
"(452, 1554)",1,1.01
"(1396, 108)",1,1.01
"(2428, 1157)",1,1.01
"(165, 473)",1,1.01
"(1409, 623)",1,1.01
"(1348, 2948)",1,1.01
"(116, 677)",1,1.01
"(93, 1345)",1,1.01
"(1345, 30)",1,1.01
"(335, 944)",1,1.01
"(1398, 54)",1,1.01
"(402, 1398)",1,1.01
"(660, 350)",1,1.01
"(2522, 98)",1,1.01
"(2496, 363)",1,1.01
"(422, 98)",1,1.01
"(212, 26)",1,1.01
"(1186, 101)",1,1.01
"(450, 1186)",1,1.01
"(2911, 88)",1,1.01
"(26, 63)",1,1.01
"(54, 213)",1,1.01
"(2698, 101)",1,1.01
"(1320, 2698)",1,1.01
"(2068, 1320)",1,1.01
"(88, 2068)",1,1.01
"(420, 166)",1,1.01
"(2542, 11)",1,1.01
"(332, 147)",1,1.01
"(150, 389)",1,1.01
"(1943, 254)",1,1.01
"(389, 54)",1,1.01
"(54, 1605)",1,1.01
"(677, 1963)",1,1.01
"(1963, 1860)",1,1.01
"(1860, 10)",1,1.01
"(489, 2272)",1,1.01
"(116, 678)",1,1.01
"(1942, 116)",1,1.01
"(2277, 2938)",1,1.01
"(1139, 1079)",1,1.01
"(1079, 645)",1,1.01
"(645, 147)",1,1.01
"(1442, 1084)",1,1.01
"(2264, 1442)",1,1.01
"(508, 2726)",1,1.01
"(1383, 258)",1,1.01
"(91, 1383)",1,1.01
"(2272, 160)",1,1.01
"(2358, 88)",1,1.01
"(10, 1780)",1,1.01
"(383, 2358)",1,1.01
"(4, 2938)",1,1.01
"(2938, 274)",1,1.01
"(274, 58)",1,1.01
"(58, 258)",1,1.01
"(258, 44)",1,1.01
"(44, 93)",1,1.01
"(93, 1009)",1,1.01
"(396, 440)",1,1.01
"(1009, 350)",1,1.01
"(45, 164)",1,1.01
"(510, 155)",1,1.01
"(150, 95)",1,1.01
"(90, 59)",1,1.01
"(2522, 102)",1,1.01
"(201, 353)",1,1.01
"(351, 171)",1,1.01
"(604, 106)",1,1.01
"(2542, 101)",1,1.01
"(141, 724)",1,1.01
"(2809, 989)",1,1.01
"(54, 676)",1,1.01
"(240, 144)",1,1.01
"(1805, 151)",1,1.01
"(596, 589)",1,1.01
"(2568, 519)",1,1.01
"(383, 1011)",1,1.01
"(519, 201)",1,1.01
"(353, 2948)",1,1.01
"(69, 819)",1,1.01
"(978, 421)",1,1.01
"(104, 476)",1,1.01
"(971, 104)",1,1.01
"(102, 971)",1,1.01
"(56, 102)",1,1.01
"(96, 40)",1,1.01
"(354, 96)",1,1.01
"(106, 1082)",1,1.01
"(204, 331)",1,1.01
"(1082, 508)",1,1.01
"(233, 98)",1,1.01
"(54, 1348)",1,1.01
"(88, 1023)",1,1.01
"(819, 163)",1,1.01
"(239, 363)",1,1.01
"(103, 837)",1,1.01
"(1605, 109)",1,1.01
"(109, 62)",1,1.01
"(442, 596)",1,1.01
"(2768, 442)",1,1.01
"(1529, 2768)",1,1.01
"(151, 1529)",1,1.01
"(62, 41)",1,1.01
"(130, 66)",1,1.01
"(10, 2155)",1,1.01
"(1947, 10)",1,1.01
"(106, 1947)",1,1.01
"(837, 106)",1,1.01
"(66, 4)",1,1.01
"(163, 2251)",1,1.01
"(1006, 347)",1,1.01
"(142, 67)",1,1.01
"(572, 218)",1,1.01
"(272, 280)",1,1.01
"(993, 213)",1,1.01
"(476, 993)",1,1.01
"(2490, 11)",1,1.01
"(364, 296)",1,1.01
"(612, 89)",1,1.01
"(2682, 89)",1,1.01
"(348, 2682)",1,1.01
"(340, 69)",1,1.01
"(101, 502)",1,1.01
"(2929, 72)",1,1.01
"(1229, 2390)",1,1.01
"(2381, 131)",1,1.01
"(374, 106)",1,1.01
"(431, 742)",1,1.01
"(1303, 431)",1,1.01
"(171, 1303)",1,1.01
"(1196, 171)",1,1.01
"(784, 1196)",1,1.01
"(108, 272)",1,1.01
"(9, 29)",1,1.01
"(171, 118)",1,1.01
"(353, 98)",1,1.01
"(29, 234)",1,1.01
"(9, 2026)",1,1.01
"(234, 122)",1,1.01
"(122, 109)",1,1.01
"(27, 1277)",1,1.01
"(38, 306)",1,1.01
"(1443, 470)",1,1.01
"(135, 1443)",1,1.01
"(923, 71)",1,1.01
"(647, 197)",1,1.01
"(468, 647)",1,1.01
"(306, 121)",1,1.01
"(2789, 858)",1,1.01
"(102, 138)",1,1.01
"(319, 1221)",1,1.01
"(303, 976)",1,1.01
"(2834, 9)",1,1.01
"(106, 755)",1,1.01
"(240, 951)",1,1.01
"(26, 257)",1,1.01
"(2446, 267)",1,1.01
"(2105, 89)",1,1.01
"(2880, 314)",1,1.01
"(918, 1169)",1,1.01
"(1169, 117)",1,1.01
"(9, 1696)",1,1.01
"(117, 773)",1,1.01
"(166, 1107)",1,1.01
"(1894, 166)",1,1.01
"(75, 1894)",1,1.01
"(473, 75)",1,1.01
"(116, 473)",1,1.01
"(73, 187)",1,1.01
"(240, 2446)",1,1.01
"(1066, 26)",1,1.01
"(255, 240)",1,1.01
"(187, 1300)",1,1.01
"(813, 2227)",1,1.01
"(166, 2265)",1,1.01
"(297, 497)",1,1.01
"(2452, 1814)",1,1.01
"(290, 1816)",1,1.01
"(2354, 258)",1,1.01
"(166, 2354)",1,1.01
"(1991, 596)",1,1.01
"(385, 1991)",1,1.01
"(9, 1066)",1,1.01
"(93, 263)",1,1.01
"(463, 188)",1,1.01
"(929, 481)",1,1.01
"(1400, 26)",1,1.01
"(41, 1170)",1,1.01
"(1009, 41)",1,1.01
"(265, 1009)",1,1.01
"(38, 265)",1,1.01
"(127, 38)",1,1.01
"(97, 389)",1,1.01
"(166, 2060)",1,1.01
"(2887, 9)",1,1.01
"(91, 2887)",1,1.01
"(523, 91)",1,1.01
"(1075, 11)",1,1.01
"(88, 817)",1,1.01
"(955, 1400)",1,1.01
"(94, 136)",1,1.01
"(1736, 955)",1,1.01
"(142, 1736)",1,1.01
"(747, 142)",1,1.01
"(212, 109)",1,1.01
"(106, 1974)",1,1.01
"(1427, 183)",1,1.01
"(2385, 1427)",1,1.01
"(198, 2385)",1,1.01
"(310, 136)",1,1.01
"(245, 171)",1,1.01
"(2967, 102)",1,1.01
"(858, 2967)",1,1.01
"(1170, 94)",1,1.01
"(268, 2562)",1,1.01
"(171, 929)",1,1.01
"(364, 3)",1,1.01
"(1063, 290)",1,1.01
"(765, 1063)",1,1.01
"(201, 2355)",1,1.01
"(188, 194)",1,1.01
"(194, 11)",1,1.01
"(252, 511)",1,1.01
"(171, 171)",1,1.01
"(281, 71)",1,1.01
"(581, 103)",1,1.01
"(555, 89)",1,1.01
"(364, 555)",1,1.01
"(603, 2838)",1,1.01
"(573, 4)",1,1.01
"(1151, 1751)",1,1.01
"(93, 2701)",1,1.01
"(1283, 89)",1,1.01
"(353, 469)",1,1.01
"(223, 353)",1,1.01
"(1619, 11)",1,1.01
"(846, 2700)",1,1.01
"(114, 846)",1,1.01
"(2241, 197)",1,1.01
"(198, 292)",1,1.01
"(282, 2246)",1,1.01
"(106, 282)",1,1.01
"(72, 280)",1,1.01
"(101, 2719)",1,1.01
"(88, 2381)",1,1.01
"(90, 1554)",1,1.01
"(171, 462)",1,1.01
"(1136, 437)",1,1.01
"(88, 2531)",1,1.01
"(1327, 258)",1,1.01
"(2197, 9)",1,1.01
"(158, 2108)",1,1.01
"(54, 1135)",1,1.01
"(316, 54)",1,1.01
"(93, 316)",1,1.01
"(128, 1597)",1,1.01
"(201, 611)",1,1.01
"(810, 201)",1,1.01
"(241, 2024)",1,1.01
"(2465, 201)",1,1.01
"(74, 1962)",1,1.01
"(24, 1088)",1,1.01
"(141, 311)",1,1.01
"(446, 54)",1,1.01
"(2992, 245)",1,1.01
"(213, 2992)",1,1.01
"(240, 903)",1,1.01
"(444, 1880)",1,1.01
"(1880, 100)",1,1.01
"(2806, 93)",1,1.01
"(193, 243)",1,1.01
"(413, 89)",1,1.01
"(93, 413)",1,1.01
"(1697, 2065)",1,1.01
"(879, 179)",1,1.01
"(181, 2906)",1,1.01
"(2906, 11)",1,1.01
"(2231, 710)",1,1.01
"(160, 1266)",1,1.01
"(438, 160)",1,1.01
"(178, 91)",1,1.01
"(1081, 94)",1,1.01
"(119, 190)",1,1.01
"(2054, 793)",1,1.01
"(268, 2231)",1,1.01
"(2025, 470)",1,1.01
"(54, 2025)",1,1.01
"(1358, 422)",1,1.01
"(755, 1358)",1,1.01
"(753, 2496)",1,1.01
"(710, 99)",1,1.01
"(141, 413)",1,1.01
"(99, 136)",1,1.01
"(136, 127)",1,1.01
"(127, 1698)",1,1.01
"(337, 149)",1,1.01
"(140, 337)",1,1.01
"(102, 365)",1,1.01
"(1698, 231)",1,1.01
"(854, 874)",1,1.01
"(231, 879)",1,1.01
"(343, 1965)",1,1.01
"(274, 2239)",1,1.01
"(413, 2181)",1,1.01
"(218, 2133)",1,1.01
"(604, 218)",1,1.01
"(1287, 604)",1,1.01
"(820, 93)",1,1.01
"(2469, 292)",1,1.01
"(464, 2469)",1,1.01
"(204, 2396)",1,1.01
"(2960, 72)",1,1.01
"(303, 2960)",1,1.01
"(470, 437)",1,1.01
"(218, 2208)",1,1.01
"(500, 11)",1,1.01
"(560, 178)",1,1.01
"(2413, 55)",1,1.01
"(114, 2413)",1,1.01
"(1081, 820)",1,1.01
"(382, 112)",1,1.01
"(2319, 2258)",1,1.01
"(101, 2421)",1,1.01
"(54, 1532)",1,1.01
"(522, 339)",1,1.01
"(72, 817)",1,1.01
"(2419, 925)",1,1.01
"(2327, 2419)",1,1.01
"(54, 2327)",1,1.01
"(212, 602)",1,1.01
"(602, 1412)",1,1.01
"(755, 263)",1,1.01
"(267, 755)",1,1.01
"(462, 267)",1,1.01
"(2505, 102)",1,1.01
"(2258, 531)",1,1.01
"(117, 365)",1,1.01
"(2990, 560)",1,1.01
"(877, 489)",1,1.01
"(359, 442)",1,1.01
"(343, 1589)",1,1.01
"(135, 976)",1,1.01
"(367, 135)",1,1.01
"(607, 367)",1,1.01
"(240, 1545)",1,1.01
"(1545, 126)",1,1.01
"(93, 2990)",1,1.01
"(239, 994)",1,1.01
"(1907, 247)",1,1.01
"(10, 1907)",1,1.01
"(54, 1953)",1,1.01
"(531, 791)",1,1.01
"(858, 89)",1,1.01
"(560, 243)",1,1.01
"(99, 646)",1,1.01
"(106, 58)",1,1.01
"(302, 1058)",1,1.01
"(1303, 88)",1,1.01
"(106, 1851)",1,1.01
"(54, 2210)",1,1.01
"(2210, 326)",1,1.01
"(155, 1528)",1,1.01
"(333, 155)",1,1.01
"(791, 333)",1,1.01
"(685, 155)",1,1.01
"(93, 210)",1,1.01
"(129, 334)",1,1.01
"(97, 1519)",1,1.01
"(147, 2010)",1,1.01
"(894, 2136)",1,1.01
"(1005, 241)",1,1.01
"(2423, 1005)",1,1.01
"(167, 2423)",1,1.01
"(959, 289)",1,1.01
"(2136, 856)",1,1.01
"(166, 209)",1,1.01
"(1093, 171)",1,1.01
"(2822, 1093)",1,1.01
"(201, 2822)",1,1.01
"(1807, 109)",1,1.01
"(856, 97)",1,1.01
"(97, 66)",1,1.01
"(66, 2228)",1,1.01
"(2228, 11)",1,1.01
"(507, 188)",1,1.01
"(117, 1911)",1,1.01
"(93, 1591)",1,1.01
"(318, 286)",1,1.01
"(61, 318)",1,1.01
"(451, 61)",1,1.01
"(335, 1569)",1,1.01
"(1911, 453)",1,1.01
"(868, 267)",1,1.01
"(203, 197)",1,1.01
"(197, 292)",1,1.01
"(2010, 843)",1,1.01
"(2383, 101)",1,1.01
"(852, 98)",1,1.01
"(2551, 237)",1,1.01
"(1519, 136)",1,1.01
"(391, 95)",1,1.01
"(55, 391)",1,1.01
"(335, 55)",1,1.01
"(34, 644)",1,1.01
"(1638, 7)",1,1.01
"(2005, 1638)",1,1.01
"(740, 2005)",1,1.01
"(509, 623)",1,1.01
"(1595, 9)",1,1.01
"(1336, 1595)",1,1.01
"(237, 1336)",1,1.01
"(188, 2551)",1,1.01
"(610, 609)",1,1.01
"(1157, 188)",1,1.01
"(102, 1157)",1,1.01
"(1472, 99)",1,1.01
"(268, 195)",1,1.01
"(470, 380)",1,1.01
"(1395, 104)",1,1.01
"(253, 382)",1,1.01
"(122, 253)",1,1.01
"(76, 122)",1,1.01
"(34, 76)",1,1.01
"(281, 352)",1,1.01
"(2770, 160)",1,1.01
"(468, 734)",1,1.01
"(335, 662)",1,1.01
"(642, 363)",1,1.01
"(306, 1434)",1,1.01
"(268, 870)",1,1.01
"(443, 91)",1,1.01
"(188, 2265)",1,1.01
"(1093, 442)",1,1.01
"(2265, 211)",1,1.01
"(34, 369)",1,1.01
"(1516, 802)",1,1.01
"(369, 109)",1,1.01
"(1263, 48)",1,1.01
"(109, 69)",1,1.01
"(88, 39)",1,1.01
"(470, 237)",1,1.01
"(1051, 41)",1,1.01
"(633, 147)",1,1.01
"(2016, 1051)",1,1.01
"(141, 2016)",1,1.01
"(2452, 2909)",1,1.01
"(218, 406)",1,1.01
"(237, 69)",1,1.01
"(846, 94)",1,1.01
"(427, 88)",1,1.01
"(376, 135)",1,1.01
"(223, 2353)",1,1.01
"(281, 596)",1,1.01
"(2353, 616)",1,1.01
"(1765, 129)",1,1.01
"(1499, 468)",1,1.01
"(91, 1499)",1,1.01
"(464, 973)",1,1.01
"(573, 404)",1,1.01
"(106, 464)",1,1.01
"(1319, 213)",1,1.01
"(241, 2565)",1,1.01
"(1698, 1793)",1,1.01
"(98, 57)",1,1.01
"(281, 142)",1,1.01
"(1043, 127)",1,1.01
"(2960, 11)",1,1.01
"(481, 2960)",1,1.01
"(173, 2420)",1,1.01
"(2420, 573)",1,1.01
"(272, 131)",1,1.01
"(404, 98)",1,1.01
"(348, 241)",1,1.01
"(1704, 313)",1,1.01
"(509, 205)",1,1.01
"(9, 1834)",1,1.01
"(1649, 11)",1,1.01
"(114, 133)",1,1.01
"(416, 263)",1,1.01
"(88, 1953)",1,1.01
"(201, 213)",1,1.01
"(114, 294)",1,1.01
"(147, 2251)",1,1.01
"(2251, 91)",1,1.01
"(158, 348)",1,1.01
"(645, 831)",1,1.01
"(8, 2665)",1,1.01
"(780, 30)",1,1.01
"(2665, 241)",1,1.01
"(156, 873)",1,1.01
"(1132, 2340)",1,1.01
"(1962, 181)",1,1.01
"(577, 1808)",1,1.01
"(101, 604)",1,1.01
"(1073, 145)",1,1.01
"(604, 758)",1,1.01
"(468, 1018)",1,1.01
"(1006, 468)",1,1.01
"(141, 1006)",1,1.01
"(2520, 197)",1,1.01
"(100, 927)",1,1.01
"(181, 112)",1,1.01
"(986, 197)",1,1.01
"(347, 986)",1,1.01
"(381, 197)",1,1.01
"(1559, 10)",1,1.01
"(135, 1471)",1,1.01
"(876, 2211)",1,1.01
"(822, 9)",1,1.01
"(193, 142)",1,1.01
"(93, 193)",1,1.01
"(178, 9)",1,1.01
"(218, 264)",1,1.01
"(264, 172)",1,1.01
"(127, 724)",1,1.01
"(79, 174)",1,1.01
"(840, 218)",1,1.01
"(106, 560)",1,1.01
"(560, 893)",1,1.01
"(523, 468)",1,1.01
"(2548, 94)",1,1.01
"(101, 609)",1,1.01
"(483, 185)",1,1.01
"(97, 483)",1,1.01
"(2383, 11)",1,1.01
"(475, 416)",1,1.01
"(160, 1155)",1,1.01
"(163, 69)",1,1.01
"(2962, 1006)",1,1.01
"(2595, 507)",1,1.01
"(119, 2595)",1,1.01
"(468, 90)",1,1.01
"(435, 102)",1,1.01
"(132, 281)",1,1.01
"(382, 195)",1,1.01
"(1315, 379)",1,1.01
"(491, 1315)",1,1.01
"(106, 363)",1,1.01
"(114, 1793)",1,1.01
"(2252, 11)",1,1.01
"(114, 572)",1,1.01
"(201, 2460)",1,1.01
"(979, 129)",1,1.01
"(1036, 103)",1,1.01
"(89, 323)",1,1.01
"(114, 443)",1,1.01
"(1286, 267)",1,1.01
"(2379, 191)",1,1.01
"(191, 1704)",1,1.01
"(1704, 2932)",1,1.01
"(106, 2340)",1,1.01
"(101, 1921)",1,1.01
"(1439, 101)",1,1.01
"(88, 1439)",1,1.01
"(93, 317)",1,1.01
"(317, 176)",1,1.01
"(193, 311)",1,1.01
"(103, 1231)",1,1.01
"(54, 281)",1,1.01
"(176, 59)",1,1.01
"(1198, 95)",1,1.01
"(1687, 1198)",1,1.01
"(79, 290)",1,1.01
"(786, 584)",1,1.01
"(2932, 54)",1,1.01
"(2879, 810)",1,1.01
"(10, 2879)",1,1.01
"(2781, 10)",1,1.01
"(166, 2781)",1,1.01
"(412, 229)",1,1.01
"(229, 91)",1,1.01
"(847, 2642)",1,1.01
"(306, 1327)",1,1.01
"(2005, 58)",1,1.01
"(93, 547)",1,1.01
"(241, 1180)",1,1.01
"(2340, 786)",1,1.01
"(584, 508)",1,1.01
"(117, 322)",1,1.01
"(166, 876)",1,1.01
"(1704, 258)",1,1.01
"(1654, 1221)",1,1.01
"(135, 1654)",1,1.01
"(191, 132)",1,1.01
"(188, 370)",1,1.01
"(370, 653)",1,1.01
"(54, 220)",1,1.01
"(454, 98)",1,1.01
"(27, 1880)",1,1.01
"(98, 2156)",1,1.01
"(1264, 1879)",1,1.01
"(876, 175)",1,1.01
"(1880, 176)",1,1.01
"(382, 1180)",1,1.01
"(2776, 237)",1,1.01
"(819, 2776)",1,1.01
"(6, 1642)",1,1.01
"(572, 166)",1,1.01
"(1642, 2317)",1,1.01
"(160, 2057)",1,1.01
"(137, 89)",1,1.01
"(61, 137)",1,1.01
"(616, 618)",1,1.01
"(119, 616)",1,1.01
"(61, 119)",1,1.01
"(1180, 97)",1,1.01
"(129, 245)",1,1.01
"(10, 2635)",1,1.01
"(99, 2374)",1,1.01
"(1402, 101)",1,1.01
"(134, 2610)",1,1.01
"(11, 1448)",1,1.01
"(1180, 270)",1,1.01
"(88, 2596)",1,1.01
"(97, 304)",1,1.01
"(58, 109)",1,1.01
"(434, 96)",1,1.01
"(409, 347)",1,1.01
"(259, 116)",1,1.01
"(1212, 54)",1,1.01
"(181, 1212)",1,1.01
"(503, 2251)",1,1.01
"(1377, 88)",1,1.01
"(2251, 280)",1,1.01
"(1178, 311)",1,1.01
"(290, 1178)",1,1.01
"(1452, 290)",1,1.01
"(450, 2693)",1,1.01
"(364, 2001)",1,1.01
"(204, 58)",1,1.01
"(280, 691)",1,1.01
"(451, 1299)",1,1.01
"(691, 348)",1,1.01
"(136, 1384)",1,1.01
"(787, 371)",1,1.01
"(450, 787)",1,1.01
"(101, 2001)",1,1.01
"(2610, 179)",1,1.01
"(109, 171)",1,1.01
"(198, 2137)",1,1.01
"(123, 176)",1,1.01
"(220, 197)",1,1.01
"(179, 98)",1,1.01
"(88, 506)",1,1.01
"(633, 102)",1,1.01
"(2252, 310)",1,1.01
"(1524, 584)",1,1.01
"(1154, 68)",1,1.01
"(26, 1154)",1,1.01
"(1495, 26)",1,1.01
"(462, 101)",1,1.01
"(90, 462)",1,1.01
"(176, 90)",1,1.01
"(88, 123)",1,1.01
"(2137, 102)",1,1.01
"(538, 197)",1,1.01
"(197, 1953)",1,1.01
"(421, 608)",1,1.01
"(1953, 135)",1,1.01
"(1358, 270)",1,1.01
"(2596, 188)",1,1.01
"(1352, 109)",1,1.01
"(353, 961)",1,1.01
"(302, 2833)",1,1.01
"(98, 302)",1,1.01
"(66, 302)",1,1.01
"(310, 142)",1,1.01
"(1384, 11)",1,1.01
"(88, 1402)",1,1.01
"(129, 389)",1,1.01
"(26, 1084)",1,1.01
"(413, 993)",1,1.01
"(993, 101)",1,1.01
"(93, 107)",1,1.01
"(996, 93)",1,1.01
"(149, 996)",1,1.01
"(642, 149)",1,1.01
"(925, 216)",1,1.01
"(2907, 1063)",1,1.01
"(93, 2907)",1,1.01
"(216, 95)",1,1.01
"(54, 957)",1,1.01
"(95, 276)",1,1.01
"(354, 145)",1,1.01
"(145, 419)",1,1.01
"(179, 271)",1,1.01
"(2592, 113)",1,1.01
"(93, 2592)",1,1.01
"(1766, 245)",1,1.01
"(300, 1766)",1,1.01
"(2976, 480)",1,1.01
"(274, 462)",1,1.01
"(2152, 274)",1,1.01
"(662, 2152)",1,1.01
"(480, 10)",1,1.01
"(2325, 96)",1,1.01
"(1766, 252)",1,1.01
"(2645, 204)",1,1.01
"(99, 2965)",1,1.01
"(1239, 89)",1,1.01
"(365, 96)",1,1.01
"(1187, 204)",1,1.01
"(1593, 109)",1,1.01
"(110, 531)",1,1.01
"(531, 347)",1,1.01
"(291, 134)",1,1.01
"(195, 291)",1,1.01
"(163, 195)",1,1.01
"(538, 109)",1,1.01
"(930, 102)",1,1.01
"(347, 1122)",1,1.01
"(336, 61)",1,1.01
"(2759, 11)",1,1.01
"(2996, 2759)",1,1.01
"(204, 377)",1,1.01
"(101, 903)",1,1.01
"(377, 514)",1,1.01
"(224, 93)",1,1.01
"(103, 2954)",1,1.01
"(514, 2248)",1,1.01
"(135, 2423)",1,1.01
"(313, 135)",1,1.01
"(453, 313)",1,1.01
"(1072, 453)",1,1.01
"(2532, 261)",1,1.01
"(103, 2532)",1,1.01
"(2248, 101)",1,1.01
"(93, 1077)",1,1.01
"(54, 88)",1,1.01
"(68, 209)",1,1.01
"(209, 850)",1,1.01
"(850, 90)",1,1.01
"(1151, 134)",1,1.01
"(263, 59)",1,1.01
"(1158, 229)",1,1.01
"(97, 1158)",1,1.01
"(59, 277)",1,1.01
"(523, 195)",1,1.01
"(277, 54)",1,1.01
"(54, 2379)",1,1.01
"(136, 717)",1,1.01
"(794, 136)",1,1.01
"(288, 794)",1,1.01
"(558, 288)",1,1.01
"(1107, 102)",1,1.01
"(2379, 98)",1,1.01
"(163, 1851)",1,1.01
"(2731, 109)",1,1.01
"(54, 2731)",1,1.01
"(2096, 54)",1,1.01
"(149, 2096)",1,1.01
"(160, 1212)",1,1.01
"(1136, 160)",1,1.01
"(263, 54)",1,1.01
"(2286, 270)",1,1.01
"(218, 2141)",1,1.01
"(306, 573)",1,1.01
"(696, 144)",1,1.01
"(1723, 11)",1,1.01
"(302, 1151)",1,1.01
"(158, 831)",1,1.01
"(780, 93)",1,1.01
"(989, 171)",1,1.01
"(97, 518)",1,1.01
"(2848, 127)",1,1.01
"(479, 171)",1,1.01
"(416, 1073)",1,1.01
"(171, 161)",1,1.01
"(2205, 160)",1,1.01
"(56, 2205)",1,1.01
"(450, 677)",1,1.01
"(677, 76)",1,1.01
"(76, 11)",1,1.01
"(293, 2705)",1,1.01
"(2705, 93)",1,1.01
"(171, 75)",1,1.01
"(226, 366)",1,1.01
"(214, 462)",1,1.01
"(1187, 214)",1,1.01
"(138, 1187)",1,1.01
"(75, 2856)",1,1.01
"(114, 662)",1,1.01
"(2856, 155)",1,1.01
"(176, 109)",1,1.01
"(449, 339)",1,1.01
"(1535, 11)",1,1.01
"(93, 407)",1,1.01
"(323, 213)",1,1.01
"(309, 339)",1,1.01
"(1929, 9)",1,1.01
"(165, 9)",1,1.01
"(68, 165)",1,1.01
"(161, 219)",1,1.01
"(2686, 416)",1,1.01
"(26, 1586)",1,1.01
"(101, 775)",1,1.01
"(725, 1552)",1,1.01
"(422, 347)",1,1.01
"(416, 1592)",1,1.01
"(1057, 10)",1,1.01
"(523, 515)",1,1.01
"(136, 11)",1,1.01
"(1962, 367)",1,1.01
"(367, 161)",1,1.01
"(197, 489)",1,1.01
"(2465, 422)",1,1.01
"(554, 237)",1,1.01
"(128, 230)",1,1.01
"(399, 2428)",1,1.01
"(2470, 54)",1,1.01
"(2870, 2470)",1,1.01
"(268, 662)",1,1.01
"(1221, 10)",1,1.01
"(10, 2953)",1,1.01
"(416, 1224)",1,1.01
"(998, 462)",1,1.01
"(409, 547)",1,1.01
"(547, 96)",1,1.01
"(223, 1949)",1,1.01
"(319, 554)",1,1.01
"(237, 48)",1,1.01
"(2149, 89)",1,1.01
"(2465, 147)",1,1.01
"(88, 2149)",1,1.01
"(268, 314)",1,1.01
"(114, 1290)",1,1.01
"(523, 547)",1,1.01
"(604, 24)",1,1.01
"(2356, 604)",1,1.01
"(288, 2356)",1,1.01
"(500, 89)",1,1.01
"(251, 550)",1,1.01
"(780, 24)",1,1.01
"(550, 56)",1,1.01
"(607, 1998)",1,1.01
"(1998, 445)",1,1.01
"(305, 9)",1,1.01
"(1252, 172)",1,1.01
"(523, 1020)",1,1.01
"(1443, 91)",1,1.01
"(795, 1443)",1,1.01
"(101, 354)",1,1.01
"(2815, 101)",1,1.01
"(1809, 421)",1,1.01
"(447, 554)",1,1.01
"(2880, 1637)",1,1.01
"(554, 445)",1,1.01
"(979, 1107)",1,1.01
"(9, 27)",1,1.01
"(114, 210)",1,1.01
"(979, 98)",1,1.01
"(371, 2135)",1,1.01
"(173, 573)",1,1.01
"(117, 1489)",1,1.01
"(91, 341)",1,1.01
"(341, 879)",1,1.01
"(103, 2430)",1,1.01
"(879, 1962)",1,1.01
"(519, 57)",1,1.01
"(379, 171)",1,1.01
"(57, 1099)",1,1.01
"(1099, 740)",1,1.01
"(740, 1609)",1,1.01
"(1609, 1452)",1,1.01
"(292, 493)",1,1.01
"(2036, 270)",1,1.01
"(980, 147)",1,1.01
"(493, 29)",1,1.01
"(188, 133)",1,1.01
"(29, 1026)",1,1.01
"(1518, 72)",1,1.01
"(259, 1518)",1,1.01
"(241, 259)",1,1.01
"(226, 1107)",1,1.01
"(2046, 1641)",1,1.01
"(88, 10)",1,1.01
"(10, 88)",1,1.01
"(212, 10)",1,1.01
"(63, 212)",1,1.01
"(2188, 271)",1,1.01
"(114, 102)",1,1.01
"(968, 58)",1,1.01
"(573, 666)",1,1.01
"(1670, 155)",1,1.01
"(1744, 591)",1,1.01
"(128, 1744)",1,1.01
"(135, 128)",1,1.01
"(930, 9)",1,1.01
"(102, 2005)",1,1.01
"(2005, 749)",1,1.01
"(114, 989)",1,1.01
"(749, 566)",1,1.01
"(566, 191)",1,1.01
"(191, 1777)",1,1.01
"(2535, 1063)",1,1.01
"(93, 2535)",1,1.01
"(9, 1670)",1,1.01
"(666, 267)",1,1.01
"(1431, 54)",1,1.01
"(218, 714)",1,1.01
"(2921, 142)",1,1.01
"(191, 2130)",1,1.01
"(54, 827)",1,1.01
"(9, 1663)",1,1.01
"(827, 494)",1,1.01
"(130, 1180)",1,1.01
"(134, 2732)",1,1.01
"(584, 134)",1,1.01
"(1180, 102)",1,1.01
"(452, 1641)",1,1.01
"(1026, 719)",1,1.01
"(2610, 727)",1,1.01
"(88, 2610)",1,1.01
"(29, 134)",1,1.01
"(1021, 113)",1,1.01
"(289, 1021)",1,1.01
"(130, 251)",1,1.01
"(1448, 88)",1,1.01
"(25, 1448)",1,1.01
"(171, 446)",1,1.01
"(538, 218)",1,1.01
"(1417, 29)",1,1.01
"(154, 1641)",1,1.01
"(366, 154)",1,1.01
"(78, 366)",1,1.01
"(93, 2407)",1,1.01
"(130, 538)",1,1.01
"(2270, 653)",1,1.01
"(344, 127)",1,1.01
"(127, 150)",1,1.01
"(421, 127)",1,1.01
"(1873, 34)",1,1.01
"(97, 1865)",1,1.01
"(129, 91)",1,1.01
"(1701, 9)",1,1.01
"(1707, 109)",1,1.01
"(2040, 109)",1,1.01
"(109, 1067)",1,1.01
"(597, 218)",1,1.01
"(1573, 110)",1,1.01
"(1661, 2270)",1,1.01
"(653, 155)",1,1.01
"(1481, 88)",1,1.01
"(2178, 9)",1,1.01
"(555, 1481)",1,1.01
"(621, 113)",1,1.01
"(102, 621)",1,1.01
"(719, 38)",1,1.01
"(134, 769)",1,1.01
"(1962, 1641)",1,1.01
"(38, 1110)",1,1.01
"(1110, 2966)",1,1.01
"(584, 54)",1,1.01
"(2966, 9)",1,1.01
"(135, 443)",1,1.01
"(1033, 724)",1,1.01
"(724, 129)",1,1.01
"(155, 127)",1,1.01
"(1913, 2533)",1,1.01
"(10, 2580)",1,1.01
"(2580, 66)",1,1.01
"(66, 387)",1,1.01
"(89, 1714)",1,1.01
"(387, 316)",1,1.01
"(377, 1107)",1,1.01
"(379, 377)",1,1.01
"(9, 1020)",1,1.01
"(1020, 258)",1,1.01
"(62, 2847)",1,1.01
"(2847, 130)",1,1.01
"(591, 57)",1,1.01
"(1443, 2036)",1,1.01
"(99, 371)",1,1.01
"(894, 314)",1,1.01
"(268, 179)",1,1.01
"(286, 1825)",1,1.01
"(1825, 1852)",1,1.01
"(136, 237)",1,1.01
"(2617, 539)",1,1.01
"(245, 1615)",1,1.01
"(101, 1772)",1,1.01
"(1942, 102)",1,1.01
"(749, 1942)",1,1.01
"(1817, 749)",1,1.01
"(107, 387)",1,1.01
"(154, 392)",1,1.01
"(377, 128)",1,1.01
"(744, 377)",1,1.01
"(191, 744)",1,1.01
"(1245, 96)",1,1.01
"(108, 1245)",1,1.01
"(1865, 163)",1,1.01
"(188, 1865)",1,1.01
"(1641, 860)",1,1.01
"(300, 159)",1,1.01
"(2210, 2130)",1,1.01
"(109, 2329)",1,1.01
"(2941, 293)",1,1.01
"(7, 2941)",1,1.01
"(34, 2732)",1,1.01
"(2397, 9)",1,1.01
"(179, 74)",1,1.01
"(74, 921)",1,1.01
"(378, 2331)",1,1.01
"(1741, 127)",1,1.01
"(528, 903)",1,1.01
"(98, 1443)",1,1.01
"(1443, 11)",1,1.01
"(103, 1710)",1,1.01
"(2443, 102)",1,1.01
"(98, 579)",1,1.01
"(181, 1100)",1,1.01
"(1452, 553)",1,1.01
"(579, 98)",1,1.01
"(1245, 166)",1,1.01
"(324, 2693)",1,1.01
"(166, 118)",1,1.01
"(441, 93)",1,1.01
"(132, 927)",1,1.01
"(71, 441)",1,1.01
"(396, 2414)",1,1.01
"(450, 1710)",1,1.01
"(1865, 91)",1,1.01
"(54, 1865)",1,1.01
"(100, 54)",1,1.01
"(892, 2327)",1,1.01
"(550, 136)",1,1.01
"(1387, 943)",1,1.01
"(127, 1387)",1,1.01
"(1701, 127)",1,1.01
"(684, 117)",1,1.01
"(2329, 136)",1,1.01
"(68, 3)",1,1.01
"(1239, 68)",1,1.01
"(88, 835)",1,1.01
"(2032, 74)",1,1.01
"(88, 2032)",1,1.01
"(1635, 160)",1,1.01
"(201, 1522)",1,1.01
"(300, 1647)",1,1.01
"(983, 300)",1,1.01
"(160, 131)",1,1.01
"(104, 727)",1,1.01
"(101, 862)",1,1.01
"(1493, 349)",1,1.01
"(54, 1493)",1,1.01
"(835, 264)",1,1.01
"(727, 147)",1,1.01
"(979, 1635)",1,1.01
"(720, 1782)",1,1.01
"(1745, 147)",1,1.01
"(268, 1745)",1,1.01
"(71, 468)",1,1.01
"(165, 123)",1,1.01
"(300, 347)",1,1.01
"(2217, 300)",1,1.01
"(2960, 1641)",1,1.01
"(64, 2960)",1,1.01
"(304, 95)",1,1.01
"(27, 304)",1,1.01
"(2058, 27)",1,1.01
"(74, 1209)",1,1.01
"(334, 1970)",1,1.01
"(130, 1239)",1,1.01
"(423, 154)",1,1.01
"(32, 130)",1,1.01
"(3, 32)",1,1.01
"(307, 3)",1,1.01
"(2963, 307)",1,1.01
"(363, 2963)",1,1.01
"(966, 88)",1,1.01
"(56, 966)",1,1.01
"(755, 650)",1,1.01
"(650, 254)",1,1.01
"(409, 359)",1,1.01
"(254, 204)",1,1.01
"(280, 423)",1,1.01
"(620, 486)",1,1.01
"(44, 334)",1,1.01
"(1766, 96)",1,1.01
"(2173, 102)",1,1.01
"(1064, 117)",1,1.01
"(278, 204)",1,1.01
"(193, 717)",1,1.01
"(717, 731)",1,1.01
"(731, 1024)",1,1.01
"(2189, 474)",1,1.01
"(353, 2189)",1,1.01
"(1303, 190)",1,1.01
"(1024, 239)",1,1.01
"(252, 768)",1,1.01
"(434, 508)",1,1.01
"(2380, 421)",1,1.01
"(399, 270)",1,1.01
"(2168, 290)",1,1.01
"(339, 66)",1,1.01
"(167, 170)",1,1.01
"(506, 319)",1,1.01
"(531, 201)",1,1.01
"(458, 72)",1,1.01
"(1109, 1788)",1,1.01
"(1761, 290)",1,1.01
"(114, 1761)",1,1.01
"(93, 300)",1,1.01
"(300, 118)",1,1.01
"(1303, 350)",1,1.01
"(894, 251)",1,1.01
"(151, 139)",1,1.01
"(2366, 94)",1,1.01
"(139, 69)",1,1.01
"(253, 941)",1,1.01
"(136, 1232)",1,1.01
"(88, 1296)",1,1.01
"(69, 1962)",1,1.01
"(9, 1775)",1,1.01
"(1962, 421)",1,1.01
"(1003, 267)",1,1.01
"(2962, 226)",1,1.01
"(226, 1592)",1,1.01
"(127, 934)",1,1.01
"(188, 312)",1,1.01
"(2559, 96)",1,1.01
"(135, 339)",1,1.01
"(241, 2169)",1,1.01
"(1162, 241)",1,1.01
"(254, 47)",1,1.01
"(306, 1788)",1,1.01
"(2249, 304)",1,1.01
"(93, 2301)",1,1.01
"(239, 107)",1,1.01
"(2025, 2329)",1,1.01
"(78, 2025)",1,1.01
"(2301, 550)",1,1.01
"(57, 103)",1,1.01
"(105, 1096)",1,1.01
"(234, 815)",1,1.01
"(183, 2943)",1,1.01
"(62, 183)",1,1.01
"(678, 254)",1,1.01
"(846, 1162)",1,1.01
"(57, 97)",1,1.01
"(492, 4)",1,1.01
"(220, 127)",1,1.01
"(931, 97)",1,1.01
"(460, 555)",1,1.01
"(555, 122)",1,1.01
"(34, 1336)",1,1.01
"(636, 127)",1,1.01
"(543, 2476)",1,1.01
"(201, 171)",1,1.01
"(113, 810)",1,1.01
"(201, 113)",1,1.01
"(54, 2559)",1,1.01
"(220, 1162)",1,1.01
"(468, 415)",1,1.01
"(2324, 88)",1,1.01
"(525, 105)",1,1.01
"(200, 525)",1,1.01
"(1484, 200)",1,1.01
"(54, 1484)",1,1.01
"(986, 125)",1,1.01
"(441, 346)",1,1.01
"(69, 441)",1,1.01
"(290, 254)",1,1.01
"(1962, 290)",1,1.01
"(2371, 1838)",1,1.01
"(101, 2371)",1,1.01
"(2311, 101)",1,1.01
"(239, 142)",1,1.01
"(34, 989)",1,1.01
"(72, 2552)",1,1.01
"(791, 313)",1,1.01
"(149, 791)",1,1.01
"(100, 149)",1,1.01
"(2476, 554)",1,1.01
"(554, 665)",1,1.01
"(486, 363)",1,1.01
"(2096, 486)",1,1.01
"(129, 1782)",1,1.01
"(810, 112)",1,1.01
"(852, 810)",1,1.01
"(381, 890)",1,1.01
"(105, 54)",1,1.01
"(1209, 127)",1,1.01
"(415, 642)",1,1.01
"(2549, 389)",1,1.01
"(188, 2666)",1,1.01
"(739, 98)",1,1.01
"(642, 486)",1,1.01
"(1733, 93)",1,1.01
"(486, 270)",1,1.01
"(2194, 101)",1,1.01
"(101, 2194)",1,1.01
"(436, 142)",1,1.01
"(142, 223)",1,1.01
"(2118, 101)",1,1.01
"(240, 2118)",1,1.01
"(9, 2885)",1,1.01
"(1016, 2549)",1,1.01
"(94, 989)",1,1.01
"(55, 9)",1,1.01
"(724, 55)",1,1.01
"(2885, 109)",1,1.01
"(155, 555)",1,1.01
"(66, 700)",1,1.01
"(66, 293)",1,1.01
"(293, 103)",1,1.01
"(1264, 419)",1,1.01
"(101, 1264)",1,1.01
"(407, 97)",1,1.01
"(89, 1252)",1,1.01
"(1624, 93)",1,1.01
"(298, 2249)",1,1.01
"(68, 2168)",1,1.01
"(191, 1171)",1,1.01
"(157, 138)",1,1.01
"(107, 160)",1,1.01
"(54, 107)",1,1.01
"(586, 54)",1,1.01
"(55, 586)",1,1.01
"(2940, 154)",1,1.01
"(218, 2940)",1,1.01
"(2686, 93)",1,1.01
"(281, 1320)",1,1.01
"(703, 72)",1,1.01
"(857, 703)",1,1.01
"(1281, 857)",1,1.01
"(894, 139)",1,1.01
"(1067, 72)",1,1.01
"(131, 1067)",1,1.01
"(11, 1416)",1,1.01
"(567, 104)",1,1.01
"(2578, 567)",1,1.01
"(88, 2578)",1,1.01
"(1012, 101)",1,1.01
"(119, 1012)",1,1.01
"(464, 2711)",1,1.01
"(88, 1031)",1,1.01
"(2997, 93)",1,1.01
"(1231, 142)",1,1.01
"(78, 310)",1,1.01
"(2171, 78)",1,1.01
"(88, 2171)",1,1.01
"(1682, 744)",1,1.01
"(2199, 258)",1,1.01
"(1261, 11)",1,1.01
"(300, 1266)",1,1.01
"(2046, 304)",1,1.01
"(101, 2046)",1,1.01
"(811, 612)",1,1.01
"(44, 811)",1,1.01
"(1802, 11)",1,1.01
"(1193, 258)",1,1.01
"(1715, 1193)",1,1.01
"(581, 1715)",1,1.01
"(107, 581)",1,1.01
"(71, 107)",1,1.01
"(111, 361)",1,1.01
"(1266, 158)",1,1.01
"(819, 101)",1,1.01
"(593, 54)",1,1.01
"(98, 819)",1,1.01
"(1137, 98)",1,1.01
"(361, 91)",1,1.01
"(91, 73)",1,1.01
"(253, 94)",1,1.01
"(1431, 502)",1,1.01
"(542, 1431)",1,1.01
"(396, 188)",1,1.01
"(1989, 127)",1,1.01
"(89, 307)",1,1.01
"(127, 281)",1,1.01
"(281, 1241)",1,1.01
"(290, 431)",1,1.01
"(77, 164)",1,1.01
"(431, 6)",1,1.01
"(62, 494)",1,1.01
"(93, 1024)",1,1.01
"(1222, 313)",1,1.01
"(300, 1222)",1,1.01
"(57, 88)",1,1.01
"(1024, 265)",1,1.01
"(108, 55)",1,1.01
"(265, 58)",1,1.01
"(255, 781)",1,1.01
"(437, 926)",1,1.01
"(58, 179)",1,1.01
"(72, 1708)",1,1.01
"(179, 62)",1,1.01
"(75, 172)",1,1.01
"(2884, 1614)",1,1.01
"(109, 131)",1,1.01
"(1069, 109)",1,1.01
"(56, 1069)",1,1.01
"(94, 90)",1,1.01
"(678, 94)",1,1.01
"(290, 28)",1,1.01
"(620, 54)",1,1.01
"(1888, 620)",1,1.01
"(398, 1888)",1,1.01
"(1674, 188)",1,1.01
"(187, 1674)",1,1.01
"(28, 157)",1,1.01
"(54, 2884)",1,1.01
"(38, 93)",1,1.01
"(89, 701)",1,1.01
"(283, 55)",1,1.01
"(381, 88)",1,1.01
"(2587, 381)",1,1.01
"(160, 2587)",1,1.01
"(380, 219)",1,1.01
"(701, 399)",1,1.01
"(139, 173)",1,1.01
"(427, 75)",1,1.01
"(247, 427)",1,1.01
"(1834, 247)",1,1.01
"(66, 1834)",1,1.01
"(747, 147)",1,1.01
"(55, 747)",1,1.01
"(398, 283)",1,1.01
"(11, 2576)",1,1.01
"(60, 398)",1,1.01
"(1489, 60)",1,1.01
"(93, 1489)",1,1.01
"(2202, 93)",1,1.01
"(2467, 2202)",1,1.01
"(101, 2467)",1,1.01
"(1729, 2733)",1,1.01
"(1084, 25)",1,1.01
"(1418, 426)",1,1.01
"(225, 93)",1,1.01
"(480, 225)",1,1.01
"(574, 38)",1,1.01
"(71, 381)",1,1.01
"(2542, 191)",1,1.01
"(267, 302)",1,1.01
"(636, 458)",1,1.01
"(1790, 2325)",1,1.01
"(808, 1016)",1,1.01
"(221, 808)",1,1.01
"(259, 127)",1,1.01
"(127, 259)",1,1.01
"(941, 127)",1,1.01
"(2555, 292)",1,1.01
"(98, 601)",1,1.01
"(2334, 98)",1,1.01
"(88, 51)",1,1.01
"(51, 152)",1,1.01
"(784, 1505)",1,1.01
"(152, 11)",1,1.01
"(300, 334)",1,1.01
"(2502, 127)",1,1.01
"(106, 2502)",1,1.01
"(132, 169)",1,1.01
"(304, 421)",1,1.01
"(253, 304)",1,1.01
"(169, 208)",1,1.01
"(208, 270)",1,1.01
"(142, 1232)",1,1.01
"(998, 142)",1,1.01
"(2136, 210)",1,1.01
"(279, 1210)",1,1.01
"(234, 421)",1,1.01
"(223, 483)",1,1.01
"(95, 859)",1,1.01
"(859, 348)",1,1.01
"(348, 136)",1,1.01
"(1062, 113)",1,1.01
"(1757, 271)",1,1.01
"(139, 307)",1,1.01
"(1117, 784)",1,1.01
"(188, 707)",1,1.01
"(73, 112)",1,1.01
"(128, 980)",1,1.01
"(2789, 128)",1,1.01
"(112, 200)",1,1.01
"(200, 340)",1,1.01
"(117, 2879)",1,1.01
"(340, 258)",1,1.01
"(258, 1334)",1,1.01
"(1334, 347)",1,1.01
"(441, 127)",1,1.01
"(1733, 252)",1,1.01
"(25, 1733)",1,1.01
"(1359, 25)",1,1.01
"(1035, 1359)",1,1.01
"(191, 1035)",1,1.01
"(404, 2723)",1,1.01
"(240, 316)",1,1.01
"(2723, 204)",1,1.01
"(204, 2273)",1,1.01
"(317, 1733)",1,1.01
"(2367, 25)",1,1.01
"(58, 441)",1,1.01
"(988, 54)",1,1.01
"(281, 988)",1,1.01
"(483, 231)",1,1.01
"(1564, 1121)",1,1.01
"(281, 270)",1,1.01
"(523, 23)",1,1.01
"(25, 608)",1,1.01
"(1107, 25)",1,1.01
"(1855, 89)",1,1.01
"(2539, 134)",1,1.01
"(2596, 135)",1,1.01
"(1564, 93)",1,1.01
"(94, 508)",1,1.01
"(523, 623)",1,1.01
"(148, 608)",1,1.01
"(2693, 203)",1,1.01
"(134, 353)",1,1.01
"(1730, 412)",1,1.01
"(353, 528)",1,1.01
"(813, 102)",1,1.01
"(137, 813)",1,1.01
"(26, 2285)",1,1.01
"(2058, 314)",1,1.01
"(147, 2058)",1,1.01
"(288, 33)",1,1.01
"(30, 446)",1,1.01
"(828, 101)",1,1.01
"(647, 88)",1,1.01
"(2285, 267)",1,1.01
"(142, 376)",1,1.01
"(198, 143)",1,1.01
"(1641, 462)",1,1.01
"(1786, 270)",1,1.01
"(870, 608)",1,1.01
"(201, 2069)",1,1.01
"(428, 593)",1,1.01
"(347, 428)",1,1.01
"(1478, 127)",1,1.01
"(127, 1139)",1,1.01
"(199, 135)",1,1.01
"(442, 412)",1,1.01
"(197, 289)",1,1.01
"(272, 147)",1,1.01
"(199, 188)",1,1.01
"(691, 97)",1,1.01
"(523, 2248)",1,1.01
"(1517, 1302)",1,1.01
"(416, 23)",1,1.01
"(353, 432)",1,1.01
"(1302, 421)",1,1.01
"(558, 302)",1,1.01
"(343, 134)",1,1.01
"(100, 343)",1,1.01
"(589, 89)",1,1.01
"(2686, 98)",1,1.01
"(508, 703)",1,1.01
"(873, 508)",1,1.01
"(1564, 127)",1,1.01
"(90, 1564)",1,1.01
"(1165, 302)",1,1.01
"(73, 1757)",1,1.01
"(197, 2901)",1,1.01
"(4, 339)",1,1.01
"(9, 636)",1,1.01
"(2662, 987)",1,1.01
"(258, 508)",1,1.01
"(106, 1854)",1,1.01
"(416, 281)",1,1.01
"(443, 102)",1,1.01
"(1534, 114)",1,1.01
"(281, 1331)",1,1.01
"(758, 152)",1,1.01
"(10, 1490)",1,1.01
"(867, 10)",1,1.01
"(9, 867)",1,1.01
"(1692, 106)",1,1.01
"(54, 1664)",1,1.01
"(201, 1188)",1,1.01
"(506, 744)",1,1.01
"(54, 2009)",1,1.01
"(2009, 601)",1,1.01
"(2419, 1256)",1,1.01
"(130, 2419)",1,1.01
"(2636, 251)",1,1.01
"(181, 465)",1,1.01
"(601, 2551)",1,1.01
"(2551, 11)",1,1.01
"(407, 132)",1,1.01
"(949, 2731)",1,1.01
"(892, 268)",1,1.01
"(2731, 155)",1,1.01
"(255, 892)",1,1.01
"(268, 1073)",1,1.01
"(1076, 350)",1,1.01
"(128, 1266)",1,1.01
"(1444, 724)",1,1.01
"(175, 453)",1,1.01
"(2300, 175)",1,1.01
"(1016, 2300)",1,1.01
"(1894, 9)",1,1.01
"(241, 1443)",1,1.01
"(117, 1965)",1,1.01
"(2802, 117)",1,1.01
"(1443, 1809)",1,1.01
"(1809, 102)",1,1.01
"(1528, 1077)",1,1.01
"(1474, 270)",1,1.01
"(78, 339)",1,1.01
"(1063, 519)",1,1.01
"(2551, 258)",1,1.01
"(1366, 93)",1,1.01
"(2862, 1366)",1,1.01
"(2067, 462)",1,1.01
"(226, 2012)",1,1.01
"(102, 126)",1,1.01
"(241, 1809)",1,1.01
"(1292, 101)",1,1.01
"(1489, 772)",1,1.01
"(114, 1489)",1,1.01
"(371, 114)",1,1.01
"(2551, 109)",1,1.01
"(102, 1422)",1,1.01
"(1109, 330)",1,1.01
"(167, 492)",1,1.01
"(94, 538)",1,1.01
"(223, 2472)",1,1.01
"(2472, 147)",1,1.01
"(1375, 2701)",1,1.01
"(34, 1375)",1,1.01
"(310, 350)",1,1.01
"(2060, 94)",1,1.01
"(93, 122)",1,1.01
"(1429, 502)",1,1.01
"(646, 1429)",1,1.01
"(147, 646)",1,1.01
"(543, 286)",1,1.01
"(840, 258)",1,1.01
"(1741, 89)",1,1.01
"(730, 3)",1,1.01
"(847, 118)",1,1.01
"(927, 1341)",1,1.01
"(413, 1939)",1,1.01
"(147, 413)",1,1.01
"(136, 1974)",1,1.01
"(921, 113)",1,1.01
"(270, 706)",1,1.01
"(2115, 270)",1,1.01
"(101, 2115)",1,1.01
"(2391, 366)",1,1.01
"(1389, 3)",1,1.01
"(44, 109)",1,1.01
"(1385, 11)",1,1.01
"(102, 1976)",1,1.01
"(1296, 145)",1,1.01
"(144, 314)",1,1.01
"(188, 1296)",1,1.01
"(759, 101)",1,1.01
"(310, 759)",1,1.01
"(421, 88)",1,1.01
"(54, 2263)",1,1.01
"(43, 1169)",1,1.01
"(106, 50)",1,1.01
"(628, 270)",1,1.01
"(109, 628)",1,1.01
"(76, 109)",1,1.01
"(99, 76)",1,1.01
"(2263, 171)",1,1.01
"(2463, 144)",1,1.01
"(730, 555)",1,1.01
"(90, 2463)",1,1.01
"(1753, 2081)",1,1.01
"(88, 1073)",1,1.01
"(1085, 96)",1,1.01
"(67, 1389)",1,1.01
"(144, 67)",1,1.01
"(29, 144)",1,1.01
"(360, 29)",1,1.01
"(106, 30)",1,1.01
"(1099, 147)",1,1.01
"(1109, 1169)",1,1.01
"(147, 45)",1,1.01
"(204, 1573)",1,1.01
"(181, 985)",1,1.01
"(225, 89)",1,1.01
"(715, 1528)",1,1.01
"(1701, 147)",1,1.01
"(102, 1701)",1,1.01
"(274, 109)",1,1.01
"(93, 1900)",1,1.01
"(1900, 1808)",1,1.01
"(1890, 9)",1,1.01
"(1766, 697)",1,1.01
"(141, 1766)",1,1.01
"(6, 114)",1,1.01
"(2301, 72)",1,1.01
"(720, 2301)",1,1.01
"(129, 814)",1,1.01
"(191, 1698)",1,1.01
"(144, 205)",1,1.01
"(223, 1062)",1,1.01
"(104, 314)",1,1.01
"(374, 104)",1,1.01
"(309, 98)",1,1.01
"(218, 366)",1,1.01
"(1271, 197)",1,1.01
"(1273, 102)",1,1.01
"(62, 1273)",1,1.01
"(876, 2588)",1,1.01
"(89, 1892)",1,1.01
"(553, 89)",1,1.01
"(1548, 553)",1,1.01
"(1028, 72)",1,1.01
"(1966, 292)",1,1.01
"(858, 797)",1,1.01
"(141, 1337)",1,1.01
"(333, 1626)",1,1.01
"(68, 77)",1,1.01
"(77, 104)",1,1.01
"(88, 976)",1,1.01
"(176, 1255)",1,1.01
"(839, 527)",1,1.01
"(274, 1498)",1,1.01
"(90, 1199)",1,1.01
"(1498, 54)",1,1.01
"(129, 925)",1,1.01
"(2507, 363)",1,1.01
"(1129, 98)",1,1.01
"(98, 294)",1,1.01
"(920, 6)",1,1.01
"(2778, 858)",1,1.01
"(10, 1274)",1,1.01
"(313, 226)",1,1.01
"(1274, 1356)",1,1.01
"(1212, 9)",1,1.01
"(1119, 1212)",1,1.01
"(315, 416)",1,1.01
"(98, 963)",1,1.01
"(237, 1804)",1,1.01
"(2887, 89)",1,1.01
"(1962, 2887)",1,1.01
"(89, 2778)",1,1.01
"(99, 55)",1,1.01
"(101, 444)",1,1.01
"(71, 715)",1,1.01
"(983, 60)",1,1.01
"(683, 88)",1,1.01
"(147, 1800)",1,1.01
"(289, 111)",1,1.01
"(88, 1502)",1,1.01
"(2883, 191)",1,1.01
"(102, 556)",1,1.01
"(2289, 630)",1,1.01
"(101, 2965)",1,1.01
"(88, 836)",1,1.01
"(2179, 667)",1,1.01
"(836, 314)",1,1.01
"(2291, 554)",1,1.01
"(916, 640)",1,1.01
"(114, 1902)",1,1.01
"(89, 1328)",1,1.01
"(1328, 138)",1,1.01
"(374, 313)",1,1.01
"(138, 185)",1,1.01
"(2378, 131)",1,1.01
"(4, 2378)",1,1.01
"(340, 322)",1,1.01
"(1106, 88)",1,1.01
"(1469, 97)",1,1.01
"(375, 234)",1,1.01
"(234, 129)",1,1.01
"(129, 2824)",1,1.01
"(9, 1241)",1,1.01
"(533, 88)",1,1.01
"(727, 1848)",1,1.01
"(875, 9)",1,1.01
"(160, 469)",1,1.01
"(2036, 98)",1,1.01
"(352, 683)",1,1.01
"(1800, 11)",1,1.01
"(819, 1800)",1,1.01
"(203, 819)",1,1.01
"(2413, 1882)",1,1.01
"(9, 444)",1,1.01
"(444, 107)",1,1.01
"(103, 437)",1,1.01
"(272, 988)",1,1.01
"(2422, 11)",1,1.01
"(97, 1114)",1,1.01
"(214, 241)",1,1.01
"(135, 2036)",1,1.01
"(1529, 89)",1,1.01
"(486, 99)",1,1.01
"(1618, 88)",1,1.01
"(2203, 97)",1,1.01
"(1528, 2203)",1,1.01
"(119, 2419)",1,1.01
"(773, 370)",1,1.01
"(626, 191)",1,1.01
"(54, 208)",1,1.01
"(184, 2291)",1,1.01
"(245, 555)",1,1.01
"(88, 875)",1,1.01
"(135, 1244)",1,1.01
"(262, 555)",1,1.01
"(251, 89)",1,1.01
"(30, 251)",1,1.01
"(314, 1129)",1,1.01
"(144, 301)",1,1.01
"(980, 144)",1,1.01
"(141, 980)",1,1.01
"(1443, 1068)",1,1.01
"(147, 1443)",1,1.01
"(398, 147)",1,1.01
"(1938, 398)",1,1.01
"(2873, 11)",1,1.01
"(374, 126)",1,1.01
"(54, 1400)",1,1.01
"(67, 9)",1,1.01
"(2711, 310)",1,1.01
"(107, 208)",1,1.01
"(596, 366)",1,1.01
"(1785, 102)",1,1.01
"(208, 916)",1,1.01
"(2291, 350)",1,1.01
"(367, 998)",1,1.01
"(90, 157)",1,1.01
"(451, 89)",1,1.01
"(1106, 161)",1,1.01
"(1502, 1106)",1,1.01
"(2957, 1502)",1,1.01
"(247, 2957)",1,1.01
"(379, 2632)",1,1.01
"(965, 135)",1,1.01
"(111, 965)",1,1.01
"(301, 680)",1,1.01
"(1729, 2087)",1,1.01
"(1524, 1528)",1,1.01
"(88, 1259)",1,1.01
"(334, 349)",1,1.01
"(903, 150)",1,1.01
"(104, 231)",1,1.01
"(346, 104)",1,1.01
"(511, 346)",1,1.01
"(167, 511)",1,1.01
"(178, 258)",1,1.01
"(1729, 1701)",1,1.01
"(626, 2836)",1,1.01
"(2836, 102)",1,1.01
"(555, 2683)",1,1.01
"(1902, 555)",1,1.01
"(1259, 56)",1,1.01
"(2728, 354)",1,1.01
"(2289, 555)",1,1.01
"(93, 571)",1,1.01
"(123, 197)",1,1.01
"(159, 123)",1,1.01
"(44, 159)",1,1.01
"(161, 555)",1,1.01
"(137, 197)",1,1.01
"(103, 555)",1,1.01
"(199, 258)",1,1.01
"(135, 432)",1,1.01
"(379, 197)",1,1.01
"(239, 210)",1,1.01
"(416, 111)",1,1.01
"(101, 407)",1,1.01
"(1248, 584)",1,1.01
"(167, 113)",1,1.01
"(396, 1290)",1,1.01
"(1971, 258)",1,1.01
"(602, 2391)",1,1.01
"(678, 59)",1,1.01
"(364, 678)",1,1.01
"(293, 650)",1,1.01
"(1998, 817)",1,1.01
"(415, 962)",1,1.01
"(9, 415)",1,1.01
"(817, 212)",1,1.01
"(573, 616)",1,1.01
"(212, 101)",1,1.01
"(112, 167)",1,1.01
"(750, 93)",1,1.01
"(819, 2303)",1,1.01
"(223, 2600)",1,1.01
"(1394, 339)",1,1.01
"(741, 381)",1,1.01
"(1498, 71)",1,1.01
"(9, 1498)",1,1.01
"(991, 310)",1,1.01
"(1590, 662)",1,1.01
"(481, 2036)",1,1.01
"(646, 481)",1,1.01
"(521, 54)",1,1.01
"(488, 272)",1,1.01
"(135, 1381)",1,1.01
"(117, 2829)",1,1.01
"(91, 1248)",1,1.01
"(1962, 145)",1,1.01
"(2525, 91)",1,1.01
"(172, 2525)",1,1.01
"(834, 172)",1,1.01
"(94, 40)",1,1.01
"(407, 103)",1,1.01
"(183, 57)",1,1.01
"(666, 183)",1,1.01
"(103, 431)",1,1.01
"(102, 366)",1,1.01
"(96, 245)",1,1.01
"(1966, 96)",1,1.01
"(119, 147)",1,1.01
"(801, 319)",1,1.01
"(9, 1509)",1,1.01
"(366, 298)",1,1.01
"(298, 173)",1,1.01
"(2130, 1852)",1,1.01
"(129, 2130)",1,1.01
"(173, 274)",1,1.01
"(88, 249)",1,1.01
"(519, 402)",1,1.01
"(1785, 519)",1,1.01
"(303, 371)",1,1.01
"(644, 190)",1,1.01
"(103, 753)",1,1.01
"(225, 191)",1,1.01
"(727, 142)",1,1.01
"(223, 69)",1,1.01
"(1568, 2386)",1,1.01
"(909, 319)",1,1.01
"(1729, 73)",1,1.01
"(60, 237)",1,1.01
"(2502, 9)",1,1.01
"(522, 2502)",1,1.01
"(237, 711)",1,1.01
"(60, 437)",1,1.01
"(437, 1073)",1,1.01
"(1474, 160)",1,1.01
"(123, 1474)",1,1.01
"(59, 106)",1,1.01
"(121, 58)",1,1.01
"(126, 121)",1,1.01
"(2251, 126)",1,1.01
"(396, 2251)",1,1.01
"(394, 401)",1,1.01
"(171, 394)",1,1.01
"(9, 705)",1,1.01
"(705, 96)",1,1.01
"(54, 2114)",1,1.01
"(2105, 117)",1,1.01
"(135, 2530)",1,1.01
"(2201, 89)",1,1.01
"(230, 2201)",1,1.01
"(152, 10)",1,1.01
"(10, 2816)",1,1.01
"(1649, 214)",1,1.01
"(1158, 506)",1,1.01
"(155, 711)",1,1.01
"(404, 155)",1,1.01
"(9, 1902)",1,1.01
"(114, 570)",1,1.01
"(99, 65)",1,1.01
"(319, 2144)",1,1.01
"(293, 58)",1,1.01
"(60, 295)",1,1.01
"(204, 672)",1,1.01
"(239, 784)",1,1.01
"(9, 547)",1,1.01
"(985, 56)",1,1.01
"(443, 2530)",1,1.01
"(158, 518)",1,1.01
"(160, 1851)",1,1.01
"(1006, 451)",1,1.01
"(686, 814)",1,1.01
"(240, 1506)",1,1.01
"(300, 943)",1,1.01
"(262, 101)",1,1.01
"(9, 1413)",1,1.01
"(88, 2683)",1,1.01
"(1413, 331)",1,1.01
"(331, 254)",1,1.01
"(1711, 103)",1,1.01
"(1548, 9)",1,1.01
"(172, 56)",1,1.01
"(71, 429)",1,1.01
"(135, 2130)",1,1.01
"(1506, 150)",1,1.01
"(163, 1158)",1,1.01
"(2816, 9)",1,1.01
"(118, 160)",1,1.01
"(1641, 668)",1,1.01
"(1355, 25)",1,1.01
"(1129, 1355)",1,1.01
"(2749, 1838)",1,1.01
"(286, 649)",1,1.01
"(2675, 136)",1,1.01
"(1129, 101)",1,1.01
"(293, 363)",1,1.01
"(10, 293)",1,1.01
"(470, 10)",1,1.01
"(649, 1641)",1,1.01
"(1880, 101)",1,1.01
"(66, 1880)",1,1.01
"(787, 1868)",1,1.01
"(350, 203)",1,1.01
"(58, 289)",1,1.01
"(894, 102)",1,1.01
"(289, 656)",1,1.01
"(1641, 232)",1,1.01
"(656, 4)",1,1.01
"(93, 289)",1,1.01
"(289, 2056)",1,1.01
"(1273, 1592)",1,1.01
"(268, 194)",1,1.01
"(194, 643)",1,1.01
"(643, 161)",1,1.01
"(885, 9)",1,1.01
"(25, 2799)",1,1.01
"(130, 392)",1,1.01
"(62, 133)",1,1.01
"(139, 2395)",1,1.01
"(814, 1626)",1,1.01
"(2096, 363)",1,1.01
"(1626, 383)",1,1.01
"(383, 787)",1,1.01
"(274, 784)",1,1.01
"(787, 1526)",1,1.01
"(89, 1266)",1,1.01
"(2265, 89)",1,1.01
"(547, 2265)",1,1.01
"(310, 547)",1,1.01
"(88, 855)",1,1.01
"(2395, 108)",1,1.01
"(374, 2033)",1,1.01
"(114, 10)",1,1.01
"(2342, 75)",1,1.01
"(2870, 127)",1,1.01
"(1941, 2870)",1,1.01
"(97, 1941)",1,1.01
"(58, 214)",1,1.01
"(719, 101)",1,1.01
"(132, 66)",1,1.01
"(163, 924)",1,1.01
"(223, 2715)",1,1.01
"(230, 10)",1,1.01
"(93, 230)",1,1.01
"(93, 2056)",1,1.01
"(319, 293)",1,1.01
"(300, 142)",1,1.01
"(10, 1568)",1,1.01
"(256, 147)",1,1.01
"(2130, 73)",1,1.01
"(102, 2130)",1,1.01
"(2086, 11)",1,1.01
"(109, 2558)",1,1.01
"(2558, 1469)",1,1.01
"(1469, 161)",1,1.01
"(2112, 258)",1,1.01
"(138, 2112)",1,1.01
"(1646, 138)",1,1.01
"(231, 1646)",1,1.01
"(98, 231)",1,1.01
"(119, 925)",1,1.01
"(306, 1489)",1,1.01
"(114, 25)",1,1.01
"(214, 73)",1,1.01
"(2228, 147)",1,1.01
"(221, 89)",1,1.01
"(1485, 1590)",1,1.01
"(1590, 11)",1,1.01
"(374, 347)",1,1.01
"(109, 2101)",1,1.01
"(2291, 117)",1,1.01
"(1282, 258)",1,1.01
"(113, 253)",1,1.01
"(253, 104)",1,1.01
"(104, 25)",1,1.01
"(234, 270)",1,1.01
"(73, 197)",1,1.01
"(333, 2086)",1,1.01
"(241, 963)",1,1.01
"(9, 2651)",1,1.01
"(54, 2193)",1,1.01
"(975, 1283)",1,1.01
"(106, 975)",1,1.01
"(323, 289)",1,1.01
"(68, 323)",1,1.01
"(562, 68)",1,1.01
"(202, 562)",1,1.01
"(88, 202)",1,1.01
"(130, 2845)",1,1.01
"(2845, 103)",1,1.01
"(27, 126)",1,1.01
"(119, 27)",1,1.01
"(562, 255)",1,1.01
"(963, 886)",1,1.01
"(1252, 562)",1,1.01
"(106, 1252)",1,1.01
"(90, 289)",1,1.01
"(2651, 1007)",1,1.01
"(378, 685)",1,1.01
"(1403, 147)",1,1.01
"(102, 1403)",1,1.01
"(273, 431)",1,1.01
"(2792, 127)",1,1.01
"(149, 2792)",1,1.01
"(639, 1020)",1,1.01
"(242, 109)",1,1.01
"(117, 1082)",1,1.01
"(1082, 280)",1,1.01
"(934, 258)",1,1.01
"(1627, 398)",1,1.01
"(88, 2042)",1,1.01
"(93, 1868)",1,1.01
"(2042, 117)",1,1.01
"(9, 943)",1,1.01
"(166, 412)",1,1.01
"(1334, 1103)",1,1.01
"(154, 1334)",1,1.01
"(670, 213)",1,1.01
"(2511, 190)",1,1.01
"(582, 1540)",1,1.01
"(1130, 430)",1,1.01
"(54, 2537)",1,1.01
"(2537, 93)",1,1.01
"(127, 1276)",1,1.01
"(93, 1503)",1,1.01
"(1503, 73)",1,1.01
"(444, 1741)",1,1.01
"(10, 444)",1,1.01
"(57, 10)",1,1.01
"(73, 1692)",1,1.01
"(1692, 412)",1,1.01
"(180, 258)",1,1.01
"(670, 101)",1,1.01
"(9, 401)",1,1.01
"(704, 1699)",1,1.01
"(1052, 102)",1,1.01
"(59, 831)",1,1.01
"(454, 674)",1,1.01
"(310, 934)",1,1.01
"(88, 378)",1,1.01
"(509, 1923)",1,1.01
"(374, 293)",1,1.01
"(2398, 354)",1,1.01
"(306, 258)",1,1.01
"(1504, 231)",1,1.01
"(160, 1792)",1,1.01
"(700, 1622)",1,1.01
"(100, 700)",1,1.01
"(163, 2185)",1,1.01
"(61, 101)",1,1.01
"(100, 61)",1,1.01
"(378, 65)",1,1.01
"(100, 104)",1,1.01
"(141, 60)",1,1.01
"(1240, 104)",1,1.01
"(306, 784)",1,1.01
"(784, 89)",1,1.01
"(292, 597)",1,1.01
"(502, 292)",1,1.01
"(166, 502)",1,1.01
"(1276, 166)",1,1.01
"(311, 1276)",1,1.01
"(394, 311)",1,1.01
"(550, 161)",1,1.01
"(419, 191)",1,1.01
"(306, 703)",1,1.01
"(135, 903)",1,1.01
"(605, 444)",1,1.01
"(215, 1306)",1,1.01
"(101, 76)",1,1.01
"(93, 2589)",1,1.01
"(2919, 93)",1,1.01
"(163, 2723)",1,1.01
"(462, 252)",1,1.01
"(1871, 9)",1,1.01
"(2291, 89)",1,1.01
"(470, 608)",1,1.01
"(403, 470)",1,1.01
"(347, 403)",1,1.01
"(226, 2259)",1,1.01
"(163, 161)",1,1.01
"(218, 1828)",1,1.01
"(594, 2203)",1,1.01
"(2880, 2832)",1,1.01
"(135, 2142)",1,1.01
"(977, 241)",1,1.01
"(2142, 584)",1,1.01
"(539, 109)",1,1.01
"(2431, 539)",1,1.01
"(923, 55)",1,1.01
"(128, 2745)",1,1.01
"(1172, 128)",1,1.01
"(101, 443)",1,1.01
"(193, 263)",1,1.01
"(10, 1995)",1,1.01
"(111, 1131)",1,1.01
"(119, 111)",1,1.01
"(1120, 127)",1,1.01
"(179, 187)",1,1.01
"(745, 170)",1,1.01
"(642, 118)",1,1.01
"(644, 102)",1,1.01
"(113, 644)",1,1.01
"(374, 45)",1,1.01
"(447, 117)",1,1.01
"(37, 799)",1,1.01
"(555, 7)",1,1.01
"(673, 66)",1,1.01
"(786, 101)",1,1.01
"(317, 786)",1,1.01
"(178, 1641)",1,1.01
"(135, 556)",1,1.01
"(1269, 102)",1,1.01
"(66, 593)",1,1.01
"(415, 745)",1,1.01
"(810, 1524)",1,1.01
"(289, 810)",1,1.01
"(241, 2703)",1,1.01
"(2291, 2274)",1,1.01
"(874, 608)",1,1.01
"(7, 706)",1,1.01
"(354, 270)",1,1.01
"(2606, 142)",1,1.01
"(666, 1266)",1,1.01
"(253, 142)",1,1.01
"(129, 253)",1,1.01
"(68, 129)",1,1.01
"(1995, 99)",1,1.01
"(108, 90)",1,1.01
"(644, 108)",1,1.01
"(949, 95)",1,1.01
"(56, 811)",1,1.01
"(88, 1198)",1,1.01
"(716, 61)",1,1.01
"(104, 716)",1,1.01
"(730, 104)",1,1.01
"(59, 730)",1,1.01
"(10, 1221)",1,1.01
"(103, 949)",1,1.01
"(336, 1637)",1,1.01
"(2291, 1641)",1,1.01
"(203, 608)",1,1.01
"(2596, 203)",1,1.01
"(1039, 2954)",1,1.01
"(88, 1391)",1,1.01
"(2292, 1039)",1,1.01
"(7, 2292)",1,1.01
"(306, 270)",1,1.01
"(106, 548)",1,1.01
"(2024, 403)",1,1.01
"(379, 73)",1,1.01
"(582, 89)",1,1.01
"(2815, 201)",1,1.01
"(2036, 2815)",1,1.01
"(98, 113)",1,1.01
"(91, 145)",1,1.01
"(1229, 412)",1,1.01
"(1391, 56)",1,1.01
"(957, 101)",1,1.01
"(191, 644)",1,1.01
"(199, 2558)",1,1.01
"(231, 1728)",1,1.01
"(369, 231)",1,1.01
"(99, 1714)",1,1.01
"(1557, 10)",1,1.01
"(226, 1557)",1,1.01
"(1823, 72)",1,1.01
"(1714, 96)",1,1.01
"(1962, 89)",1,1.01
"(533, 228)",1,1.01
"(1589, 587)",1,1.01
"(454, 161)",1,1.01
"(2558, 267)",1,1.01
"(2580, 199)",1,1.01
"(222, 402)",1,1.01
"(171, 2580)",1,1.01
"(88, 2958)",1,1.01
"(2870, 89)",1,1.01
"(1068, 662)",1,1.01
"(486, 1068)",1,1.01
"(354, 486)",1,1.01
"(722, 354)",1,1.01
"(1204, 722)",1,1.01
"(1842, 525)",1,1.01
"(93, 1842)",1,1.01
"(470, 292)",1,1.01
"(88, 957)",1,1.01
"(218, 2458)",1,1.01
"(76, 900)",1,1.01
"(34, 562)",1,1.01
"(900, 1290)",1,1.01
"(114, 35)",1,1.01
"(160, 578)",1,1.01
"(178, 639)",1,1.01
"(639, 274)",1,1.01
"(204, 110)",1,1.01
"(64, 204)",1,1.01
"(1367, 102)",1,1.01
"(62, 1367)",1,1.01
"(646, 62)",1,1.01
"(88, 1208)",1,1.01
"(468, 193)",1,1.01
"(214, 171)",1,1.01
"(72, 214)",1,1.01
"(343, 2133)",1,1.01
"(93, 976)",1,1.01
"(550, 203)",1,1.01
"(259, 98)",1,1.01
"(542, 1953)",1,1.01
"(497, 147)",1,1.01
"(135, 1284)",1,1.01
"(1284, 102)",1,1.01
"(263, 394)",1,1.01
"(289, 263)",1,1.01
"(760, 2033)",1,1.01
"(727, 197)",1,1.01
"(197, 662)",1,1.01
"(280, 2728)",1,1.01
"(9, 710)",1,1.01
"(1729, 311)",1,1.01
"(160, 1729)",1,1.01
"(2176, 101)",1,1.01
"(60, 161)",1,1.01
"(113, 25)",1,1.01
"(134, 998)",1,1.01
"(161, 78)",1,1.01
"(407, 421)",1,1.01
"(2573, 407)",1,1.01
"(220, 50)",1,1.01
"(78, 462)",1,1.01
"(2941, 123)",1,1.01
"(208, 555)",1,1.01
"(462, 48)",1,1.01
"(78, 138)",1,1.01
"(28, 2176)",1,1.01
"(252, 498)",1,1.01
"(2524, 270)",1,1.01
"(394, 2524)",1,1.01
"(354, 66)",1,1.01
"(56, 354)",1,1.01
"(1630, 56)",1,1.01
"(93, 1630)",1,1.01
"(2954, 93)",1,1.01
"(166, 732)",1,1.01
"(166, 166)",1,1.01
"(1795, 166)",1,1.01
"(93, 1795)",1,1.01
"(96, 219)",1,1.01
"(2880, 58)",1,1.01
"(442, 511)",1,1.01
"(366, 346)",1,1.01
"(333, 2066)",1,1.01
"(442, 1299)",1,1.01
"(274, 164)",1,1.01
"(167, 274)",1,1.01
"(2458, 98)",1,1.01
"(241, 2458)",1,1.01
"(1331, 258)",1,1.01
"(135, 577)",1,1.01
"(577, 96)",1,1.01
"(113, 230)",1,1.01
"(101, 1007)",1,1.01
"(310, 410)",1,1.01
"(359, 310)",1,1.01
"(1626, 292)",1,1.01
"(953, 254)",1,1.01
"(71, 6)",1,1.01
"(166, 2036)",1,1.01
"(1187, 166)",1,1.01
"(100, 1187)",1,1.01
"(181, 56)",1,1.01
"(1119, 509)",1,1.01
"(509, 363)",1,1.01
"(88, 2074)",1,1.01
"(2074, 127)",1,1.01
"(874, 258)",1,1.01
"(1871, 874)",1,1.01
"(102, 1945)",1,1.01
"(704, 135)",1,1.01
"(1331, 98)",1,1.01
"(166, 2033)",1,1.01
"(483, 616)",1,1.01
"(468, 184)",1,1.01
"(201, 1088)",1,1.01
"(2524, 11)",1,1.01
"(1253, 2524)",1,1.01
"(1052, 128)",1,1.01
"(354, 195)",1,1.01
"(1562, 519)",1,1.01
"(56, 1139)",1,1.01
"(1021, 314)",1,1.01
"(10, 1021)",1,1.01
"(149, 10)",1,1.01
"(616, 597)",1,1.01
"(127, 1091)",1,1.01
"(171, 2054)",1,1.01
"(572, 127)",1,1.01
"(89, 578)",1,1.01
"(2128, 89)",1,1.01
"(240, 2128)",1,1.01
"(2291, 106)",1,1.01
"(102, 1647)",1,1.01
"(440, 1275)",1,1.01
"(143, 440)",1,1.01
"(591, 197)",1,1.01
"(177, 591)",1,1.01
"(1804, 283)",1,1.01
"(2054, 1443)",1,1.01
"(562, 1229)",1,1.01
"(73, 239)",1,1.01
"(2183, 1063)",1,1.01
"(120, 765)",1,1.01
"(819, 89)",1,1.01
"(416, 1524)",1,1.01
"(1778, 203)",1,1.01
"(2291, 708)",1,1.01
"(93, 1360)",1,1.01
"(629, 464)",1,1.01
"(117, 629)",1,1.01
"(1766, 117)",1,1.01
"(129, 1409)",1,1.01
"(195, 129)",1,1.01
"(1411, 94)",1,1.01
"(268, 745)",1,1.01
"(2788, 136)",1,1.01
"(2971, 101)",1,1.01
"(141, 2971)",1,1.01
"(175, 772)",1,1.01
"(1568, 775)",1,1.01
"(1865, 93)",1,1.01
"(775, 289)",1,1.01
"(446, 191)",1,1.01
"(1593, 538)",1,1.01
"(103, 372)",1,1.01
"(500, 171)",1,1.01
"(230, 290)",1,1.01
"(2036, 296)",1,1.01
"(351, 1638)",1,1.01
"(1998, 2060)",1,1.01
"(93, 2614)",1,1.01
"(2781, 371)",1,1.01
"(406, 2781)",1,1.01
"(2971, 99)",1,1.01
"(292, 462)",1,1.01
"(462, 43)",1,1.01
"(9, 32)",1,1.01
"(290, 37)",1,1.01
"(43, 94)",1,1.01
"(94, 1486)",1,1.01
"(69, 182)",1,1.01
"(459, 69)",1,1.01
"(1486, 38)",1,1.01
"(309, 203)",1,1.01
"(1029, 2130)",1,1.01
"(9, 2971)",1,1.01
"(2921, 697)",1,1.01
"(101, 406)",1,1.01
"(97, 697)",1,1.01
"(140, 281)",1,1.01
"(9, 1347)",1,1.01
"(113, 214)",1,1.01
"(93, 32)",1,1.01
"(298, 11)",1,1.01
"(2225, 298)",1,1.01
"(133, 2225)",1,1.01
"(2082, 133)",1,1.01
"(2340, 2156)",1,1.01
"(715, 254)",1,1.01
"(2012, 34)",1,1.01
"(9, 1998)",1,1.01
"(720, 2065)",1,1.01
"(839, 665)",1,1.01
"(119, 177)",1,1.01
"(491, 139)",1,1.01
"(2168, 278)",1,1.01
"(139, 437)",1,1.01
"(1283, 9)",1,1.01
"(176, 2900)",1,1.01
"(141, 2130)",1,1.01
"(103, 2359)",1,1.01
"(340, 1885)",1,1.01
"(213, 237)",1,1.01
"(135, 1982)",1,1.01
"(1014, 2646)",1,1.01
"(2346, 598)",1,1.01
"(350, 160)",1,1.01
"(1833, 229)",1,1.01
"(2086, 350)",1,1.01
"(290, 2086)",1,1.01
"(290, 1356)",1,1.01
"(2005, 290)",1,1.01
"(290, 2005)",1,1.01
"(416, 290)",1,1.01
"(1212, 11)",1,1.01
"(1398, 2775)",1,1.01
"(340, 1398)",1,1.01
"(140, 422)",1,1.01
"(422, 1387)",1,1.01
"(1387, 2690)",1,1.01
"(93, 1833)",1,1.01
"(95, 491)",1,1.01
"(67, 431)",1,1.01
"(90, 366)",1,1.01
"(700, 2861)",1,1.01
"(114, 700)",1,1.01
"(289, 553)",1,1.01
"(757, 154)",1,1.01
"(109, 548)",1,1.01
"(135, 316)",1,1.01
"(548, 106)",1,1.01
"(894, 188)",1,1.01
"(239, 425)",1,1.01
"(67, 784)",1,1.01
"(1159, 54)",1,1.01
"(97, 1159)",1,1.01
"(422, 90)",1,1.01
"(1505, 102)",1,1.01
"(98, 1333)",1,1.01
"(343, 98)",1,1.01
"(69, 166)",1,1.01
"(135, 1533)",1,1.01
"(2929, 135)",1,1.01
"(9, 2929)",1,1.01
"(166, 218)",1,1.01
"(260, 271)",1,1.01
"(218, 1332)",1,1.01
"(1332, 2169)",1,1.01
"(2169, 203)",1,1.01
"(240, 444)",1,1.01
"(121, 120)",1,1.01
"(765, 290)",1,1.01
"(1766, 270)",1,1.01
"(451, 54)",1,1.01
"(7, 440)",1,1.01
"(2291, 4)",1,1.01
"(193, 608)",1,1.01
"(1940, 102)",1,1.01
"(102, 1940)",1,1.01
"(354, 102)",1,1.01
"(69, 1431)",1,1.01
"(88, 1058)",1,1.01
"(2036, 72)",1,1.01
"(1431, 11)",1,1.01
"(416, 469)",1,1.01
"(166, 1197)",1,1.01
"(1283, 147)",1,1.01
"(1292, 102)",1,1.01
"(158, 1292)",1,1.01
"(147, 2037)",1,1.01
"(103, 1525)",1,1.01
"(587, 93)",1,1.01
"(335, 280)",1,1.01
"(819, 102)",1,1.01
"(1462, 819)",1,1.01
"(127, 662)",1,1.01
"(1462, 443)",1,1.01
"(135, 662)",1,1.01
"(54, 2270)",1,1.01
"(9, 1395)",1,1.01
"(2270, 310)",1,1.01
"(515, 69)",1,1.01
"(104, 515)",1,1.01
"(1791, 104)",1,1.01
"(93, 717)",1,1.01
"(335, 1766)",1,1.01
"(90, 402)",1,1.01
"(239, 161)",1,1.01
"(161, 1255)",1,1.01
"(88, 2407)",1,1.01
"(78, 91)",1,1.01
"(2330, 102)",1,1.01
"(114, 261)",1,1.01
"(91, 158)",1,1.01
"(870, 153)",1,1.01
"(2368, 9)",1,1.01
"(717, 2368)",1,1.01
"(2636, 93)",1,1.01
"(1963, 93)",1,1.01
"(1063, 2747)",1,1.01
"(806, 1063)",1,1.01
"(107, 806)",1,1.01
"(2994, 107)",1,1.01
"(201, 2994)",1,1.01
"(4, 281)",1,1.01
"(348, 101)",1,1.01
"(71, 8)",1,1.01
"(278, 96)",1,1.01
"(171, 153)",1,1.01
"(153, 347)",1,1.01
"(347, 1791)",1,1.01
"(682, 9)",1,1.01
"(310, 252)",1,1.01
"(153, 107)",1,1.01
"(99, 259)",1,1.01
"(54, 757)",1,1.01
"(783, 103)",1,1.01
"(972, 783)",1,1.01
"(369, 1031)",1,1.01
"(103, 1828)",1,1.01
"(103, 129)",1,1.01
"(399, 128)",1,1.01
"(1334, 399)",1,1.01
"(2907, 93)",1,1.01
"(369, 2907)",1,1.01
"(93, 2747)",1,1.01
"(462, 833)",1,1.01
"(7, 73)",1,1.01
"(150, 684)",1,1.01
"(259, 313)",1,1.01
"(1766, 4)",1,1.01
"(141, 155)",1,1.01
"(135, 143)",1,1.01
"(2010, 118)",1,1.01
"(576, 136)",1,1.01
"(679, 109)",1,1.01
"(129, 679)",1,1.01
"(582, 2532)",1,1.01
"(133, 1318)",1,1.01
"(453, 292)",1,1.01
"(1137, 9)",1,1.01
"(757, 150)",1,1.01
"(684, 130)",1,1.01
"(88, 78)",1,1.01
"(708, 1106)",1,1.01
"(78, 2183)",1,1.01
"(188, 57)",1,1.01
"(54, 1421)",1,1.01
"(2713, 9)",1,1.01
"(69, 155)",1,1.01
"(34, 347)",1,1.01
"(69, 550)",1,1.01
"(201, 2748)",1,1.01
"(506, 2472)",1,1.01
"(181, 506)",1,1.01
"(2615, 102)",1,1.01
"(1495, 2615)",1,1.01
"(1106, 254)",1,1.01
"(130, 216)",1,1.01
"(93, 1228)",1,1.01
"(1890, 93)",1,1.01
"(240, 1808)",1,1.01
"(2291, 142)",1,1.01
"(102, 608)",1,1.01
"(111, 772)",1,1.01
"(118, 111)",1,1.01
"(9, 340)",1,1.01
"(2144, 1362)",1,1.01
"(9, 953)",1,1.01
"(196, 103)",1,1.01
"(953, 135)",1,1.01
"(101, 2579)",1,1.01
"(2579, 234)",1,1.01
"(234, 10)",1,1.01
"(290, 243)",1,1.01
"(188, 2061)",1,1.01
"(1691, 108)",1,1.01
"(2061, 160)",1,1.01
"(1537, 556)",1,1.01
"(218, 1537)",1,1.01
"(506, 218)",1,1.01
"(6, 3)",1,1.01
"(1735, 6)",1,1.01
"(1185, 1735)",1,1.01
"(50, 1185)",1,1.01
"(2933, 50)",1,1.01
"(290, 2933)",1,1.01
"(1127, 290)",1,1.01
"(117, 1127)",1,1.01
"(6, 117)",1,1.01
"(252, 1303)",1,1.01
"(34, 1637)",1,1.01
"(127, 1136)",1,1.01
"(911, 101)",1,1.01
"(134, 911)",1,1.01
"(179, 218)",1,1.01
"(218, 2919)",1,1.01
"(241, 876)",1,1.01
"(6, 539)",1,1.01
"(876, 883)",1,1.01
"(111, 109)",1,1.01
"(141, 69)",1,1.01
"(667, 191)",1,1.01
"(191, 1404)",1,1.01
"(1404, 2561)",1,1.01
"(1773, 319)",1,1.01
"(462, 1369)",1,1.01
"(1118, 9)",1,1.01
"(108, 1118)",1,1.01
"(1369, 179)",1,1.01
"(147, 2755)",1,1.01
"(380, 832)",1,1.01
"(2074, 380)",1,1.01
"(241, 2074)",1,1.01
"(104, 155)",1,1.01
"(2055, 104)",1,1.01
"(1547, 2055)",1,1.01
"(220, 951)",1,1.01
"(2556, 135)",1,1.01
"(2561, 9)",1,1.01
"(97, 2556)",1,1.01
"(58, 4)",1,1.01
"(102, 32)",1,1.01
"(951, 421)",1,1.01
"(38, 96)",1,1.01
"(440, 89)",1,1.01
"(254, 440)",1,1.01
"(88, 2607)",1,1.01
"(2607, 118)",1,1.01
"(132, 1230)",1,1.01
"(1282, 127)",1,1.01
"(93, 1282)",1,1.01
"(143, 2035)",1,1.01
"(720, 934)",1,1.01
"(1221, 645)",1,1.01
"(1450, 101)",1,1.01
"(145, 1912)",1,1.01
"(2518, 310)",1,1.01
"(385, 310)",1,1.01
"(1973, 354)",1,1.01
"(88, 1973)",1,1.01
"(507, 183)",1,1.01
"(31, 507)",1,1.01
"(344, 810)",1,1.01
"(203, 29)",1,1.01
"(437, 203)",1,1.01
"(432, 437)",1,1.01
"(810, 225)",1,1.01
"(34, 1663)",1,1.01
"(94, 292)",1,1.01
"(127, 1658)",1,1.01
"(852, 134)",1,1.01
"(9, 852)",1,1.01
"(1658, 34)",1,1.01
"(354, 129)",1,1.01
"(9, 485)",1,1.01
"(1869, 350)",1,1.01
"(134, 117)",1,1.01
"(1716, 517)",1,1.01
"(560, 1716)",1,1.01
"(1162, 560)",1,1.01
"(1926, 93)",1,1.01
"(932, 1349)",1,1.01
"(103, 642)",1,1.01
"(1479, 342)",1,1.01
"(1568, 258)",1,1.01
"(528, 93)",1,1.01
"(107, 1450)",1,1.01
"(78, 107)",1,1.01
"(218, 78)",1,1.01
"(219, 34)",1,1.01
"(1403, 304)",1,1.01
"(10, 1403)",1,1.01
"(422, 94)",1,1.01
"(260, 34)",1,1.01
"(34, 1359)",1,1.01
"(134, 292)",1,1.01
"(541, 258)",1,1.01
"(240, 1594)",1,1.01
"(828, 89)",1,1.01
"(407, 109)",1,1.01
"(98, 828)",1,1.01
"(489, 1711)",1,1.01
"(203, 230)",1,1.01
"(109, 203)",1,1.01
"(6, 254)",1,1.01
"(123, 268)",1,1.01
"(1955, 11)",1,1.01
"(442, 1955)",1,1.01
"(2904, 288)",1,1.01
"(73, 2904)",1,1.01
"(272, 126)",1,1.01
"(109, 582)",1,1.01
"(6, 252)",1,1.01
"(252, 2197)",1,1.01
"(2197, 113)",1,1.01
"(606, 127)",1,1.01
"(2579, 290)",1,1.01
"(10, 2579)",1,1.01
"(285, 10)",1,1.01
"(183, 285)",1,1.01
"(493, 183)",1,1.01
"(1904, 129)",1,1.01
"(66, 271)",1,1.01
"(462, 117)",1,1.01
"(10, 727)",1,1.01
"(727, 310)",1,1.01
"(2654, 89)",1,1.01
"(335, 2060)",1,1.01
"(9, 2679)",1,1.01
"(2679, 256)",1,1.01
"(622, 1708)",1,1.01
"(607, 1483)",1,1.01
"(1281, 350)",1,1.01
"(25, 27)",1,1.01
"(161, 25)",1,1.01
"(240, 996)",1,1.01
"(996, 2954)",1,1.01
"(433, 1305)",1,1.01
"(2954, 233)",1,1.01
"(233, 127)",1,1.01
"(1479, 788)",1,1.01
"(101, 555)",1,1.01
"(486, 93)",1,1.01
"(903, 69)",1,1.01
"(1559, 2161)",1,1.01
"(149, 1904)",1,1.01
"(2587, 11)",1,1.01
"(200, 247)",1,1.01
"(282, 2313)",1,1.01
"(1403, 282)",1,1.01
"(247, 1495)",1,1.01
"(101, 117)",1,1.01
"(132, 344)",1,1.01
"(6, 332)",1,1.01
"(319, 207)",1,1.01
"(1593, 138)",1,1.01
"(207, 65)",1,1.01
"(65, 2587)",1,1.01
"(101, 2524)",1,1.01
"(141, 2565)",1,1.01
"(1095, 388)",1,1.01
"(2565, 9)",1,1.01
"(88, 2552)",1,1.01
"(227, 88)",1,1.01
"(339, 227)",1,1.01
"(199, 113)",1,1.01
"(1427, 2566)",1,1.01
"(2273, 117)",1,1.01
"(263, 76)",1,1.01
"(178, 263)",1,1.01
"(149, 290)",1,1.01
"(293, 1134)",1,1.01
"(388, 113)",1,1.01
"(6, 486)",1,1.01
"(73, 218)",1,1.01
"(188, 1010)",1,1.01
"(1303, 2273)",1,1.01
"(172, 114)",1,1.01
"(721, 9)",1,1.01
"(89, 721)",1,1.01
"(1343, 89)",1,1.01
"(94, 1343)",1,1.01
"(203, 28)",1,1.01
"(561, 106)",1,1.01
"(994, 134)",1,1.01
"(203, 755)",1,1.01
"(144, 495)",1,1.01
"(495, 343)",1,1.01
"(409, 93)",1,1.01
"(101, 2935)",1,1.01
"(720, 300)",1,1.01
"(2273, 292)",1,1.01
"(737, 127)",1,1.01
"(54, 737)",1,1.01
"(6, 437)",1,1.01
"(114, 376)",1,1.01
"(225, 711)",1,1.01
"(142, 2182)",1,1.01
"(10, 1872)",1,1.01
"(2182, 270)",1,1.01
"(201, 2141)",1,1.01
"(461, 184)",1,1.01
"(127, 56)",1,1.01
"(2450, 214)",1,1.01
"(300, 2669)",1,1.01
"(73, 644)",1,1.01
"(66, 1477)",1,1.01
"(366, 127)",1,1.01
"(54, 534)",1,1.01
"(1136, 106)",1,1.01
"(810, 88)",1,1.01
"(93, 810)",1,1.01
"(594, 1132)",1,1.01
"(1057, 868)",1,1.01
"(669, 72)",1,1.01
"(188, 1443)",1,1.01
"(1443, 100)",1,1.01
"(604, 1170)",1,1.01
"(106, 2246)",1,1.01
"(1128, 219)",1,1.01
"(1158, 2450)",1,1.01
"(1155, 1128)",1,1.01
"(1467, 200)",1,1.01
"(1749, 440)",1,1.01
"(200, 632)",1,1.01
"(506, 422)",1,1.01
"(632, 101)",1,1.01
"(2938, 468)",1,1.01
"(1804, 289)",1,1.01
"(468, 1910)",1,1.01
"(90, 737)",1,1.01
"(54, 841)",1,1.01
"(66, 430)",1,1.01
"(939, 258)",1,1.01
"(2518, 11)",1,1.01
"(1478, 161)",1,1.01
"(319, 711)",1,1.01
"(1114, 1243)",1,1.01
"(165, 1114)",1,1.01
"(874, 89)",1,1.01
"(963, 62)",1,1.01
"(9, 253)",1,1.01
"(13, 9)",1,1.01
"(20, 13)",1,1.01
"(17, 20)",1,1.01
"(11, 17)",1,1.01
"(290, 11)",1,1.01
"(104, 219)",1,1.01
"(2745, 282)",1,1.01
"(54, 2745)",1,1.01
"(219, 468)",1,1.01
"(218, 397)",1,1.01
"(571, 1063)",1,1.01
"(369, 571)",1,1.01
"(127, 369)",1,1.01
"(397, 2264)",1,1.01
"(2264, 470)",1,1.01
"(9, 607)",1,1.01
"(88, 2630)",1,1.01
"(607, 2790)",1,1.01
"(275, 94)",1,1.01
"(32, 275)",1,1.01
"(2790, 155)",1,1.01
"(177, 134)",1,1.01
"(9, 785)",1,1.01
"(340, 58)",1,1.01
"(58, 886)",1,1.01
"(224, 171)",1,1.01
"(507, 10)",1,1.01
"(711, 88)",1,1.01
"(226, 27)",1,1.01
"(73, 558)",1,1.01
"(521, 134)",1,1.01
"(442, 728)",1,1.01
"(2568, 127)",1,1.01
"(317, 431)",1,1.01
"(492, 155)",1,1.01
"(444, 771)",1,1.01
"(832, 1370)",1,1.01
"(240, 662)",1,1.01
"(90, 700)",1,1.01
"(886, 56)",1,1.01
"(171, 2726)",1,1.01
"(727, 937)",1,1.01
"(34, 727)",1,1.01
"(1527, 34)",1,1.01
"(328, 1591)",1,1.01
"(2141, 11)",1,1.01
"(10, 2141)",1,1.01
"(241, 1716)",1,1.01
"(603, 155)",1,1.01
"(10, 216)",1,1.01
"(874, 10)",1,1.01
"(9, 874)",1,1.01
"(68, 177)",1,1.01
"(961, 1678)",1,1.01
"(470, 961)",1,1.01
"(155, 100)",1,1.01
"(996, 1231)",1,1.01
"(127, 996)",1,1.01
"(1848, 350)",1,1.01
"(328, 1848)",1,1.01
"(1880, 328)",1,1.01
"(20, 1880)",1,1.01
"(20, 20)",1,1.01
"(18, 20)",1,1.01
"(11, 18)",1,1.01
"(561, 6)",1,1.01
"(27, 561)",1,1.01
"(765, 11)",1,1.01
"(942, 2355)",1,1.01
"(2849, 155)",1,1.01
"(111, 942)",1,1.01
"(782, 111)",1,1.01
"(100, 2018)",1,1.01
"(252, 59)",1,1.01
"(186, 252)",1,1.01
"(2018, 56)",1,1.01
"(56, 147)",1,1.01
"(383, 2042)",1,1.01
"(2042, 2250)",1,1.01
"(212, 98)",1,1.01
"(1316, 388)",1,1.01
"(237, 359)",1,1.01
"(1231, 147)",1,1.01
"(268, 2849)",1,1.01
"(1430, 130)",1,1.01
"(1229, 2301)",1,1.01
"(1433, 2002)",1,1.01
"(72, 2174)",1,1.01
"(2982, 171)",1,1.01
"(88, 2982)",1,1.01
"(45, 106)",1,1.01
"(442, 1306)",1,1.01
"(1306, 9)",1,1.01
"(1323, 1392)",1,1.01
"(171, 1323)",1,1.01
"(135, 171)",1,1.01
"(234, 135)",1,1.01
"(201, 2679)",1,1.01
"(1562, 221)",1,1.01
"(1352, 98)",1,1.01
"(221, 137)",1,1.01
"(6, 792)",1,1.01
"(44, 2007)",1,1.01
"(33, 34)",1,1.01
"(102, 33)",1,1.01
"(2292, 201)",1,1.01
"(181, 2138)",1,1.01
"(57, 252)",1,1.01
"(904, 1352)",1,1.01
"(272, 1697)",1,1.01
"(100, 272)",1,1.01
"(45, 100)",1,1.01
"(201, 987)",1,1.01
"(172, 451)",1,1.01
"(232, 1020)",1,1.01
"(1052, 252)",1,1.01
"(173, 389)",1,1.01
"(1063, 151)",1,1.01
"(372, 1063)",1,1.01
"(1394, 116)",1,1.01
"(72, 2303)",1,1.01
"(585, 2002)",1,1.01
"(2247, 385)",1,1.01
"(9, 2247)",1,1.01
"(330, 270)",1,1.01
"(312, 115)",1,1.01
"(197, 705)",1,1.01
"(483, 528)",1,1.01
"(241, 462)",1,1.01
"(866, 286)",1,1.01
"(54, 2902)",1,1.01
"(225, 350)",1,1.01
"(358, 185)",1,1.01
"(135, 68)",1,1.01
"(9, 2956)",1,1.01
"(2956, 129)",1,1.01
"(129, 1552)",1,1.01
"(1750, 302)",1,1.01
"(263, 1750)",1,1.01
"(536, 69)",1,1.01
"(1111, 102)",1,1.01
"(1407, 2642)",1,1.01
"(1243, 99)",1,1.01
"(389, 118)",1,1.01
"(185, 585)",1,1.01
"(2040, 1468)",1,1.01
"(704, 90)",1,1.01
"(904, 24)",1,1.01
"(24, 2247)",1,1.01
"(2247, 102)",1,1.01
"(102, 2155)",1,1.01
"(2909, 101)",1,1.01
"(129, 188)",1,1.01
"(2155, 676)",1,1.01
"(197, 1225)",1,1.01
"(676, 102)",1,1.01
"(961, 421)",1,1.01
"(1780, 213)",1,1.01
"(90, 1290)",1,1.01
"(296, 134)",1,1.01
"(310, 116)",1,1.01
"(1065, 296)",1,1.01
"(1519, 11)",1,1.01
"(782, 101)",1,1.01
"(1458, 282)",1,1.01
"(73, 1458)",1,1.01
"(1804, 458)",1,1.01
"(615, 54)",1,1.01
"(918, 674)",1,1.01
"(493, 920)",1,1.01
"(450, 493)",1,1.01
"(69, 450)",1,1.01
"(553, 90)",1,1.01
"(129, 1243)",1,1.01
"(130, 2737)",1,1.01
"(639, 102)",1,1.01
"(543, 109)",1,1.01
"(1478, 25)",1,1.01
"(134, 1525)",1,1.01
"(391, 72)",1,1.01
"(67, 391)",1,1.01
"(725, 67)",1,1.01
"(353, 1104)",1,1.01
"(1018, 109)",1,1.01
"(9, 1018)",1,1.01
"(1251, 109)",1,1.01
"(76, 1251)",1,1.01
"(2782, 93)",1,1.01
"(93, 597)",1,1.01
"(2671, 365)",1,1.01
"(2087, 195)",1,1.01
"(11, 2671)",1,1.01
"(407, 58)",1,1.01
"(260, 94)",1,1.01
"(377, 260)",1,1.01
"(72, 1305)",1,1.01
"(696, 504)",1,1.01
"(483, 696)",1,1.01
"(93, 506)",1,1.01
"(1444, 432)",1,1.01
"(142, 1444)",1,1.01
"(1831, 88)",1,1.01
"(54, 653)",1,1.01
"(441, 2087)",1,1.01
"(195, 91)",1,1.01
"(1401, 96)",1,1.01
"(556, 101)",1,1.01
"(979, 1136)",1,1.01
"(654, 745)",1,1.01
"(1136, 270)",1,1.01
"(1259, 1527)",1,1.01
"(10, 1259)",1,1.01
"(2868, 10)",1,1.01
"(1513, 2868)",1,1.01
"(303, 243)",1,1.01
"(642, 127)",1,1.01
"(163, 24)",1,1.01
"(2104, 127)",1,1.01
"(602, 100)",1,1.01
"(286, 556)",1,1.01
"(71, 290)",1,1.01
"(1925, 89)",1,1.01
"(34, 1925)",1,1.01
"(883, 116)",1,1.01
"(218, 240)",1,1.01
"(240, 894)",1,1.01
"(894, 2407)",1,1.01
"(2407, 108)",1,1.01
"(996, 171)",1,1.01
"(533, 996)",1,1.01
"(598, 270)",1,1.01
"(376, 649)",1,1.01
"(2136, 1478)",1,1.01
"(141, 56)",1,1.01
"(439, 93)",1,1.01
"(93, 283)",1,1.01
"(95, 203)",1,1.01
"(2607, 9)",1,1.01
"(54, 2607)",1,1.01
"(1221, 453)",1,1.01
"(34, 1221)",1,1.01
"(493, 1136)",1,1.01
"(2563, 101)",1,1.01
"(382, 2563)",1,1.01
"(1808, 191)",1,1.01
"(1737, 290)",1,1.01
"(1275, 88)",1,1.01
"(841, 147)",1,1.01
"(1808, 313)",1,1.01
"(503, 1302)",1,1.01
"(1079, 171)",1,1.01
"(113, 1079)",1,1.01
"(1302, 89)",1,1.01
"(2893, 101)",1,1.01
"(88, 2893)",1,1.01
"(720, 1149)",1,1.01
"(1149, 2610)",1,1.01
"(1250, 191)",1,1.01
"(191, 745)",1,1.01
"(185, 9)",1,1.01
"(106, 185)",1,1.01
"(56, 106)",1,1.01
"(31, 1059)",1,1.01
"(95, 31)",1,1.01
"(9, 205)",1,1.01
"(78, 762)",1,1.01
"(762, 89)",1,1.01
"(72, 269)",1,1.01
"(1227, 453)",1,1.01
"(421, 1379)",1,1.01
"(10, 221)",1,1.01
"(477, 10)",1,1.01
"(1379, 96)",1,1.01
"(1240, 142)",1,1.01
"(382, 117)",1,1.01
"(251, 140)",1,1.01
"(2549, 254)",1,1.01
"(201, 2549)",1,1.01
"(2166, 750)",1,1.01
"(269, 1502)",1,1.01
"(267, 72)",1,1.01
"(1504, 841)",1,1.01
"(212, 267)",1,1.01
"(66, 212)",1,1.01
"(1708, 66)",1,1.01
"(2098, 1708)",1,1.01
"(2126, 11)",1,1.01
"(106, 2126)",1,1.01
"(1277, 106)",1,1.01
"(950, 1277)",1,1.01
"(9, 950)",1,1.01
"(750, 1644)",1,1.01
"(1505, 24)",1,1.01
"(1294, 1505)",1,1.01
"(747, 188)",1,1.01
"(188, 2784)",1,1.01
"(382, 1884)",1,1.01
"(2615, 134)",1,1.01
"(55, 2566)",1,1.01
"(2315, 101)",1,1.01
"(1591, 2315)",1,1.01
"(226, 1591)",1,1.01
"(214, 9)",1,1.01
"(7, 214)",1,1.01
"(2973, 7)",1,1.01
"(394, 2032)",1,1.01
"(2032, 542)",1,1.01
"(542, 24)",1,1.01
"(34, 227)",1,1.01
"(134, 855)",1,1.01
"(263, 2615)",1,1.01
"(372, 352)",1,1.01
"(227, 602)",1,1.01
"(154, 395)",1,1.01
"(227, 188)",1,1.01
"(270, 1313)",1,1.01
"(96, 2423)",1,1.01
"(95, 97)",1,1.01
"(97, 2530)",1,1.01
"(921, 288)",1,1.01
"(288, 553)",1,1.01
"(1053, 127)",1,1.01
"(359, 2919)",1,1.01
"(904, 2225)",1,1.01
"(2552, 372)",1,1.01
"(352, 1621)",1,1.01
"(519, 382)",1,1.01
"(750, 292)",1,1.01
"(2511, 519)",1,1.01
"(339, 11)",1,1.01
"(109, 2188)",1,1.01
"(961, 296)",1,1.01
"(88, 1171)",1,1.01
"(1938, 98)",1,1.01
"(219, 552)",1,1.01
"(2597, 117)",1,1.01
"(117, 570)",1,1.01
"(570, 89)",1,1.01
"(117, 295)",1,1.01
"(2452, 1587)",1,1.01
"(292, 117)",1,1.01
"(2747, 55)",1,1.01
"(269, 98)",1,1.01
"(88, 2540)",1,1.01
"(719, 34)",1,1.01
"(2540, 617)",1,1.01
"(617, 67)",1,1.01
"(188, 2747)",1,1.01
"(2833, 11)",1,1.01
"(34, 2833)",1,1.01
"(2012, 191)",1,1.01
"(114, 437)",1,1.01
"(8, 109)",1,1.01
"(134, 8)",1,1.01
"(300, 1884)",1,1.01
"(88, 1226)",1,1.01
"(1843, 133)",1,1.01
"(10, 177)",1,1.01
"(106, 462)",1,1.01
"(1077, 539)",1,1.01
"(54, 1077)",1,1.01
"(642, 219)",1,1.01
"(1334, 671)",1,1.01
"(88, 206)",1,1.01
"(671, 270)",1,1.01
"(671, 421)",1,1.01
"(188, 1221)",1,1.01
"(1096, 109)",1,1.01
"(34, 1096)",1,1.01
"(920, 350)",1,1.01
"(1655, 539)",1,1.01
"(10, 1655)",1,1.01
"(1172, 10)",1,1.01
"(101, 1172)",1,1.01
"(477, 72)",1,1.01
"(69, 477)",1,1.01
"(65, 888)",1,1.01
"(626, 738)",1,1.01
"(1576, 350)",1,1.01
"(415, 88)",1,1.01
"(839, 437)",1,1.01
"(142, 1016)",1,1.01
"(606, 142)",1,1.01
"(444, 95)",1,1.01
"(474, 59)",1,1.01
"(136, 1777)",1,1.01
"(123, 642)",1,1.01
"(134, 1533)",1,1.01
"(503, 314)",1,1.01
"(1092, 203)",1,1.01
"(459, 134)",1,1.01
"(184, 380)",1,1.01
"(132, 350)",1,1.01
"(263, 240)",1,1.01
"(642, 60)",1,1.01
"(980, 102)",1,1.01
"(1029, 350)",1,1.01
"(575, 182)",1,1.01
"(183, 575)",1,1.01
"(1419, 163)",1,1.01
"(297, 363)",1,1.01
"(372, 503)",1,1.01
"(2374, 25)",1,1.01
"(350, 446)",1,1.01
"(2117, 134)",1,1.01
"(476, 2117)",1,1.01
"(1502, 11)",1,1.01
"(340, 1502)",1,1.01
"(98, 341)",1,1.01
"(139, 98)",1,1.01
"(2269, 685)",1,1.01
"(54, 2691)",1,1.01
"(127, 2644)",1,1.01
"(72, 390)",1,1.01
"(223, 711)",1,1.01
"(135, 474)",1,1.01
"(1471, 93)",1,1.01
"(10, 1471)",1,1.01
"(337, 69)",1,1.01
"(34, 2185)",1,1.01
"(10, 716)",1,1.01
"(1364, 10)",1,1.01
"(93, 1364)",1,1.01
"(89, 208)",1,1.01
"(773, 1970)",1,1.01
"(423, 127)",1,1.01
"(127, 1871)",1,1.01
"(147, 2457)",1,1.01
"(666, 147)",1,1.01
"(1283, 666)",1,1.01
"(1871, 2566)",1,1.01
"(105, 337)",1,1.01
"(250, 350)",1,1.01
"(906, 105)",1,1.01
"(353, 1817)",1,1.01
"(864, 54)",1,1.01
"(1817, 363)",1,1.01
"(176, 69)",1,1.01
"(1825, 176)",1,1.01
"(54, 1825)",1,1.01
"(101, 101)",1,1.01
"(1688, 11)",1,1.01
"(106, 1688)",1,1.01
"(2909, 191)",1,1.01
"(177, 176)",1,1.01
"(442, 1290)",1,1.01
"(129, 1502)",1,1.01
"(920, 653)",1,1.01
"(142, 616)",1,1.01
"(232, 619)",1,1.01
"(135, 498)",1,1.01
"(1626, 831)",1,1.01
"(114, 167)",1,1.01
"(622, 114)",1,1.01
"(1758, 622)",1,1.01
"(9, 1758)",1,1.01
"(2010, 114)",1,1.01
"(64, 129)",1,1.01
"(1759, 264)",1,1.01
"(1184, 1759)",1,1.01
"(1178, 56)",1,1.01
"(2450, 142)",1,1.01
"(502, 250)",1,1.01
"(129, 2450)",1,1.01
"(215, 129)",1,1.01
"(892, 2690)",1,1.01
"(274, 134)",1,1.01
"(2872, 399)",1,1.01
"(1759, 93)",1,1.01
"(103, 1759)",1,1.01
"(134, 258)",1,1.01
"(322, 540)",1,1.01
"(147, 322)",1,1.01
"(997, 822)",1,1.01
"(9, 997)",1,1.01
"(133, 136)",1,1.01
"(91, 1843)",1,1.01
"(1041, 453)",1,1.01
"(88, 1595)",1,1.01
"(449, 97)",1,1.01
"(676, 2225)",1,1.01
"(328, 1527)",1,1.01
"(1109, 722)",1,1.01
"(209, 199)",1,1.01
"(722, 490)",1,1.01
"(1529, 88)",1,1.01
"(68, 1529)",1,1.01
"(101, 2255)",1,1.01
"(1528, 135)",1,1.01
"(573, 1528)",1,1.01
"(2255, 117)",1,1.01
"(117, 2928)",1,1.01
"(846, 220)",1,1.01
"(407, 350)",1,1.01
"(382, 203)",1,1.01
"(1478, 113)",1,1.01
"(191, 1478)",1,1.01
"(88, 653)",1,1.01
"(188, 1809)",1,1.01
"(1041, 89)",1,1.01
"(101, 1041)",1,1.01
"(88, 988)",1,1.01
"(182, 1198)",1,1.01
"(101, 445)",1,1.01
"(892, 91)",1,1.01
"(377, 1011)",1,1.01
"(97, 394)",1,1.01
"(394, 2986)",1,1.01
"(920, 676)",1,1.01
"(1812, 258)",1,1.01
"(1294, 147)",1,1.01
"(708, 1294)",1,1.01
"(1479, 1757)",1,1.01
"(2115, 127)",1,1.01
"(1649, 98)",1,1.01
"(2170, 1649)",1,1.01
"(9, 2170)",1,1.01
"(1716, 113)",1,1.01
"(1531, 190)",1,1.01
"(102, 1531)",1,1.01
"(58, 1812)",1,1.01
"(133, 1710)",1,1.01
"(399, 104)",1,1.01
"(616, 96)",1,1.01
"(1692, 399)",1,1.01
"(152, 1692)",1,1.01
"(1716, 2379)",1,1.01
"(132, 2011)",1,1.01
"(172, 34)",1,1.01
"(1562, 127)",1,1.01
"(1178, 2980)",1,1.01
"(214, 869)",1,1.01
"(2980, 102)",1,1.01
"(106, 2247)",1,1.01
"(2247, 920)",1,1.01
"(88, 1385)",1,1.01
"(2275, 377)",1,1.01
"(1559, 2005)",1,1.01
"(135, 251)",1,1.01
"(558, 89)",1,1.01
"(129, 790)",1,1.01
"(498, 926)",1,1.01
"(241, 498)",1,1.01
"(1197, 108)",1,1.01
"(201, 109)",1,1.01
"(88, 2566)",1,1.01
"(26, 76)",1,1.01
"(111, 131)",1,1.01
"(1862, 111)",1,1.01
"(260, 93)",1,1.01
"(1617, 260)",1,1.01
"(123, 1617)",1,1.01
"(1593, 558)",1,1.01
"(2370, 127)",1,1.01
"(685, 142)",1,1.01
"(2179, 953)",1,1.01
"(953, 319)",1,1.01
"(59, 615)",1,1.01
"(554, 11)",1,1.01
"(117, 1974)",1,1.01
"(871, 9)",1,1.01
"(1061, 284)",1,1.01
"(128, 1041)",1,1.01
"(1258, 93)",1,1.01
"(2403, 1258)",1,1.01
"(300, 2403)",1,1.01
"(101, 2370)",1,1.01
"(127, 685)",1,1.01
"(34, 509)",1,1.01
"(1144, 11)",1,1.01
"(701, 197)",1,1.01
"(2467, 1688)",1,1.01
"(1688, 710)",1,1.01
"(361, 142)",1,1.01
"(188, 283)",1,1.01
"(2068, 91)",1,1.01
"(694, 282)",1,1.01
"(104, 2285)",1,1.01
"(2285, 9)",1,1.01
"(1688, 1073)",1,1.01
"(306, 1330)",1,1.01
"(1714, 11)",1,1.01
"(501, 96)",1,1.01
"(222, 129)",1,1.01
"(60, 501)",1,1.01
"(147, 60)",1,1.01
"(470, 106)",1,1.01
"(2597, 11)",1,1.01
"(223, 2986)",1,1.01
"(36, 222)",1,1.01
"(486, 2593)",1,1.01
"(10, 486)",1,1.01
"(1215, 106)",1,1.01
"(1801, 1215)",1,1.01
"(10, 1801)",1,1.01
"(55, 1400)",1,1.01
"(147, 2476)",1,1.01
"(1534, 163)",1,1.01
"(2041, 127)",1,1.01
"(823, 2434)",1,1.01
"(226, 1309)",1,1.01
"(2225, 555)",1,1.01
"(2641, 101)",1,1.01
"(172, 2582)",1,1.01
"(1001, 203)",1,1.01
"(1557, 1001)",1,1.01
"(26, 1557)",1,1.01
"(62, 522)",1,1.01
"(90, 99)",1,1.01
"(2058, 102)",1,1.01
"(109, 2058)",1,1.01
"(93, 1443)",1,1.01
"(547, 495)",1,1.01
"(226, 2896)",1,1.01
"(172, 226)",1,1.01
"(369, 172)",1,1.01
"(252, 369)",1,1.01
"(166, 1149)",1,1.01
"(78, 166)",1,1.01
"(1958, 59)",1,1.01
"(252, 1958)",1,1.01
"(509, 529)",1,1.01
"(341, 2863)",1,1.01
"(1327, 155)",1,1.01
"(149, 377)",1,1.01
"(349, 937)",1,1.01
"(454, 955)",1,1.01
"(1309, 96)",1,1.01
"(1629, 54)",1,1.01
"(54, 1177)",1,1.01
"(9, 2086)",1,1.01
"(1767, 2041)",1,1.01
"(130, 1767)",1,1.01
"(1014, 489)",1,1.01
"(489, 605)",1,1.01
"(154, 2759)",1,1.01
"(1503, 118)",1,1.01
"(2344, 9)",1,1.01
"(684, 2344)",1,1.01
"(239, 123)",1,1.01
"(278, 54)",1,1.01
"(491, 278)",1,1.01
"(2086, 89)",1,1.01
"(2097, 96)",1,1.01
"(1746, 340)",1,1.01
"(26, 2097)",1,1.01
"(123, 173)",1,1.01
"(109, 2059)",1,1.01
"(173, 1262)",1,1.01
"(2715, 116)",1,1.01
"(1035, 2715)",1,1.01
"(26, 2283)",1,1.01
"(359, 892)",1,1.01
"(154, 1589)",1,1.01
"(1377, 127)",1,1.01
"(96, 203)",1,1.01
"(340, 96)",1,1.01
"(54, 454)",1,1.01
"(377, 1033)",1,1.01
"(2996, 348)",1,1.01
"(2885, 1093)",1,1.01
"(519, 372)",1,1.01
"(101, 832)",1,1.01
"(102, 2476)",1,1.01
"(832, 58)",1,1.01
"(379, 2908)",1,1.01
"(2925, 379)",1,1.01
"(101, 2925)",1,1.01
"(58, 293)",1,1.01
"(88, 1858)",1,1.01
"(293, 573)",1,1.01
"(601, 126)",1,1.01
"(1093, 601)",1,1.01
"(372, 2885)",1,1.01
"(1519, 114)",1,1.01
"(573, 1686)",1,1.01
"(304, 147)",1,1.01
"(796, 108)",1,1.01
"(2212, 599)",1,1.01
"(139, 2212)",1,1.01
"(108, 831)",1,1.01
"(831, 25)",1,1.01
"(1227, 951)",1,1.01
"(2785, 786)",1,1.01
"(445, 2785)",1,1.01
"(241, 1358)",1,1.01
"(88, 2379)",1,1.01
"(372, 1519)",1,1.01
"(114, 99)",1,1.01
"(272, 2996)",1,1.01
"(741, 487)",1,1.01
"(1033, 11)",1,1.01
"(116, 2972)",1,1.01
"(111, 2163)",1,1.01
"(54, 253)",1,1.01
"(94, 118)",1,1.01
"(2506, 94)",1,1.01
"(420, 2506)",1,1.01
"(760, 1068)",1,1.01
"(89, 283)",1,1.01
"(372, 2876)",1,1.01
"(725, 2896)",1,1.01
"(487, 102)",1,1.01
"(547, 741)",1,1.01
"(99, 1322)",1,1.01
"(2547, 97)",1,1.01
"(288, 2547)",1,1.01
"(582, 407)",1,1.01
"(920, 106)",1,1.01
"(2225, 1301)",1,1.01
"(795, 2086)",1,1.01
"(114, 2310)",1,1.01
"(1247, 286)",1,1.01
"(104, 1247)",1,1.01
"(153, 2101)",1,1.01
"(253, 98)",1,1.01
"(1322, 142)",1,1.01
"(97, 647)",1,1.01
"(404, 1425)",1,1.01
"(477, 9)",1,1.01
"(2256, 113)",1,1.01
"(2558, 290)",1,1.01
"(129, 2558)",1,1.01
"(163, 710)",1,1.01
"(1502, 97)",1,1.01
"(420, 1502)",1,1.01
"(68, 210)",1,1.01
"(210, 2515)",1,1.01
"(99, 264)",1,1.01
"(649, 99)",1,1.01
"(1067, 649)",1,1.01
"(93, 1067)",1,1.01
"(2515, 58)",1,1.01
"(135, 991)",1,1.01
"(58, 288)",1,1.01
"(114, 2361)",1,1.01
"(2361, 102)",1,1.01
"(90, 2733)",1,1.01
"(2735, 98)",1,1.01
"(2036, 102)",1,1.01
"(88, 964)",1,1.01
"(1272, 1419)",1,1.01
"(90, 1272)",1,1.01
"(502, 90)",1,1.01
"(964, 315)",1,1.01
"(364, 950)",1,1.01
"(128, 2391)",1,1.01
"(725, 2206)",1,1.01
"(290, 1088)",1,1.01
"(136, 1497)",1,1.01
"(1497, 2874)",1,1.01
"(208, 104)",1,1.01
"(2010, 210)",1,1.01
"(646, 258)",1,1.01
"(103, 646)",1,1.01
"(342, 103)",1,1.01
"(9, 342)",1,1.01
"(708, 316)",1,1.01
"(1184, 98)",1,1.01
"(979, 2890)",1,1.01
"(2890, 11)",1,1.01
"(88, 1984)",1,1.01
"(2621, 426)",1,1.01
"(176, 94)",1,1.01
"(553, 208)",1,1.01
"(2874, 127)",1,1.01
"(1696, 605)",1,1.01
"(319, 1696)",1,1.01
"(134, 1132)",1,1.01
"(918, 1658)",1,1.01
"(315, 348)",1,1.01
"(1029, 231)",1,1.01
"(508, 72)",1,1.01
"(136, 2032)",1,1.01
"(93, 1471)",1,1.01
"(141, 222)",1,1.01
"(1427, 451)",1,1.01
"(160, 847)",1,1.01
"(826, 725)",1,1.01
"(2391, 511)",1,1.01
"(1812, 9)",1,1.01
"(1380, 195)",1,1.01
"(2781, 1136)",1,1.01
"(196, 410)",1,1.01
"(88, 196)",1,1.01
"(332, 642)",1,1.01
"(582, 332)",1,1.01
"(97, 2091)",1,1.01
"(2091, 72)",1,1.01
"(101, 1203)",1,1.01
"(94, 1542)",1,1.01
"(72, 2182)",1,1.01
"(39, 54)",1,1.01
"(233, 219)",1,1.01
"(135, 363)",1,1.01
"(88, 156)",1,1.01
"(463, 258)",1,1.01
"(2395, 463)",1,1.01
"(379, 2395)",1,1.01
"(9, 157)",1,1.01
"(195, 258)",1,1.01
"(552, 621)",1,1.01
"(1239, 66)",1,1.01
"(71, 1956)",1,1.01
"(10, 174)",1,1.01
"(845, 96)",1,1.01
"(2884, 1341)",1,1.01
"(174, 69)",1,1.01
"(1136, 1868)",1,1.01
"(584, 303)",1,1.01
"(511, 106)",1,1.01
"(188, 1595)",1,1.01
"(2157, 93)",1,1.01
"(160, 2395)",1,1.01
"(2730, 160)",1,1.01
"(2686, 127)",1,1.01
"(918, 1274)",1,1.01
"(317, 608)",1,1.01
"(93, 837)",1,1.01
"(734, 93)",1,1.01
"(203, 734)",1,1.01
"(179, 203)",1,1.01
"(73, 179)",1,1.01
"(2476, 290)",1,1.01
"(407, 290)",1,1.01
"(197, 288)",1,1.01
"(2177, 1186)",1,1.01
"(54, 2177)",1,1.01
"(1863, 117)",1,1.01
"(918, 1863)",1,1.01
"(290, 281)",1,1.01
"(101, 299)",1,1.01
"(844, 270)",1,1.01
"(220, 660)",1,1.01
"(101, 220)",1,1.01
"(452, 209)",1,1.01
"(105, 197)",1,1.01
"(1340, 9)",1,1.01
"(93, 2256)",1,1.01
"(113, 1861)",1,1.01
"(2875, 412)",1,1.01
"(806, 89)",1,1.01
"(2654, 421)",1,1.01
"(343, 2431)",1,1.01
"(2431, 270)",1,1.01
"(759, 1758)",1,1.01
"(358, 89)",1,1.01
"(73, 358)",1,1.01
"(852, 73)",1,1.01
"(1721, 350)",1,1.01
"(1361, 933)",1,1.01
"(97, 1475)",1,1.01
"(105, 768)",1,1.01
"(2489, 142)",1,1.01
"(722, 2489)",1,1.01
"(9, 1938)",1,1.01
"(1938, 62)",1,1.01
"(134, 715)",1,1.01
"(62, 364)",1,1.01
"(364, 11)",1,1.01
"(253, 270)",1,1.01
"(615, 94)",1,1.01
"(54, 1010)",1,1.01
"(1941, 1084)",1,1.01
"(129, 2588)",1,1.01
"(109, 61)",1,1.01
"(379, 60)",1,1.01
"(2686, 2632)",1,1.01
"(392, 183)",1,1.01
"(72, 27)",1,1.01
"(272, 2583)",1,1.01
"(291, 54)",1,1.01
"(213, 958)",1,1.01
"(168, 89)",1,1.01
"(72, 1163)",1,1.01
"(552, 958)",1,1.01
"(958, 1016)",1,1.01
"(1573, 127)",1,1.01
"(620, 1573)",1,1.01
"(1016, 991)",1,1.01
"(319, 63)",1,1.01
"(193, 319)",1,1.01
"(1057, 9)",1,1.01
"(2193, 96)",1,1.01
"(88, 2193)",1,1.01
"(1860, 1136)",1,1.01
"(95, 290)",1,1.01
"(1224, 237)",1,1.01
"(827, 199)",1,1.01
"(310, 827)",1,1.01
"(1057, 1868)",1,1.01
"(574, 27)",1,1.01
"(1298, 25)",1,1.01
"(134, 1298)",1,1.01
"(30, 134)",1,1.01
"(380, 1415)",1,1.01
"(241, 368)",1,1.01
"(1559, 34)",1,1.01
"(123, 548)",1,1.01
"(1272, 98)",1,1.01
"(98, 319)",1,1.01
"(984, 99)",1,1.01
"(1607, 219)",1,1.01
"(1980, 93)",1,1.01
"(113, 10)",1,1.01
"(10, 113)",1,1.01
"(1713, 10)",1,1.01
"(10, 1713)",1,1.01
"(787, 10)",1,1.01
"(2055, 787)",1,1.01
"(517, 2055)",1,1.01
"(171, 517)",1,1.01
"(132, 171)",1,1.01
"(93, 402)",1,1.01
"(2458, 97)",1,1.01
"(97, 529)",1,1.01
"(123, 1245)",1,1.01
"(1785, 97)",1,1.01
"(71, 1785)",1,1.01
"(2163, 71)",1,1.01
"(239, 2163)",1,1.01
"(686, 1921)",1,1.01
"(904, 1766)",1,1.01
"(521, 90)",1,1.01
"(93, 844)",1,1.01
"(851, 93)",1,1.01
"(123, 851)",1,1.01
"(1817, 1122)",1,1.01
"(103, 1569)",1,1.01
"(270, 8)",1,1.01
"(968, 427)",1,1.01
"(93, 984)",1,1.01
"(1579, 100)",1,1.01
"(918, 2060)",1,1.01
"(410, 117)",1,1.01
"(93, 1245)",1,1.01
"(1479, 233)",1,1.01
"(203, 46)",1,1.01
"(2484, 203)",1,1.01
"(2484, 252)",1,1.01
"(252, 791)",1,1.01
"(286, 832)",1,1.01
"(791, 55)",1,1.01
"(353, 268)",1,1.01
"(131, 267)",1,1.01
"(88, 1579)",1,1.01
"(364, 89)",1,1.01
"(267, 489)",1,1.01
"(489, 179)",1,1.01
"(433, 440)",1,1.01
"(720, 440)",1,1.01
"(135, 810)",1,1.01
"(10, 1800)",1,1.01
"(508, 128)",1,1.01
"(54, 2202)",1,1.01
"(1222, 219)",1,1.01
"(127, 1222)",1,1.01
"(429, 267)",1,1.01
"(171, 364)",1,1.01
"(241, 619)",1,1.01
"(9, 2875)",1,1.01
"(97, 1977)",1,1.01
"(1869, 89)",1,1.01
"(291, 359)",1,1.01
"(2539, 102)",1,1.01
"(511, 109)",1,1.01
"(617, 126)",1,1.01
"(578, 617)",1,1.01
"(516, 578)",1,1.01
"(26, 73)",1,1.01
"(55, 117)",1,1.01
"(88, 282)",1,1.01
"(1598, 96)",1,1.01
"(206, 598)",1,1.01
"(2804, 206)",1,1.01
"(10, 2804)",1,1.01
"(2046, 103)",1,1.01
"(93, 2046)",1,1.01
"(205, 173)",1,1.01
"(123, 254)",1,1.01
"(93, 95)",1,1.01
"(93, 37)",1,1.01
"(2228, 93)",1,1.01
"(77, 94)",1,1.01
"(493, 40)",1,1.01
"(2249, 98)",1,1.01
"(2560, 1359)",1,1.01
"(98, 2416)",1,1.01
"(2416, 11)",1,1.01
"(442, 109)",1,1.01
"(156, 54)",1,1.01
"(57, 143)",1,1.01
"(68, 426)",1,1.01
"(201, 903)",1,1.01
"(239, 138)",1,1.01
"(383, 2747)",1,1.01
"(2872, 383)",1,1.01
"(441, 1023)",1,1.01
"(365, 441)",1,1.01
"(1574, 365)",1,1.01
"(68, 1574)",1,1.01
"(72, 1855)",1,1.01
"(1942, 101)",1,1.01
"(1855, 9)",1,1.01
"(101, 2920)",1,1.01
"(2920, 280)",1,1.01
"(560, 2525)",1,1.01
"(213, 662)",1,1.01
"(252, 1198)",1,1.01
"(1047, 203)",1,1.01
"(204, 1047)",1,1.01
"(1198, 155)",1,1.01
"(267, 89)",1,1.01
"(2305, 10)",1,1.01
"(1484, 2305)",1,1.01
"(119, 1484)",1,1.01
"(101, 1192)",1,1.01
"(423, 1084)",1,1.01
"(343, 2716)",1,1.01
"(253, 292)",1,1.01
"(370, 171)",1,1.01
"(447, 10)",1,1.01
"(95, 447)",1,1.01
"(130, 32)",1,1.01
"(1649, 657)",1,1.01
"(519, 1892)",1,1.01
"(1528, 519)",1,1.01
"(317, 1528)",1,1.01
"(338, 95)",1,1.01
"(149, 835)",1,1.01
"(78, 45)",1,1.01
"(1215, 78)",1,1.01
"(835, 339)",1,1.01
"(182, 234)",1,1.01
"(139, 182)",1,1.01
"(32, 139)",1,1.01
"(690, 1274)",1,1.01
"(1962, 219)",1,1.01
"(537, 182)",1,1.01
"(71, 537)",1,1.01
"(1274, 161)",1,1.01
"(239, 31)",1,1.01
"(266, 239)",1,1.01
"(2693, 266)",1,1.01
"(54, 2693)",1,1.01
"(181, 241)",1,1.01
"(1578, 130)",1,1.01
"(451, 1227)",1,1.01
"(1654, 299)",1,1.01
"(101, 1654)",1,1.01
"(197, 290)",1,1.01
"(2199, 88)",1,1.01
"(2449, 147)",1,1.01
"(10, 426)",1,1.01
"(107, 2449)",1,1.01
"(68, 107)",1,1.01
"(1226, 68)",1,1.01
"(10, 1226)",1,1.01
"(26, 413)",1,1.01
"(2000, 9)",1,1.01
"(135, 330)",1,1.01
"(635, 108)",1,1.01
"(400, 635)",1,1.01
"(93, 400)",1,1.01
"(307, 371)",1,1.01
"(426, 284)",1,1.01
"(132, 10)",1,1.01
"(589, 161)",1,1.01
"(300, 132)",1,1.01
"(260, 72)",1,1.01
"(255, 134)",1,1.01
"(377, 1288)",1,1.01
"(639, 88)",1,1.01
"(158, 96)",1,1.01
"(509, 270)",1,1.01
"(310, 109)",1,1.01
"(286, 991)",1,1.01
"(97, 1498)",1,1.01
"(272, 1333)",1,1.01
"(415, 589)",1,1.01
"(69, 598)",1,1.01
"(117, 1869)",1,1.01
"(2855, 9)",1,1.01
"(219, 846)",1,1.01
"(135, 894)",1,1.01
"(2316, 129)",1,1.01
"(93, 238)",1,1.01
"(434, 113)",1,1.01
"(113, 161)",1,1.01
"(616, 316)",1,1.01
"(555, 460)",1,1.01
"(88, 2163)",1,1.01
"(821, 90)",1,1.01
"(33, 821)",1,1.01
"(2351, 33)",1,1.01
"(9, 2351)",1,1.01
"(1115, 1229)",1,1.01
"(618, 109)",1,1.01
"(346, 618)",1,1.01
"(1229, 663)",1,1.01
"(2864, 188)",1,1.01
"(1152, 102)",1,1.01
"(573, 90)",1,1.01
"(663, 2334)",1,1.01
"(522, 2181)",1,1.01
"(666, 2639)",1,1.01
"(489, 666)",1,1.01
"(180, 489)",1,1.01
"(102, 1122)",1,1.01
"(2334, 2918)",1,1.01
"(2045, 1981)",1,1.01
"(103, 1119)",1,1.01
"(1226, 145)",1,1.01
"(464, 502)",1,1.01
"(188, 341)",1,1.01
"(891, 89)",1,1.01
"(2240, 9)",1,1.01
"(434, 2240)",1,1.01
"(89, 529)",1,1.01
"(2784, 290)",1,1.01
"(488, 2784)",1,1.01
"(203, 488)",1,1.01
"(2032, 11)",1,1.01
"(892, 1490)",1,1.01
"(376, 11)",1,1.01
"(1762, 34)",1,1.01
"(10, 1762)",1,1.01
"(845, 110)",1,1.01
"(502, 290)",1,1.01
"(88, 845)",1,1.01
"(1653, 88)",1,1.01
"(392, 102)",1,1.01
"(382, 2733)",1,1.01
"(95, 944)",1,1.01
"(179, 412)",1,1.01
"(54, 425)",1,1.01
"(2658, 101)",1,1.01
"(88, 2658)",1,1.01
"(950, 351)",1,1.01
"(54, 950)",1,1.01
"(290, 502)",1,1.01
"(1532, 2045)",1,1.01
"(188, 1532)",1,1.01
"(1609, 188)",1,1.01
"(54, 1663)",1,1.01
"(1287, 1010)",1,1.01
"(147, 1693)",1,1.01
"(334, 573)",1,1.01
"(515, 58)",1,1.01
"(2757, 515)",1,1.01
"(1787, 2757)",1,1.01
"(145, 1787)",1,1.01
"(227, 72)",1,1.01
"(615, 237)",1,1.01
"(318, 640)",1,1.01
"(150, 1135)",1,1.01
"(188, 487)",1,1.01
"(89, 79)",1,1.01
"(534, 130)",1,1.01
"(1684, 89)",1,1.01
"(106, 1684)",1,1.01
"(92, 106)",1,1.01
"(37, 92)",1,1.01
"(702, 37)",1,1.01
"(93, 702)",1,1.01
"(399, 88)",1,1.01
"(171, 445)",1,1.01
"(179, 514)",1,1.01
"(2177, 179)",1,1.01
"(117, 1580)",1,1.01
"(2912, 127)",1,1.01
"(130, 1287)",1,1.01
"(195, 534)",1,1.01
"(69, 1609)",1,1.01
"(54, 1643)",1,1.01
"(2918, 130)",1,1.01
"(72, 62)",1,1.01
"(154, 72)",1,1.01
"(126, 154)",1,1.01
"(509, 963)",1,1.01
"(143, 63)",1,1.01
"(90, 143)",1,1.01
"(191, 93)",1,1.01
"(10, 653)",1,1.01
"(109, 10)",1,1.01
"(795, 1710)",1,1.01
"(1643, 795)",1,1.01
"(64, 187)",1,1.01
"(288, 195)",1,1.01
"(1191, 64)",1,1.01
"(101, 1191)",1,1.01
"(88, 346)",1,1.01
"(1259, 243)",1,1.01
"(130, 695)",1,1.01
"(695, 191)",1,1.01
"(109, 833)",1,1.01
"(792, 109)",1,1.01
"(191, 126)",1,1.01
"(1649, 88)",1,1.01
"(1557, 9)",1,1.01
"(2695, 72)",1,1.01
"(6, 97)",1,1.01
"(1977, 72)",1,1.01
"(365, 477)",1,1.01
"(1149, 142)",1,1.01
"(823, 118)",1,1.01
"(106, 280)",1,1.01
"(88, 2058)",1,1.01
"(6, 711)",1,1.01
"(2058, 325)",1,1.01
"(95, 75)",1,1.01
"(1069, 95)",1,1.01
"(1687, 54)",1,1.01
"(98, 1687)",1,1.01
"(290, 98)",1,1.01
"(710, 57)",1,1.01
"(131, 710)",1,1.01
"(937, 1416)",1,1.01
"(670, 937)",1,1.01
"(127, 670)",1,1.01
"(104, 2837)",1,1.01
"(134, 415)",1,1.01
"(219, 292)",1,1.01
"(2837, 270)",1,1.01
"(2076, 302)",1,1.01
"(378, 89)",1,1.01
"(188, 2314)",1,1.01
"(2314, 1499)",1,1.01
"(1352, 270)",1,1.01
"(26, 518)",1,1.01
"(1499, 581)",1,1.01
"(2555, 350)",1,1.01
"(483, 717)",1,1.01
"(2273, 106)",1,1.01
"(54, 43)",1,1.01
"(130, 2547)",1,1.01
"(1351, 280)",1,1.01
"(280, 623)",1,1.01
"(298, 108)",1,1.01
"(45, 298)",1,1.01
"(237, 725)",1,1.01
"(725, 894)",1,1.01
"(1379, 201)",1,1.01
"(894, 2610)",1,1.01
"(166, 1151)",1,1.01
"(77, 166)",1,1.01
"(1250, 130)",1,1.01
"(102, 238)",1,1.01
"(466, 11)",1,1.01
"(237, 703)",1,1.01
"(2547, 270)",1,1.01
"(1200, 284)",1,1.01
"(506, 102)",1,1.01
"(440, 506)",1,1.01
"(1721, 302)",1,1.01
"(2305, 116)",1,1.01
"(354, 2305)",1,1.01
"(302, 2273)",1,1.01
"(310, 138)",1,1.01
"(768, 109)",1,1.01
"(263, 768)",1,1.01
"(131, 214)",1,1.01
"(353, 728)",1,1.01
"(1471, 142)",1,1.01
"(237, 1471)",1,1.01
"(831, 134)",1,1.01
"(1651, 147)",1,1.01
"(103, 58)",1,1.01
"(740, 233)",1,1.01
"(2063, 623)",1,1.01
"(1151, 98)",1,1.01
"(241, 995)",1,1.01
"(685, 94)",1,1.01
"(1068, 214)",1,1.01
"(150, 381)",1,1.01
"(517, 468)",1,1.01
"(268, 843)",1,1.01
"(113, 1275)",1,1.01
"(852, 290)",1,1.01
"(263, 1009)",1,1.01
"(134, 458)",1,1.01
"(893, 134)",1,1.01
"(1053, 88)",1,1.01
"(2104, 11)",1,1.01
"(2709, 94)",1,1.01
"(163, 280)",1,1.01
"(493, 369)",1,1.01
"(2957, 493)",1,1.01
"(600, 2957)",1,1.01
"(135, 600)",1,1.01
"(196, 135)",1,1.01
"(508, 1644)",1,1.01
"(1036, 54)",1,1.01
"(1009, 94)",1,1.01
"(117, 1745)",1,1.01
"(657, 868)",1,1.01
"(1745, 96)",1,1.01
"(135, 43)",1,1.01
"(106, 1384)",1,1.01
"(1389, 289)",1,1.01
"(88, 1389)",1,1.01
"(1323, 88)",1,1.01
"(226, 1323)",1,1.01
"(560, 367)",1,1.01
"(367, 237)",1,1.01
"(237, 1782)",1,1.01
"(6, 203)",1,1.01
"(164, 72)",1,1.01
"(1711, 10)",1,1.01
"(34, 72)",1,1.01
"(1036, 1711)",1,1.01
"(310, 281)",1,1.01
"(523, 310)",1,1.01
"(493, 523)",1,1.01
"(101, 886)",1,1.01
"(886, 130)",1,1.01
"(296, 443)",1,1.01
"(134, 296)",1,1.01
"(130, 239)",1,1.01
"(239, 78)",1,1.01
"(188, 2024)",1,1.01
"(1287, 134)",1,1.01
"(2044, 1149)",1,1.01
"(238, 1351)",1,1.01
"(298, 94)",1,1.01
"(150, 238)",1,1.01
"(141, 2466)",1,1.01
"(2466, 412)",1,1.01
"(1080, 2382)",1,1.01
"(68, 1080)",1,1.01
"(2449, 102)",1,1.01
"(223, 2449)",1,1.01
"(1364, 181)",1,1.01
"(460, 1364)",1,1.01
"(412, 2334)",1,1.01
"(2334, 191)",1,1.01
"(636, 313)",1,1.01
"(2275, 636)",1,1.01
"(1886, 310)",1,1.01
"(462, 106)",1,1.01
"(557, 88)",1,1.01
"(1960, 166)",1,1.01
"(867, 96)",1,1.01
"(96, 904)",1,1.01
"(1677, 89)",1,1.01
"(1364, 1677)",1,1.01
"(302, 1364)",1,1.01
"(904, 201)",1,1.01
"(132, 175)",1,1.01
"(105, 988)",1,1.01
"(2415, 11)",1,1.01
"(61, 2415)",1,1.01
"(2346, 88)",1,1.01
"(69, 1018)",1,1.01
"(201, 1945)",1,1.01
"(2675, 201)",1,1.01
"(191, 195)",1,1.01
"(229, 93)",1,1.01
"(1748, 423)",1,1.01
"(93, 1748)",1,1.01
"(1307, 93)",1,1.01
"(9, 1307)",1,1.01
"(979, 1004)",1,1.01
"(1513, 2616)",1,1.01
"(101, 1513)",1,1.01
"(1004, 1114)",1,1.01
"(171, 97)",1,1.01
"(1114, 108)",1,1.01
"(628, 191)",1,1.01
"(198, 2225)",1,1.01
"(620, 34)",1,1.01
"(263, 284)",1,1.01
"(879, 1098)",1,1.01
"(238, 108)",1,1.01
"(1726, 9)",1,1.01
"(312, 1726)",1,1.01
"(108, 95)",1,1.01
"(68, 1549)",1,1.01
"(101, 403)",1,1.01
"(103, 1615)",1,1.01
"(1549, 203)",1,1.01
"(2431, 25)",1,1.01
"(1676, 65)",1,1.01
"(1946, 2346)",1,1.01
"(6, 1946)",1,1.01
"(667, 90)",1,1.01
"(172, 201)",1,1.01
"(145, 1951)",1,1.01
"(95, 145)",1,1.01
"(470, 45)",1,1.01
"(1831, 347)",1,1.01
"(2411, 421)",1,1.01
"(123, 127)",1,1.01
"(134, 208)",1,1.01
"(2285, 93)",1,1.01
"(245, 102)",1,1.01
"(281, 245)",1,1.01
"(1109, 2012)",1,1.01
"(2227, 421)",1,1.01
"(302, 161)",1,1.01
"(130, 653)",1,1.01
"(77, 109)",1,1.01
"(105, 238)",1,1.01
"(372, 704)",1,1.01
"(201, 35)",1,1.01
"(1562, 101)",1,1.01
"(263, 1198)",1,1.01
"(462, 93)",1,1.01
"(300, 470)",1,1.01
"(330, 2104)",1,1.01
"(951, 48)",1,1.01
"(54, 951)",1,1.01
"(268, 107)",1,1.01
"(252, 303)",1,1.01
"(379, 191)",1,1.01
"(1751, 667)",1,1.01
"(72, 673)",1,1.01
"(2493, 1287)",1,1.01
"(1287, 104)",1,1.01
"(104, 130)",1,1.01
"(6, 519)",1,1.01
"(218, 68)",1,1.01
"(105, 685)",1,1.01
"(2248, 11)",1,1.01
"(123, 2248)",1,1.01
"(121, 123)",1,1.01
"(6, 390)",1,1.01
"(685, 89)",1,1.01
"(98, 685)",1,1.01
"(112, 645)",1,1.01
"(492, 3)",1,1.01
"(658, 112)",1,1.01
"(108, 658)",1,1.01
"(114, 108)",1,1.01
"(1399, 2811)",1,1.01
"(101, 1399)",1,1.01
"(72, 495)",1,1.01
"(1713, 72)",1,1.01
"(134, 787)",1,1.01
"(233, 134)",1,1.01
"(382, 233)",1,1.01
"(1336, 98)",1,1.01
"(3, 98)",1,1.01
"(94, 68)",1,1.01
"(64, 298)",1,1.01
"(72, 646)",1,1.01
"(979, 91)",1,1.01
"(1678, 34)",1,1.01
"(181, 197)",1,1.01
"(303, 372)",1,1.01
"(2597, 171)",1,1.01
"(353, 2597)",1,1.01
"(2740, 97)",1,1.01
"(1901, 89)",1,1.01
"(114, 1901)",1,1.01
"(1351, 2503)",1,1.01
"(2311, 197)",1,1.01
"(213, 2311)",1,1.01
"(2503, 1322)",1,1.01
"(1349, 117)",1,1.01
"(1064, 258)",1,1.01
"(1085, 102)",1,1.01
"(2397, 1085)",1,1.01
"(130, 2397)",1,1.01
"(39, 349)",1,1.01
"(93, 39)",1,1.01
"(11, 2378)",1,1.01
"(2378, 111)",1,1.01
"(111, 1709)",1,1.01
"(89, 2905)",1,1.01
"(1017, 1159)",1,1.01
"(2905, 73)",1,1.01
"(542, 93)",1,1.01
"(106, 35)",1,1.01
"(263, 344)",1,1.01
"(1111, 1678)",1,1.01
"(135, 169)",1,1.01
"(105, 744)",1,1.01
"(129, 264)",1,1.01
"(2036, 96)",1,1.01
"(72, 1198)",1,1.01
"(330, 6)",1,1.01
"(791, 267)",1,1.01
"(333, 791)",1,1.01
"(274, 1151)",1,1.01
"(1132, 2430)",1,1.01
"(392, 96)",1,1.01
"(1801, 101)",1,1.01
"(88, 1801)",1,1.01
"(1585, 88)",1,1.01
"(69, 1123)",1,1.01
"(169, 65)",1,1.01
"(487, 10)",1,1.01
"(132, 258)",1,1.01
"(258, 6)",1,1.01
"(141, 1876)",1,1.01
"(171, 155)",1,1.01
"(1876, 1938)",1,1.01
"(6, 2163)",1,1.01
"(404, 6)",1,1.01
"(1705, 426)",1,1.01
"(10, 1705)",1,1.01
"(26, 1111)",1,1.01
"(65, 1400)",1,1.01
"(1499, 126)",1,1.01
"(646, 67)",1,1.01
"(2189, 161)",1,1.01
"(157, 89)",1,1.01
"(102, 2259)",1,1.01
"(183, 272)",1,1.01
"(72, 446)",1,1.01
"(272, 665)",1,1.01
"(141, 220)",1,1.01
"(598, 241)",1,1.01
"(106, 598)",1,1.01
"(1222, 106)",1,1.01
"(918, 1222)",1,1.01
"(2641, 280)",1,1.01
"(2462, 352)",1,1.01
"(54, 2462)",1,1.01
"(268, 71)",1,1.01
"(1960, 218)",1,1.01
"(90, 2181)",1,1.01
"(201, 2251)",1,1.01
"(2251, 665)",1,1.01
"(94, 45)",1,1.01
"(415, 2333)",1,1.01
"(223, 415)",1,1.01
"(621, 72)",1,1.01
"(97, 621)",1,1.01
"(6, 90)",1,1.01
"(1744, 64)",1,1.01
"(290, 1744)",1,1.01
"(646, 290)",1,1.01
"(1585, 1960)",1,1.01
"(931, 218)",1,1.01
"(522, 10)",1,1.01
"(647, 1696)",1,1.01
"(847, 1306)",1,1.01
"(156, 584)",1,1.01
"(442, 107)",1,1.01
"(107, 947)",1,1.01
"(72, 268)",1,1.01
"(618, 197)",1,1.01
"(1751, 618)",1,1.01
"(127, 1751)",1,1.01
"(2182, 127)",1,1.01
"(437, 2182)",1,1.01
"(1057, 437)",1,1.01
"(947, 88)",1,1.01
"(281, 647)",1,1.01
"(1130, 106)",1,1.01
"(891, 97)",1,1.01
"(1338, 891)",1,1.01
"(93, 1338)",1,1.01
"(1705, 635)",1,1.01
"(135, 1705)",1,1.01
"(804, 147)",1,1.01
"(89, 804)",1,1.01
"(1704, 89)",1,1.01
"(97, 1704)",1,1.01
"(267, 197)",1,1.01
"(93, 931)",1,1.01
"(106, 415)",1,1.01
"(441, 310)",1,1.01
"(2962, 88)",1,1.01
"(188, 64)",1,1.01
"(1842, 93)",1,1.01
"(1165, 2024)",1,1.01
"(113, 489)",1,1.01
"(255, 113)",1,1.01
"(1425, 255)",1,1.01
"(97, 1425)",1,1.01
"(288, 238)",1,1.01
"(2986, 111)",1,1.01
"(130, 2986)",1,1.01
"(389, 363)",1,1.01
"(1030, 134)",1,1.01
"(377, 1252)",1,1.01
"(436, 147)",1,1.01
"(97, 203)",1,1.01
"(181, 617)",1,1.01
"(34, 1524)",1,1.01
"(1237, 94)",1,1.01
"(34, 67)",1,1.01
"(226, 932)",1,1.01
"(256, 516)",1,1.01
"(2977, 11)",1,1.01
"(71, 2977)",1,1.01
"(139, 71)",1,1.01
"(113, 139)",1,1.01
"(353, 422)",1,1.01
"(869, 353)",1,1.01
"(164, 680)",1,1.01
"(72, 339)",1,1.01
"(1649, 518)",1,1.01
"(1118, 190)",1,1.01
"(987, 94)",1,1.01
"(390, 35)",1,1.01
"(2265, 11)",1,1.01
"(1223, 89)",1,1.01
"(54, 1223)",1,1.01
"(76, 54)",1,1.01
"(223, 340)",1,1.01
"(141, 2458)",1,1.01
"(2458, 1498)",1,1.01
"(1498, 194)",1,1.01
"(58, 454)",1,1.01
"(1016, 241)",1,1.01
"(95, 1016)",1,1.01
"(212, 27)",1,1.01
"(528, 390)",1,1.01
"(88, 1912)",1,1.01
"(89, 2197)",1,1.01
"(983, 371)",1,1.01
"(271, 2115)",1,1.01
"(289, 2833)",1,1.01
"(943, 290)",1,1.01
"(2833, 88)",1,1.01
"(450, 1921)",1,1.01
"(102, 2758)",1,1.01
"(113, 286)",1,1.01
"(2758, 55)",1,1.01
"(55, 188)",1,1.01
"(364, 69)",1,1.01
"(680, 188)",1,1.01
"(117, 1532)",1,1.01
"(1308, 1306)",1,1.01
"(54, 2718)",1,1.01
"(281, 319)",1,1.01
"(160, 1001)",1,1.01
"(1992, 102)",1,1.01
"(34, 2503)",1,1.01
"(1835, 1737)",1,1.01
"(2503, 328)",1,1.01
"(328, 134)",1,1.01
"(54, 1004)",1,1.01
"(1016, 319)",1,1.01
"(213, 2189)",1,1.01
"(402, 66)",1,1.01
"(2718, 101)",1,1.01
"(633, 93)",1,1.01
"(113, 231)",1,1.01
"(182, 633)",1,1.01
"(115, 182)",1,1.01
"(281, 359)",1,1.01
"(54, 2425)",1,1.01
"(11, 1543)",1,1.01
"(1543, 341)",1,1.01
"(341, 1319)",1,1.01
"(1319, 2291)",1,1.01
"(1584, 348)",1,1.01
"(218, 210)",1,1.01
"(1617, 272)",1,1.01
"(144, 1617)",1,1.01
"(88, 281)",1,1.01
"(114, 529)",1,1.01
"(848, 1308)",1,1.01
"(481, 1502)",1,1.01
"(1532, 11)",1,1.01
"(213, 2423)",1,1.01
"(1109, 125)",1,1.01
"(464, 54)",1,1.01
"(98, 1031)",1,1.01
"(178, 468)",1,1.01
"(394, 1475)",1,1.01
"(468, 1168)",1,1.01
"(1222, 598)",1,1.01
"(1618, 89)",1,1.01
"(34, 1114)",1,1.01
"(2178, 617)",1,1.01
"(1299, 481)",1,1.01
"(249, 93)",1,1.01
"(66, 1299)",1,1.01
"(2957, 10)",1,1.01
"(1060, 2957)",1,1.01
"(603, 203)",1,1.01
"(1038, 208)",1,1.01
"(1607, 127)",1,1.01
"(560, 1085)",1,1.01
"(2846, 560)",1,1.01
"(2913, 252)",1,1.01
"(252, 696)",1,1.01
"(348, 1992)",1,1.01
"(744, 90)",1,1.01
"(1479, 577)",1,1.01
"(2200, 1717)",1,1.01
"(191, 876)",1,1.01
"(1494, 1625)",1,1.01
"(1879, 350)",1,1.01
"(1380, 129)",1,1.01
"(190, 825)",1,1.01
"(277, 190)",1,1.01
"(1359, 88)",1,1.01
"(1879, 1359)",1,1.01
"(127, 1879)",1,1.01
"(297, 2766)",1,1.01
"(93, 2699)",1,1.01
"(1108, 93)",1,1.01
"(2037, 101)",1,1.01
"(160, 2037)",1,1.01
"(1294, 127)",1,1.01
"(101, 1294)",1,1.01
"(736, 101)",1,1.01
"(488, 736)",1,1.01
"(29, 29)",1,1.01
"(198, 89)",1,1.01
"(37, 2479)",1,1.01
"(2479, 30)",1,1.01
"(30, 270)",1,1.01
"(190, 113)",1,1.01
"(1172, 190)",1,1.01
"(134, 1172)",1,1.01
"(637, 134)",1,1.01
"(1065, 6)",1,1.01
"(183, 1093)",1,1.01
"(240, 1380)",1,1.01
"(1481, 24)",1,1.01
"(4, 404)",1,1.01
"(2233, 9)",1,1.01
"(2262, 10)",1,1.01
"(54, 2262)",1,1.01
"(163, 1193)",1,1.01
"(164, 2033)",1,1.01
"(1917, 171)",1,1.01
"(101, 2690)",1,1.01
"(1173, 203)",1,1.01
"(385, 88)",1,1.01
"(144, 385)",1,1.01
"(2896, 9)",1,1.01
"(166, 2896)",1,1.01
"(215, 2233)",1,1.01
"(1231, 385)",1,1.01
"(2631, 240)",1,1.01
"(454, 1231)",1,1.01
"(1273, 88)",1,1.01
"(139, 1273)",1,1.01
"(2853, 142)",1,1.01
"(9, 2631)",1,1.01
"(1989, 350)",1,1.01
"(153, 825)",1,1.01
"(593, 153)",1,1.01
"(71, 3)",1,1.01
"(237, 190)",1,1.01
"(2091, 1408)",1,1.01
"(263, 2091)",1,1.01
"(1625, 94)",1,1.01
"(503, 2571)",1,1.01
"(2972, 302)",1,1.01
"(446, 282)",1,1.01
"(1022, 111)",1,1.01
"(95, 1022)",1,1.01
"(135, 33)",1,1.01
"(218, 1307)",1,1.01
"(442, 396)",1,1.01
"(2178, 135)",1,1.01
"(396, 183)",1,1.01
"(825, 88)",1,1.01
"(89, 1425)",1,1.01
"(712, 584)",1,1.01
"(101, 620)",1,1.01
"(620, 1252)",1,1.01
"(765, 581)",1,1.01
"(118, 765)",1,1.01
"(196, 211)",1,1.01
"(114, 150)",1,1.01
"(199, 381)",1,1.01
"(93, 445)",1,1.01
"(441, 9)",1,1.01
"(381, 270)",1,1.01
"(283, 2521)",1,1.01
"(45, 391)",1,1.01
"(832, 2213)",1,1.01
"(391, 381)",1,1.01
"(1088, 3)",1,1.01
"(88, 2169)",1,1.01
"(1763, 88)",1,1.01
"(90, 1502)",1,1.01
"(1502, 2683)",1,1.01
"(1187, 258)",1,1.01
"(451, 97)",1,1.01
"(654, 214)",1,1.01
"(2769, 153)",1,1.01
"(949, 959)",1,1.01
"(317, 128)",1,1.01
"(1804, 263)",1,1.01
"(263, 653)",1,1.01
"(109, 2732)",1,1.01
"(134, 858)",1,1.01
"(1172, 134)",1,1.01
"(476, 128)",1,1.01
"(1172, 172)",1,1.01
"(97, 1172)",1,1.01
"(1525, 451)",1,1.01
"(460, 34)",1,1.01
"(128, 1525)",1,1.01
"(113, 582)",1,1.01
"(1750, 78)",1,1.01
"(171, 1750)",1,1.01
"(960, 344)",1,1.01
"(233, 353)",1,1.01
"(135, 1222)",1,1.01
"(1309, 11)",1,1.01
"(998, 348)",1,1.01
"(117, 1058)",1,1.01
"(1222, 34)",1,1.01
"(409, 728)",1,1.01
"(147, 366)",1,1.01
"(300, 2211)",1,1.01
"(1669, 9)",1,1.01
"(1540, 101)",1,1.01
"(142, 2990)",1,1.01
"(297, 142)",1,1.01
"(801, 267)",1,1.01
"(1000, 2372)",1,1.01
"(172, 1000)",1,1.01
"(10, 126)",1,1.01
"(857, 74)",1,1.01
"(74, 573)",1,1.01
"(616, 136)",1,1.01
"(574, 616)",1,1.01
"(396, 492)",1,1.01
"(495, 396)",1,1.01
"(558, 556)",1,1.01
"(106, 75)",1,1.01
"(88, 716)",1,1.01
"(106, 191)",1,1.01
"(210, 105)",1,1.01
"(1453, 73)",1,1.01
"(489, 1453)",1,1.01
"(479, 147)",1,1.01
"(87, 479)",1,1.01
"(573, 25)",1,1.01
"(999, 166)",1,1.01
"(100, 999)",1,1.01
"(251, 100)",1,1.01
"(9, 251)",1,1.01
"(25, 1361)",1,1.01
"(2990, 102)",1,1.01
"(54, 590)",1,1.01
"(590, 104)",1,1.01
"(407, 163)",1,1.01
"(290, 141)",1,1.01
"(11, 290)",1,1.01
"(41, 11)",1,1.01
"(2086, 91)",1,1.01
"(353, 1750)",1,1.01
"(2404, 9)",1,1.01
"(440, 1064)",1,1.01
"(1879, 281)",1,1.01
"(78, 241)",1,1.01
"(204, 577)",1,1.01
"(394, 89)",1,1.01
"(959, 201)",1,1.01
"(552, 2885)",1,1.01
"(226, 144)",1,1.01
"(352, 552)",1,1.01
"(241, 1953)",1,1.01
"(769, 267)",1,1.01
"(509, 769)",1,1.01
"(2885, 8)",1,1.01
"(2471, 98)",1,1.01
"(892, 2471)",1,1.01
"(106, 319)",1,1.01
"(7, 104)",1,1.01
"(807, 11)",1,1.01
"(760, 807)",1,1.01
"(144, 2994)",1,1.01
"(297, 578)",1,1.01
"(2858, 11)",1,1.01
"(1691, 2858)",1,1.01
"(1704, 191)",1,1.01
"(489, 303)",1,1.01
"(155, 489)",1,1.01
"(97, 1799)",1,1.01
"(1750, 102)",1,1.01
"(2913, 101)",1,1.01
"(497, 589)",1,1.01
"(101, 2536)",1,1.01
"(686, 826)",1,1.01
"(2536, 96)",1,1.01
"(157, 109)",1,1.01
"(96, 1489)",1,1.01
"(268, 1286)",1,1.01
"(257, 68)",1,1.01
"(69, 126)",1,1.01
"(390, 102)",1,1.01
"(135, 230)",1,1.01
"(7, 48)",1,1.01
"(330, 8)",1,1.01
"(404, 816)",1,1.01
"(2442, 102)",1,1.01
"(226, 2442)",1,1.01
"(136, 226)",1,1.01
"(343, 214)",1,1.01
"(8, 762)",1,1.01
"(443, 558)",1,1.01
"(34, 1669)",1,1.01
"(303, 69)",1,1.01
"(99, 376)",1,1.01
"(2909, 237)",1,1.01
"(696, 991)",1,1.01
"(2511, 155)",1,1.01
"(939, 773)",1,1.01
"(252, 998)",1,1.01
"(509, 475)",1,1.01
"(241, 166)",1,1.01
"(1201, 88)",1,1.01
"(2114, 1201)",1,1.01
"(998, 88)",1,1.01
"(705, 951)",1,1.01
"(959, 705)",1,1.01
"(949, 88)",1,1.01
"(88, 2583)",1,1.01
"(130, 366)",1,1.01
"(376, 72)",1,1.01
"(181, 1007)",1,1.01
"(382, 1671)",1,1.01
"(1007, 2053)",1,1.01
"(117, 1180)",1,1.01
"(2978, 103)",1,1.01
"(93, 2978)",1,1.01
"(353, 312)",1,1.01
"(2005, 280)",1,1.01
"(237, 2189)",1,1.01
"(753, 237)",1,1.01
"(415, 753)",1,1.01
"(650, 9)",1,1.01
"(166, 2524)",1,1.01
"(72, 503)",1,1.01
"(823, 2547)",1,1.01
"(506, 166)",1,1.01
"(1551, 2249)",1,1.01
"(135, 126)",1,1.01
"(2249, 1693)",1,1.01
"(270, 637)",1,1.01
"(154, 54)",1,1.01
"(65, 154)",1,1.01
"(181, 65)",1,1.01
"(451, 9)",1,1.01
"(1925, 197)",1,1.01
"(136, 1925)",1,1.01
"(932, 214)",1,1.01
"(268, 932)",1,1.01
"(128, 868)",1,1.01
"(197, 183)",1,1.01
"(34, 635)",1,1.01
"(808, 270)",1,1.01
"(1169, 1155)",1,1.01
"(1155, 430)",1,1.01
"(133, 127)",1,1.01
"(430, 381)",1,1.01
"(171, 25)",1,1.01
"(381, 753)",1,1.01
"(1213, 270)",1,1.01
"(10, 178)",1,1.01
"(2511, 191)",1,1.01
"(142, 2050)",1,1.01
"(550, 142)",1,1.01
"(1736, 36)",1,1.01
"(213, 2482)",1,1.01
"(2482, 286)",1,1.01
"(1746, 685)",1,1.01
"(1030, 104)",1,1.01
"(104, 893)",1,1.01
"(893, 117)",1,1.01
"(394, 2057)",1,1.01
"(2469, 11)",1,1.01
"(136, 2469)",1,1.01
"(114, 2766)",1,1.01
"(2766, 11)",1,1.01
"(315, 171)",1,1.01
"(1021, 94)",1,1.01
"(191, 203)",1,1.01
"(101, 194)",1,1.01
"(88, 1067)",1,1.01
"(93, 1183)",1,1.01
"(1318, 292)",1,1.01
"(166, 1318)",1,1.01
"(1408, 147)",1,1.01
"(629, 1282)",1,1.01
"(135, 107)",1,1.01
"(407, 166)",1,1.01
"(1343, 2259)",1,1.01
"(1916, 290)",1,1.01
"(542, 258)",1,1.01
"(176, 542)",1,1.01
"(218, 72)",1,1.01
"(1183, 218)",1,1.01
"(293, 1954)",1,1.01
"(897, 804)",1,1.01
"(804, 10)",1,1.01
"(485, 945)",1,1.01
"(2374, 24)",1,1.01
"(48, 11)",1,1.01
"(1327, 94)",1,1.01
"(117, 1799)",1,1.01
"(1916, 117)",1,1.01
"(43, 9)",1,1.01
"(129, 73)",1,1.01
"(114, 1015)",1,1.01
"(437, 832)",1,1.01
"(492, 437)",1,1.01
"(616, 88)",1,1.01
"(945, 616)",1,1.01
"(136, 485)",1,1.01
"(2668, 36)",1,1.01
"(181, 1466)",1,1.01
"(254, 669)",1,1.01
"(198, 254)",1,1.01
"(306, 191)",1,1.01
"(129, 2972)",1,1.01
"(89, 1002)",1,1.01
"(96, 89)",1,1.01
"(37, 96)",1,1.01
"(340, 37)",1,1.01
"(150, 340)",1,1.01
"(106, 150)",1,1.01
"(139, 518)",1,1.01
"(36, 9)",1,1.01
"(709, 492)",1,1.01
"(10, 125)",1,1.01
"(98, 205)",1,1.01
"(181, 2076)",1,1.01
"(1638, 11)",1,1.01
"(241, 1638)",1,1.01
"(132, 267)",1,1.01
"(468, 814)",1,1.01
"(127, 468)",1,1.01
"(2167, 127)",1,1.01
"(188, 205)",1,1.01
"(1551, 350)",1,1.01
"(587, 1551)",1,1.01
"(2625, 2592)",1,1.01
"(141, 2250)",1,1.01
"(1184, 296)",1,1.01
"(136, 711)",1,1.01
"(2126, 1038)",1,1.01
"(88, 2126)",1,1.01
"(764, 101)",1,1.01
"(2264, 87)",1,1.01
"(544, 23)",1,1.01
"(4, 2572)",1,1.01
"(2572, 38)",1,1.01
"(1575, 30)",1,1.01
"(1716, 1438)",1,1.01
"(1029, 54)",1,1.01
"(41, 2668)",1,1.01
"(711, 667)",1,1.01
"(143, 506)",1,1.01
"(102, 519)",1,1.01
"(199, 626)",1,1.01
"(519, 486)",1,1.01
"(1177, 191)",1,1.01
"(1554, 11)",1,1.01
"(93, 229)",1,1.01
"(97, 352)",1,1.01
"(160, 2364)",1,1.01
"(352, 195)",1,1.01
"(24, 227)",1,1.01
"(867, 24)",1,1.01
"(195, 754)",1,1.01
"(268, 2364)",1,1.01
"(213, 116)",1,1.01
"(1839, 213)",1,1.01
"(1127, 1839)",1,1.01
"(1165, 128)",1,1.01
"(1309, 134)",1,1.01
"(1298, 390)",1,1.01
"(844, 1298)",1,1.01
"(1032, 127)",1,1.01
"(54, 2533)",1,1.01
"(9, 1599)",1,1.01
"(9, 263)",1,1.01
"(2834, 2133)",1,1.01
"(9, 194)",1,1.01
"(268, 2019)",1,1.01
"(1473, 62)",1,1.01
"(489, 1473)",1,1.01
"(237, 560)",1,1.01
"(11, 50)",1,1.01
"(50, 94)",1,1.01
"(330, 762)",1,1.01
"(110, 89)",1,1.01
"(1698, 136)",1,1.01
"(1204, 1698)",1,1.01
"(1548, 2173)",1,1.01
"(166, 1548)",1,1.01
"(1706, 93)",1,1.01
"(831, 1706)",1,1.01
"(945, 831)",1,1.01
"(430, 945)",1,1.01
"(78, 430)",1,1.01
"(191, 78)",1,1.01
"(28, 110)",1,1.01
"(101, 1350)",1,1.01
"(89, 2810)",1,1.01
"(440, 94)",1,1.01
"(2810, 9)",1,1.01
"(581, 213)",1,1.01
"(2136, 1234)",1,1.01
"(1444, 103)",1,1.01
"(476, 1444)",1,1.01
"(2579, 266)",1,1.01
"(105, 1036)",1,1.01
"(831, 117)",1,1.01
"(370, 831)",1,1.01
"(88, 1309)",1,1.01
"(381, 286)",1,1.01
"(78, 299)",1,1.01
"(602, 2106)",1,1.01
"(1502, 602)",1,1.01
"(903, 1502)",1,1.01
"(117, 1596)",1,1.01
"(1377, 129)",1,1.01
"(66, 1127)",1,1.01
"(358, 95)",1,1.01
"(66, 358)",1,1.01
"(305, 66)",1,1.01
"(1127, 41)",1,1.01
"(400, 106)",1,1.01
"(292, 2671)",1,1.01
"(711, 292)",1,1.01
"(1196, 711)",1,1.01
"(171, 1196)",1,1.01
"(1596, 98)",1,1.01
"(522, 810)",1,1.01
"(1543, 1377)",1,1.01
"(94, 4)",1,1.01
"(2262, 9)",1,1.01
"(903, 2262)",1,1.01
"(26, 310)",1,1.01
"(1109, 557)",1,1.01
"(72, 1030)",1,1.01
"(907, 107)",1,1.01
"(1177, 907)",1,1.01
"(800, 89)",1,1.01
"(979, 758)",1,1.01
"(2547, 9)",1,1.01
"(486, 2547)",1,1.01
"(876, 58)",1,1.01
"(2099, 1502)",1,1.01
"(141, 903)",1,1.01
"(1698, 2348)",1,1.01
"(289, 1751)",1,1.01
"(1751, 753)",1,1.01
"(296, 1596)",1,1.01
"(72, 129)",1,1.01
"(753, 197)",1,1.01
"(369, 827)",1,1.01
"(274, 310)",1,1.01
"(153, 1518)",1,1.01
"(9, 554)",1,1.01
"(1524, 9)",1,1.01
"(1879, 1524)",1,1.01
"(2348, 1879)",1,1.01
"(1518, 704)",1,1.01
"(54, 1543)",1,1.01
"(709, 815)",1,1.01
"(1789, 94)",1,1.01
"(336, 1789)",1,1.01
"(392, 147)",1,1.01
"(2877, 135)",1,1.01
"(93, 2877)",1,1.01
"(1906, 258)",1,1.01
"(554, 9)",1,1.01
"(114, 1057)",1,1.01
"(1057, 142)",1,1.01
"(255, 175)",1,1.01
"(1231, 96)",1,1.01
"(101, 2086)",1,1.01
"(272, 2430)",1,1.01
"(274, 1196)",1,1.01
"(136, 55)",1,1.01
"(364, 96)",1,1.01
"(91, 59)",1,1.01
"(2301, 9)",1,1.01
"(452, 114)",1,1.01
"(107, 270)",1,1.01
"(10, 1210)",1,1.01
"(795, 11)",1,1.01
"(109, 2985)",1,1.01
"(302, 1242)",1,1.01
"(539, 302)",1,1.01
"(2188, 539)",1,1.01
"(506, 2188)",1,1.01
"(9, 1811)",1,1.01
"(356, 263)",1,1.01
"(303, 2566)",1,1.01
"(224, 218)",1,1.01
"(263, 118)",1,1.01
"(473, 138)",1,1.01
"(507, 473)",1,1.01
"(54, 2569)",1,1.01
"(1495, 54)",1,1.01
"(1004, 1495)",1,1.01
"(144, 229)",1,1.01
"(134, 1331)",1,1.01
"(538, 134)",1,1.01
"(1229, 55)",1,1.01
"(232, 2491)",1,1.01
"(2245, 93)",1,1.01
"(93, 1242)",1,1.01
"(34, 1640)",1,1.01
"(72, 73)",1,1.01
"(88, 2369)",1,1.01
"(2207, 88)",1,1.01
"(116, 2207)",1,1.01
"(191, 2956)",1,1.01
"(147, 690)",1,1.01
"(255, 147)",1,1.01
"(132, 703)",1,1.01
"(1038, 117)",1,1.01
"(918, 1038)",1,1.01
"(1541, 918)",1,1.01
"(1128, 1541)",1,1.01
"(73, 1128)",1,1.01
"(104, 6)",1,1.01
"(1640, 149)",1,1.01
"(1948, 104)",1,1.01
"(88, 1948)",1,1.01
"(922, 89)",1,1.01
"(7, 2141)",1,1.01
"(149, 7)",1,1.01
"(719, 149)",1,1.01
"(2283, 719)",1,1.01
"(1336, 2489)",1,1.01
"(2521, 127)",1,1.01
"(2489, 292)",1,1.01
"(768, 197)",1,1.01
"(1082, 768)",1,1.01
"(1117, 106)",1,1.01
"(615, 147)",1,1.01
"(164, 104)",1,1.01
"(241, 1687)",1,1.01
"(109, 184)",1,1.01
"(233, 69)",1,1.01
"(340, 1838)",1,1.01
"(955, 555)",1,1.01
"(181, 858)",1,1.01
"(858, 1245)",1,1.01
"(31, 173)",1,1.01
"(62, 349)",1,1.01
"(708, 62)",1,1.01
"(101, 708)",1,1.01
"(100, 96)",1,1.01
"(1687, 2566)",1,1.01
"(930, 241)",1,1.01
"(372, 56)",1,1.01
"(406, 2690)",1,1.01
"(215, 1290)",1,1.01
"(806, 134)",1,1.01
"(2222, 779)",1,1.01
"(11, 2222)",1,1.01
"(302, 2121)",1,1.01
"(464, 2609)",1,1.01
"(1967, 464)",1,1.01
"(88, 1967)",1,1.01
"(1169, 295)",1,1.01
"(1556, 302)",1,1.01
"(909, 831)",1,1.01
"(430, 258)",1,1.01
"(350, 109)",1,1.01
"(199, 104)",1,1.01
"(271, 363)",1,1.01
"(2675, 98)",1,1.01
"(54, 1198)",1,1.01
"(1513, 54)",1,1.01
"(98, 1513)",1,1.01
"(487, 9)",1,1.01
"(1327, 490)",1,1.01
"(742, 1327)",1,1.01
"(383, 742)",1,1.01
"(106, 93)",1,1.01
"(758, 106)",1,1.01
"(169, 758)",1,1.01
"(363, 169)",1,1.01
"(398, 73)",1,1.01
"(1443, 1274)",1,1.01
"(65, 398)",1,1.01
"(249, 89)",1,1.01
"(369, 62)",1,1.01
"(62, 1198)",1,1.01
"(1016, 88)",1,1.01
"(154, 271)",1,1.01
"(56, 1589)",1,1.01
"(209, 149)",1,1.01
"(121, 209)",1,1.01
"(2668, 41)",1,1.01
"(1311, 350)",1,1.01
"(1092, 1443)",1,1.01
"(2369, 150)",1,1.01
"(100, 197)",1,1.01
"(740, 1266)",1,1.01
"(1510, 426)",1,1.01
"(2193, 700)",1,1.01
"(218, 2193)",1,1.01
"(2094, 11)",1,1.01
"(744, 96)",1,1.01
"(258, 132)",1,1.01
"(545, 258)",1,1.01
"(237, 545)",1,1.01
"(129, 673)",1,1.01
"(2648, 1193)",1,1.01
"(440, 270)",1,1.01
"(1510, 630)",1,1.01
"(100, 1510)",1,1.01
"(943, 100)",1,1.01
"(1231, 426)",1,1.01
"(1728, 203)",1,1.01
"(2157, 166)",1,1.01
"(1242, 2157)",1,1.01
"(297, 1242)",1,1.01
"(274, 1076)",1,1.01
"(426, 440)",1,1.01
"(249, 258)",1,1.01
"(440, 1240)",1,1.01
"(649, 93)",1,1.01
"(171, 65)",1,1.01
"(97, 1859)",1,1.01
"(2374, 9)",1,1.01
"(1318, 96)",1,1.01
"(2615, 109)",1,1.01
"(302, 2615)",1,1.01
"(541, 89)",1,1.01
"(160, 2536)",1,1.01
"(263, 220)",1,1.01
"(1279, 24)",1,1.01
"(687, 1255)",1,1.01
"(2885, 102)",1,1.01
"(611, 152)",1,1.01
"(2621, 611)",1,1.01
"(171, 147)",1,1.01
"(1815, 171)",1,1.01
"(290, 1815)",1,1.01
"(470, 290)",1,1.01
"(213, 1546)",1,1.01
"(2536, 584)",1,1.01
"(726, 72)",1,1.01
"(2068, 443)",1,1.01
"(730, 88)",1,1.01
"(88, 2503)",1,1.01
"(1969, 142)",1,1.01
"(509, 1969)",1,1.01
"(2202, 449)",1,1.01
"(129, 2202)",1,1.01
"(90, 129)",1,1.01
"(1408, 440)",1,1.01
"(93, 511)",1,1.01
"(511, 302)",1,1.01
"(1275, 237)",1,1.01
"(443, 1275)",1,1.01
"(377, 1318)",1,1.01
"(1649, 166)",1,1.01
"(338, 109)",1,1.01
"(289, 1020)",1,1.01
"(2248, 270)",1,1.01
"(715, 218)",1,1.01
"(99, 319)",1,1.01
"(97, 102)",1,1.01
"(1022, 383)",1,1.01
"(106, 1022)",1,1.01
"(218, 1709)",1,1.01
"(165, 54)",1,1.01
"(295, 101)",1,1.01
"(2374, 147)",1,1.01
"(1709, 9)",1,1.01
"(1020, 1064)",1,1.01
"(454, 175)",1,1.01
"(1859, 907)",1,1.01
"(1474, 147)",1,1.01
"(34, 2193)",1,1.01
"(2193, 176)",1,1.01
"(176, 1016)",1,1.01
"(317, 509)",1,1.01
"(463, 166)",1,1.01
"(1242, 463)",1,1.01
"(451, 1242)",1,1.01
"(1098, 307)",1,1.01
"(1078, 1098)",1,1.01
"(73, 508)",1,1.01
"(426, 160)",1,1.01
"(109, 2248)",1,1.01
"(907, 97)",1,1.01
"(1879, 1026)",1,1.01
"(142, 1655)",1,1.01
"(11, 1879)",1,1.01
"(683, 116)",1,1.01
"(109, 224)",1,1.01
"(128, 24)",1,1.01
"(1240, 204)",1,1.01
"(1408, 290)",1,1.01
"(111, 397)",1,1.01
"(589, 280)",1,1.01
"(848, 2134)",1,1.01
"(2908, 286)",1,1.01
"(166, 2908)",1,1.01
"(1655, 166)",1,1.01
"(558, 2012)",1,1.01
"(117, 104)",1,1.01
"(98, 2813)",1,1.01
"(1565, 93)",1,1.01
"(204, 623)",1,1.01
"(2012, 219)",1,1.01
"(1669, 262)",1,1.01
"(88, 1669)",1,1.01
"(56, 888)",1,1.01
"(888, 104)",1,1.01
"(197, 142)",1,1.01
"(949, 197)",1,1.01
"(291, 98)",1,1.01
"(1325, 102)",1,1.01
"(831, 29)",1,1.01
"(98, 937)",1,1.01
"(1196, 166)",1,1.01
"(558, 241)",1,1.01
"(129, 1002)",1,1.01
"(114, 280)",1,1.01
"(755, 118)",1,1.01
"(2802, 191)",1,1.01
"(127, 2802)",1,1.01
"(2563, 93)",1,1.01
"(274, 119)",1,1.01
"(201, 2276)",1,1.01
"(112, 153)",1,1.01
"(119, 106)",1,1.01
"(122, 165)",1,1.01
"(190, 174)",1,1.01
"(1938, 190)",1,1.01
"(372, 91)",1,1.01
"(1334, 2362)",1,1.01
"(165, 469)",1,1.01
"(823, 1444)",1,1.01
"(353, 371)",1,1.01
"(469, 2265)",1,1.01
"(93, 2733)",1,1.01
"(90, 2710)",1,1.01
"(254, 166)",1,1.01
"(281, 1591)",1,1.01
"(2151, 1555)",1,1.01
"(1076, 188)",1,1.01
"(1555, 328)",1,1.01
"(2800, 24)",1,1.01
"(1002, 1327)",1,1.01
"(1327, 1196)",1,1.01
"(1196, 1991)",1,1.01
"(239, 225)",1,1.01
"(359, 178)",1,1.01
"(54, 359)",1,1.01
"(88, 2174)",1,1.01
"(72, 147)",1,1.01
"(2034, 93)",1,1.01
"(866, 258)",1,1.01
"(103, 1637)",1,1.01
"(2483, 103)",1,1.01
"(218, 2483)",1,1.01
"(1224, 218)",1,1.01
"(9, 1224)",1,1.01
"(225, 1304)",1,1.01
"(126, 247)",1,1.01
"(1991, 319)",1,1.01
"(139, 126)",1,1.01
"(218, 66)",1,1.01
"(552, 1016)",1,1.01
"(2201, 220)",1,1.01
"(519, 2908)",1,1.01
"(704, 519)",1,1.01
"(382, 704)",1,1.01
"(1879, 263)",1,1.01
"(186, 1879)",1,1.01
"(97, 186)",1,1.01
"(48, 97)",1,1.01
"(306, 366)",1,1.01
"(328, 1985)",1,1.01
"(171, 2839)",1,1.01
"(101, 1155)",1,1.01
"(1300, 2141)",1,1.01
"(106, 397)",1,1.01
"(141, 1173)",1,1.01
"(901, 11)",1,1.01
"(101, 1493)",1,1.01
"(123, 166)",1,1.01
"(2282, 191)",1,1.01
"(54, 2282)",1,1.01
"(163, 1304)",1,1.01
"(2211, 213)",1,1.01
"(1322, 2211)",1,1.01
"(1256, 1678)",1,1.01
"(1516, 144)",1,1.01
"(1395, 1300)",1,1.01
"(1225, 127)",1,1.01
"(106, 1395)",1,1.01
"(1540, 753)",1,1.01
"(1013, 1540)",1,1.01
"(54, 1013)",1,1.01
"(547, 1023)",1,1.01
"(939, 116)",1,1.01
"(671, 618)",1,1.01
"(134, 128)",1,1.01
"(1127, 893)",1,1.01
"(1458, 11)",1,1.01
"(1728, 1458)",1,1.01
"(2259, 9)",1,1.01
"(282, 1225)",1,1.01
"(213, 1799)",1,1.01
"(1985, 312)",1,1.01
"(481, 4)",1,1.01
"(493, 2244)",1,1.01
"(1407, 493)",1,1.01
"(101, 1407)",1,1.01
"(2265, 1301)",1,1.01
"(2012, 127)",1,1.01
"(1757, 103)",1,1.01
"(1072, 1757)",1,1.01
"(201, 1591)",1,1.01
"(1720, 93)",1,1.01
"(181, 1720)",1,1.01
"(636, 181)",1,1.01
"(1479, 636)",1,1.01
"(69, 481)",1,1.01
"(230, 237)",1,1.01
"(33, 229)",1,1.01
"(181, 33)",1,1.01
"(645, 181)",1,1.01
"(454, 803)",1,1.01
"(406, 48)",1,1.01
"(3, 2461)",1,1.01
"(464, 3)",1,1.01
"(290, 893)",1,1.01
"(464, 290)",1,1.01
"(106, 893)",1,1.01
"(1728, 106)",1,1.01
"(237, 109)",1,1.01
"(772, 710)",1,1.01
"(241, 2302)",1,1.01
"(2397, 93)",1,1.01
"(310, 172)",1,1.01
"(1661, 555)",1,1.01
"(555, 2087)",1,1.01
"(112, 1290)",1,1.01
"(248, 136)",1,1.01
"(60, 248)",1,1.01
"(347, 60)",1,1.01
"(1109, 1255)",1,1.01
"(179, 45)",1,1.01
"(2050, 89)",1,1.01
"(423, 2050)",1,1.01
"(139, 423)",1,1.01
"(1889, 139)",1,1.01
"(447, 11)",1,1.01
"(188, 1686)",1,1.01
"(831, 188)",1,1.01
"(2003, 831)",1,1.01
"(109, 2003)",1,1.01
"(2425, 9)",1,1.01
"(188, 2425)",1,1.01
"(109, 388)",1,1.01
"(1295, 109)",1,1.01
"(11, 2055)",1,1.01
"(2055, 237)",1,1.01
"(94, 795)",1,1.01
"(26, 112)",1,1.01
"(1128, 11)",1,1.01
"(261, 1128)",1,1.01
"(1327, 319)",1,1.01
"(188, 208)",1,1.01
"(1334, 2050)",1,1.01
"(34, 77)",1,1.01
"(1823, 147)",1,1.01
"(93, 297)",1,1.01
"(181, 91)",1,1.01
"(819, 55)",1,1.01
"(722, 89)",1,1.01
"(240, 722)",1,1.01
"(62, 11)",1,1.01
"(94, 62)",1,1.01
"(130, 94)",1,1.01
"(515, 38)",1,1.01
"(68, 515)",1,1.01
"(77, 68)",1,1.01
"(348, 621)",1,1.01
"(144, 2531)",1,1.01
"(220, 464)",1,1.01
"(297, 1178)",1,1.01
"(594, 2569)",1,1.01
"(276, 90)",1,1.01
"(9, 276)",1,1.01
"(2587, 9)",1,1.01
"(2276, 188)",1,1.01
"(416, 89)",1,1.01
"(1452, 350)",1,1.01
"(745, 383)",1,1.01
"(1649, 270)",1,1.01
"(103, 2732)",1,1.01
"(450, 261)",1,1.01
"(221, 450)",1,1.01
"(1369, 221)",1,1.01
"(101, 1348)",1,1.01
"(2918, 89)",1,1.01
"(509, 2918)",1,1.01
"(697, 54)",1,1.01
"(79, 116)",1,1.01
"(239, 526)",1,1.01
"(88, 2396)",1,1.01
"(939, 237)",1,1.01
"(1326, 258)",1,1.01
"(819, 243)",1,1.01
"(166, 819)",1,1.01
"(346, 1849)",1,1.01
"(1348, 859)",1,1.01
"(171, 650)",1,1.01
"(343, 1953)",1,1.01
"(2531, 306)",1,1.01
"(968, 290)",1,1.01
"(290, 1169)",1,1.01
"(1169, 129)",1,1.01
"(2596, 991)",1,1.01
"(129, 937)",1,1.01
"(2511, 106)",1,1.01
"(127, 288)",1,1.01
"(1358, 34)",1,1.01
"(499, 9)",1,1.01
"(910, 499)",1,1.01
"(172, 910)",1,1.01
"(163, 508)",1,1.01
"(240, 2583)",1,1.01
"(9, 1369)",1,1.01
"(2615, 96)",1,1.01
"(219, 629)",1,1.01
"(792, 241)",1,1.01
"(103, 302)",1,1.01
"(149, 199)",1,1.01
"(188, 149)",1,1.01
"(1863, 598)",1,1.01
"(1775, 129)",1,1.01
"(1672, 155)",1,1.01
"(129, 2615)",1,1.01
"(239, 95)",1,1.01
"(243, 239)",1,1.01
"(1109, 243)",1,1.01
"(198, 1787)",1,1.01
"(343, 2634)",1,1.01
"(1923, 258)",1,1.01
"(979, 1923)",1,1.01
"(406, 572)",1,1.01
"(533, 2306)",1,1.01
"(2153, 945)",1,1.01
"(136, 2153)",1,1.01
"(390, 330)",1,1.01
"(229, 390)",1,1.01
"(67, 229)",1,1.01
"(1225, 67)",1,1.01
"(1016, 203)",1,1.01
"(136, 1278)",1,1.01
"(127, 2001)",1,1.01
"(268, 443)",1,1.01
"(1163, 519)",1,1.01
"(2082, 555)",1,1.01
"(1540, 3)",1,1.01
"(289, 1211)",1,1.01
"(1990, 9)",1,1.01
"(1540, 555)",1,1.01
"(60, 1970)",1,1.01
"(1970, 570)",1,1.01
"(166, 270)",1,1.01
"(494, 166)",1,1.01
"(151, 494)",1,1.01
"(671, 281)",1,1.01
"(570, 237)",1,1.01
"(686, 114)",1,1.01
"(509, 1319)",1,1.01
"(364, 101)",1,1.01
"(90, 364)",1,1.01
"(1239, 9)",1,1.01
"(2592, 1239)",1,1.01
"(302, 2592)",1,1.01
"(904, 302)",1,1.01
"(379, 193)",1,1.01
"(65, 304)",1,1.01
"(376, 1086)",1,1.01
"(54, 1231)",1,1.01
"(561, 270)",1,1.01
"(397, 561)",1,1.01
"(54, 397)",1,1.01
"(554, 113)",1,1.01
"(589, 127)",1,1.01
"(34, 1328)",1,1.01
"(1328, 1018)",1,1.01
"(1057, 292)",1,1.01
"(73, 63)",1,1.01
"(815, 9)",1,1.01
"(183, 815)",1,1.01
"(374, 183)",1,1.01
"(93, 2868)",1,1.01
"(2868, 2103)",1,1.01
"(281, 10)",1,1.01
"(380, 281)",1,1.01
"(2103, 60)",1,1.01
"(2869, 160)",1,1.01
"(109, 304)",1,1.01
"(475, 134)",1,1.01
"(135, 1057)",1,1.01
"(1018, 90)",1,1.01
"(497, 2348)",1,1.01
"(127, 32)",1,1.01
"(2348, 127)",1,1.01
"(107, 256)",1,1.01
"(640, 617)",1,1.01
"(101, 640)",1,1.01
"(852, 258)",1,1.01
"(749, 74)",1,1.01
"(1577, 103)",1,1.01
"(89, 205)",1,1.01
"(178, 164)",1,1.01
"(1131, 382)",1,1.01
"(26, 1231)",1,1.01
"(118, 107)",1,1.01
"(1866, 9)",1,1.01
"(4, 109)",1,1.01
"(166, 623)",1,1.01
"(413, 1502)",1,1.01
"(722, 413)",1,1.01
"(254, 160)",1,1.01
"(302, 1408)",1,1.01
"(1408, 421)",1,1.01
"(1783, 319)",1,1.01
"(671, 93)",1,1.01
"(986, 426)",1,1.01
"(171, 986)",1,1.01
"(2864, 171)",1,1.01
"(34, 2864)",1,1.01
"(34, 2530)",1,1.01
"(921, 88)",1,1.01
"(443, 181)",1,1.01
"(547, 98)",1,1.01
"(59, 117)",1,1.01
"(915, 88)",1,1.01
"(1653, 915)",1,1.01
"(706, 54)",1,1.01
"(1859, 11)",1,1.01
"(109, 1859)",1,1.01
"(750, 109)",1,1.01
"(43, 250)",1,1.01
"(250, 555)",1,1.01
"(54, 1107)",1,1.01
"(130, 545)",1,1.01
"(73, 302)",1,1.01
"(141, 746)",1,1.01
"(4, 526)",1,1.01
"(671, 102)",1,1.01
"(1411, 350)",1,1.01
"(107, 999)",1,1.01
"(553, 1490)",1,1.01
"(1673, 553)",1,1.01
"(804, 1673)",1,1.01
"(725, 722)",1,1.01
"(318, 93)",1,1.01
"(999, 351)",1,1.01
"(2351, 55)",1,1.01
"(533, 2351)",1,1.01
"(948, 11)",1,1.01
"(1226, 1274)",1,1.01
"(1290, 88)",1,1.01
"(2463, 1004)",1,1.01
"(300, 1290)",1,1.01
"(1268, 147)",1,1.01
"(1767, 177)",1,1.01
"(117, 2627)",1,1.01
"(655, 916)",1,1.01
"(375, 655)",1,1.01
"(1088, 1921)",1,1.01
"(106, 1088)",1,1.01
"(191, 1647)",1,1.01
"(772, 421)",1,1.01
"(2090, 239)",1,1.01
"(2292, 229)",1,1.01
"(413, 69)",1,1.01
"(26, 1079)",1,1.01
"(1079, 1540)",1,1.01
"(1540, 136)",1,1.01
"(1496, 319)",1,1.01
"(334, 1496)",1,1.01
"(404, 334)",1,1.01
"(99, 977)",1,1.01
"(671, 72)",1,1.01
"(150, 165)",1,1.01
"(165, 99)",1,1.01
"(54, 1449)",1,1.01
"(1131, 219)",1,1.01
"(319, 90)",1,1.01
"(99, 1142)",1,1.01
"(367, 147)",1,1.01
"(93, 367)",1,1.01
"(367, 93)",1,1.01
"(1655, 367)",1,1.01
"(354, 258)",1,1.01
"(116, 1355)",1,1.01
"(724, 2870)",1,1.01
"(2870, 837)",1,1.01
"(837, 544)",1,1.01
"(544, 826)",1,1.01
"(130, 583)",1,1.01
"(9, 2206)",1,1.01
"(2806, 11)",1,1.01
"(116, 515)",1,1.01
"(669, 98)",1,1.01
"(372, 669)",1,1.01
"(9, 884)",1,1.01
"(1825, 150)",1,1.01
"(103, 383)",1,1.01
"(232, 55)",1,1.01
"(2900, 665)",1,1.01
"(194, 93)",1,1.01
"(135, 326)",1,1.01
"(2759, 9)",1,1.01
"(289, 2907)",1,1.01
"(55, 715)",1,1.01
"(1540, 102)",1,1.01
"(715, 113)",1,1.01
"(612, 203)",1,1.01
"(113, 426)",1,1.01
"(921, 1469)",1,1.01
"(376, 315)",1,1.01
"(132, 445)",1,1.01
"(383, 1160)",1,1.01
"(1557, 116)",1,1.01
"(1584, 1557)",1,1.01
"(171, 1584)",1,1.01
"(166, 2289)",1,1.01
"(572, 1825)",1,1.01
"(1789, 102)",1,1.01
"(2282, 1789)",1,1.01
"(965, 2282)",1,1.01
"(118, 965)",1,1.01
"(141, 118)",1,1.01
"(1510, 94)",1,1.01
"(1160, 584)",1,1.01
"(826, 560)",1,1.01
"(560, 2181)",1,1.01
"(101, 2171)",1,1.01
"(353, 457)",1,1.01
"(117, 1212)",1,1.01
"(743, 1880)",1,1.01
"(948, 88)",1,1.01
"(1212, 237)",1,1.01
"(424, 9)",1,1.01
"(2828, 9)",1,1.01
"(414, 10)",1,1.01
"(2446, 1238)",1,1.01
"(252, 2446)",1,1.01
"(225, 109)",1,1.01
"(432, 225)",1,1.01
"(457, 88)",1,1.01
"(109, 353)",1,1.01
"(480, 117)",1,1.01
"(376, 1696)",1,1.01
"(10, 155)",1,1.01
"(335, 1349)",1,1.01
"(155, 1107)",1,1.01
"(105, 62)",1,1.01
"(2580, 105)",1,1.01
"(54, 2580)",1,1.01
"(144, 1007)",1,1.01
"(1007, 470)",1,1.01
"(1807, 753)",1,1.01
"(114, 1807)",1,1.01
"(497, 191)",1,1.01
"(58, 319)",1,1.01
"(1983, 292)",1,1.01
"(2171, 258)",1,1.01
"(203, 2000)",1,1.01
"(1882, 864)",1,1.01
"(508, 1882)",1,1.01
"(1316, 508)",1,1.01
"(34, 1316)",1,1.01
"(982, 34)",1,1.01
"(135, 982)",1,1.01
"(2926, 135)",1,1.01
"(270, 2926)",1,1.01
"(1062, 270)",1,1.01
"(201, 1062)",1,1.01
"(220, 231)",1,1.01
"(2000, 142)",1,1.01
"(1277, 203)",1,1.01
"(97, 1834)",1,1.01
"(1699, 1277)",1,1.01
"(2270, 1699)",1,1.01
"(241, 976)",1,1.01
"(451, 459)",1,1.01
"(343, 462)",1,1.01
"(241, 73)",1,1.01
"(2745, 96)",1,1.01
"(406, 2745)",1,1.01
"(427, 76)",1,1.01
"(72, 427)",1,1.01
"(141, 480)",1,1.01
"(88, 88)",1,1.01
"(101, 847)",1,1.01
"(103, 197)",1,1.01
"(853, 1009)",1,1.01
"(375, 75)",1,1.01
"(2400, 73)",1,1.01
"(240, 2400)",1,1.01
"(2208, 11)",1,1.01
"(101, 2208)",1,1.01
"(242, 260)",1,1.01
"(188, 1036)",1,1.01
"(581, 442)",1,1.01
"(272, 631)",1,1.01
"(596, 2241)",1,1.01
"(188, 2211)",1,1.01
"(193, 188)",1,1.01
"(1752, 24)",1,1.01
"(10, 1198)",1,1.01
"(96, 541)",1,1.01
"(1439, 96)",1,1.01
"(128, 1439)",1,1.01
"(2466, 987)",1,1.01
"(96, 2466)",1,1.01
"(2442, 96)",1,1.01
"(1653, 2442)",1,1.01
"(2241, 2033)",1,1.01
"(844, 218)",1,1.01
"(921, 613)",1,1.01
"(2033, 270)",1,1.01
"(1565, 11)",1,1.01
"(1795, 1565)",1,1.01
"(303, 1795)",1,1.01
"(521, 219)",1,1.01
"(160, 714)",1,1.01
"(201, 242)",1,1.01
"(382, 2141)",1,1.01
"(381, 1111)",1,1.01
"(78, 381)",1,1.01
"(102, 926)",1,1.01
"(2235, 102)",1,1.01
"(93, 2235)",1,1.01
"(166, 1686)",1,1.01
"(2601, 147)",1,1.01
"(365, 2601)",1,1.01
"(364, 365)",1,1.01
"(2468, 1851)",1,1.01
"(1851, 1107)",1,1.01
"(1107, 290)",1,1.01
"(95, 630)",1,1.01
"(1341, 264)",1,1.01
"(1072, 1862)",1,1.01
"(1498, 1591)",1,1.01
"(2854, 109)",1,1.01
"(219, 2854)",1,1.01
"(203, 219)",1,1.01
"(193, 203)",1,1.01
"(2468, 1723)",1,1.01
"(290, 2463)",1,1.01
"(810, 117)",1,1.01
"(509, 810)",1,1.01
"(111, 258)",1,1.01
"(2463, 1851)",1,1.01
"(365, 559)",1,1.01
"(139, 828)",1,1.01
"(2442, 139)",1,1.01
"(2391, 758)",1,1.01
"(34, 1882)",1,1.01
"(753, 350)",1,1.01
"(344, 753)",1,1.01
"(1618, 437)",1,1.01
"(437, 1709)",1,1.01
"(831, 109)",1,1.01
"(1709, 127)",1,1.01
"(273, 602)",1,1.01
"(1053, 510)",1,1.01
"(510, 219)",1,1.01
"(1078, 187)",1,1.01
"(72, 366)",1,1.01
"(109, 2832)",1,1.01
"(276, 11)",1,1.01
"(1671, 116)",1,1.01
"(114, 1671)",1,1.01
"(533, 109)",1,1.01
"(1619, 109)",1,1.01
"(116, 673)",1,1.01
"(457, 98)",1,1.01
"(290, 457)",1,1.01
"(1014, 290)",1,1.01
"(104, 2023)",1,1.01
"(1772, 290)",1,1.01
"(1516, 1772)",1,1.01
"(166, 432)",1,1.01
"(1882, 276)",1,1.01
"(130, 775)",1,1.01
"(147, 2442)",1,1.01
"(1919, 161)",1,1.01
"(106, 406)",1,1.01
"(406, 1539)",1,1.01
"(1539, 274)",1,1.01
"(354, 1173)",1,1.01
"(351, 354)",1,1.01
"(93, 351)",1,1.01
"(274, 101)",1,1.01
"(991, 354)",1,1.01
"(2442, 126)",1,1.01
"(135, 2442)",1,1.01
"(4, 2795)",1,1.01
"(2795, 1919)",1,1.01
"(88, 2302)",1,1.01
"(1014, 132)",1,1.01
"(144, 1337)",1,1.01
"(116, 144)",1,1.01
"(1386, 116)",1,1.01
"(1053, 1386)",1,1.01
"(270, 1053)",1,1.01
"(2928, 270)",1,1.01
"(1222, 214)",1,1.01
"(852, 201)",1,1.01
"(1746, 852)",1,1.01
"(1849, 2372)",1,1.01
"(2782, 350)",1,1.01
"(132, 1621)",1,1.01
"(93, 375)",1,1.01
"(1565, 89)",1,1.01
"(833, 9)",1,1.01
"(795, 109)",1,1.01
"(1222, 480)",1,1.01
"(54, 1464)",1,1.01
"(1018, 98)",1,1.01
"(737, 191)",1,1.01
"(876, 737)",1,1.01
"(109, 1896)",1,1.01
"(99, 630)",1,1.01
"(2927, 89)",1,1.01
"(1072, 9)",1,1.01
"(953, 24)",1,1.01
"(1464, 9)",1,1.01
"(853, 2588)",1,1.01
"(93, 853)",1,1.01
"(1922, 93)",1,1.01
"(506, 245)",1,1.01
"(286, 1558)",1,1.01
"(1299, 111)",1,1.01
"(72, 1299)",1,1.01
"(1003, 319)",1,1.01
"(1776, 1202)",1,1.01
"(9, 494)",1,1.01
"(24, 397)",1,1.01
"(99, 943)",1,1.01
"(272, 31)",1,1.01
"(131, 348)",1,1.01
"(147, 1214)",1,1.01
"(348, 2781)",1,1.01
"(1621, 9)",1,1.01
"(376, 489)",1,1.01
"(489, 1872)",1,1.01
"(67, 439)",1,1.01
"(1990, 127)",1,1.01
"(141, 2838)",1,1.01
"(740, 183)",1,1.01
"(166, 425)",1,1.01
"(107, 510)",1,1.01
"(1674, 34)",1,1.01
"(685, 91)",1,1.01
"(2674, 685)",1,1.01
"(117, 791)",1,1.01
"(1452, 200)",1,1.01
"(243, 1452)",1,1.01
"(439, 54)",1,1.01
"(850, 54)",1,1.01
"(1143, 1163)",1,1.01
"(2862, 850)",1,1.01
"(4, 2862)",1,1.01
"(791, 2130)",1,1.01
"(686, 225)",1,1.01
"(462, 457)",1,1.01
"(289, 2762)",1,1.01
"(1484, 369)",1,1.01
"(88, 1484)",1,1.01
"(54, 292)",1,1.01
"(2762, 161)",1,1.01
"(288, 2874)",1,1.01
"(1950, 89)",1,1.01
"(2781, 89)",1,1.01
"(942, 392)",1,1.01
"(714, 350)",1,1.01
"(163, 136)",1,1.01
"(746, 630)",1,1.01
"(2196, 746)",1,1.01
"(340, 155)",1,1.01
"(2070, 340)",1,1.01
"(102, 2070)",1,1.01
"(579, 343)",1,1.01
"(2025, 9)",1,1.01
"(1361, 241)",1,1.01
"(1102, 219)",1,1.01
"(313, 421)",1,1.01
"(2010, 671)",1,1.01
"(88, 2010)",1,1.01
"(2316, 88)",1,1.01
"(722, 1329)",1,1.01
"(219, 238)",1,1.01
"(1137, 102)",1,1.01
"(651, 8)",1,1.01
"(89, 2174)",1,1.01
"(508, 126)",1,1.01
"(2467, 102)",1,1.01
"(451, 728)",1,1.01
"(2782, 7)",1,1.01
"(1029, 88)",1,1.01
"(163, 60)",1,1.01
"(214, 416)",1,1.01
"(213, 523)",1,1.01
"(1706, 258)",1,1.01
"(998, 214)",1,1.01
"(263, 825)",1,1.01
"(1177, 553)",1,1.01
"(112, 1442)",1,1.01
"(397, 88)",1,1.01
"(825, 9)",1,1.01
"(1226, 717)",1,1.01
"(1738, 1226)",1,1.01
"(89, 1738)",1,1.01
"(453, 630)",1,1.01
"(93, 453)",1,1.01
"(1327, 453)",1,1.01
"(2725, 1327)",1,1.01
"(788, 1262)",1,1.01
"(253, 69)",1,1.01
"(90, 1177)",1,1.01
"(78, 2289)",1,1.01
"(823, 2669)",1,1.01
"(1356, 319)",1,1.01
"(2467, 1356)",1,1.01
"(2062, 117)",1,1.01
"(1148, 188)",1,1.01
"(91, 1148)",1,1.01
"(136, 91)",1,1.01
"(2972, 292)",1,1.01
"(34, 2972)",1,1.01
"(755, 225)",1,1.01
"(605, 755)",1,1.01
"(218, 2029)",1,1.01
"(188, 2759)",1,1.01
"(1592, 88)",1,1.01
"(2913, 350)",1,1.01
"(224, 2060)",1,1.01
"(409, 251)",1,1.01
"(3, 31)",1,1.01
"(851, 3)",1,1.01
"(1540, 117)",1,1.01
"(141, 1540)",1,1.01
"(225, 127)",1,1.01
"(286, 88)",1,1.01
"(1695, 286)",1,1.01
"(116, 1695)",1,1.01
"(118, 116)",1,1.01
"(253, 90)",1,1.01
"(171, 1002)",1,1.01
"(1361, 171)",1,1.01
"(2344, 203)",1,1.01
"(103, 2344)",1,1.01
"(573, 650)",1,1.01
"(454, 91)",1,1.01
"(1275, 2663)",1,1.01
"(101, 1275)",1,1.01
"(573, 339)",1,1.01
"(136, 2089)",1,1.01
"(188, 2036)",1,1.01
"(115, 457)",1,1.01
"(980, 431)",1,1.01
"(113, 446)",1,1.01
"(89, 1303)",1,1.01
"(752, 25)",1,1.01
"(237, 11)",1,1.01
"(1006, 237)",1,1.01
"(644, 88)",1,1.01
"(714, 241)",1,1.01
"(79, 101)",1,1.01
"(88, 526)",1,1.01
"(1253, 88)",1,1.01
"(628, 348)",1,1.01
"(117, 526)",1,1.01
"(1106, 363)",1,1.01
"(79, 88)",1,1.01
"(101, 526)",1,1.01
"(2828, 622)",1,1.01
"(2374, 313)",1,1.01
"(88, 2644)",1,1.01
"(241, 2726)",1,1.01
"(348, 437)",1,1.01
"(381, 2588)",1,1.01
"(437, 25)",1,1.01
"(437, 2809)",1,1.01
"(2809, 633)",1,1.01
"(334, 1454)",1,1.01
"(2289, 334)",1,1.01
"(166, 114)",1,1.01
"(2282, 11)",1,1.01
"(777, 2282)",1,1.01
"(89, 777)",1,1.01
"(1192, 89)",1,1.01
"(167, 2250)",1,1.01
"(2250, 102)",1,1.01
"(838, 347)",1,1.01
"(1633, 127)",1,1.01
"(838, 1011)",1,1.01
"(258, 1556)",1,1.01
"(138, 684)",1,1.01
"(684, 349)",1,1.01
"(646, 163)",1,1.01
"(1617, 646)",1,1.01
"(296, 951)",1,1.01
"(419, 109)",1,1.01
"(1893, 292)",1,1.01
"(160, 1893)",1,1.01
"(1063, 462)",1,1.01
"(2616, 700)",1,1.01
"(489, 2616)",1,1.01
"(1556, 489)",1,1.01
"(223, 295)",1,1.01
"(1078, 60)",1,1.01
"(730, 11)",1,1.01
"(771, 54)",1,1.01
"(1546, 771)",1,1.01
"(149, 1546)",1,1.01
"(1479, 89)",1,1.01
"(552, 280)",1,1.01
"(447, 1208)",1,1.01
"(918, 125)",1,1.01
"(1557, 11)",1,1.01
"(1131, 67)",1,1.01
"(2204, 584)",1,1.01
"(521, 985)",1,1.01
"(559, 138)",1,1.01
"(59, 319)",1,1.01
"(1303, 103)",1,1.01
"(181, 1085)",1,1.01
"(553, 88)",1,1.01
"(172, 109)",1,1.01
"(960, 132)",1,1.01
"(10, 1444)",1,1.01
"(1444, 2829)",1,1.01
"(410, 213)",1,1.01
"(88, 1215)",1,1.01
"(181, 2582)",1,1.01
"(69, 88)",1,1.01
"(139, 94)",1,1.01
"(101, 139)",1,1.01
"(206, 101)",1,1.01
"(223, 451)",1,1.01
"(319, 191)",1,1.01
"(2025, 3)",1,1.01
"(658, 578)",1,1.01
"(1920, 658)",1,1.01
"(1991, 1920)",1,1.01
"(290, 1991)",1,1.01
"(109, 846)",1,1.01
"(846, 988)",1,1.01
"(988, 72)",1,1.01
"(72, 559)",1,1.01
"(1247, 161)",1,1.01
"(523, 1247)",1,1.01
"(117, 644)",1,1.01
"(66, 224)",1,1.01
"(2060, 93)",1,1.01
"(2440, 155)",1,1.01
"(464, 628)",1,1.01
"(788, 104)",1,1.01
"(407, 380)",1,1.01
"(1395, 281)",1,1.01
"(201, 2108)",1,1.01
"(100, 155)",1,1.01
"(109, 100)",1,1.01
"(281, 611)",1,1.01
"(2380, 281)",1,1.01
"(1770, 2380)",1,1.01
"(1584, 11)",1,1.01
"(836, 95)",1,1.01
"(106, 836)",1,1.01
"(1378, 350)",1,1.01
"(761, 96)",1,1.01
"(258, 230)",1,1.01
"(1925, 134)",1,1.01
"(1201, 1925)",1,1.01
"(297, 1201)",1,1.01
"(118, 346)",1,1.01
"(594, 348)",1,1.01
"(346, 1519)",1,1.01
"(1519, 203)",1,1.01
"(272, 59)",1,1.01
"(193, 1064)",1,1.01
"(136, 2204)",1,1.01
"(622, 136)",1,1.01
"(102, 583)",1,1.01
"(1705, 190)",1,1.01
"(606, 134)",1,1.01
"(788, 861)",1,1.01
"(257, 1187)",1,1.01
"(404, 1866)",1,1.01
"(180, 398)",1,1.01
"(135, 257)",1,1.01
"(327, 135)",1,1.01
"(2475, 773)",1,1.01
"(1916, 2475)",1,1.01
"(1161, 11)",1,1.01
"(404, 132)",1,1.01
"(818, 96)",1,1.01
"(239, 369)",1,1.01
"(26, 59)",1,1.01
"(1187, 270)",1,1.01
"(2563, 468)",1,1.01
"(9, 495)",1,1.01
"(1998, 227)",1,1.01
"(58, 1998)",1,1.01
"(281, 473)",1,1.01
"(186, 9)",1,1.01
"(135, 674)",1,1.01
"(167, 135)",1,1.01
"(1407, 1370)",1,1.01
"(1159, 1407)",1,1.01
"(134, 1159)",1,1.01
"(1976, 134)",1,1.01
"(118, 188)",1,1.01
"(101, 2936)",1,1.01
"(104, 2182)",1,1.01
"(135, 111)",1,1.01
"(1029, 135)",1,1.01
"(909, 113)",1,1.01
"(1669, 3)",1,1.01
"(141, 280)",1,1.01
"(2781, 220)",1,1.01
"(134, 2781)",1,1.01
"(73, 2725)",1,1.01
"(2203, 296)",1,1.01
"(1544, 101)",1,1.01
"(2725, 1974)",1,1.01
"(26, 1662)",1,1.01
"(440, 34)",1,1.01
"(89, 909)",1,1.01
"(1481, 11)",1,1.01
"(181, 72)",1,1.01
"(2650, 93)",1,1.01
"(945, 1132)",1,1.01
"(1649, 91)",1,1.01
"(1132, 437)",1,1.01
"(437, 402)",1,1.01
"(88, 1886)",1,1.01
"(147, 194)",1,1.01
"(255, 178)",1,1.01
"(719, 255)",1,1.01
"(974, 103)",1,1.01
"(147, 444)",1,1.01
"(271, 1848)",1,1.01
"(998, 10)",1,1.01
"(181, 2650)",1,1.01
"(2650, 9)",1,1.01
"(136, 60)",1,1.01
"(252, 621)",1,1.01
"(2132, 292)",1,1.01
"(1329, 2132)",1,1.01
"(517, 6)",1,1.01
"(2947, 258)",1,1.01
"(6, 2121)",1,1.01
"(300, 1409)",1,1.01
"(147, 2911)",1,1.01
"(219, 641)",1,1.01
"(353, 653)",1,1.01
"(282, 202)",1,1.01
"(2397, 106)",1,1.01
"(1326, 9)",1,1.01
"(201, 243)",1,1.01
"(227, 468)",1,1.01
"(680, 862)",1,1.01
"(621, 302)",1,1.01
"(409, 724)",1,1.01
"(302, 2783)",1,1.01
"(281, 558)",1,1.01
"(155, 24)",1,1.01
"(344, 155)",1,1.01
"(639, 106)",1,1.01
"(409, 497)",1,1.01
"(188, 1323)",1,1.01
"(333, 188)",1,1.01
"(468, 333)",1,1.01
"(985, 383)",1,1.01
"(920, 2440)",1,1.01
"(2972, 188)",1,1.01
"(629, 281)",1,1.01
"(1306, 117)",1,1.01
"(67, 2398)",1,1.01
"(932, 102)",1,1.01
"(72, 932)",1,1.01
"(1003, 753)",1,1.01
"(1510, 350)",1,1.01
"(240, 1510)",1,1.01
"(315, 584)",1,1.01
"(10, 315)",1,1.01
"(218, 486)",1,1.01
"(486, 2169)",1,1.01
"(2329, 825)",1,1.01
"(101, 263)",1,1.01
"(877, 132)",1,1.01
"(1316, 306)",1,1.01
"(134, 363)",1,1.01
"(306, 164)",1,1.01
"(135, 1484)",1,1.01
"(164, 54)",1,1.01
"(54, 104)",1,1.01
"(348, 107)",1,1.01
"(107, 1612)",1,1.01
"(282, 1333)",1,1.01
"(326, 398)",1,1.01
"(141, 617)",1,1.01
"(470, 346)",1,1.01
"(188, 128)",1,1.01
"(2999, 313)",1,1.01
"(689, 89)",1,1.01
"(353, 1306)",1,1.01
"(254, 1753)",1,1.01
"(183, 753)",1,1.01
"(404, 183)",1,1.01
"(263, 404)",1,1.01
"(310, 263)",1,1.01
"(1204, 310)",1,1.01
"(147, 526)",1,1.01
"(270, 686)",1,1.01
"(1408, 127)",1,1.01
"(395, 2985)",1,1.01
"(2969, 155)",1,1.01
"(102, 45)",1,1.01
"(281, 178)",1,1.01
"(1753, 102)",1,1.01
"(918, 353)",1,1.01
"(188, 769)",1,1.01
"(160, 11)",1,1.01
"(281, 542)",1,1.01
"(1638, 825)",1,1.01
"(128, 1638)",1,1.01
"(769, 11)",1,1.01
"(1424, 6)",1,1.01
"(159, 1424)",1,1.01
"(147, 159)",1,1.01
"(1706, 147)",1,1.01
"(2250, 1706)",1,1.01
"(281, 2250)",1,1.01
"(73, 188)",1,1.01
"(93, 1425)",1,1.01
"(2028, 93)",1,1.01
"(1201, 810)",1,1.01
"(128, 1852)",1,1.01
"(1119, 977)",1,1.01
"(88, 1119)",1,1.01
"(399, 429)",1,1.01
"(555, 141)",1,1.01
"(163, 2241)",1,1.01
"(90, 163)",1,1.01
"(117, 1201)",1,1.01
"(1178, 2241)",1,1.01
"(846, 1178)",1,1.01
"(461, 350)",1,1.01
"(2245, 11)",1,1.01
"(1522, 135)",1,1.01
"(34, 865)",1,1.01
"(574, 1522)",1,1.01
"(1540, 292)",1,1.01
"(1548, 530)",1,1.01
"(1092, 88)",1,1.01
"(136, 1847)",1,1.01
"(423, 270)",1,1.01
"(2151, 2491)",1,1.01
"(2666, 2710)",1,1.01
"(530, 313)",1,1.01
"(1005, 2458)",1,1.01
"(561, 290)",1,1.01
"(1238, 102)",1,1.01
"(983, 109)",1,1.01
"(302, 1271)",1,1.01
"(377, 2340)",1,1.01
"(270, 848)",1,1.01
"(1612, 185)",1,1.01
"(2625, 129)",1,1.01
"(180, 2625)",1,1.01
"(897, 180)",1,1.01
"(960, 897)",1,1.01
"(185, 270)",1,1.01
"(101, 1267)",1,1.01
"(2544, 101)",1,1.01
"(101, 2544)",1,1.01
"(10, 601)",1,1.01
"(1121, 199)",1,1.01
"(114, 1121)",1,1.01
"(2503, 143)",1,1.01
"(1271, 1091)",1,1.01
"(9, 2503)",1,1.01
"(9, 2610)",1,1.01
"(106, 2023)",1,1.01
"(6, 106)",1,1.01
"(435, 813)",1,1.01
"(848, 775)",1,1.01
"(132, 181)",1,1.01
"(1770, 195)",1,1.01
"(865, 113)",1,1.01
"(508, 2467)",1,1.01
"(2467, 128)",1,1.01
"(201, 237)",1,1.01
"(753, 93)",1,1.01
"(281, 1705)",1,1.01
"(2474, 920)",1,1.01
"(1705, 197)",1,1.01
"(2102, 102)",1,1.01
"(73, 700)",1,1.01
"(149, 390)",1,1.01
"(274, 1848)",1,1.01
"(188, 66)",1,1.01
"(273, 94)",1,1.01
"(1812, 88)",1,1.01
"(1787, 319)",1,1.01
"(500, 1356)",1,1.01
"(2270, 1096)",1,1.01
"(44, 1025)",1,1.01
"(1535, 270)",1,1.01
"(1096, 88)",1,1.01
"(98, 879)",1,1.01
"(258, 1016)",1,1.01
"(1534, 704)",1,1.01
"(406, 1534)",1,1.01
"(552, 406)",1,1.01
"(134, 621)",1,1.01
"(149, 267)",1,1.01
"(483, 117)",1,1.01
"(621, 9)",1,1.01
"(1429, 462)",1,1.01
"(88, 1429)",1,1.01
"(302, 261)",1,1.01
"(167, 503)",1,1.01
"(89, 350)",1,1.01
"(416, 159)",1,1.01
"(585, 135)",1,1.01
"(442, 170)",1,1.01
"(507, 1360)",1,1.01
"(488, 10)",1,1.01
"(1161, 9)",1,1.01
"(93, 985)",1,1.01
"(317, 132)",1,1.01
"(853, 539)",1,1.01
"(560, 1047)",1,1.01
"(1554, 96)",1,1.01
"(1047, 201)",1,1.01
"(252, 57)",1,1.01
"(2802, 252)",1,1.01
"(1584, 2802)",1,1.01
"(218, 1584)",1,1.01
"(2757, 96)",1,1.01
"(898, 127)",1,1.01
"(2699, 2757)",1,1.01
"(99, 2699)",1,1.01
"(34, 1883)",1,1.01
"(201, 2761)",1,1.01
"(2761, 742)",1,1.01
"(4, 706)",1,1.01
"(742, 2997)",1,1.01
"(2997, 454)",1,1.01
"(1401, 155)",1,1.01
"(302, 2053)",1,1.01
"(223, 2190)",1,1.01
"(579, 96)",1,1.01
"(509, 310)",1,1.01
"(819, 88)",1,1.01
"(258, 819)",1,1.01
"(1783, 135)",1,1.01
"(141, 969)",1,1.01
"(1324, 6)",1,1.01
"(2749, 195)",1,1.01
"(6, 1010)",1,1.01
"(508, 529)",1,1.01
"(292, 508)",1,1.01
"(95, 292)",1,1.01
"(171, 852)",1,1.01
"(410, 24)",1,1.01
"(2325, 1678)",1,1.01
"(1770, 72)",1,1.01
"(135, 1002)",1,1.01
"(72, 2156)",1,1.01
"(272, 2592)",1,1.01
"(1158, 9)",1,1.01
"(1316, 112)",1,1.01
"(88, 1316)",1,1.01
"(416, 708)",1,1.01
"(667, 270)",1,1.01
"(30, 1575)",1,1.01
"(29, 1734)",1,1.01
"(823, 2144)",1,1.01
"(1015, 142)",1,1.01
"(1311, 270)",1,1.01
"(97, 118)",1,1.01
"(147, 2557)",1,1.01
"(969, 117)",1,1.01
"(587, 233)",1,1.01
"(615, 258)",1,1.01
"(1110, 113)",1,1.01
"(295, 615)",1,1.01
"(846, 295)",1,1.01
"(468, 102)",1,1.01
"(704, 560)",1,1.01
"(102, 1242)",1,1.01
"(68, 138)",1,1.01
"(755, 55)",1,1.01
"(293, 171)",1,1.01
"(349, 372)",1,1.01
"(1358, 166)",1,1.01
"(1242, 1110)",1,1.01
"(813, 89)",1,1.01
"(72, 1468)",1,1.01
"(233, 227)",1,1.01
"(389, 492)",1,1.01
"(1018, 840)",1,1.01
"(379, 71)",1,1.01
"(71, 1834)",1,1.01
"(1834, 2329)",1,1.01
"(2329, 289)",1,1.01
"(845, 90)",1,1.01
"(2740, 868)",1,1.01
"(289, 621)",1,1.01
"(57, 477)",1,1.01
"(1173, 57)",1,1.01
"(621, 1324)",1,1.01
"(193, 1163)",1,1.01
"(519, 807)",1,1.01
"(1717, 237)",1,1.01
"(9, 1711)",1,1.01
"(10, 1194)",1,1.01
"(204, 242)",1,1.01
"(1152, 155)",1,1.01
"(120, 103)",1,1.01
"(237, 205)",1,1.01
"(1800, 237)",1,1.01
"(160, 1800)",1,1.01
"(1656, 160)",1,1.01
"(1345, 876)",1,1.01
"(2581, 429)",1,1.01
"(10, 2581)",1,1.01
"(595, 10)",1,1.01
"(54, 595)",1,1.01
"(2346, 98)",1,1.01
"(114, 2346)",1,1.01
"(2866, 114)",1,1.01
"(854, 1976)",1,1.01
"(204, 2816)",1,1.01
"(181, 1121)",1,1.01
"(130, 962)",1,1.01
"(502, 104)",1,1.01
"(2693, 290)",1,1.01
"(290, 45)",1,1.01
"(2708, 101)",1,1.01
"(88, 2708)",1,1.01
"(464, 1629)",1,1.01
"(2463, 2106)",1,1.01
"(678, 98)",1,1.01
"(708, 271)",1,1.01
"(271, 60)",1,1.01
"(107, 180)",1,1.01
"(99, 219)",1,1.01
"(181, 1623)",1,1.01
"(1567, 129)",1,1.01
"(252, 1567)",1,1.01
"(1516, 2965)",1,1.01
"(2855, 313)",1,1.01
"(1052, 602)",1,1.01
"(2828, 1052)",1,1.01
"(519, 59)",1,1.01
"(1872, 101)",1,1.01
"(93, 722)",1,1.01
"(582, 701)",1,1.01
"(701, 89)",1,1.01
"(594, 493)",1,1.01
"(2735, 1257)",1,1.01
"(204, 1419)",1,1.01
"(76, 591)",1,1.01
"(2373, 54)",1,1.01
"(2474, 600)",1,1.01
"(979, 310)",1,1.01
"(116, 55)",1,1.01
"(239, 116)",1,1.01
"(89, 2084)",1,1.01
"(310, 118)",1,1.01
"(1152, 237)",1,1.01
"(493, 345)",1,1.01
"(9, 2463)",1,1.01
"(1078, 2809)",1,1.01
"(127, 378)",1,1.01
"(708, 88)",1,1.01
"(800, 1073)",1,1.01
"(101, 662)",1,1.01
"(2183, 2588)",1,1.01
"(1521, 135)",1,1.01
"(241, 2343)",1,1.01
"(1313, 241)",1,1.01
"(660, 11)",1,1.01
"(58, 60)",1,1.01
"(1922, 450)",1,1.01
"(9, 1922)",1,1.01
"(204, 2103)",1,1.01
"(1144, 103)",1,1.01
"(72, 674)",1,1.01
"(239, 170)",1,1.01
"(147, 2084)",1,1.01
"(204, 787)",1,1.01
"(808, 117)",1,1.01
"(1931, 201)",1,1.01
"(1300, 1356)",1,1.01
"(573, 1300)",1,1.01
"(1552, 573)",1,1.01
"(189, 1552)",1,1.01
"(135, 2730)",1,1.01
"(160, 2129)",1,1.01
"(101, 1732)",1,1.01
"(54, 1788)",1,1.01
"(139, 365)",1,1.01
"(223, 1521)",1,1.01
"(90, 784)",1,1.01
"(784, 296)",1,1.01
"(643, 755)",1,1.01
"(9, 708)",1,1.01
"(78, 651)",1,1.01
"(1427, 2042)",1,1.01
"(348, 542)",1,1.01
"(888, 348)",1,1.01
"(414, 2566)",1,1.01
"(271, 1017)",1,1.01
"(272, 271)",1,1.01
"(9, 1296)",1,1.01
"(198, 761)",1,1.01
"(289, 911)",1,1.01
"(755, 258)",1,1.01
"(317, 598)",1,1.01
"(188, 2458)",1,1.01
"(911, 197)",1,1.01
"(172, 2393)",1,1.01
"(101, 2270)",1,1.01
"(2270, 1444)",1,1.01
"(78, 1144)",1,1.01
"(451, 78)",1,1.01
"(34, 221)",1,1.01
"(99, 1698)",1,1.01
"(2163, 109)",1,1.01
"(113, 2163)",1,1.01
"(1968, 2190)",1,1.01
"(663, 1968)",1,1.01
"(2311, 136)",1,1.01
"(88, 2311)",1,1.01
"(149, 154)",1,1.01
"(921, 160)",1,1.01
"(910, 955)",1,1.01
"(171, 390)",1,1.01
"(1524, 171)",1,1.01
"(2528, 1524)",1,1.01
"(955, 1256)",1,1.01
"(9, 2661)",1,1.01
"(2661, 2253)",1,1.01
"(823, 1724)",1,1.01
"(815, 1412)",1,1.01
"(381, 815)",1,1.01
"(94, 55)",1,1.01
"(695, 756)",1,1.01
"(353, 964)",1,1.01
"(54, 2386)",1,1.01
"(141, 178)",1,1.01
"(89, 1804)",1,1.01
"(1656, 98)",1,1.01
"(2799, 219)",1,1.01
"(284, 90)",1,1.01
"(1234, 284)",1,1.01
"(163, 90)",1,1.01
"(383, 2029)",1,1.01
"(1326, 383)",1,1.01
"(2521, 672)",1,1.01
"(2497, 1255)",1,1.01
"(9, 1060)",1,1.01
"(89, 219)",1,1.01
"(151, 1283)",1,1.01
"(1283, 388)",1,1.01
"(91, 910)",1,1.01
"(746, 544)",1,1.01
"(116, 2766)",1,1.01
"(483, 893)",1,1.01
"(193, 579)",1,1.01
"(2160, 598)",1,1.01
"(2168, 2160)",1,1.01
"(10, 2168)",1,1.01
"(2597, 10)",1,1.01
"(103, 2597)",1,1.01
"(72, 538)",1,1.01
"(1636, 9)",1,1.01
"(147, 1636)",1,1.01
"(544, 147)",1,1.01
"(72, 746)",1,1.01
"(519, 91)",1,1.01
"(271, 72)",1,1.01
"(687, 271)",1,1.01
"(132, 1069)",1,1.01
"(1923, 132)",1,1.01
"(239, 1923)",1,1.01
"(93, 2084)",1,1.01
"(241, 263)",1,1.01
"(508, 1334)",1,1.01
"(2834, 462)",1,1.01
"(882, 1052)",1,1.01
"(317, 519)",1,1.01
"(1243, 102)",1,1.01
"(659, 826)",1,1.01
"(2071, 66)",1,1.01
"(750, 25)",1,1.01
"(996, 1222)",1,1.01
"(508, 300)",1,1.01
"(201, 497)",1,1.01
"(595, 201)",1,1.01
"(1688, 595)",1,1.01
"(241, 1688)",1,1.01
"(2380, 101)",1,1.01
"(1305, 88)",1,1.01
"(874, 1305)",1,1.01
"(1556, 504)",1,1.01
"(94, 1556)",1,1.01
"(303, 94)",1,1.01
"(1398, 755)",1,1.01
"(117, 2651)",1,1.01
"(2771, 89)",1,1.01
"(2651, 601)",1,1.01
"(98, 363)",1,1.01
"(1214, 98)",1,1.01
"(1051, 339)",1,1.01
"(1463, 1051)",1,1.01
"(1017, 1463)",1,1.01
"(93, 1017)",1,1.01
"(1771, 93)",1,1.01
"(88, 1771)",1,1.01
"(336, 1668)",1,1.01
"(241, 316)",1,1.01
"(153, 237)",1,1.01
"(300, 2771)",1,1.01
"(89, 1007)",1,1.01
"(252, 670)",1,1.01
"(9, 2680)",1,1.01
"(670, 11)",1,1.01
"(814, 515)",1,1.01
"(1099, 11)",1,1.01
"(541, 93)",1,1.01
"(399, 319)",1,1.01
"(2426, 135)",1,1.01
"(9, 2426)",1,1.01
"(506, 390)",1,1.01
"(218, 874)",1,1.01
"(522, 218)",1,1.01
"(258, 363)",1,1.01
"(2680, 258)",1,1.01
"(740, 2569)",1,1.01
"(1007, 443)",1,1.01
"(89, 228)",1,1.01
"(153, 1298)",1,1.01
"(428, 295)",1,1.01
"(2089, 428)",1,1.01
"(271, 2089)",1,1.01
"(390, 1489)",1,1.01
"(227, 597)",1,1.01
"(10, 2312)",1,1.01
"(1514, 100)",1,1.01
"(1540, 1514)",1,1.01
"(167, 1540)",1,1.01
"(747, 201)",1,1.01
"(89, 1443)",1,1.01
"(396, 28)",1,1.01
"(44, 396)",1,1.01
"(1184, 126)",1,1.01
"(894, 110)",1,1.01
"(288, 894)",1,1.01
"(1136, 290)",1,1.01
"(509, 89)",1,1.01
"(240, 762)",1,1.01
"(241, 240)",1,1.01
"(1065, 421)",1,1.01
"(2478, 3)",1,1.01
"(519, 840)",1,1.01
"(214, 519)",1,1.01
"(2034, 745)",1,1.01
"(66, 633)",1,1.01
"(258, 66)",1,1.01
"(2173, 258)",1,1.01
"(1315, 2173)",1,1.01
"(279, 72)",1,1.01
"(93, 150)",1,1.01
"(828, 93)",1,1.01
"(138, 828)",1,1.01
"(166, 138)",1,1.01
"(1625, 258)",1,1.01
"(252, 1625)",1,1.01
"(93, 1851)",1,1.01
"(109, 1359)",1,1.01
"(395, 89)",1,1.01
"(136, 395)",1,1.01
"(171, 1737)",1,1.01
"(79, 767)",1,1.01
"(767, 602)",1,1.01
"(218, 859)",1,1.01
"(591, 281)",1,1.01
"(2977, 1151)",1,1.01
"(9, 868)",1,1.01
"(240, 1106)",1,1.01
"(953, 240)",1,1.01
"(297, 953)",1,1.01
"(489, 1404)",1,1.01
"(1404, 289)",1,1.01
"(254, 231)",1,1.01
"(113, 701)",1,1.01
"(166, 475)",1,1.01
"(133, 114)",1,1.01
"(281, 242)",1,1.01
"(704, 197)",1,1.01
"(278, 190)",1,1.01
"(197, 623)",1,1.01
"(623, 2757)",1,1.01
"(404, 1721)",1,1.01
"(2757, 9)",1,1.01
"(1669, 147)",1,1.01
"(72, 281)",1,1.01
"(97, 579)",1,1.01
"(579, 1121)",1,1.01
"(574, 184)",1,1.01
"(1121, 278)",1,1.01
"(668, 9)",1,1.01
"(34, 194)",1,1.01
"(1999, 264)",1,1.01
"(797, 1999)",1,1.01
"(1851, 114)",1,1.01
"(2063, 845)",1,1.01
"(470, 2824)",1,1.01
"(78, 205)",1,1.01
"(204, 1382)",1,1.01
"(1343, 371)",1,1.01
"(219, 553)",1,1.01
"(2913, 102)",1,1.01
"(204, 951)",1,1.01
"(951, 1809)",1,1.01
"(869, 2508)",1,1.01
"(1809, 1678)",1,1.01
"(633, 132)",1,1.01
"(845, 633)",1,1.01
"(94, 2063)",1,1.01
"(72, 1853)",1,1.01
"(141, 1309)",1,1.01
"(952, 495)",1,1.01
"(1309, 117)",1,1.01
"(134, 56)",1,1.01
"(153, 528)",1,1.01
"(853, 214)",1,1.01
"(1513, 177)",1,1.01
"(367, 54)",1,1.01
"(252, 367)",1,1.01
"(2144, 252)",1,1.01
"(10, 46)",1,1.01
"(2809, 173)",1,1.01
"(507, 2718)",1,1.01
"(1853, 267)",1,1.01
"(911, 377)",1,1.01
"(547, 219)",1,1.01
"(117, 1284)",1,1.01
"(2663, 25)",1,1.01
"(104, 2663)",1,1.01
"(1214, 104)",1,1.01
"(2959, 584)",1,1.01
"(1284, 493)",1,1.01
"(966, 11)",1,1.01
"(69, 162)",1,1.01
"(72, 631)",1,1.01
"(1746, 2425)",1,1.01
"(288, 1765)",1,1.01
"(114, 290)",1,1.01
"(303, 673)",1,1.01
"(72, 1233)",1,1.01
"(650, 54)",1,1.01
"(73, 2182)",1,1.01
"(102, 924)",1,1.01
"(54, 2759)",1,1.01
"(1703, 191)",1,1.01
"(2759, 23)",1,1.01
"(379, 264)",1,1.01
"(65, 2861)",1,1.01
"(160, 65)",1,1.01
"(597, 160)",1,1.01
"(141, 41)",1,1.01
"(966, 1064)",1,1.01
"(1091, 492)",1,1.01
"(98, 758)",1,1.01
"(800, 203)",1,1.01
"(179, 2977)",1,1.01
"(1599, 602)",1,1.01
"(193, 1599)",1,1.01
"(1479, 193)",1,1.01
"(642, 1479)",1,1.01
"(113, 696)",1,1.01
"(103, 422)",1,1.01
"(823, 1221)",1,1.01
"(918, 823)",1,1.01
"(142, 185)",1,1.01
"(333, 94)",1,1.01
"(1855, 421)",1,1.01
"(603, 67)",1,1.01
"(97, 237)",1,1.01
"(921, 117)",1,1.01
"(1147, 339)",1,1.01
"(129, 154)",1,1.01
"(339, 218)",1,1.01
"(149, 137)",1,1.01
"(2275, 2205)",1,1.01
"(214, 142)",1,1.01
"(54, 2954)",1,1.01
"(2205, 97)",1,1.01
"(136, 1910)",1,1.01
"(287, 319)",1,1.01
"(1910, 11)",1,1.01
"(197, 177)",1,1.01
"(1596, 9)",1,1.01
"(460, 1855)",1,1.01
"(1926, 270)",1,1.01
"(99, 117)",1,1.01
"(289, 296)",1,1.01
"(1458, 271)",1,1.01
"(109, 1458)",1,1.01
"(1620, 422)",1,1.01
"(383, 1026)",1,1.01
"(1443, 347)",1,1.01
"(726, 577)",1,1.01
"(2301, 71)",1,1.01
"(147, 2301)",1,1.01
"(335, 556)",1,1.01
"(200, 387)",1,1.01
"(758, 200)",1,1.01
"(10, 758)",1,1.01
"(1697, 203)",1,1.01
"(1855, 203)",1,1.01
"(1056, 65)",1,1.01
"(117, 1056)",1,1.01
"(296, 147)",1,1.01
"(218, 165)",1,1.01
"(115, 10)",1,1.01
"(2790, 216)",1,1.01
"(2541, 2790)",1,1.01
"(10, 2301)",1,1.01
"(1753, 738)",1,1.01
"(442, 9)",1,1.01
"(93, 442)",1,1.01
"(2301, 1855)",1,1.01
"(687, 93)",1,1.01
"(468, 91)",1,1.01
"(225, 2777)",1,1.01
"(486, 392)",1,1.01
"(1876, 137)",1,1.01
"(137, 95)",1,1.01
"(147, 55)",1,1.01
"(117, 625)",1,1.01
"(823, 939)",1,1.01
"(1214, 290)",1,1.01
"(2663, 381)",1,1.01
"(26, 2981)",1,1.01
"(2010, 1307)",1,1.01
"(432, 101)",1,1.01
"(832, 1143)",1,1.01
"(381, 489)",1,1.01
"(431, 65)",1,1.01
"(2549, 1106)",1,1.01
"(191, 1064)",1,1.01
"(374, 191)",1,1.01
"(218, 1186)",1,1.01
"(313, 218)",1,1.01
"(739, 9)",1,1.01
"(252, 669)",1,1.01
"(957, 171)",1,1.01
"(1557, 957)",1,1.01
"(560, 1557)",1,1.01
"(1091, 96)",1,1.01
"(172, 2174)",1,1.01
"(252, 635)",1,1.01
"(160, 2549)",1,1.01
"(1106, 890)",1,1.01
"(2352, 9)",1,1.01
"(1406, 93)",1,1.01
"(102, 2352)",1,1.01
"(574, 1247)",1,1.01
"(1504, 313)",1,1.01
"(2200, 2527)",1,1.01
"(255, 870)",1,1.01
"(93, 1020)",1,1.01
"(468, 578)",1,1.01
"(578, 990)",1,1.01
"(1343, 2190)",1,1.01
"(2497, 807)",1,1.01
"(1356, 102)",1,1.01
"(93, 1060)",1,1.01
"(187, 1406)",1,1.01
"(890, 519)",1,1.01
"(60, 187)",1,1.01
"(331, 60)",1,1.01
"(894, 331)",1,1.01
"(1498, 1854)",1,1.01
"(116, 1498)",1,1.01
"(2325, 9)",1,1.01
"(1397, 319)",1,1.01
"(252, 825)",1,1.01
"(1510, 191)",1,1.01
"(584, 1510)",1,1.01
"(102, 1876)",1,1.01
"(519, 1214)",1,1.01
"(213, 311)",1,1.01
"(1062, 127)",1,1.01
"(268, 1062)",1,1.01
"(167, 1251)",1,1.01
"(519, 2370)",1,1.01
"(679, 519)",1,1.01
"(288, 257)",1,1.01
"(1499, 11)",1,1.01
"(169, 1499)",1,1.01
"(514, 169)",1,1.01
"(218, 514)",1,1.01
"(289, 98)",1,1.01
"(2046, 96)",1,1.01
"(1229, 2046)",1,1.01
"(60, 1229)",1,1.01
"(673, 60)",1,1.01
"(1057, 344)",1,1.01
"(136, 1057)",1,1.01
"(774, 786)",1,1.01
"(145, 774)",1,1.01
"(822, 2271)",1,1.01
"(807, 101)",1,1.01
"(506, 271)",1,1.01
"(114, 506)",1,1.01
"(2126, 545)",1,1.01
"(104, 2126)",1,1.01
"(1005, 104)",1,1.01
"(203, 1192)",1,1.01
"(1438, 72)",1,1.01
"(488, 1449)",1,1.01
"(114, 488)",1,1.01
"(2370, 442)",1,1.01
"(2182, 289)",1,1.01
"(239, 63)",1,1.01
"(149, 2559)",1,1.01
"(101, 313)",1,1.01
"(1251, 2784)",1,1.01
"(1385, 160)",1,1.01
"(114, 59)",1,1.01
"(59, 2119)",1,1.01
"(361, 101)",1,1.01
"(897, 145)",1,1.01
"(78, 897)",1,1.01
"(2119, 11)",1,1.01
"(2349, 93)",1,1.01
"(166, 2349)",1,1.01
"(73, 149)",1,1.01
"(983, 9)",1,1.01
"(2350, 421)",1,1.01
"(91, 142)",1,1.01
"(352, 89)",1,1.01
"(2197, 117)",1,1.01
"(2276, 2197)",1,1.01
"(848, 2276)",1,1.01
"(330, 870)",1,1.01
"(506, 508)",1,1.01
"(352, 136)",1,1.01
"(371, 352)",1,1.01
"(307, 2182)",1,1.01
"(1721, 128)",1,1.01
"(421, 317)",1,1.01
"(1742, 206)",1,1.01
"(1081, 219)",1,1.01
"(519, 1081)",1,1.01
"(187, 9)",1,1.01
"(101, 388)",1,1.01
"(2466, 113)",1,1.01
"(204, 2466)",1,1.01
"(2452, 231)",1,1.01
"(204, 1656)",1,1.01
"(399, 237)",1,1.01
"(100, 339)",1,1.01
"(117, 2327)",1,1.01
"(2756, 237)",1,1.01
"(268, 2756)",1,1.01
"(2245, 213)",1,1.01
"(72, 2245)",1,1.01
"(255, 112)",1,1.01
"(268, 2559)",1,1.01
"(2972, 90)",1,1.01
"(468, 2972)",1,1.01
"(416, 2929)",1,1.01
"(350, 416)",1,1.01
"(163, 103)",1,1.01
"(1593, 163)",1,1.01
"(88, 1914)",1,1.01
"(68, 310)",1,1.01
"(353, 261)",1,1.01
"(136, 353)",1,1.01
"(2459, 136)",1,1.01
"(72, 2459)",1,1.01
"(388, 410)",1,1.01
"(2559, 93)",1,1.01
"(206, 1073)",1,1.01
"(590, 188)",1,1.01
"(986, 350)",1,1.01
"(2717, 254)",1,1.01
"(128, 61)",1,1.01
"(2634, 97)",1,1.01
"(442, 220)",1,1.01
"(54, 159)",1,1.01
"(73, 350)",1,1.01
"(440, 214)",1,1.01
"(300, 1121)",1,1.01
"(3, 219)",1,1.01
"(237, 551)",1,1.01
"(306, 119)",1,1.01
"(102, 590)",1,1.01
"(93, 183)",1,1.01
"(2450, 102)",1,1.01
"(955, 11)",1,1.01
"(508, 59)",1,1.01
"(237, 508)",1,1.01
"(114, 161)",1,1.01
"(119, 130)",1,1.01
"(130, 113)",1,1.01
"(530, 1047)",1,1.01
"(272, 122)",1,1.01
"(441, 129)",1,1.01
"(2173, 350)",1,1.01
"(183, 142)",1,1.01
"(213, 629)",1,1.01
"(141, 1366)",1,1.01
"(2756, 453)",1,1.01
"(2672, 218)",1,1.01
"(118, 1356)",1,1.01
"(918, 1609)",1,1.01
"(1036, 270)",1,1.01
"(409, 858)",1,1.01
"(1295, 2412)",1,1.01
"(476, 1030)",1,1.01
"(2412, 9)",1,1.01
"(58, 1623)",1,1.01
"(443, 555)",1,1.01
"(132, 443)",1,1.01
"(975, 416)",1,1.01
"(97, 506)",1,1.01
"(860, 443)",1,1.01
"(328, 2374)",1,1.01
"(506, 1748)",1,1.01
"(408, 96)",1,1.01
"(1146, 261)",1,1.01
"(1748, 155)",1,1.01
"(9, 664)",1,1.01
"(160, 110)",1,1.01
"(376, 109)",1,1.01
"(1065, 376)",1,1.01
"(1858, 547)",1,1.01
"(218, 1858)",1,1.01
"(218, 1030)",1,1.01
"(191, 218)",1,1.01
"(155, 271)",1,1.01
"(1356, 313)",1,1.01
"(172, 810)",1,1.01
"(1038, 1631)",1,1.01
"(446, 231)",1,1.01
"(604, 258)",1,1.01
"(443, 2614)",1,1.01
"(117, 443)",1,1.01
"(397, 299)",1,1.01
"(1084, 258)",1,1.01
"(635, 1084)",1,1.01
"(1065, 1571)",1,1.01
"(1953, 11)",1,1.01
"(354, 1953)",1,1.01
"(268, 102)",1,1.01
"(383, 485)",1,1.01
"(430, 1197)",1,1.01
"(1990, 380)",1,1.01
"(9, 2353)",1,1.01
"(380, 11)",1,1.01
"(1602, 268)",1,1.01
"(218, 1602)",1,1.01
"(163, 237)",1,1.01
"(599, 60)",1,1.01
"(90, 102)",1,1.01
"(728, 135)",1,1.01
"(1568, 89)",1,1.01
"(160, 258)",1,1.01
"(846, 160)",1,1.01
"(102, 1183)",1,1.01
"(2353, 172)",1,1.01
"(2451, 502)",1,1.01
"(147, 2451)",1,1.01
"(426, 147)",1,1.01
"(1812, 1803)",1,1.01
"(2273, 89)",1,1.01
"(211, 1661)",1,1.01
"(117, 559)",1,1.01
"(2211, 219)",1,1.01
"(154, 2211)",1,1.01
"(851, 24)",1,1.01
"(93, 851)",1,1.01
"(2510, 431)",1,1.01
"(671, 2053)",1,1.01
"(60, 370)",1,1.01
"(272, 2347)",1,1.01
"(1803, 101)",1,1.01
"(2132, 54)",1,1.01
"(160, 625)",1,1.01
"(1693, 2132)",1,1.01
"(476, 1234)",1,1.01
"(343, 578)",1,1.01
"(166, 187)",1,1.01
"(651, 89)",1,1.01
"(454, 651)",1,1.01
"(210, 245)",1,1.01
"(245, 309)",1,1.01
"(1322, 237)",1,1.01
"(268, 985)",1,1.01
"(2910, 9)",1,1.01
"(144, 2910)",1,1.01
"(88, 989)",1,1.01
"(67, 96)",1,1.01
"(2425, 296)",1,1.01
"(777, 267)",1,1.01
"(507, 2425)",1,1.01
"(101, 2824)",1,1.01
"(68, 78)",1,1.01
"(1412, 109)",1,1.01
"(909, 1412)",1,1.01
"(57, 99)",1,1.01
"(179, 57)",1,1.01
"(602, 208)",1,1.01
"(774, 602)",1,1.01
"(1035, 774)",1,1.01
"(366, 1035)",1,1.01
"(267, 703)",1,1.01
"(1111, 136)",1,1.01
"(96, 71)",1,1.01
"(233, 1479)",1,1.01
"(26, 1358)",1,1.01
"(1479, 1720)",1,1.01
"(231, 243)",1,1.01
"(909, 149)",1,1.01
"(1720, 290)",1,1.01
"(930, 267)",1,1.01
"(2842, 136)",1,1.01
"(926, 101)",1,1.01
"(171, 926)",1,1.01
"(679, 132)",1,1.01
"(93, 679)",1,1.01
"(651, 6)",1,1.01
"(2245, 2756)",1,1.01
"(835, 203)",1,1.01
"(1005, 93)",1,1.01
"(186, 93)",1,1.01
"(2426, 96)",1,1.01
"(93, 1883)",1,1.01
"(358, 422)",1,1.01
"(1765, 114)",1,1.01
"(99, 445)",1,1.01
"(1560, 1159)",1,1.01
"(293, 1560)",1,1.01
"(1724, 54)",1,1.01
"(2474, 1724)",1,1.01
"(445, 1158)",1,1.01
"(88, 174)",1,1.01
"(1158, 142)",1,1.01
"(156, 11)",1,1.01
"(102, 1744)",1,1.01
"(1085, 343)",1,1.01
"(247, 1085)",1,1.01
"(104, 75)",1,1.01
"(589, 1037)",1,1.01
"(490, 2334)",1,1.01
"(88, 2868)",1,1.01
"(2327, 96)",1,1.01
"(297, 2327)",1,1.01
"(166, 1772)",1,1.01
"(2910, 166)",1,1.01
"(1201, 2910)",1,1.01
"(172, 1201)",1,1.01
"(93, 794)",1,1.01
"(794, 1511)",1,1.01
"(1654, 93)",1,1.01
"(1295, 197)",1,1.01
"(1913, 258)",1,1.01
"(2597, 1712)",1,1.01
"(1409, 2597)",1,1.01
"(1052, 147)",1,1.01
"(101, 1911)",1,1.01
"(1911, 267)",1,1.01
"(1807, 94)",1,1.01
"(1783, 258)",1,1.01
"(539, 93)",1,1.01
"(1978, 203)",1,1.01
"(332, 1978)",1,1.01
"(117, 332)",1,1.01
"(771, 645)",1,1.01
"(95, 1654)",1,1.01
"(26, 195)",1,1.01
"(457, 9)",1,1.01
"(195, 65)",1,1.01
"(65, 69)",1,1.01
"(473, 1781)",1,1.01
"(678, 473)",1,1.01
"(121, 45)",1,1.01
"(1000, 54)",1,1.01
"(993, 103)",1,1.01
"(117, 993)",1,1.01
"(2050, 117)",1,1.01
"(369, 102)",1,1.01
"(2071, 102)",1,1.01
"(725, 2071)",1,1.01
"(1656, 101)",1,1.01
"(136, 288)",1,1.01
"(2474, 1656)",1,1.01
"(620, 452)",1,1.01
"(88, 2162)",1,1.01
"(72, 1637)",1,1.01
"(319, 389)",1,1.01
"(160, 174)",1,1.01
"(1537, 95)",1,1.01
"(1724, 1537)",1,1.01
"(559, 11)",1,1.01
"(1909, 93)",1,1.01
"(1102, 1909)",1,1.01
"(351, 1102)",1,1.01
"(353, 2911)",1,1.01
"(1248, 88)",1,1.01
"(2911, 98)",1,1.01
"(542, 231)",1,1.01
"(835, 288)",1,1.01
"(596, 835)",1,1.01
"(214, 102)",1,1.01
"(524, 9)",1,1.01
"(876, 524)",1,1.01
"(2440, 426)",1,1.01
"(1703, 2440)",1,1.01
"(1000, 835)",1,1.01
"(509, 88)",1,1.01
"(706, 509)",1,1.01
"(1656, 238)",1,1.01
"(807, 127)",1,1.01
"(88, 1656)",1,1.01
"(1099, 2945)",1,1.01
"(1650, 101)",1,1.01
"(150, 1650)",1,1.01
"(2868, 9)",1,1.01
"(68, 806)",1,1.01
"(1724, 1800)",1,1.01
"(806, 604)",1,1.01
"(141, 714)",1,1.01
"(1032, 270)",1,1.01
"(964, 717)",1,1.01
"(1703, 964)",1,1.01
"(141, 264)",1,1.01
"(2945, 135)",1,1.01
"(858, 495)",1,1.01
"(127, 422)",1,1.01
"(815, 350)",1,1.01
"(949, 815)",1,1.01
"(93, 949)",1,1.01
"(495, 406)",1,1.01
"(406, 72)",1,1.01
"(1654, 330)",1,1.01
"(93, 2886)",1,1.01
"(1023, 113)",1,1.01
"(68, 1023)",1,1.01
"(33, 230)",1,1.01
"(2886, 89)",1,1.01
"(113, 495)",1,1.01
"(284, 1005)",1,1.01
"(1356, 117)",1,1.01
"(126, 147)",1,1.01
"(1913, 96)",1,1.01
"(93, 1974)",1,1.01
"(406, 1290)",1,1.01
"(390, 2115)",1,1.01
"(190, 128)",1,1.01
"(826, 155)",1,1.01
"(153, 826)",1,1.01
"(1081, 153)",1,1.01
"(95, 1081)",1,1.01
"(2890, 166)",1,1.01
"(394, 2890)",1,1.01
"(994, 394)",1,1.01
"(502, 128)",1,1.01
"(2214, 225)",1,1.01
"(180, 828)",1,1.01
"(879, 180)",1,1.01
"(10, 879)",1,1.01
"(455, 10)",1,1.01
"(348, 455)",1,1.01
"(279, 348)",1,1.01
"(128, 996)",1,1.01
"(132, 1015)",1,1.01
"(1015, 11)",1,1.01
"(1658, 937)",1,1.01
"(300, 1658)",1,1.01
"(1688, 96)",1,1.01
"(315, 1688)",1,1.01
"(1322, 9)",1,1.01
"(996, 786)",1,1.01
"(1418, 2208)",1,1.01
"(2208, 350)",1,1.01
"(117, 125)",1,1.01
"(2307, 504)",1,1.01
"(54, 367)",1,1.01
"(1613, 112)",1,1.01
"(54, 1613)",1,1.01
"(392, 103)",1,1.01
"(117, 392)",1,1.01
"(367, 142)",1,1.01
"(1316, 89)",1,1.01
"(54, 1316)",1,1.01
"(2050, 203)",1,1.01
"(142, 1804)",1,1.01
"(72, 302)",1,1.01
"(1251, 2285)",1,1.01
"(91, 996)",1,1.01
"(89, 1896)",1,1.01
"(443, 89)",1,1.01
"(364, 443)",1,1.01
"(2492, 364)",1,1.01
"(902, 2492)",1,1.01
"(201, 902)",1,1.01
"(388, 134)",1,1.01
"(100, 2022)",1,1.01
"(134, 711)",1,1.01
"(97, 55)",1,1.01
"(711, 9)",1,1.01
"(2689, 1412)",1,1.01
"(59, 1322)",1,1.01
"(347, 283)",1,1.01
"(247, 99)",1,1.01
"(72, 2213)",1,1.01
"(26, 261)",1,1.01
"(2173, 555)",1,1.01
"(227, 142)",1,1.01
"(4, 227)",1,1.01
"(637, 350)",1,1.01
"(408, 179)",1,1.01
"(160, 2903)",1,1.01
"(607, 807)",1,1.01
"(622, 678)",1,1.01
"(2537, 96)",1,1.01
"(198, 2537)",1,1.01
"(678, 640)",1,1.01
"(272, 267)",1,1.01
"(581, 26)",1,1.01
"(130, 1808)",1,1.01
"(54, 2191)",1,1.01
"(2462, 89)",1,1.01
"(218, 2462)",1,1.01
"(381, 502)",1,1.01
"(147, 1939)",1,1.01
"(183, 885)",1,1.01
"(927, 444)",1,1.01
"(358, 93)",1,1.01
"(1212, 114)",1,1.01
"(10, 1212)",1,1.01
"(1297, 24)",1,1.01
"(26, 374)",1,1.01
"(62, 187)",1,1.01
"(129, 66)",1,1.01
"(142, 725)",1,1.01
"(9, 2967)",1,1.01
"(1093, 510)",1,1.01
"(276, 1093)",1,1.01
"(116, 138)",1,1.01
"(30, 834)",1,1.01
"(287, 1262)",1,1.01
"(834, 209)",1,1.01
"(204, 1338)",1,1.01
"(2731, 142)",1,1.01
"(128, 2731)",1,1.01
"(1656, 136)",1,1.01
"(876, 1656)",1,1.01
"(1015, 9)",1,1.01
"(88, 2805)",1,1.01
"(160, 1015)",1,1.01
"(2543, 219)",1,1.01
"(2457, 11)",1,1.01
"(209, 78)",1,1.01
"(1695, 584)",1,1.01
"(78, 304)",1,1.01
"(91, 197)",1,1.01
"(1095, 254)",1,1.01
"(117, 2161)",1,1.01
"(172, 332)",1,1.01
"(94, 172)",1,1.01
"(2805, 550)",1,1.01
"(378, 2809)",1,1.01
"(431, 218)",1,1.01
"(72, 219)",1,1.01
"(1721, 1851)",1,1.01
"(2201, 673)",1,1.01
"(2061, 2201)",1,1.01
"(743, 147)",1,1.01
"(1503, 399)",1,1.01
"(1387, 87)",1,1.01
"(139, 1322)",1,1.01
"(1322, 2941)",1,1.01
"(237, 238)",1,1.01
"(2941, 2596)",1,1.01
"(2596, 96)",1,1.01
"(37, 379)",1,1.01
"(129, 2941)",1,1.01
"(1095, 88)",1,1.01
"(1562, 2018)",1,1.01
"(297, 1562)",1,1.01
"(1233, 203)",1,1.01
"(592, 88)",1,1.01
"(801, 977)",1,1.01
"(147, 1002)",1,1.01
"(1583, 645)",1,1.01
"(160, 423)",1,1.01
"(591, 160)",1,1.01
"(240, 2026)",1,1.01
"(645, 270)",1,1.01
"(292, 166)",1,1.01
"(927, 292)",1,1.01
"(2979, 94)",1,1.01
"(241, 2737)",1,1.01
"(88, 1503)",1,1.01
"(103, 269)",1,1.01
"(858, 623)",1,1.01
"(488, 545)",1,1.01
"(1193, 737)",1,1.01
"(101, 1193)",1,1.01
"(876, 102)",1,1.01
"(268, 1212)",1,1.01
"(2511, 172)",1,1.01
"(72, 430)",1,1.01
"(1088, 739)",1,1.01
"(753, 2546)",1,1.01
"(1631, 292)",1,1.01
"(136, 116)",1,1.01
"(2876, 94)",1,1.01
"(372, 858)",1,1.01
"(350, 147)",1,1.01
"(504, 4)",1,1.01
"(2906, 203)",1,1.01
"(191, 2906)",1,1.01
"(377, 993)",1,1.01
"(67, 133)",1,1.01
"(133, 1945)",1,1.01
"(2757, 701)",1,1.01
"(1945, 29)",1,1.01
"(93, 185)",1,1.01
"(2397, 350)",1,1.01
"(404, 1106)",1,1.01
"(297, 404)",1,1.01
"(372, 2979)",1,1.01
"(1109, 1443)",1,1.01
"(492, 9)",1,1.01
"(2224, 109)",1,1.01
"(1620, 93)",1,1.01
"(1444, 1026)",1,1.01
"(114, 1444)",1,1.01
"(136, 369)",1,1.01
"(840, 363)",1,1.01
"(547, 840)",1,1.01
"(219, 547)",1,1.01
"(394, 1150)",1,1.01
"(381, 135)",1,1.01
"(304, 547)",1,1.01
"(1599, 710)",1,1.01
"(135, 2458)",1,1.01
"(272, 1572)",1,1.01
"(127, 272)",1,1.01
"(1842, 1052)",1,1.01
"(218, 1842)",1,1.01
"(240, 157)",1,1.01
"(502, 127)",1,1.01
"(379, 2569)",1,1.01
"(2458, 313)",1,1.01
"(103, 2458)",1,1.01
"(2478, 117)",1,1.01
"(454, 2089)",1,1.01
"(2719, 454)",1,1.01
"(141, 2719)",1,1.01
"(129, 2700)",1,1.01
"(96, 65)",1,1.01
"(154, 2133)",1,1.01
"(2133, 117)",1,1.01
"(2781, 462)",1,1.01
"(288, 175)",1,1.01
"(2208, 213)",1,1.01
"(72, 2208)",1,1.01
"(191, 492)",1,1.01
"(2105, 191)",1,1.01
"(101, 185)",1,1.01
"(1443, 99)",1,1.01
"(349, 1556)",1,1.01
"(560, 113)",1,1.01
"(680, 560)",1,1.01
"(104, 680)",1,1.01
"(828, 230)",1,1.01
"(166, 1156)",1,1.01
"(2886, 601)",1,1.01
"(2510, 237)",1,1.01
"(175, 1420)",1,1.01
"(1634, 89)",1,1.01
"(1420, 772)",1,1.01
"(658, 2437)",1,1.01
"(99, 658)",1,1.01
"(865, 88)",1,1.01
"(823, 2788)",1,1.01
"(1516, 2434)",1,1.01
"(1807, 203)",1,1.01
"(268, 1807)",1,1.01
"(415, 219)",1,1.01
"(94, 1002)",1,1.01
"(160, 748)",1,1.01
"(748, 1842)",1,1.01
"(1842, 102)",1,1.01
"(88, 1453)",1,1.01
"(131, 6)",1,1.01
"(2921, 231)",1,1.01
"(109, 59)",1,1.01
"(59, 1283)",1,1.01
"(1234, 117)",1,1.01
"(383, 1234)",1,1.01
"(290, 383)",1,1.01
"(25, 290)",1,1.01
"(1693, 25)",1,1.01
"(1172, 508)",1,1.01
"(213, 1172)",1,1.01
"(1283, 96)",1,1.01
"(288, 1139)",1,1.01
"(93, 288)",1,1.01
"(920, 290)",1,1.01
"(763, 104)",1,1.01
"(2283, 763)",1,1.01
"(427, 127)",1,1.01
"(1355, 102)",1,1.01
"(132, 1355)",1,1.01
"(94, 267)",1,1.01
"(953, 94)",1,1.01
"(2902, 93)",1,1.01
"(134, 1031)",1,1.01
"(57, 313)",1,1.01
"(73, 474)",1,1.01
"(88, 2313)",1,1.01
"(127, 383)",1,1.01
"(1043, 96)",1,1.01
"(1658, 258)",1,1.01
"(1169, 98)",1,1.01
"(953, 530)",1,1.01
"(163, 953)",1,1.01
"(651, 468)",1,1.01
"(2276, 171)",1,1.01
"(454, 649)",1,1.01
"(1749, 106)",1,1.01
"(649, 339)",1,1.01
"(2098, 350)",1,1.01
"(107, 2098)",1,1.01
"(64, 107)",1,1.01
"(1242, 64)",1,1.01
"(54, 1242)",1,1.01
"(376, 1169)",1,1.01
"(720, 2968)",1,1.01
"(277, 188)",1,1.01
"(105, 112)",1,1.01
"(1162, 270)",1,1.01
"(489, 2642)",1,1.01
"(1672, 489)",1,1.01
"(134, 728)",1,1.01
"(129, 426)",1,1.01
"(554, 1758)",1,1.01
"(574, 554)",1,1.01
"(874, 421)",1,1.01
"(114, 1334)",1,1.01
"(111, 451)",1,1.01
"(506, 288)",1,1.01
"(298, 529)",1,1.01
"(1749, 117)",1,1.01
"(376, 101)",1,1.01
"(177, 1102)",1,1.01
"(2621, 392)",1,1.01
"(1823, 1784)",1,1.01
"(2010, 169)",1,1.01
"(93, 1896)",1,1.01
"(481, 161)",1,1.01
"(119, 481)",1,1.01
"(1158, 376)",1,1.01
"(993, 76)",1,1.01
"(211, 380)",1,1.01
"(54, 1552)",1,1.01
"(941, 54)",1,1.01
"(293, 953)",1,1.01
"(129, 313)",1,1.01
"(239, 1197)",1,1.01
"(305, 239)",1,1.01
"(143, 305)",1,1.01
"(1294, 270)",1,1.01
"(1607, 56)",1,1.01
"(101, 1607)",1,1.01
"(214, 95)",1,1.01
"(280, 214)",1,1.01
"(270, 33)",1,1.01
"(98, 142)",1,1.01
"(1287, 98)",1,1.01
"(456, 90)",1,1.01
"(1102, 1193)",1,1.01
"(846, 430)",1,1.01
"(99, 1749)",1,1.01
"(218, 1271)",1,1.01
"(1356, 88)",1,1.01
"(1334, 832)",1,1.01
"(555, 2292)",1,1.01
"(1463, 555)",1,1.01
"(132, 1463)",1,1.01
"(1205, 101)",1,1.01
"(88, 1205)",1,1.01
"(241, 451)",1,1.01
"(2849, 369)",1,1.01
"(155, 2849)",1,1.01
"(2689, 147)",1,1.01
"(988, 218)",1,1.01
"(2549, 509)",1,1.01
"(106, 234)",1,1.01
"(117, 2549)",1,1.01
"(1482, 492)",1,1.01
"(64, 837)",1,1.01
"(190, 72)",1,1.01
"(1271, 155)",1,1.01
"(72, 846)",1,1.01
"(2199, 584)",1,1.01
"(1450, 2199)",1,1.01
"(10, 1948)",1,1.01
"(201, 6)",1,1.01
"(104, 66)",1,1.01
"(234, 305)",1,1.01
"(1619, 135)",1,1.01
"(1150, 89)",1,1.01
"(9, 1150)",1,1.01
"(768, 10)",1,1.01
"(937, 607)",1,1.01
"(180, 937)",1,1.01
"(101, 1699)",1,1.01
"(166, 577)",1,1.01
"(410, 191)",1,1.01
"(315, 290)",1,1.01
"(2717, 142)",1,1.01
"(2525, 2717)",1,1.01
"(399, 2525)",1,1.01
"(89, 473)",1,1.01
"(1285, 1697)",1,1.01
"(218, 1491)",1,1.01
"(1724, 218)",1,1.01
"(1283, 426)",1,1.01
"(101, 2996)",1,1.01
"(2996, 1444)",1,1.01
"(1444, 1349)",1,1.01
"(1349, 9)",1,1.01
"(1292, 54)",1,1.01
"(817, 1292)",1,1.01
"(93, 817)",1,1.01
"(166, 194)",1,1.01
"(1316, 254)",1,1.01
"(116, 1316)",1,1.01
"(509, 314)",1,1.01
"(2648, 9)",1,1.01
"(772, 815)",1,1.01
"(2842, 78)",1,1.01
"(88, 1213)",1,1.01
"(1213, 10)",1,1.01
"(383, 2927)",1,1.01
"(876, 1939)",1,1.01
"(1204, 876)",1,1.01
"(932, 670)",1,1.01
"(191, 60)",1,1.01
"(670, 188)",1,1.01
"(188, 1188)",1,1.01
"(1534, 1132)",1,1.01
"(1132, 665)",1,1.01
"(139, 131)",1,1.01
"(665, 142)",1,1.01
"(359, 274)",1,1.01
"(1272, 1589)",1,1.01
"(383, 1589)",1,1.01
"(1142, 142)",1,1.01
"(54, 602)",1,1.01
"(1729, 2133)",1,1.01
"(990, 379)",1,1.01
"(316, 990)",1,1.01
"(163, 316)",1,1.01
"(96, 117)",1,1.01
"(1706, 118)",1,1.01
"(422, 1706)",1,1.01
"(330, 313)",1,1.01
"(117, 1422)",1,1.01
"(1716, 376)",1,1.01
"(9, 2842)",1,1.01
"(116, 2007)",1,1.01
"(519, 636)",1,1.01
"(860, 519)",1,1.01
"(1706, 814)",1,1.01
"(105, 2716)",1,1.01
"(2785, 101)",1,1.01
"(112, 2785)",1,1.01
"(686, 552)",1,1.01
"(443, 578)",1,1.01
"(2651, 443)",1,1.01
"(188, 65)",1,1.01
"(753, 94)",1,1.01
"(650, 753)",1,1.01
"(136, 650)",1,1.01
"(1879, 136)",1,1.01
"(191, 1879)",1,1.01
"(136, 1706)",1,1.01
"(171, 1872)",1,1.01
"(1584, 462)",1,1.01
"(462, 270)",1,1.01
"(1269, 258)",1,1.01
"(102, 1269)",1,1.01
"(547, 407)",1,1.01
"(198, 2061)",1,1.01
"(101, 2162)",1,1.01
"(1031, 117)",1,1.01
"(509, 1031)",1,1.01
"(1516, 509)",1,1.01
"(1302, 34)",1,1.01
"(160, 128)",1,1.01
"(547, 673)",1,1.01
"(1872, 832)",1,1.01
"(2639, 11)",1,1.01
"(54, 266)",1,1.01
"(10, 2639)",1,1.01
"(1110, 10)",1,1.01
"(376, 238)",1,1.01
"(904, 253)",1,1.01
"(123, 188)",1,1.01
"(587, 1474)",1,1.01
"(298, 587)",1,1.01
"(1443, 298)",1,1.01
"(847, 1443)",1,1.01
"(165, 93)",1,1.01
"(241, 171)",1,1.01
"(171, 281)",1,1.01
"(1387, 116)",1,1.01
"(832, 882)",1,1.01
"(382, 142)",1,1.01
"(102, 382)",1,1.01
"(1458, 89)",1,1.01
"(813, 116)",1,1.01
"(234, 2642)",1,1.01
"(225, 1272)",1,1.01
"(200, 177)",1,1.01
"(2191, 200)",1,1.01
"(2141, 2191)",1,1.01
"(9, 840)",1,1.01
"(426, 72)",1,1.01
"(882, 426)",1,1.01
"(57, 932)",1,1.01
"(188, 768)",1,1.01
"(135, 28)",1,1.01
"(9, 889)",1,1.01
"(107, 350)",1,1.01
"(330, 350)",1,1.01
"(130, 619)",1,1.01
"(179, 1279)",1,1.01
"(2573, 238)",1,1.01
"(317, 50)",1,1.01
"(2557, 270)",1,1.01
"(388, 166)",1,1.01
"(590, 388)",1,1.01
"(9, 590)",1,1.01
"(1967, 9)",1,1.01
"(104, 1967)",1,1.01
"(784, 104)",1,1.01
"(483, 9)",1,1.01
"(310, 4)",1,1.01
"(4, 160)",1,1.01
"(509, 264)",1,1.01
"(183, 149)",1,1.01
"(483, 183)",1,1.01
"(264, 126)",1,1.01
"(2028, 11)",1,1.01
"(147, 2340)",1,1.01
"(317, 147)",1,1.01
"(281, 2174)",1,1.01
"(2414, 3)",1,1.01
"(1306, 11)",1,1.01
"(102, 1306)",1,1.01
"(114, 2353)",1,1.01
"(2353, 11)",1,1.01
"(837, 117)",1,1.01
"(1021, 390)",1,1.01
"(2636, 73)",1,1.01
"(188, 465)",1,1.01
"(1955, 188)",1,1.01
"(127, 1122)",1,1.01
"(1963, 89)",1,1.01
"(1498, 9)",1,1.01
"(2478, 109)",1,1.01
"(270, 1816)",1,1.01
"(2478, 270)",1,1.01
"(106, 1816)",1,1.01
"(1910, 109)",1,1.01
"(289, 1910)",1,1.01
"(130, 1210)",1,1.01
"(117, 991)",1,1.01
"(171, 1169)",1,1.01
"(940, 74)",1,1.01
"(2941, 73)",1,1.01
"(1998, 9)",1,1.01
"(464, 1998)",1,1.01
"(1387, 2053)",1,1.01
"(577, 25)",1,1.01
"(621, 241)",1,1.01
"(288, 552)",1,1.01
"(397, 267)",1,1.01
"(381, 397)",1,1.01
"(163, 1590)",1,1.01
"(34, 576)",1,1.01
"(1434, 191)",1,1.01
"(451, 2174)",1,1.01
"(267, 2781)",1,1.01
"(676, 1280)",1,1.01
"(310, 676)",1,1.01
"(2247, 310)",1,1.01
"(98, 2247)",1,1.01
"(172, 135)",1,1.01
"(1245, 2423)",1,1.01
"(1919, 1245)",1,1.01
"(136, 1919)",1,1.01
"(1294, 109)",1,1.01
"(166, 2057)",1,1.01
"(2929, 166)",1,1.01
"(116, 2929)",1,1.01
"(383, 781)",1,1.01
"(419, 1294)",1,1.01
"(420, 383)",1,1.01
"(2781, 142)",1,1.01
"(142, 73)",1,1.01
"(470, 319)",1,1.01
"(1341, 205)",1,1.01
"(100, 1341)",1,1.01
"(793, 100)",1,1.01
"(383, 300)",1,1.01
"(1159, 383)",1,1.01
"(69, 1141)",1,1.01
"(687, 132)",1,1.01
"(889, 687)",1,1.01
"(1280, 468)",1,1.01
"(597, 104)",1,1.01
"(191, 1100)",1,1.01
"(1721, 106)",1,1.01
"(531, 270)",1,1.01
"(6, 176)",1,1.01
"(2897, 89)",1,1.01
"(94, 2897)",1,1.01
"(1452, 313)",1,1.01
"(376, 685)",1,1.01
"(297, 1036)",1,1.01
"(1100, 188)",1,1.01
"(1006, 547)",1,1.01
"(89, 28)",1,1.01
"(331, 142)",1,1.01
"(788, 331)",1,1.01
"(2305, 1721)",1,1.01
"(104, 548)",1,1.01
"(166, 2305)",1,1.01
"(378, 166)",1,1.01
"(58, 142)",1,1.01
"(497, 172)",1,1.01
"(1157, 11)",1,1.01
"(108, 1157)",1,1.01
"(226, 2996)",1,1.01
"(407, 116)",1,1.01
"(153, 407)",1,1.01
"(2996, 964)",1,1.01
"(213, 243)",1,1.01
"(548, 172)",1,1.01
"(2673, 431)",1,1.01
"(556, 106)",1,1.01
"(394, 152)",1,1.01
"(420, 2141)",1,1.01
"(93, 833)",1,1.01
"(748, 2066)",1,1.01
"(303, 237)",1,1.01
"(2608, 755)",1,1.01
"(1971, 2608)",1,1.01
"(887, 1971)",1,1.01
"(136, 144)",1,1.01
"(2288, 153)",1,1.01
"(204, 2288)",1,1.01
"(310, 155)",1,1.01
"(2102, 1620)",1,1.01
"(2040, 203)",1,1.01
"(819, 280)",1,1.01
"(2564, 819)",1,1.01
"(1018, 258)",1,1.01
"(2108, 1018)",1,1.01
"(561, 2108)",1,1.01
"(166, 2339)",1,1.01
"(1247, 197)",1,1.01
"(1333, 1247)",1,1.01
"(135, 1333)",1,1.01
"(582, 135)",1,1.01
"(226, 3)",1,1.01
"(272, 339)",1,1.01
"(279, 78)",1,1.01
"(2095, 279)",1,1.01
"(962, 2095)",1,1.01
"(232, 748)",1,1.01
"(271, 489)",1,1.01
"(489, 377)",1,1.01
"(714, 267)",1,1.01
"(1624, 231)",1,1.01
"(300, 1252)",1,1.01
"(1370, 2208)",1,1.01
"(281, 153)",1,1.01
"(460, 281)",1,1.01
"(656, 96)",1,1.01
"(320, 106)",1,1.01
"(1738, 320)",1,1.01
"(56, 1738)",1,1.01
"(1443, 963)",1,1.01
"(39, 144)",1,1.01
"(267, 739)",1,1.01
"(1497, 103)",1,1.01
"(377, 2355)",1,1.01
"(72, 1497)",1,1.01
"(622, 72)",1,1.01
"(306, 622)",1,1.01
"(56, 2060)",1,1.01
"(229, 121)",1,1.01
"(623, 229)",1,1.01
"(643, 155)",1,1.01
"(144, 643)",1,1.01
"(2484, 55)",1,1.01
"(963, 691)",1,1.01
"(1790, 9)",1,1.01
"(765, 89)",1,1.01
"(339, 416)",1,1.01
"(2560, 89)",1,1.01
"(65, 2560)",1,1.01
"(237, 383)",1,1.01
"(204, 707)",1,1.01
"(78, 1483)",1,1.01
"(245, 147)",1,1.01
"(700, 96)",1,1.01
"(103, 700)",1,1.01
"(188, 67)",1,1.01
"(67, 2017)",1,1.01
"(2017, 1274)",1,1.01
"(1334, 89)",1,1.01
"(832, 1334)",1,1.01
"(383, 832)",1,1.01
"(310, 203)",1,1.01
"(1511, 237)",1,1.01
"(704, 623)",1,1.01
"(9, 1511)",1,1.01
"(113, 808)",1,1.01
"(88, 36)",1,1.01
"(36, 227)",1,1.01
"(643, 388)",1,1.01
"(164, 643)",1,1.01
"(1106, 65)",1,1.01
"(117, 1599)",1,1.01
"(1367, 117)",1,1.01
"(227, 343)",1,1.01
"(696, 748)",1,1.01
"(748, 161)",1,1.01
"(1257, 1627)",1,1.01
"(1082, 1592)",1,1.01
"(891, 598)",1,1.01
"(65, 1708)",1,1.01
"(68, 891)",1,1.01
"(2449, 68)",1,1.01
"(489, 2449)",1,1.01
"(577, 831)",1,1.01
"(508, 399)",1,1.01
"(171, 508)",1,1.01
"(744, 142)",1,1.01
"(163, 744)",1,1.01
"(97, 163)",1,1.01
"(252, 97)",1,1.01
"(1765, 502)",1,1.01
"(135, 1765)",1,1.01
"(72, 2026)",1,1.01
"(1398, 666)",1,1.01
"(1758, 498)",1,1.01
"(279, 101)",1,1.01
"(60, 279)",1,1.01
"(1011, 60)",1,1.01
"(1477, 147)",1,1.01
"(96, 60)",1,1.01
"(1670, 96)",1,1.01
"(10, 882)",1,1.01
"(882, 10)",1,1.01
"(166, 1243)",1,1.01
"(10, 473)",1,1.01
"(153, 2204)",1,1.01
"(2141, 1370)",1,1.01
"(1661, 93)",1,1.01
"(9, 229)",1,1.01
"(1443, 1122)",1,1.01
"(57, 1692)",1,1.01
"(36, 154)",1,1.01
"(1692, 1287)",1,1.01
"(2312, 72)",1,1.01
"(645, 2312)",1,1.01
"(202, 645)",1,1.01
"(33, 202)",1,1.01
"(1287, 133)",1,1.01
"(204, 1234)",1,1.01
"(2309, 72)",1,1.01
"(90, 2309)",1,1.01
"(428, 90)",1,1.01
"(252, 711)",1,1.01
"(446, 153)",1,1.01
"(45, 385)",1,1.01
"(711, 23)",1,1.01
"(6, 462)",1,1.01
"(416, 1064)",1,1.01
"(252, 183)",1,1.01
"(102, 1706)",1,1.01
"(1215, 102)",1,1.01
"(1458, 54)",1,1.01
"(241, 281)",1,1.01
"(190, 25)",1,1.01
"(730, 190)",1,1.01
"(1517, 6)",1,1.01
"(114, 1050)",1,1.01
"(141, 995)",1,1.01
"(995, 101)",1,1.01
"(101, 2011)",1,1.01
"(2532, 11)",1,1.01
"(89, 912)",1,1.01
"(241, 1526)",1,1.01
"(912, 270)",1,1.01
"(352, 116)",1,1.01
"(668, 352)",1,1.01
"(1298, 270)",1,1.01
"(73, 446)",1,1.01
"(2370, 181)",1,1.01
"(163, 2287)",1,1.01
"(2547, 181)",1,1.01
"(446, 421)",1,1.01
"(1379, 109)",1,1.01
"(2370, 2532)",1,1.01
"(190, 292)",1,1.01
"(54, 1056)",1,1.01
"(1056, 57)",1,1.01
"(2035, 181)",1,1.01
"(782, 2035)",1,1.01
"(28, 782)",1,1.01
"(664, 11)",1,1.01
"(190, 664)",1,1.01
"(2169, 102)",1,1.01
"(10, 2169)",1,1.01
"(801, 853)",1,1.01
"(65, 801)",1,1.01
"(376, 65)",1,1.01
"(73, 893)",1,1.01
"(1385, 9)",1,1.01
"(728, 72)",1,1.01
"(191, 697)",1,1.01
"(166, 529)",1,1.01
"(687, 166)",1,1.01
"(312, 687)",1,1.01
"(132, 78)",1,1.01
"(76, 442)",1,1.01
"(173, 96)",1,1.01
"(234, 375)",1,1.01
"(234, 2943)",1,1.01
"(111, 234)",1,1.01
"(31, 111)",1,1.01
"(2828, 31)",1,1.01
"(3, 1389)",1,1.01
"(888, 421)",1,1.01
"(108, 582)",1,1.01
"(101, 2566)",1,1.01
"(2017, 555)",1,1.01
"(59, 2017)",1,1.01
"(806, 59)",1,1.01
"(523, 3)",1,1.01
"(697, 23)",1,1.01
"(2017, 9)",1,1.01
"(31, 2017)",1,1.01
"(101, 2784)",1,1.01
"(184, 101)",1,1.01
"(854, 184)",1,1.01
"(1990, 98)",1,1.01
"(135, 563)",1,1.01
"(248, 88)",1,1.01
"(483, 728)",1,1.01
"(433, 114)",1,1.01
"(289, 483)",1,1.01
"(72, 488)",1,1.01
"(183, 102)",1,1.01
"(342, 1538)",1,1.01
"(685, 54)",1,1.01
"(645, 685)",1,1.01
"(4, 803)",1,1.01
"(1013, 350)",1,1.01
"(89, 1013)",1,1.01
"(2462, 1678)",1,1.01
"(130, 1488)",1,1.01
"(114, 631)",1,1.01
"(157, 270)",1,1.01
"(88, 2029)",1,1.01
"(302, 473)",1,1.01
"(137, 109)",1,1.01
"(492, 555)",1,1.01
"(1360, 127)",1,1.01
"(54, 2349)",1,1.01
"(288, 493)",1,1.01
"(1625, 2667)",1,1.01
"(1407, 1625)",1,1.01
"(528, 1407)",1,1.01
"(1823, 87)",1,1.01
"(58, 1823)",1,1.01
"(78, 184)",1,1.01
"(2594, 9)",1,1.01
"(109, 495)",1,1.01
"(152, 79)",1,1.01
"(758, 2040)",1,1.01
"(1209, 99)",1,1.01
"(99, 59)",1,1.01
"(953, 437)",1,1.01
"(93, 953)",1,1.01
"(366, 93)",1,1.01
"(464, 2179)",1,1.01
"(89, 2106)",1,1.01
"(132, 833)",1,1.01
"(980, 2532)",1,1.01
"(918, 980)",1,1.01
"(742, 9)",1,1.01
"(290, 2715)",1,1.01
"(144, 1155)",1,1.01
"(181, 2715)",1,1.01
"(193, 289)",1,1.01
"(78, 1370)",1,1.01
"(218, 2811)",1,1.01
"(719, 218)",1,1.01
"(77, 220)",1,1.01
"(78, 44)",1,1.01
"(54, 1593)",1,1.01
"(381, 54)",1,1.01
"(1781, 381)",1,1.01
"(336, 2310)",1,1.01
"(1749, 11)",1,1.01
"(570, 508)",1,1.01
"(1155, 155)",1,1.01
"(93, 545)",1,1.01
"(9, 265)",1,1.01
"(2349, 9)",1,1.01
"(420, 1550)",1,1.01
"(98, 504)",1,1.01
"(133, 98)",1,1.01
"(596, 6)",1,1.01
"(1052, 34)",1,1.01
"(132, 1052)",1,1.01
"(160, 397)",1,1.01
"(1545, 290)",1,1.01
"(1620, 9)",1,1.01
"(98, 1489)",1,1.01
"(10, 1122)",1,1.01
"(160, 1334)",1,1.01
"(1187, 2225)",1,1.01
"(832, 787)",1,1.01
"(241, 160)",1,1.01
"(143, 247)",1,1.01
"(819, 143)",1,1.01
"(489, 819)",1,1.01
"(166, 111)",1,1.01
"(2776, 190)",1,1.01
"(999, 254)",1,1.01
"(1833, 218)",1,1.01
"(71, 92)",1,1.01
"(1052, 127)",1,1.01
"(2467, 1052)",1,1.01
"(218, 9)",1,1.01
"(160, 1407)",1,1.01
"(155, 247)",1,1.01
"(54, 2081)",1,1.01
"(239, 96)",1,1.01
"(9, 2541)",1,1.01
"(54, 1407)",1,1.01
"(143, 421)",1,1.01
"(876, 529)",1,1.01
"(656, 462)",1,1.01
"(1872, 9)",1,1.01
"(2808, 354)",1,1.01
"(1596, 403)",1,1.01
"(160, 1596)",1,1.01
"(976, 160)",1,1.01
"(1729, 976)",1,1.01
"(720, 1729)",1,1.01
"(2541, 1749)",1,1.01
"(354, 106)",1,1.01
"(135, 1871)",1,1.01
"(642, 339)",1,1.01
"(555, 2221)",1,1.01
"(171, 555)",1,1.01
"(377, 171)",1,1.01
"(440, 106)",1,1.01
"(339, 297)",1,1.01
"(93, 30)",1,1.01
"(1165, 551)",1,1.01
"(2032, 3)",1,1.01
"(95, 529)",1,1.01
"(127, 665)",1,1.01
"(79, 103)",1,1.01
"(1871, 59)",1,1.01
"(941, 1444)",1,1.01
"(476, 24)",1,1.01
"(2784, 319)",1,1.01
"(1280, 421)",1,1.01
"(26, 1280)",1,1.01
"(851, 88)",1,1.01
"(1184, 290)",1,1.01
"(1585, 1184)",1,1.01
"(1043, 54)",1,1.01
"(655, 218)",1,1.01
"(242, 69)",1,1.01
"(941, 242)",1,1.01
"(383, 1407)",1,1.01
"(364, 647)",1,1.01
"(218, 2784)",1,1.01
"(99, 605)",1,1.01
"(1444, 369)",1,1.01
"(258, 832)",1,1.01
"(374, 258)",1,1.01
"(2549, 2226)",1,1.01
"(651, 2549)",1,1.01
"(1151, 270)",1,1.01
"(100, 365)",1,1.01
"(123, 597)",1,1.01
"(100, 555)",1,1.01
"(99, 1693)",1,1.01
"(103, 584)",1,1.01
"(742, 11)",1,1.01
"(369, 1150)",1,1.01
"(117, 758)",1,1.01
"(2040, 271)",1,1.01
"(2918, 422)",1,1.01
"(54, 2515)",1,1.01
"(1287, 671)",1,1.01
"(2010, 10)",1,1.01
"(1102, 258)",1,1.01
"(61, 247)",1,1.01
"(247, 256)",1,1.01
"(89, 1621)",1,1.01
"(1556, 218)",1,1.01
"(2987, 464)",1,1.01
"(256, 1052)",1,1.01
"(307, 553)",1,1.01
"(141, 2211)",1,1.01
"(439, 87)",1,1.01
"(2126, 147)",1,1.01
"(66, 282)",1,1.01
"(2370, 1820)",1,1.01
"(300, 2370)",1,1.01
"(1844, 591)",1,1.01
"(60, 1844)",1,1.01
"(1200, 758)",1,1.01
"(582, 96)",1,1.01
"(695, 1902)",1,1.01
"(377, 695)",1,1.01
"(1313, 315)",1,1.01
"(240, 11)",1,1.01
"(96, 1443)",1,1.01
"(149, 219)",1,1.01
"(2040, 9)",1,1.01
"(9, 647)",1,1.01
"(10, 1090)",1,1.01
"(1090, 426)",1,1.01
"(296, 2344)",1,1.01
"(141, 2918)",1,1.01
"(101, 577)",1,1.01
"(213, 230)",1,1.01
"(2987, 102)",1,1.01
"(9, 996)",1,1.01
"(1650, 102)",1,1.01
"(312, 1650)",1,1.01
"(105, 78)",1,1.01
"(101, 1662)",1,1.01
"(1172, 188)",1,1.01
"(109, 137)",1,1.01
"(188, 1838)",1,1.01
"(2402, 296)",1,1.01
"(91, 109)",1,1.01
"(823, 2402)",1,1.01
"(383, 2052)",1,1.01
"(722, 171)",1,1.01
"(132, 134)",1,1.01
"(2307, 365)",1,1.01
"(383, 2307)",1,1.01
"(134, 300)",1,1.01
"(1096, 163)",1,1.01
"(553, 9)",1,1.01
"(309, 553)",1,1.01
"(141, 126)",1,1.01
"(9, 1653)",1,1.01
"(443, 280)",1,1.01
"(280, 133)",1,1.01
"(133, 151)",1,1.01
"(725, 371)",1,1.01
"(605, 153)",1,1.01
"(923, 10)",1,1.01
"(941, 923)",1,1.01
"(722, 1407)",1,1.01
"(204, 722)",1,1.01
"(34, 1415)",1,1.01
"(30, 548)",1,1.01
"(505, 10)",1,1.01
"(99, 505)",1,1.01
"(876, 832)",1,1.01
"(548, 642)",1,1.01
"(454, 1948)",1,1.01
"(371, 1976)",1,1.01
"(108, 34)",1,1.01
"(204, 2065)",1,1.01
"(1324, 258)",1,1.01
"(1418, 1324)",1,1.01
"(1976, 128)",1,1.01
"(160, 1146)",1,1.01
"(1407, 160)",1,1.01
"(860, 1407)",1,1.01
"(1038, 263)",1,1.01
"(263, 402)",1,1.01
"(179, 380)",1,1.01
"(197, 113)",1,1.01
"(182, 6)",1,1.01
"(153, 2562)",1,1.01
"(1160, 258)",1,1.01
"(76, 890)",1,1.01
"(690, 2948)",1,1.01
"(991, 837)",1,1.01
"(26, 991)",1,1.01
"(151, 79)",1,1.01
"(239, 1714)",1,1.01
"(241, 672)",1,1.01
"(464, 1883)",1,1.01
"(99, 2106)",1,1.01
"(79, 211)",1,1.01
"(116, 1623)",1,1.01
"(293, 116)",1,1.01
"(431, 293)",1,1.01
"(978, 11)",1,1.01
"(271, 690)",1,1.01
"(153, 2730)",1,1.01
"(295, 271)",1,1.01
"(147, 707)",1,1.01
"(2283, 64)",1,1.01
"(271, 2283)",1,1.01
"(211, 108)",1,1.01
"(348, 237)",1,1.01
"(134, 932)",1,1.01
"(1093, 102)",1,1.01
"(1923, 1093)",1,1.01
"(204, 1923)",1,1.01
"(1227, 204)",1,1.01
"(2730, 99)",1,1.01
"(2374, 258)",1,1.01
"(271, 2374)",1,1.01
"(1689, 10)",1,1.01
"(166, 843)",1,1.01
"(130, 1306)",1,1.01
"(1306, 191)",1,1.01
"(1303, 11)",1,1.01
"(1132, 1058)",1,1.01
"(1525, 1132)",1,1.01
"(318, 11)",1,1.01
"(1653, 1122)",1,1.01
"(1786, 9)",1,1.01
"(1800, 147)",1,1.01
"(206, 11)",1,1.01
"(310, 1997)",1,1.01
"(1535, 623)",1,1.01
"(134, 1997)",1,1.01
"(1997, 197)",1,1.01
"(1072, 333)",1,1.01
"(442, 2385)",1,1.01
"(462, 525)",1,1.01
"(2091, 241)",1,1.01
"(57, 646)",1,1.01
"(258, 2899)",1,1.01
"(295, 2325)",1,1.01
"(9, 295)",1,1.01
"(1409, 2791)",1,1.01
"(1519, 350)",1,1.01
"(986, 117)",1,1.01
"(2054, 986)",1,1.01
"(89, 1638)",1,1.01
"(181, 1363)",1,1.01
"(91, 597)",1,1.01
"(406, 71)",1,1.01
"(230, 166)",1,1.01
"(188, 202)",1,1.01
"(68, 473)",1,1.01
"(473, 239)",1,1.01
"(1064, 104)",1,1.01
"(2886, 101)",1,1.01
"(495, 2886)",1,1.01
"(1082, 495)",1,1.01
"(727, 127)",1,1.01
"(149, 1252)",1,1.01
"(239, 2434)",1,1.01
"(750, 577)",1,1.01
"(823, 2173)",1,1.01
"(945, 102)",1,1.01
"(26, 1572)",1,1.01
"(66, 945)",1,1.01
"(280, 195)",1,1.01
"(1412, 172)",1,1.01
"(241, 25)",1,1.01
"(242, 245)",1,1.01
"(1178, 242)",1,1.01
"(409, 327)",1,1.01
"(387, 4)",1,1.01
"(4, 184)",1,1.01
"(468, 1720)",1,1.01
"(233, 468)",1,1.01
"(1572, 233)",1,1.01
"(1638, 382)",1,1.01
"(1227, 218)",1,1.01
"(1257, 171)",1,1.01
"(372, 1227)",1,1.01
"(408, 270)",1,1.01
"(2742, 1177)",1,1.01
"(66, 10)",1,1.01
"(141, 210)",1,1.01
"(310, 962)",1,1.01
"(1326, 155)",1,1.01
"(73, 635)",1,1.01
"(172, 90)",1,1.01
"(528, 313)",1,1.01
"(172, 181)",1,1.01
"(1557, 2392)",1,1.01
"(601, 1243)",1,1.01
"(89, 601)",1,1.01
"(2504, 602)",1,1.01
"(226, 272)",1,1.01
"(382, 166)",1,1.01
"(1177, 101)",1,1.01
"(272, 508)",1,1.01
"(508, 183)",1,1.01
"(183, 645)",1,1.01
"(645, 10)",1,1.01
"(2791, 264)",1,1.01
"(101, 1651)",1,1.01
"(10, 94)",1,1.01
"(94, 350)",1,1.01
"(1138, 9)",1,1.01
"(853, 1138)",1,1.01
"(666, 179)",1,1.01
"(961, 260)",1,1.01
"(2002, 191)",1,1.01
"(416, 326)",1,1.01
"(186, 330)",1,1.01
"(87, 142)",1,1.01
"(394, 72)",1,1.01
"(123, 690)",1,1.01
"(106, 1532)",1,1.01
"(481, 241)",1,1.01
"(241, 787)",1,1.01
"(58, 177)",1,1.01
"(1266, 79)",1,1.01
"(72, 1274)",1,1.01
"(2408, 339)",1,1.01
"(326, 2408)",1,1.01
"(134, 744)",1,1.01
"(356, 109)",1,1.01
"(999, 98)",1,1.01
"(34, 1833)",1,1.01
"(206, 453)",1,1.01
"(109, 724)",1,1.01
"(1064, 743)",1,1.01
"(339, 118)",1,1.01
"(874, 109)",1,1.01
"(2071, 874)",1,1.01
"(1001, 127)",1,1.01
"(163, 270)",1,1.01
"(730, 1016)",1,1.01
"(113, 961)",1,1.01
"(117, 518)",1,1.01
"(99, 2593)",1,1.01
"(1504, 34)",1,1.01
"(108, 88)",1,1.01
"(207, 1822)",1,1.01
"(147, 229)",1,1.01
"(167, 1211)",1,1.01
"(420, 360)",1,1.01
"(1822, 103)",1,1.01
"(945, 98)",1,1.01
"(805, 945)",1,1.01
"(98, 87)",1,1.01
"(98, 144)",1,1.01
"(1150, 98)",1,1.01
"(34, 1150)",1,1.01
"(87, 703)",1,1.01
"(2016, 360)",1,1.01
"(2961, 437)",1,1.01
"(2213, 127)",1,1.01
"(967, 1772)",1,1.01
"(1381, 967)",1,1.01
"(144, 1381)",1,1.01
"(2672, 786)",1,1.01
"(786, 421)",1,1.01
"(1704, 166)",1,1.01
"(356, 1704)",1,1.01
"(1992, 11)",1,1.01
"(818, 1992)",1,1.01
"(2088, 2301)",1,1.01
"(2052, 10)",1,1.01
"(300, 2052)",1,1.01
"(113, 744)",1,1.01
"(93, 207)",1,1.01
"(503, 195)",1,1.01
"(100, 2903)",1,1.01
"(290, 1596)",1,1.01
"(573, 290)",1,1.01
"(136, 112)",1,1.01
"(114, 2251)",1,1.01
"(218, 1563)",1,1.01
"(1092, 190)",1,1.01
"(1152, 429)",1,1.01
"(1345, 1658)",1,1.01
"(939, 101)",1,1.01
"(455, 96)",1,1.01
"(116, 1789)",1,1.01
"(2903, 99)",1,1.01
"(1789, 229)",1,1.01
"(1948, 98)",1,1.01
"(101, 2884)",1,1.01
"(1334, 1084)",1,1.01
"(1300, 118)",1,1.01
"(160, 1300)",1,1.01
"(1554, 267)",1,1.01
"(60, 137)",1,1.01
"(223, 1906)",1,1.01
"(1408, 34)",1,1.01
"(382, 1408)",1,1.01
"(34, 1167)",1,1.01
"(2963, 11)",1,1.01
"(241, 1315)",1,1.01
"(2452, 371)",1,1.01
"(832, 2452)",1,1.01
"(1761, 832)",1,1.01
"(676, 106)",1,1.01
"(2151, 2434)",1,1.01
"(121, 2151)",1,1.01
"(1418, 147)",1,1.01
"(68, 1796)",1,1.01
"(542, 180)",1,1.01
"(166, 231)",1,1.01
"(134, 166)",1,1.01
"(572, 102)",1,1.01
"(89, 347)",1,1.01
"(511, 89)",1,1.01
"(226, 511)",1,1.01
"(147, 1588)",1,1.01
"(24, 676)",1,1.01
"(98, 256)",1,1.01
"(1728, 24)",1,1.01
"(2059, 1728)",1,1.01
"(54, 2059)",1,1.01
"(1324, 89)",1,1.01
"(497, 1324)",1,1.01
"(352, 497)",1,1.01
"(371, 181)",1,1.01
"(476, 371)",1,1.01
"(1588, 9)",1,1.01
"(193, 1792)",1,1.01
"(1849, 406)",1,1.01
"(171, 1849)",1,1.01
"(206, 1418)",1,1.01
"(256, 166)",1,1.01
"(98, 1761)",1,1.01
"(203, 226)",1,1.01
"(181, 98)",1,1.01
"(263, 1629)",1,1.01
"(2837, 191)",1,1.01
"(130, 2837)",1,1.01
"(198, 251)",1,1.01
"(2397, 437)",1,1.01
"(102, 2397)",1,1.01
"(936, 11)",1,1.01
"(1521, 1016)",1,1.01
"(793, 98)",1,1.01
"(1444, 793)",1,1.01
"(226, 1444)",1,1.01
"(1016, 815)",1,1.01
"(802, 142)",1,1.01
"(2101, 123)",1,1.01
"(213, 2101)",1,1.01
"(1894, 293)",1,1.01
"(114, 1965)",1,1.01
"(581, 114)",1,1.01
"(436, 93)",1,1.01
"(2802, 281)",1,1.01
"(2091, 171)",1,1.01
"(213, 2091)",1,1.01
"(1617, 88)",1,1.01
"(233, 161)",1,1.01
"(609, 1752)",1,1.01
"(404, 3)",1,1.01
"(3, 1642)",1,1.01
"(1642, 123)",1,1.01
"(72, 1682)",1,1.01
"(239, 1589)",1,1.01
"(359, 11)",1,1.01
"(2150, 897)",1,1.01
"(897, 179)",1,1.01
"(339, 1422)",1,1.01
"(1397, 339)",1,1.01
"(179, 942)",1,1.01
"(225, 271)",1,1.01
"(99, 2392)",1,1.01
"(1251, 731)",1,1.01
"(110, 111)",1,1.01
"(2301, 220)",1,1.01
"(172, 630)",1,1.01
"(522, 313)",1,1.01
"(823, 724)",1,1.01
"(597, 188)",1,1.01
"(2776, 188)",1,1.01
"(129, 2854)",1,1.01
"(687, 72)",1,1.01
"(9, 1145)",1,1.01
"(620, 1177)",1,1.01
"(923, 117)",1,1.01
"(1035, 2092)",1,1.01
"(1963, 11)",1,1.01
"(123, 924)",1,1.01
"(109, 1717)",1,1.01
"(98, 2996)",1,1.01
"(2534, 913)",1,1.01
"(913, 1163)",1,1.01
"(141, 722)",1,1.01
"(2954, 803)",1,1.01
"(1668, 2775)",1,1.01
"(791, 93)",1,1.01
"(1355, 791)",1,1.01
"(9, 1355)",1,1.01
"(240, 27)",1,1.01
"(1133, 101)",1,1.01
"(88, 1133)",1,1.01
"(27, 402)",1,1.01
"(289, 147)",1,1.01
"(2785, 11)",1,1.01
"(268, 2785)",1,1.01
"(402, 2954)",1,1.01
"(2665, 191)",1,1.01
"(2135, 640)",1,1.01
"(90, 2918)",1,1.01
"(803, 103)",1,1.01
"(2238, 9)",1,1.01
"(519, 2238)",1,1.01
"(117, 440)",1,1.01
"(99, 1442)",1,1.01
"(129, 117)",1,1.01
"(1748, 292)",1,1.01
"(292, 608)",1,1.01
"(608, 72)",1,1.01
"(416, 2483)",1,1.01
"(1868, 1657)",1,1.01
"(127, 2230)",1,1.01
"(2230, 787)",1,1.01
"(223, 63)",1,1.01
"(966, 134)",1,1.01
"(574, 2687)",1,1.01
"(72, 492)",1,1.01
"(468, 1717)",1,1.01
"(204, 807)",1,1.01
"(1313, 204)",1,1.01
"(1717, 302)",1,1.01
"(302, 1284)",1,1.01
"(2205, 748)",1,1.01
"(1484, 2205)",1,1.01
"(1284, 622)",1,1.01
"(88, 221)",1,1.01
"(622, 3)",1,1.01
"(193, 1387)",1,1.01
"(101, 1028)",1,1.01
"(201, 3)",1,1.01
"(3, 2641)",1,1.01
"(2641, 193)",1,1.01
"(2102, 508)",1,1.01
"(193, 758)",1,1.01
"(1052, 89)",1,1.01
"(93, 2329)",1,1.01
"(288, 934)",1,1.01
"(2329, 203)",1,1.01
"(103, 937)",1,1.01
"(2104, 102)",1,1.01
"(171, 194)",1,1.01
"(1187, 190)",1,1.01
"(1028, 56)",1,1.01
"(95, 278)",1,1.01
"(955, 343)",1,1.01
"(2287, 640)",1,1.01
"(136, 2287)",1,1.01
"(1136, 136)",1,1.01
"(88, 2133)",1,1.01
"(278, 286)",1,1.01
"(311, 2411)",1,1.01
"(332, 311)",1,1.01
"(160, 332)",1,1.01
"(129, 951)",1,1.01
"(107, 129)",1,1.01
"(30, 107)",1,1.01
"(343, 330)",1,1.01
"(963, 955)",1,1.01
"(1260, 11)",1,1.01
"(2928, 237)",1,1.01
"(9, 2928)",1,1.01
"(2861, 11)",1,1.01
"(1896, 166)",1,1.01
"(640, 1896)",1,1.01
"(9, 1015)",1,1.01
"(807, 539)",1,1.01
"(117, 1252)",1,1.01
"(88, 2981)",1,1.01
"(129, 149)",1,1.01
"(475, 457)",1,1.01
"(2450, 9)",1,1.01
"(1682, 88)",1,1.01
"(480, 539)",1,1.01
"(2065, 604)",1,1.01
"(9, 1800)",1,1.01
"(2414, 9)",1,1.01
"(127, 352)",1,1.01
"(920, 127)",1,1.01
"(226, 920)",1,1.01
"(73, 226)",1,1.01
"(105, 2654)",1,1.01
"(704, 102)",1,1.01
"(389, 704)",1,1.01
"(73, 389)",1,1.01
"(545, 350)",1,1.01
"(109, 415)",1,1.01
"(56, 727)",1,1.01
"(205, 56)",1,1.01
"(34, 205)",1,1.01
"(2704, 2639)",1,1.01
"(58, 2704)",1,1.01
"(51, 58)",1,1.01
"(135, 51)",1,1.01
"(516, 73)",1,1.01
"(135, 516)",1,1.01
"(348, 117)",1,1.01
"(441, 348)",1,1.01
"(209, 311)",1,1.01
"(272, 261)",1,1.01
"(311, 304)",1,1.01
"(91, 202)",1,1.01
"(187, 91)",1,1.01
"(1326, 502)",1,1.01
"(72, 2414)",1,1.01
"(378, 219)",1,1.01
"(2918, 98)",1,1.01
"(181, 814)",1,1.01
"(9, 1076)",1,1.01
"(2452, 11)",1,1.01
"(1021, 2452)",1,1.01
"(114, 1021)",1,1.01
"(272, 191)",1,1.01
"(72, 820)",1,1.01
"(232, 653)",1,1.01
"(407, 98)",1,1.01
"(94, 555)",1,1.01
"(2665, 93)",1,1.01
"(555, 686)",1,1.01
"(686, 102)",1,1.01
"(1006, 653)",1,1.01
"(1331, 72)",1,1.01
"(95, 1331)",1,1.01
"(241, 841)",1,1.01
"(1114, 1434)",1,1.01
"(1051, 1114)",1,1.01
"(161, 1051)",1,1.01
"(1845, 88)",1,1.01
"(527, 1845)",1,1.01
"(54, 193)",1,1.01
"(506, 96)",1,1.01
"(846, 506)",1,1.01
"(91, 116)",1,1.01
"(296, 187)",1,1.01
"(574, 296)",1,1.01
"(2752, 11)",1,1.01
"(1688, 240)",1,1.01
"(1237, 89)",1,1.01
"(4, 523)",1,1.01
"(123, 163)",1,1.01
"(163, 844)",1,1.01
"(134, 582)",1,1.01
"(141, 465)",1,1.01
"(2082, 136)",1,1.01
"(176, 807)",1,1.01
"(1677, 9)",1,1.01
"(93, 1677)",1,1.01
"(331, 93)",1,1.01
"(240, 331)",1,1.01
"(9, 1688)",1,1.01
"(507, 117)",1,1.01
"(1511, 197)",1,1.01
"(197, 1395)",1,1.01
"(298, 2351)",1,1.01
"(464, 267)",1,1.01
"(10, 623)",1,1.01
"(54, 2257)",1,1.01
"(2257, 298)",1,1.01
"(1106, 155)",1,1.01
"(229, 1106)",1,1.01
"(920, 444)",1,1.01
"(2867, 920)",1,1.01
"(876, 2867)",1,1.01
"(918, 1210)",1,1.01
"(117, 641)",1,1.01
"(135, 2752)",1,1.01
"(199, 555)",1,1.01
"(136, 2007)",1,1.01
"(223, 365)",1,1.01
"(365, 1561)",1,1.01
"(1337, 258)",1,1.01
"(135, 1337)",1,1.01
"(948, 135)",1,1.01
"(2475, 1069)",1,1.01
"(223, 2475)",1,1.01
"(171, 270)",1,1.01
"(1561, 1742)",1,1.01
"(9, 1317)",1,1.01
"(522, 241)",1,1.01
"(880, 571)",1,1.01
"(2507, 96)",1,1.01
"(59, 880)",1,1.01
"(1652, 10)",1,1.01
"(26, 1652)",1,1.01
"(2203, 4)",1,1.01
"(267, 262)",1,1.01
"(377, 954)",1,1.01
"(523, 2003)",1,1.01
"(954, 199)",1,1.01
"(188, 114)",1,1.01
"(117, 421)",1,1.01
"(462, 554)",1,1.01
"(642, 925)",1,1.01
"(1596, 155)",1,1.01
"(89, 1594)",1,1.01
"(1594, 102)",1,1.01
"(114, 353)",1,1.01
"(1941, 883)",1,1.01
"(2782, 24)",1,1.01
"(2374, 102)",1,1.01
"(1092, 2374)",1,1.01
"(127, 195)",1,1.01
"(969, 127)",1,1.01
"(213, 969)",1,1.01
"(379, 34)",1,1.01
"(101, 432)",1,1.01
"(167, 1472)",1,1.01
"(204, 793)",1,1.01
"(432, 58)",1,1.01
"(58, 239)",1,1.01
"(1227, 190)",1,1.01
"(239, 2505)",1,1.01
"(2505, 117)",1,1.01
"(155, 1300)",1,1.01
"(138, 2033)",1,1.01
"(268, 893)",1,1.01
"(2128, 313)",1,1.01
"(72, 371)",1,1.01
"(371, 871)",1,1.01
"(167, 642)",1,1.01
"(1583, 9)",1,1.01
"(102, 2185)",1,1.01
"(871, 160)",1,1.01
"(1302, 106)",1,1.01
"(883, 319)",1,1.01
"(319, 1392)",1,1.01
"(106, 2696)",1,1.01
"(282, 402)",1,1.01
"(227, 220)",1,1.01
"(116, 227)",1,1.01
"(9, 552)",1,1.01
"(54, 2753)",1,1.01
"(2753, 1775)",1,1.01
"(103, 128)",1,1.01
"(181, 169)",1,1.01
"(9, 558)",1,1.01
"(169, 2689)",1,1.01
"(2689, 142)",1,1.01
"(1619, 339)",1,1.01
"(353, 1592)",1,1.01
"(1256, 2987)",1,1.01
"(2696, 102)",1,1.01
"(1433, 1539)",1,1.01
"(1704, 11)",1,1.01
"(128, 955)",1,1.01
"(188, 578)",1,1.01
"(955, 740)",1,1.01
"(78, 118)",1,1.01
"(1277, 78)",1,1.01
"(88, 1847)",1,1.01
"(2897, 237)",1,1.01
"(1865, 258)",1,1.01
"(1327, 127)",1,1.01
"(2660, 1834)",1,1.01
"(127, 2182)",1,1.01
"(99, 34)",1,1.01
"(34, 2582)",1,1.01
"(104, 10)",1,1.01
"(903, 59)",1,1.01
"(59, 477)",1,1.01
"(477, 2774)",1,1.01
"(2316, 1758)",1,1.01
"(502, 238)",1,1.01
"(1758, 502)",1,1.01
"(2830, 258)",1,1.01
"(1502, 111)",1,1.01
"(1340, 1502)",1,1.01
"(587, 9)",1,1.01
"(73, 653)",1,1.01
"(135, 578)",1,1.01
"(586, 104)",1,1.01
"(2849, 93)",1,1.01
"(71, 586)",1,1.01
"(100, 98)",1,1.01
"(98, 156)",1,1.01
"(24, 492)",1,1.01
"(2359, 24)",1,1.01
"(2088, 2359)",1,1.01
"(135, 58)",1,1.01
"(394, 334)",1,1.01
"(2473, 193)",1,1.01
"(9, 2473)",1,1.01
"(24, 523)",1,1.01
"(559, 24)",1,1.01
"(92, 276)",1,1.01
"(2828, 810)",1,1.01
"(160, 647)",1,1.01
"(1214, 191)",1,1.01
"(101, 2442)",1,1.01
"(105, 1638)",1,1.01
"(560, 1839)",1,1.01
"(2928, 560)",1,1.01
"(34, 2928)",1,1.01
"(2897, 34)",1,1.01
"(1638, 134)",1,1.01
"(1535, 101)",1,1.01
"(873, 388)",1,1.01
"(105, 163)",1,1.01
"(1375, 172)",1,1.01
"(191, 1375)",1,1.01
"(163, 653)",1,1.01
"(377, 64)",1,1.01
"(2480, 101)",1,1.01
"(555, 918)",1,1.01
"(2884, 145)",1,1.01
"(918, 690)",1,1.01
"(690, 66)",1,1.01
"(1435, 725)",1,1.01
"(102, 1435)",1,1.01
"(93, 598)",1,1.01
"(923, 93)",1,1.01
"(97, 2849)",1,1.01
"(163, 101)",1,1.01
"(64, 163)",1,1.01
"(356, 1849)",1,1.01
"(171, 1333)",1,1.01
"(452, 243)",1,1.01
"(343, 691)",1,1.01
"(1065, 303)",1,1.01
"(422, 508)",1,1.01
"(1991, 422)",1,1.01
"(9, 1991)",1,1.01
"(2136, 1816)",1,1.01
"(1225, 63)",1,1.01
"(931, 188)",1,1.01
"(2709, 191)",1,1.01
"(1127, 270)",1,1.01
"(106, 1007)",1,1.01
"(181, 355)",1,1.01
"(114, 2988)",1,1.01
"(1139, 114)",1,1.01
"(1484, 1139)",1,1.01
"(198, 1387)",1,1.01
"(264, 239)",1,1.01
"(582, 54)",1,1.01
"(895, 442)",1,1.01
"(1444, 536)",1,1.01
"(73, 1444)",1,1.01
"(359, 73)",1,1.01
"(1563, 380)",1,1.01
"(114, 1563)",1,1.01
"(442, 240)",1,1.01
"(1491, 87)",1,1.01
"(2098, 69)",1,1.01
"(215, 1491)",1,1.01
"(1831, 213)",1,1.01
"(450, 1225)",1,1.01
"(1132, 2414)",1,1.01
"(873, 267)",1,1.01
"(939, 1469)",1,1.01
"(102, 359)",1,1.01
"(722, 2362)",1,1.01
"(1273, 722)",1,1.01
"(135, 996)",1,1.01
"(996, 873)",1,1.01
"(163, 1793)",1,1.01
"(134, 1793)",1,1.01
"(460, 134)",1,1.01
"(2342, 270)",1,1.01
"(784, 2342)",1,1.01
"(226, 976)",1,1.01
"(2112, 1016)",1,1.01
"(2072, 101)",1,1.01
"(582, 2755)",1,1.01
"(302, 939)",1,1.01
"(1793, 302)",1,1.01
"(657, 523)",1,1.01
"(2874, 1647)",1,1.01
"(88, 2874)",1,1.01
"(288, 2080)",1,1.01
"(1333, 218)",1,1.01
"(134, 1333)",1,1.01
"(356, 134)",1,1.01
"(1737, 421)",1,1.01
"(643, 89)",1,1.01
"(1729, 65)",1,1.01
"(963, 1175)",1,1.01
"(979, 90)",1,1.01
"(300, 1550)",1,1.01
"(302, 525)",1,1.01
"(67, 25)",1,1.01
"(1132, 495)",1,1.01
"(451, 270)",1,1.01
"(223, 518)",1,1.01
"(558, 90)",1,1.01
"(1519, 558)",1,1.01
"(116, 1519)",1,1.01
"(135, 144)",1,1.01
"(2561, 426)",1,1.01
"(552, 2561)",1,1.01
"(1805, 93)",1,1.01
"(141, 68)",1,1.01
"(1631, 270)",1,1.01
"(78, 2174)",1,1.01
"(166, 98)",1,1.01
"(874, 142)",1,1.01
"(340, 874)",1,1.01
"(150, 185)",1,1.01
"(2432, 135)",1,1.01
"(54, 529)",1,1.01
"(1780, 9)",1,1.01
"(2235, 98)",1,1.01
"(2561, 667)",1,1.01
"(372, 2561)",1,1.01
"(181, 1637)",1,1.01
"(163, 865)",1,1.01
"(892, 2339)",1,1.01
"(149, 572)",1,1.01
"(155, 2865)",1,1.01
"(772, 149)",1,1.01
"(181, 609)",1,1.01
"(291, 191)",1,1.01
"(163, 662)",1,1.01
"(725, 2547)",1,1.01
"(1285, 755)",1,1.01
"(114, 106)",1,1.01
"(2782, 252)",1,1.01
"(755, 290)",1,1.01
"(587, 1333)",1,1.01
"(88, 2592)",1,1.01
"(2865, 9)",1,1.01
"(106, 431)",1,1.01
"(240, 2994)",1,1.01
"(133, 1251)",1,1.01
"(748, 1851)",1,1.01
"(1251, 11)",1,1.01
"(493, 1362)",1,1.01
"(1370, 493)",1,1.01
"(530, 1370)",1,1.01
"(2355, 530)",1,1.01
"(1897, 2355)",1,1.01
"(1767, 69)",1,1.01
"(69, 888)",1,1.01
"(416, 7)",1,1.01
"(440, 350)",1,1.01
"(9, 58)",1,1.01
"(166, 620)",1,1.01
"(1645, 11)",1,1.01
"(54, 1152)",1,1.01
"(87, 2374)",1,1.01
"(1090, 132)",1,1.01
"(171, 666)",1,1.01
"(1102, 171)",1,1.01
"(141, 1508)",1,1.01
"(1508, 454)",1,1.01
"(229, 103)",1,1.01
"(2321, 60)",1,1.01
"(454, 26)",1,1.01
"(300, 131)",1,1.01
"(819, 2838)",1,1.01
"(109, 819)",1,1.01
"(1689, 9)",1,1.01
"(131, 284)",1,1.01
"(164, 131)",1,1.01
"(131, 164)",1,1.01
"(179, 131)",1,1.01
"(2065, 179)",1,1.01
"(106, 271)",1,1.01
"(89, 136)",1,1.01
"(99, 485)",1,1.01
"(198, 620)",1,1.01
"(297, 429)",1,1.01
"(845, 2374)",1,1.01
"(666, 845)",1,1.01
"(429, 147)",1,1.01
"(286, 149)",1,1.01
"(2374, 93)",1,1.01
"(93, 883)",1,1.01
"(883, 160)",1,1.01
"(209, 1095)",1,1.01
"(1152, 258)",1,1.01
"(93, 1820)",1,1.01
"(128, 1760)",1,1.01
"(109, 890)",1,1.01
"(541, 102)",1,1.01
"(1109, 1423)",1,1.01
"(213, 1834)",1,1.01
"(1016, 213)",1,1.01
"(166, 1194)",1,1.01
"(95, 271)",1,1.01
"(1194, 160)",1,1.01
"(376, 613)",1,1.01
"(541, 313)",1,1.01
"(1495, 129)",1,1.01
"(1671, 810)",1,1.01
"(108, 963)",1,1.01
"(643, 11)",1,1.01
"(963, 1339)",1,1.01
"(117, 359)",1,1.01
"(241, 671)",1,1.01
"(1339, 747)",1,1.01
"(2088, 1152)",1,1.01
"(1152, 1614)",1,1.01
"(573, 383)",1,1.01
"(331, 290)",1,1.01
"(129, 331)",1,1.01
"(149, 323)",1,1.01
"(323, 151)",1,1.01
"(151, 830)",1,1.01
"(924, 423)",1,1.01
"(593, 102)",1,1.01
"(109, 658)",1,1.01
"(1510, 618)",1,1.01
"(147, 1510)",1,1.01
"(54, 2306)",1,1.01
"(658, 924)",1,1.01
"(2132, 560)",1,1.01
"(2782, 2132)",1,1.01
"(141, 2782)",1,1.01
"(96, 30)",1,1.01
"(2518, 96)",1,1.01
"(78, 28)",1,1.01
"(106, 884)",1,1.01
"(186, 286)",1,1.01
"(130, 106)",1,1.01
"(44, 130)",1,1.01
"(1047, 106)",1,1.01
"(1430, 2329)",1,1.01
"(594, 155)",1,1.01
"(423, 695)",1,1.01
"(594, 101)",1,1.01
"(2632, 191)",1,1.01
"(1744, 573)",1,1.01
"(1971, 1744)",1,1.01
"(160, 1921)",1,1.01
"(605, 290)",1,1.01
"(542, 593)",1,1.01
"(286, 488)",1,1.01
"(830, 254)",1,1.01
"(2660, 642)",1,1.01
"(923, 1759)",1,1.01
"(510, 96)",1,1.01
"(1759, 11)",1,1.01
"(434, 161)",1,1.01
"(193, 724)",1,1.01
"(2606, 359)",1,1.01
"(489, 38)",1,1.01
"(126, 72)",1,1.01
"(2518, 598)",1,1.01
"(141, 334)",1,1.01
"(2200, 11)",1,1.01
"(1294, 2200)",1,1.01
"(934, 96)",1,1.01
"(488, 666)",1,1.01
"(1028, 93)",1,1.01
"(406, 1028)",1,1.01
"(883, 290)",1,1.01
"(1504, 389)",1,1.01
"(88, 1972)",1,1.01
"(743, 2527)",1,1.01
"(643, 166)",1,1.01
"(1972, 9)",1,1.01
"(116, 2090)",1,1.01
"(704, 218)",1,1.01
"(226, 784)",1,1.01
"(128, 2181)",1,1.01
"(844, 149)",1,1.01
"(1521, 155)",1,1.01
"(58, 61)",1,1.01
"(135, 2285)",1,1.01
"(2792, 2414)",1,1.01
"(135, 2792)",1,1.01
"(573, 258)",1,1.01
"(1579, 197)",1,1.01
"(2323, 11)",1,1.01
"(27, 2323)",1,1.01
"(633, 94)",1,1.01
"(1682, 633)",1,1.01
"(609, 1682)",1,1.01
"(492, 28)",1,1.01
"(1894, 147)",1,1.01
"(2056, 1894)",1,1.01
"(416, 2056)",1,1.01
"(939, 598)",1,1.01
"(646, 98)",1,1.01
"(98, 67)",1,1.01
"(101, 1834)",1,1.01
"(1057, 113)",1,1.01
"(260, 98)",1,1.01
"(101, 260)",1,1.01
"(2800, 101)",1,1.01
"(54, 527)",1,1.01
"(93, 1902)",1,1.01
"(116, 1247)",1,1.01
"(2061, 290)",1,1.01
"(1229, 101)",1,1.01
"(679, 1229)",1,1.01
"(1285, 761)",1,1.01
"(194, 583)",1,1.01
"(66, 1491)",1,1.01
"(462, 555)",1,1.01
"(2507, 390)",1,1.01
"(402, 2507)",1,1.01
"(61, 421)",1,1.01
"(787, 9)",1,1.01
"(1643, 73)",1,1.01
"(734, 1643)",1,1.01
"(114, 508)",1,1.01
"(290, 1016)",1,1.01
"(2001, 9)",1,1.01
"(197, 134)",1,1.01
"(1216, 197)",1,1.01
"(27, 1216)",1,1.01
"(2666, 1076)",1,1.01
"(255, 94)",1,1.01
"(166, 2666)",1,1.01
"(263, 134)",1,1.01
"(747, 166)",1,1.01
"(1106, 2623)",1,1.01
"(97, 1106)",1,1.01
"(134, 893)",1,1.01
"(2872, 65)",1,1.01
"(893, 142)",1,1.01
"(1398, 172)",1,1.01
"(955, 1398)",1,1.01
"(502, 220)",1,1.01
"(135, 2747)",1,1.01
"(280, 679)",1,1.01
"(58, 280)",1,1.01
"(1026, 290)",1,1.01
"(2131, 685)",1,1.01
"(239, 72)",1,1.01
"(117, 1188)",1,1.01
"(1828, 93)",1,1.01
"(135, 365)",1,1.01
"(2997, 101)",1,1.01
"(509, 73)",1,1.01
"(851, 437)",1,1.01
"(416, 528)",1,1.01
"(385, 54)",1,1.01
"(2288, 93)",1,1.01
"(101, 2288)",1,1.01
"(685, 101)",1,1.01
"(9, 2131)",1,1.01
"(64, 290)",1,1.01
"(54, 2867)",1,1.01
"(845, 138)",1,1.01
"(128, 1946)",1,1.01
"(154, 398)",1,1.01
"(408, 56)",1,1.01
"(2153, 408)",1,1.01
"(54, 2153)",1,1.01
"(312, 815)",1,1.01
"(96, 462)",1,1.01
"(921, 96)",1,1.01
"(815, 254)",1,1.01
"(848, 431)",1,1.01
"(964, 54)",1,1.01
"(353, 109)",1,1.01
"(62, 1026)",1,1.01
"(164, 330)",1,1.01
"(1902, 2358)",1,1.01
"(2358, 832)",1,1.01
"(1386, 101)",1,1.01
"(130, 1386)",1,1.01
"(10, 2525)",1,1.01
"(176, 560)",1,1.01
"(1920, 453)",1,1.01
"(93, 1920)",1,1.01
"(560, 44)",1,1.01
"(507, 678)",1,1.01
"(44, 96)",1,1.01
"(2900, 630)",1,1.01
"(278, 93)",1,1.01
"(101, 2258)",1,1.01
"(945, 93)",1,1.01
"(223, 261)",1,1.01
"(2350, 270)",1,1.01
"(1933, 34)",1,1.01
"(383, 63)",1,1.01
"(450, 11)",1,1.01
"(93, 2459)",1,1.01
"(310, 2732)",1,1.01
"(78, 1863)",1,1.01
"(2732, 232)",1,1.01
"(128, 178)",1,1.01
"(1695, 113)",1,1.01
"(171, 528)",1,1.01
"(194, 103)",1,1.01
"(88, 284)",1,1.01
"(272, 2534)",1,1.01
"(901, 348)",1,1.01
"(109, 1102)",1,1.01
"(993, 24)",1,1.01
"(312, 147)",1,1.01
"(2893, 403)",1,1.01
"(1393, 134)",1,1.01
"(1143, 437)",1,1.01
"(101, 1143)",1,1.01
"(377, 220)",1,1.01
"(594, 1805)",1,1.01
"(225, 142)",1,1.01
"(1805, 2176)",1,1.01
"(762, 492)",1,1.01
"(475, 94)",1,1.01
"(2114, 88)",1,1.01
"(2176, 11)",1,1.01
"(43, 144)",1,1.01
"(2768, 155)",1,1.01
"(88, 2768)",1,1.01
"(144, 453)",1,1.01
"(116, 2562)",1,1.01
"(364, 116)",1,1.01
"(377, 345)",1,1.01
"(73, 1168)",1,1.01
"(1837, 258)",1,1.01
"(116, 1837)",1,1.01
"(2134, 116)",1,1.01
"(352, 2534)",1,1.01
"(2534, 95)",1,1.01
"(740, 1369)",1,1.01
"(806, 1336)",1,1.01
"(888, 584)",1,1.01
"(57, 888)",1,1.01
"(241, 546)",1,1.01
"(2466, 884)",1,1.01
"(546, 1232)",1,1.01
"(193, 99)",1,1.01
"(1232, 239)",1,1.01
"(116, 742)",1,1.01
"(239, 1490)",1,1.01
"(1880, 108)",1,1.01
"(166, 1880)",1,1.01
"(671, 147)",1,1.01
"(1336, 89)",1,1.01
"(116, 2831)",1,1.01
"(190, 584)",1,1.01
"(2040, 190)",1,1.01
"(190, 155)",1,1.01
"(1478, 190)",1,1.01
"(297, 1478)",1,1.01
"(814, 11)",1,1.01
"(114, 814)",1,1.01
"(89, 470)",1,1.01
"(1021, 134)",1,1.01
"(892, 1945)",1,1.01
"(134, 286)",1,1.01
"(272, 623)",1,1.01
"(2534, 11)",1,1.01
"(2653, 272)",1,1.01
"(605, 319)",1,1.01
"(129, 2653)",1,1.01
"(932, 310)",1,1.01
"(503, 2187)",1,1.01
"(310, 214)",1,1.01
"(1597, 440)",1,1.01
"(476, 1597)",1,1.01
"(226, 984)",1,1.01
"(225, 117)",1,1.01
"(556, 225)",1,1.01
"(894, 556)",1,1.01
"(385, 288)",1,1.01
"(141, 665)",1,1.01
"(225, 697)",1,1.01
"(853, 1555)",1,1.01
"(134, 2174)",1,1.01
"(556, 1018)",1,1.01
"(2174, 593)",1,1.01
"(2080, 380)",1,1.01
"(554, 2080)",1,1.01
"(171, 554)",1,1.01
"(728, 98)",1,1.01
"(1082, 728)",1,1.01
"(612, 171)",1,1.01
"(73, 612)",1,1.01
"(114, 748)",1,1.01
"(1253, 625)",1,1.01
"(748, 2212)",1,1.01
"(853, 734)",1,1.01
"(11, 2571)",1,1.01
"(1494, 350)",1,1.01
"(79, 11)",1,1.01
"(446, 106)",1,1.01
"(117, 2496)",1,1.01
"(993, 117)",1,1.01
"(503, 1253)",1,1.01
"(382, 503)",1,1.01
"(163, 382)",1,1.01
"(223, 2864)",1,1.01
"(1108, 89)",1,1.01
"(270, 792)",1,1.01
"(153, 54)",1,1.01
"(1562, 153)",1,1.01
"(241, 982)",1,1.01
"(942, 1984)",1,1.01
"(642, 1030)",1,1.01
"(1081, 350)",1,1.01
"(891, 495)",1,1.01
"(60, 891)",1,1.01
"(459, 60)",1,1.01
"(1284, 459)",1,1.01
"(141, 1284)",1,1.01
"(2462, 11)",1,1.01
"(106, 2468)",1,1.01
"(2468, 1348)",1,1.01
"(1169, 142)",1,1.01
"(1348, 11)",1,1.01
"(574, 2339)",1,1.01
"(350, 492)",1,1.01
"(511, 241)",1,1.01
"(290, 2557)",1,1.01
"(56, 511)",1,1.01
"(9, 167)",1,1.01
"(78, 72)",1,1.01
"(94, 1025)",1,1.01
"(135, 934)",1,1.01
"(416, 2900)",1,1.01
"(555, 416)",1,1.01
"(2192, 555)",1,1.01
"(4, 2192)",1,1.01
"(581, 270)",1,1.01
"(127, 1471)",1,1.01
"(1137, 134)",1,1.01
"(163, 91)",1,1.01
"(98, 1271)",1,1.01
"(290, 1825)",1,1.01
"(543, 93)",1,1.01
"(416, 425)",1,1.01
"(421, 416)",1,1.01
"(72, 421)",1,1.01
"(519, 1468)",1,1.01
"(58, 519)",1,1.01
"(1825, 1577)",1,1.01
"(102, 106)",1,1.01
"(1577, 231)",1,1.01
"(258, 2115)",1,1.01
"(231, 228)",1,1.01
"(581, 134)",1,1.01
"(288, 1471)",1,1.01
"(228, 180)",1,1.01
"(106, 608)",1,1.01
"(99, 95)",1,1.01
"(252, 195)",1,1.01
"(409, 2548)",1,1.01
"(865, 96)",1,1.01
"(281, 865)",1,1.01
"(94, 302)",1,1.01
"(1678, 223)",1,1.01
"(59, 92)",1,1.01
"(92, 65)",1,1.01
"(65, 178)",1,1.01
"(616, 94)",1,1.01
"(1111, 270)",1,1.01
"(2687, 1111)",1,1.01
"(302, 2687)",1,1.01
"(178, 99)",1,1.01
"(670, 109)",1,1.01
"(195, 1687)",1,1.01
"(440, 102)",1,1.01
"(106, 440)",1,1.01
"(1564, 106)",1,1.01
"(241, 283)",1,1.01
"(1011, 130)",1,1.01
"(258, 1011)",1,1.01
"(581, 106)",1,1.01
"(2054, 133)",1,1.01
"(310, 2054)",1,1.01
"(1728, 270)",1,1.01
"(542, 1728)",1,1.01
"(1687, 188)",1,1.01
"(740, 2151)",1,1.01
"(180, 473)",1,1.01
"(147, 2500)",1,1.01
"(740, 112)",1,1.01
"(166, 486)",1,1.01
"(2203, 11)",1,1.01
"(161, 701)",1,1.01
"(307, 1717)",1,1.01
"(130, 1209)",1,1.01
"(359, 10)",1,1.01
"(69, 359)",1,1.01
"(177, 69)",1,1.01
"(1209, 1064)",1,1.01
"(831, 166)",1,1.01
"(1833, 831)",1,1.01
"(274, 2525)",1,1.01
"(129, 350)",1,1.01
"(101, 827)",1,1.01
"(1626, 258)",1,1.01
"(116, 701)",1,1.01
"(1003, 203)",1,1.01
"(839, 166)",1,1.01
"(372, 839)",1,1.01
"(629, 290)",1,1.01
"(1434, 9)",1,1.01
"(791, 130)",1,1.01
"(54, 1318)",1,1.01
"(1130, 9)",1,1.01
"(9, 1130)",1,1.01
"(1845, 135)",1,1.01
"(136, 203)",1,1.01
"(827, 1268)",1,1.01
"(575, 138)",1,1.01
"(10, 462)",1,1.01
"(1006, 791)",1,1.01
"(1362, 88)",1,1.01
"(176, 1362)",1,1.01
"(946, 176)",1,1.01
"(897, 946)",1,1.01
"(119, 897)",1,1.01
"(138, 290)",1,1.01
"(427, 203)",1,1.01
"(2772, 101)",1,1.01
"(72, 942)",1,1.01
"(57, 11)",1,1.01
"(462, 7)",1,1.01
"(135, 1231)",1,1.01
"(1268, 172)",1,1.01
"(408, 218)",1,1.01
"(402, 408)",1,1.01
"(366, 402)",1,1.01
"(1389, 290)",1,1.01
"(2250, 101)",1,1.01
"(347, 2250)",1,1.01
"(2443, 347)",1,1.01
"(88, 2443)",1,1.01
"(2896, 102)",1,1.01
"(99, 2896)",1,1.01
"(159, 2594)",1,1.01
"(588, 99)",1,1.01
"(78, 853)",1,1.01
"(360, 416)",1,1.01
"(101, 110)",1,1.01
"(2863, 753)",1,1.01
"(1589, 1964)",1,1.01
"(93, 1589)",1,1.01
"(173, 777)",1,1.01
"(598, 59)",1,1.01
"(351, 203)",1,1.01
"(119, 351)",1,1.01
"(158, 3)",1,1.01
"(3, 637)",1,1.01
"(307, 355)",1,1.01
"(926, 307)",1,1.01
"(894, 926)",1,1.01
"(239, 203)",1,1.01
"(637, 111)",1,1.01
"(90, 286)",1,1.01
"(193, 672)",1,1.01
"(1940, 2234)",1,1.01
"(9, 1513)",1,1.01
"(119, 604)",1,1.01
"(105, 74)",1,1.01
"(102, 2342)",1,1.01
"(2906, 88)",1,1.01
"(351, 2906)",1,1.01
"(1718, 1829)",1,1.01
"(54, 1718)",1,1.01
"(224, 89)",1,1.01
"(2342, 34)",1,1.01
"(442, 1031)",1,1.01
"(1964, 89)",1,1.01
"(383, 669)",1,1.01
"(147, 91)",1,1.01
"(389, 383)",1,1.01
"(1872, 145)",1,1.01
"(1113, 165)",1,1.01
"(571, 2822)",1,1.01
"(165, 594)",1,1.01
"(2168, 156)",1,1.01
"(560, 2168)",1,1.01
"(54, 2422)",1,1.01
"(2422, 3)",1,1.01
"(78, 1555)",1,1.01
"(311, 78)",1,1.01
"(3, 458)",1,1.01
"(383, 111)",1,1.01
"(172, 389)",1,1.01
"(28, 1399)",1,1.01
"(2750, 89)",1,1.01
"(109, 2750)",1,1.01
"(971, 60)",1,1.01
"(633, 971)",1,1.01
"(90, 633)",1,1.01
"(853, 98)",1,1.01
"(73, 55)",1,1.01
"(328, 109)",1,1.01
"(28, 137)",1,1.01
"(137, 290)",1,1.01
"(98, 1255)",1,1.01
"(1399, 98)",1,1.01
"(2585, 9)",1,1.01
"(183, 2585)",1,1.01
"(359, 183)",1,1.01
"(93, 243)",1,1.01
"(343, 1328)",1,1.01
"(1549, 4)",1,1.01
"(97, 363)",1,1.01
"(90, 278)",1,1.01
"(289, 56)",1,1.01
"(100, 1111)",1,1.01
"(93, 2503)",1,1.01
"(268, 2029)",1,1.01
"(78, 1931)",1,1.01
"(2312, 78)",1,1.01
"(2503, 109)",1,1.01
"(108, 280)",1,1.01
"(1596, 797)",1,1.01
"(237, 406)",1,1.01
"(2534, 993)",1,1.01
"(93, 2534)",1,1.01
"(143, 306)",1,1.01
"(1187, 267)",1,1.01
"(1072, 2683)",1,1.01
"(309, 2055)",1,1.01
"(93, 2385)",1,1.01
"(2055, 390)",1,1.01
"(161, 489)",1,1.01
"(381, 161)",1,1.01
"(210, 381)",1,1.01
"(116, 210)",1,1.01
"(438, 237)",1,1.01
"(406, 2306)",1,1.01
"(130, 359)",1,1.01
"(263, 518)",1,1.01
"(2984, 267)",1,1.01
"(65, 2984)",1,1.01
"(963, 65)",1,1.01
"(9, 963)",1,1.01
"(1745, 319)",1,1.01
"(2927, 1745)",1,1.01
"(1193, 2927)",1,1.01
"(141, 1193)",1,1.01
"(1306, 372)",1,1.01
"(372, 2444)",1,1.01
"(1479, 127)",1,1.01
"(561, 109)",1,1.01
"(561, 1163)",1,1.01
"(406, 506)",1,1.01
"(88, 961)",1,1.01
"(104, 1215)",1,1.01
"(993, 104)",1,1.01
"(272, 316)",1,1.01
"(1633, 88)",1,1.01
"(58, 315)",1,1.01
"(188, 1142)",1,1.01
"(1142, 390)",1,1.01
"(390, 302)",1,1.01
"(302, 406)",1,1.01
"(1202, 1784)",1,1.01
"(1225, 1202)",1,1.01
"(142, 1113)",1,1.01
"(753, 383)",1,1.01
"(155, 241)",1,1.01
"(383, 1708)",1,1.01
"(103, 1463)",1,1.01
"(76, 143)",1,1.01
"(1815, 88)",1,1.01
"(9, 1815)",1,1.01
"(103, 64)",1,1.01
"(726, 784)",1,1.01
"(191, 58)",1,1.01
"(1394, 1983)",1,1.01
"(430, 1394)",1,1.01
"(73, 430)",1,1.01
"(366, 99)",1,1.01
"(113, 396)",1,1.01
"(172, 319)",1,1.01
"(348, 135)",1,1.01
"(543, 194)",1,1.01
"(659, 454)",1,1.01
"(383, 853)",1,1.01
"(278, 1528)",1,1.01
"(1060, 278)",1,1.01
"(200, 54)",1,1.01
"(69, 200)",1,1.01
"(300, 69)",1,1.01
"(300, 126)",1,1.01
"(4, 241)",1,1.01
"(24, 640)",1,1.01
"(737, 24)",1,1.01
"(453, 437)",1,1.01
"(1463, 9)",1,1.01
"(942, 54)",1,1.01
"(826, 942)",1,1.01
"(378, 596)",1,1.01
"(2658, 11)",1,1.01
"(201, 221)",1,1.01
"(1858, 93)",1,1.01
"(560, 1858)",1,1.01
"(1771, 101)",1,1.01
"(147, 1771)",1,1.01
"(101, 932)",1,1.01
"(556, 117)",1,1.01
"(130, 556)",1,1.01
"(932, 371)",1,1.01
"(171, 32)",1,1.01
"(449, 1262)",1,1.01
"(137, 255)",1,1.01
"(942, 94)",1,1.01
"(191, 63)",1,1.01
"(1405, 191)",1,1.01
"(560, 1405)",1,1.01
"(258, 560)",1,1.01
"(9, 2695)",1,1.01
"(92, 1650)",1,1.01
"(223, 791)",1,1.01
"(89, 377)",1,1.01
"(791, 826)",1,1.01
"(106, 2387)",1,1.01
"(2021, 106)",1,1.01
"(93, 2021)",1,1.01
"(214, 50)",1,1.01
"(2573, 2269)",1,1.01
"(2269, 270)",1,1.01
"(90, 35)",1,1.01
"(73, 710)",1,1.01
"(10, 1790)",1,1.01
"(377, 690)",1,1.01
"(188, 2240)",1,1.01
"(2240, 11)",1,1.01
"(74, 1781)",1,1.01
"(31, 74)",1,1.01
"(130, 44)",1,1.01
"(44, 90)",1,1.01
"(1052, 2132)",1,1.01
"(196, 101)",1,1.01
"(167, 100)",1,1.01
"(272, 1168)",1,1.01
"(2694, 10)",1,1.01
"(35, 2498)",1,1.01
"(193, 1139)",1,1.01
"(2498, 28)",1,1.01
"(1467, 104)",1,1.01
"(104, 143)",1,1.01
"(860, 984)",1,1.01
"(68, 350)",1,1.01
"(56, 2977)",1,1.01
"(2977, 775)",1,1.01
"(775, 271)",1,1.01
"(932, 142)",1,1.01
"(1708, 2064)",1,1.01
"(147, 2694)",1,1.01
"(10, 903)",1,1.01
"(10, 154)",1,1.01
"(56, 140)",1,1.01
"(1222, 191)",1,1.01
"(570, 149)",1,1.01
"(149, 73)",1,1.01
"(830, 74)",1,1.01
"(74, 1971)",1,1.01
"(139, 112)",1,1.01
"(1828, 73)",1,1.01
"(1971, 530)",1,1.01
"(2543, 54)",1,1.01
"(89, 203)",1,1.01
"(310, 221)",1,1.01
"(140, 310)",1,1.01
"(974, 90)",1,1.01
"(903, 2459)",1,1.01
"(1484, 1192)",1,1.01
"(462, 1800)",1,1.01
"(480, 2445)",1,1.01
"(2445, 539)",1,1.01
"(93, 1888)",1,1.01
"(1553, 96)",1,1.01
"(1888, 54)",1,1.01
"(9, 131)",1,1.01
"(1968, 502)",1,1.01
"(170, 1968)",1,1.01
"(93, 1483)",1,1.01
"(2046, 389)",1,1.01
"(188, 111)",1,1.01
"(470, 1678)",1,1.01
"(371, 470)",1,1.01
"(2272, 60)",1,1.01
"(231, 265)",1,1.01
"(47, 231)",1,1.01
"(2955, 47)",1,1.01
"(1551, 2955)",1,1.01
"(137, 1551)",1,1.01
"(39, 137)",1,1.01
"(201, 39)",1,1.01
"(1137, 88)",1,1.01
"(584, 191)",1,1.01
"(1479, 104)",1,1.01
"(101, 1479)",1,1.01
"(300, 2690)",1,1.01
"(671, 1859)",1,1.01
"(78, 671)",1,1.01
"(44, 282)",1,1.01
"(332, 2287)",1,1.01
"(136, 332)",1,1.01
"(2927, 136)",1,1.01
"(141, 2927)",1,1.01
"(2089, 398)",1,1.01
"(738, 102)",1,1.01
"(398, 555)",1,1.01
"(2006, 191)",1,1.01
"(2742, 2006)",1,1.01
"(2179, 97)",1,1.01
"(97, 713)",1,1.01
"(2449, 54)",1,1.01
"(265, 107)",1,1.01
"(107, 2955)",1,1.01
"(2955, 93)",1,1.01
"(130, 674)",1,1.01
"(626, 745)",1,1.01
"(181, 1955)",1,1.01
"(10, 322)",1,1.01
"(67, 10)",1,1.01
"(1955, 270)",1,1.01
"(599, 376)",1,1.01
"(531, 93)",1,1.01
"(1764, 531)",1,1.01
"(129, 1764)",1,1.01
"(1606, 129)",1,1.01
"(177, 1606)",1,1.01
"(68, 822)",1,1.01
"(1459, 130)",1,1.01
"(370, 93)",1,1.01
"(273, 200)",1,1.01
"(2804, 273)",1,1.01
"(102, 2804)",1,1.01
"(2309, 102)",1,1.01
"(93, 2309)",1,1.01
"(1260, 78)",1,1.01
"(28, 1260)",1,1.01
"(149, 531)",1,1.01
"(2159, 270)",1,1.01
"(2018, 72)",1,1.01
"(635, 2018)",1,1.01
"(93, 2695)",1,1.01
"(394, 1834)",1,1.01
"(1120, 394)",1,1.01
"(2207, 942)",1,1.01
"(980, 9)",1,1.01
"(67, 2935)",1,1.01
"(845, 127)",1,1.01
"(1035, 213)",1,1.01
"(1376, 1132)",1,1.01
"(1082, 55)",1,1.01
"(276, 2852)",1,1.01
"(740, 89)",1,1.01
"(1750, 88)",1,1.01
"(4, 1750)",1,1.01
"(102, 4)",1,1.01
"(2989, 102)",1,1.01
"(1752, 2989)",1,1.01
"(335, 980)",1,1.01
"(56, 830)",1,1.01
"(272, 2792)",1,1.01
"(72, 222)",1,1.01
"(253, 88)",1,1.01
"(102, 251)",1,1.01
"(2792, 662)",1,1.01
"(489, 959)",1,1.01
"(1462, 348)",1,1.01
"(2634, 831)",1,1.01
"(348, 1035)",1,1.01
"(1035, 1064)",1,1.01
"(160, 1288)",1,1.01
"(2661, 219)",1,1.01
"(90, 56)",1,1.01
"(149, 845)",1,1.01
"(942, 155)",1,1.01
"(116, 1991)",1,1.01
"(2864, 942)",1,1.01
"(1717, 54)",1,1.01
"(181, 1717)",1,1.01
"(191, 451)",1,1.01
"(942, 1146)",1,1.01
"(481, 1249)",1,1.01
"(1146, 258)",1,1.01
"(590, 10)",1,1.01
"(922, 590)",1,1.01
"(258, 922)",1,1.01
"(666, 276)",1,1.01
"(1991, 296)",1,1.01
"(2200, 116)",1,1.01
"(533, 116)",1,1.01
"(171, 2200)",1,1.01
"(130, 101)",1,1.01
"(323, 1108)",1,1.01
"(690, 672)",1,1.01
"(1287, 1387)",1,1.01
"(416, 1793)",1,1.01
"(340, 89)",1,1.01
"(198, 258)",1,1.01
"(1014, 118)",1,1.01
"(89, 1709)",1,1.01
"(1649, 89)",1,1.01
"(257, 605)",1,1.01
"(99, 2272)",1,1.01
"(264, 430)",1,1.01
"(640, 104)",1,1.01
"(164, 60)",1,1.01
"(103, 213)",1,1.01
"(2037, 103)",1,1.01
"(272, 710)",1,1.01
"(1131, 755)",1,1.01
"(489, 992)",1,1.01
"(353, 489)",1,1.01
"(147, 353)",1,1.01
"(29, 139)",1,1.01
"(2682, 96)",1,1.01
"(705, 2682)",1,1.01
"(762, 705)",1,1.01
"(257, 89)",1,1.01
"(626, 203)",1,1.01
"(9, 1664)",1,1.01
"(139, 392)",1,1.01
"(392, 1884)",1,1.01
"(1884, 100)",1,1.01
"(689, 72)",1,1.01
"(61, 689)",1,1.01
"(265, 61)",1,1.01
"(54, 1573)",1,1.01
"(1573, 350)",1,1.01
"(1035, 656)",1,1.01
"(823, 625)",1,1.01
"(234, 290)",1,1.01
"(1006, 290)",1,1.01
"(237, 1316)",1,1.01
"(114, 2555)",1,1.01
"(686, 2338)",1,1.01
"(406, 620)",1,1.01
"(1922, 746)",1,1.01
"(1285, 605)",1,1.01
"(93, 1491)",1,1.01
"(1240, 2303)",1,1.01
"(178, 10)",1,1.01
"(845, 817)",1,1.01
"(171, 845)",1,1.01
"(296, 171)",1,1.01
"(598, 296)",1,1.01
"(1313, 598)",1,1.01
"(2303, 101)",1,1.01
"(123, 1167)",1,1.01
"(746, 1300)",1,1.01
"(2709, 89)",1,1.01
"(620, 1563)",1,1.01
"(1551, 63)",1,1.01
"(117, 2987)",1,1.01
"(211, 117)",1,1.01
"(188, 985)",1,1.01
"(2992, 188)",1,1.01
"(449, 2992)",1,1.01
"(2823, 1697)",1,1.01
"(104, 2823)",1,1.01
"(530, 104)",1,1.01
"(348, 530)",1,1.01
"(245, 272)",1,1.01
"(163, 245)",1,1.01
"(290, 2795)",1,1.01
"(2795, 453)",1,1.01
"(1036, 134)",1,1.01
"(503, 11)",1,1.01
"(2212, 421)",1,1.01
"(339, 2631)",1,1.01
"(2781, 243)",1,1.01
"(101, 2781)",1,1.01
"(1585, 421)",1,1.01
"(409, 670)",1,1.01
"(377, 1226)",1,1.01
"(670, 113)",1,1.01
"(260, 531)",1,1.01
"(380, 72)",1,1.01
"(113, 282)",1,1.01
"(2742, 2814)",1,1.01
"(1180, 94)",1,1.01
"(2735, 1801)",1,1.01
"(560, 1180)",1,1.01
"(72, 560)",1,1.01
"(709, 72)",1,1.01
"(26, 745)",1,1.01
"(376, 743)",1,1.01
"(179, 376)",1,1.01
"(1111, 89)",1,1.01
"(104, 1111)",1,1.01
"(2534, 60)",1,1.01
"(88, 2534)",1,1.01
"(54, 2340)",1,1.01
"(2340, 264)",1,1.01
"(2612, 134)",1,1.01
"(1801, 11)",1,1.01
"(353, 2089)",1,1.01
"(268, 1876)",1,1.01
"(153, 458)",1,1.01
"(132, 1200)",1,1.01
"(1200, 339)",1,1.01
"(581, 25)",1,1.01
"(118, 1028)",1,1.01
"(1245, 237)",1,1.01
"(117, 1245)",1,1.01
"(1345, 577)",1,1.01
"(409, 9)",1,1.01
"(91, 208)",1,1.01
"(2541, 630)",1,1.01
"(198, 2541)",1,1.01
"(2683, 180)",1,1.01
"(88, 2811)",1,1.01
"(102, 2683)",1,1.01
"(1876, 850)",1,1.01
"(172, 462)",1,1.01
"(462, 96)",1,1.01
"(93, 2029)",1,1.01
"(300, 46)",1,1.01
"(1872, 1838)",1,1.01
"(1962, 132)",1,1.01
"(1556, 844)",1,1.01
"(132, 91)",1,1.01
"(91, 2612)",1,1.01
"(2811, 87)",1,1.01
"(104, 2661)",1,1.01
"(99, 165)",1,1.01
"(95, 134)",1,1.01
"(109, 1537)",1,1.01
"(91, 788)",1,1.01
"(2269, 555)",1,1.01
"(715, 942)",1,1.01
"(1029, 2434)",1,1.01
"(942, 254)",1,1.01
"(560, 326)",1,1.01
"(214, 1035)",1,1.01
"(263, 760)",1,1.01
"(171, 1015)",1,1.01
"(114, 181)",1,1.01
"(181, 2115)",1,1.01
"(977, 127)",1,1.01
"(158, 977)",1,1.01
"(9, 1585)",1,1.01
"(1585, 11)",1,1.01
"(1389, 106)",1,1.01
"(1593, 101)",1,1.01
"(223, 281)",1,1.01
"(157, 102)",1,1.01
"(93, 118)",1,1.01
"(101, 1874)",1,1.01
"(118, 105)",1,1.01
"(629, 2634)",1,1.01
"(152, 629)",1,1.01
"(105, 90)",1,1.01
"(240, 69)",1,1.01
"(307, 136)",1,1.01
"(788, 434)",1,1.01
"(3, 2269)",1,1.01
"(1785, 3)",1,1.01
"(195, 2596)",1,1.01
"(116, 579)",1,1.01
"(111, 667)",1,1.01
"(2159, 11)",1,1.01
"(2269, 2932)",1,1.01
"(254, 134)",1,1.01
"(1133, 1418)",1,1.01
"(57, 1133)",1,1.01
"(2340, 145)",1,1.01
"(241, 2340)",1,1.01
"(187, 511)",1,1.01
"(93, 187)",1,1.01
"(2596, 349)",1,1.01
"(134, 264)",1,1.01
"(1466, 1418)",1,1.01
"(2512, 89)",1,1.01
"(93, 802)",1,1.01
"(132, 62)",1,1.01
"(760, 132)",1,1.01
"(976, 54)",1,1.01
"(252, 976)",1,1.01
"(966, 3)",1,1.01
"(3, 41)",1,1.01
"(292, 1063)",1,1.01
"(2969, 79)",1,1.01
"(41, 111)",1,1.01
"(1418, 88)",1,1.01
"(90, 2111)",1,1.01
"(2111, 2662)",1,1.01
"(2662, 584)",1,1.01
"(109, 111)",1,1.01
"(2822, 172)",1,1.01
"(203, 2822)",1,1.01
"(1763, 462)",1,1.01
"(166, 1763)",1,1.01
"(2167, 101)",1,1.01
"(93, 205)",1,1.01
"(247, 398)",1,1.01
"(73, 247)",1,1.01
"(576, 88)",1,1.01
"(436, 54)",1,1.01
"(102, 314)",1,1.01
"(1016, 290)",1,1.01
"(6, 32)",1,1.01
"(286, 1930)",1,1.01
"(58, 371)",1,1.01
"(32, 138)",1,1.01
"(834, 118)",1,1.01
"(257, 127)",1,1.01
"(979, 371)",1,1.01
"(603, 1742)",1,1.01
"(803, 603)",1,1.01
"(270, 803)",1,1.01
"(1271, 270)",1,1.01
"(1360, 113)",1,1.01
"(1178, 1360)",1,1.01
"(134, 1178)",1,1.01
"(127, 276)",1,1.01
"(1930, 10)",1,1.01
"(584, 166)",1,1.01
"(135, 1946)",1,1.01
"(1910, 339)",1,1.01
"(1165, 218)",1,1.01
"(390, 11)",1,1.01
"(2109, 390)",1,1.01
"(261, 2109)",1,1.01
"(688, 1855)",1,1.01
"(2708, 93)",1,1.01
"(333, 2708)",1,1.01
"(252, 333)",1,1.01
"(666, 784)",1,1.01
"(1076, 142)",1,1.01
"(252, 1076)",1,1.01
"(382, 523)",1,1.01
"(10, 2427)",1,1.01
"(436, 96)",1,1.01
"(3, 436)",1,1.01
"(134, 1000)",1,1.01
"(105, 214)",1,1.01
"(190, 170)",1,1.01
"(1000, 2651)",1,1.01
"(2651, 666)",1,1.01
"(666, 94)",1,1.01
"(93, 587)",1,1.01
"(2603, 103)",1,1.01
"(2770, 2603)",1,1.01
"(2427, 102)",1,1.01
"(579, 497)",1,1.01
"(99, 254)",1,1.01
"(644, 9)",1,1.01
"(91, 674)",1,1.01
"(100, 1393)",1,1.01
"(159, 100)",1,1.01
"(41, 159)",1,1.01
"(942, 605)",1,1.01
"(826, 577)",1,1.01
"(1177, 826)",1,1.01
"(2228, 1177)",1,1.01
"(130, 2465)",1,1.01
"(132, 74)",1,1.01
"(88, 132)",1,1.01
"(605, 699)",1,1.01
"(876, 545)",1,1.01
"(141, 876)",1,1.01
"(130, 2306)",1,1.01
"(204, 906)",1,1.01
"(699, 1913)",1,1.01
"(93, 841)",1,1.01
"(1085, 93)",1,1.01
"(1913, 9)",1,1.01
"(93, 942)",1,1.01
"(942, 1038)",1,1.01
"(116, 1834)",1,1.01
"(1038, 145)",1,1.01
"(2178, 2854)",1,1.01
"(615, 2178)",1,1.01
"(117, 973)",1,1.01
"(1120, 117)",1,1.01
"(1393, 93)",1,1.01
"(93, 165)",1,1.01
"(2505, 9)",1,1.01
"(109, 2955)",1,1.01
"(237, 283)",1,1.01
"(2201, 237)",1,1.01
"(381, 2201)",1,1.01
"(297, 1664)",1,1.01
"(1754, 72)",1,1.01
"(59, 1754)",1,1.01
"(2872, 59)",1,1.01
"(454, 1023)",1,1.01
"(1095, 155)",1,1.01
"(204, 261)",1,1.01
"(531, 1917)",1,1.01
"(2955, 1651)",1,1.01
"(164, 109)",1,1.01
"(165, 1651)",1,1.01
"(38, 54)",1,1.01
"(544, 88)",1,1.01
"(159, 105)",1,1.01
"(359, 159)",1,1.01
"(167, 359)",1,1.01
"(1193, 2663)",1,1.01
"(147, 1193)",1,1.01
"(2199, 365)",1,1.01
"(89, 2199)",1,1.01
"(2653, 89)",1,1.01
"(9, 2653)",1,1.01
"(147, 2505)",1,1.01
"(1516, 1120)",1,1.01
"(1136, 2287)",1,1.01
"(119, 142)",1,1.01
"(1003, 96)",1,1.01
"(914, 2235)",1,1.01
"(101, 170)",1,1.01
"(237, 1982)",1,1.01
"(129, 110)",1,1.01
"(1698, 555)",1,1.01
"(117, 299)",1,1.01
"(1237, 267)",1,1.01
"(2922, 11)",1,1.01
"(166, 2922)",1,1.01
"(2820, 155)",1,1.01
"(116, 2820)",1,1.01
"(290, 555)",1,1.01
"(273, 108)",1,1.01
"(241, 1698)",1,1.01
"(170, 273)",1,1.01
"(271, 170)",1,1.01
"(180, 10)",1,1.01
"(94, 180)",1,1.01
"(284, 94)",1,1.01
"(1379, 6)",1,1.01
"(853, 534)",1,1.01
"(300, 853)",1,1.01
"(841, 1469)",1,1.01
"(109, 841)",1,1.01
"(72, 608)",1,1.01
"(1389, 587)",1,1.01
"(2235, 93)",1,1.01
"(101, 1688)",1,1.01
"(823, 2133)",1,1.01
"(1283, 11)",1,1.01
"(142, 1030)",1,1.01
"(2277, 166)",1,1.01
"(1557, 330)",1,1.01
"(701, 9)",1,1.01
"(1449, 117)",1,1.01
"(149, 1449)",1,1.01
"(2702, 271)",1,1.01
"(322, 2702)",1,1.01
"(1035, 563)",1,1.01
"(563, 1283)",1,1.01
"(154, 534)",1,1.01
"(583, 154)",1,1.01
"(241, 1098)",1,1.01
"(1688, 69)",1,1.01
"(603, 241)",1,1.01
"(161, 444)",1,1.01
"(102, 161)",1,1.01
"(109, 584)",1,1.01
"(2269, 1678)",1,1.01
"(3, 1335)",1,1.01
"(254, 241)",1,1.01
"(709, 332)",1,1.01
"(119, 709)",1,1.01
"(558, 1037)",1,1.01
"(160, 1567)",1,1.01
"(69, 354)",1,1.01
"(1469, 468)",1,1.01
"(468, 1991)",1,1.01
"(1991, 662)",1,1.01
"(2994, 581)",1,1.01
"(109, 1556)",1,1.01
"(150, 290)",1,1.01
"(1159, 90)",1,1.01
"(136, 1159)",1,1.01
"(2665, 117)",1,1.01
"(460, 2665)",1,1.01
"(306, 1852)",1,1.01
"(198, 1974)",1,1.01
"(1629, 89)",1,1.01
"(925, 55)",1,1.01
"(251, 312)",1,1.01
"(9, 2530)",1,1.01
"(2530, 1418)",1,1.01
"(1418, 135)",1,1.01
"(130, 1079)",1,1.01
"(135, 2975)",1,1.01
"(367, 89)",1,1.01
"(383, 367)",1,1.01
"(825, 383)",1,1.01
"(394, 825)",1,1.01
"(2012, 9)",1,1.01
"(493, 2012)",1,1.01
"(1084, 142)",1,1.01
"(596, 508)",1,1.01
"(1408, 203)",1,1.01
"(1479, 2918)",1,1.01
"(378, 241)",1,1.01
"(268, 1460)",1,1.01
"(160, 56)",1,1.01
"(56, 2617)",1,1.01
"(377, 1202)",1,1.01
"(1148, 142)",1,1.01
"(160, 1148)",1,1.01
"(823, 261)",1,1.01
"(450, 271)",1,1.01
"(1069, 450)",1,1.01
"(642, 147)",1,1.01
"(276, 642)",1,1.01
"(152, 276)",1,1.01
"(219, 1069)",1,1.01
"(2492, 142)",1,1.01
"(315, 1253)",1,1.01
"(1202, 753)",1,1.01
"(218, 1756)",1,1.01
"(2617, 88)",1,1.01
"(936, 464)",1,1.01
"(117, 936)",1,1.01
"(475, 117)",1,1.01
"(1831, 440)",1,1.01
"(216, 1477)",1,1.01
"(2131, 1275)",1,1.01
"(132, 2131)",1,1.01
"(390, 413)",1,1.01
"(452, 390)",1,1.01
"(731, 105)",1,1.01
"(160, 376)",1,1.01
"(810, 258)",1,1.01
"(581, 58)",1,1.01
"(101, 2994)",1,1.01
"(662, 2727)",1,1.01
"(451, 101)",1,1.01
"(72, 1172)",1,1.01
"(483, 116)",1,1.01
"(867, 207)",1,1.01
"(78, 1598)",1,1.01
"(1687, 2716)",1,1.01
"(1273, 1687)",1,1.01
"(102, 1847)",1,1.01
"(1847, 123)",1,1.01
"(163, 650)",1,1.01
"(2012, 468)",1,1.01
"(1303, 421)",1,1.01
"(134, 395)",1,1.01
"(2904, 98)",1,1.01
"(281, 2904)",1,1.01
"(290, 2201)",1,1.01
"(226, 994)",1,1.01
"(629, 226)",1,1.01
"(96, 629)",1,1.01
"(701, 96)",1,1.01
"(352, 701)",1,1.01
"(2201, 555)",1,1.01
"(2208, 430)",1,1.01
"(300, 2208)",1,1.01
"(240, 1646)",1,1.01
"(2335, 821)",1,1.01
"(56, 2335)",1,1.01
"(166, 1097)",1,1.01
"(1172, 102)",1,1.01
"(596, 511)",1,1.01
"(163, 1518)",1,1.01
"(594, 38)",1,1.01
"(108, 451)",1,1.01
"(508, 107)",1,1.01
"(191, 508)",1,1.01
"(101, 334)",1,1.01
"(263, 1118)",1,1.01
"(859, 630)",1,1.01
"(241, 859)",1,1.01
"(253, 258)",1,1.01
"(823, 56)",1,1.01
"(163, 1031)",1,1.01
"(225, 2115)",1,1.01
"(787, 1107)",1,1.01
"(88, 1010)",1,1.01
"(813, 134)",1,1.01
"(1283, 98)",1,1.01
"(289, 1178)",1,1.01
"(1178, 1303)",1,1.01
"(1303, 1177)",1,1.01
"(1177, 2781)",1,1.01
"(2781, 9)",1,1.01
"(1960, 34)",1,1.01
"(108, 1960)",1,1.01
"(1109, 1729)",1,1.01
"(519, 107)",1,1.01
"(450, 519)",1,1.01
"(1729, 280)",1,1.01
"(1698, 237)",1,1.01
"(263, 316)",1,1.01
"(316, 78)",1,1.01
"(949, 155)",1,1.01
"(1593, 54)",1,1.01
"(160, 1226)",1,1.01
"(509, 2285)",1,1.01
"(797, 985)",1,1.01
"(10, 2867)",1,1.01
"(2867, 389)",1,1.01
"(181, 60)",1,1.01
"(503, 116)",1,1.01
"(315, 2049)",1,1.01
"(371, 142)",1,1.01
"(389, 300)",1,1.01
"(129, 184)",1,1.01
"(218, 129)",1,1.01
"(690, 2395)",1,1.01
"(117, 369)",1,1.01
"(1548, 270)",1,1.01
"(106, 1548)",1,1.01
"(2613, 288)",1,1.01
"(281, 2613)",1,1.01
"(459, 127)",1,1.01
"(2128, 9)",1,1.01
"(240, 334)",1,1.01
"(240, 1775)",1,1.01
"(34, 115)",1,1.01
"(876, 2341)",1,1.01
"(2341, 101)",1,1.01
"(147, 58)",1,1.01
"(100, 1801)",1,1.01
"(1801, 102)",1,1.01
"(1227, 489)",1,1.01
"(103, 241)",1,1.01
"(864, 601)",1,1.01
"(2398, 69)",1,1.01
"(69, 319)",1,1.01
"(1294, 672)",1,1.01
"(1340, 93)",1,1.01
"(379, 242)",1,1.01
"(831, 2841)",1,1.01
"(573, 831)",1,1.01
"(191, 130)",1,1.01
"(142, 55)",1,1.01
"(765, 93)",1,1.01
"(897, 765)",1,1.01
"(2794, 103)",1,1.01
"(489, 508)",1,1.01
"(11, 2794)",1,1.01
"(738, 11)",1,1.01
"(951, 832)",1,1.01
"(109, 2470)",1,1.01
"(1308, 2284)",1,1.01
"(128, 1308)",1,1.01
"(2747, 187)",1,1.01
"(163, 2747)",1,1.01
"(939, 109)",1,1.01
"(784, 231)",1,1.01
"(214, 314)",1,1.01
"(371, 815)",1,1.01
"(251, 441)",1,1.01
"(191, 251)",1,1.01
"(2473, 916)",1,1.01
"(147, 377)",1,1.01
"(686, 93)",1,1.01
"(298, 387)",1,1.01
"(9, 707)",1,1.01
"(9, 1701)",1,1.01
"(2109, 916)",1,1.01
"(876, 690)",1,1.01
"(1085, 11)",1,1.01
"(166, 2081)",1,1.01
"(916, 422)",1,1.01
"(951, 1698)",1,1.01
"(103, 2459)",1,1.01
"(9, 1483)",1,1.01
"(1211, 9)",1,1.01
"(1341, 11)",1,1.01
"(154, 112)",1,1.01
"(2183, 114)",1,1.01
"(300, 962)",1,1.01
"(78, 1274)",1,1.01
"(99, 78)",1,1.01
"(228, 99)",1,1.01
"(9, 228)",1,1.01
"(460, 227)",1,1.01
"(277, 10)",1,1.01
"(451, 949)",1,1.01
"(760, 985)",1,1.01
"(714, 760)",1,1.01
"(452, 24)",1,1.01
"(1400, 1656)",1,1.01
"(101, 1984)",1,1.01
"(197, 191)",1,1.01
"(1984, 93)",1,1.01
"(54, 1912)",1,1.01
"(1912, 271)",1,1.01
"(2448, 160)",1,1.01
"(550, 296)",1,1.01
"(1089, 550)",1,1.01
"(33, 1089)",1,1.01
"(173, 292)",1,1.01
"(60, 173)",1,1.01
"(139, 60)",1,1.01
"(47, 139)",1,1.01
"(303, 1594)",1,1.01
"(1020, 598)",1,1.01
"(1656, 55)",1,1.01
"(1569, 426)",1,1.01
"(99, 1569)",1,1.01
"(489, 1334)",1,1.01
"(89, 167)",1,1.01
"(132, 708)",1,1.01
"(1334, 873)",1,1.01
"(873, 1148)",1,1.01
"(2204, 319)",1,1.01
"(109, 2204)",1,1.01
"(88, 1756)",1,1.01
"(1586, 255)",1,1.01
"(293, 690)",1,1.01
"(330, 101)",1,1.01
"(1646, 194)",1,1.01
"(2879, 101)",1,1.01
"(60, 270)",1,1.01
"(1358, 117)",1,1.01
"(166, 1358)",1,1.01
"(1127, 988)",1,1.01
"(274, 316)",1,1.01
"(2675, 160)",1,1.01
"(662, 1712)",1,1.01
"(786, 313)",1,1.01
"(1571, 786)",1,1.01
"(302, 1828)",1,1.01
"(141, 2434)",1,1.01
"(137, 113)",1,1.01
"(113, 820)",1,1.01
"(106, 779)",1,1.01
"(1478, 1865)",1,1.01
"(147, 1478)",1,1.01
"(297, 147)",1,1.01
"(354, 404)",1,1.01
"(290, 258)",1,1.01
"(154, 1444)",1,1.01
"(1721, 1668)",1,1.01
"(2918, 1721)",1,1.01
"(9, 635)",1,1.01
"(1487, 99)",1,1.01
"(117, 1487)",1,1.01
"(761, 117)",1,1.01
"(172, 220)",1,1.01
"(263, 102)",1,1.01
"(198, 55)",1,1.01
"(464, 171)",1,1.01
"(1588, 188)",1,1.01
"(383, 2108)",1,1.01
"(303, 1839)",1,1.01
"(101, 558)",1,1.01
"(1064, 2833)",1,1.01
"(939, 89)",1,1.01
"(102, 1591)",1,1.01
"(691, 117)",1,1.01
"(1057, 691)",1,1.01
"(166, 1057)",1,1.01
"(116, 195)",1,1.01
"(572, 88)",1,1.01
"(792, 2057)",1,1.01
"(1280, 11)",1,1.01
"(336, 1458)",1,1.01
"(263, 1588)",1,1.01
"(1933, 630)",1,1.01
"(2899, 102)",1,1.01
"(110, 434)",1,1.01
"(434, 575)",1,1.01
"(379, 88)",1,1.01
"(575, 955)",1,1.01
"(955, 1273)",1,1.01
"(1273, 350)",1,1.01
"(847, 2129)",1,1.01
"(224, 353)",1,1.01
"(1513, 2803)",1,1.01
"(127, 1513)",1,1.01
"(114, 377)",1,1.01
"(102, 724)",1,1.01
"(724, 1948)",1,1.01
"(218, 283)",1,1.01
"(1548, 172)",1,1.01
"(1159, 1548)",1,1.01
"(510, 290)",1,1.01
"(791, 254)",1,1.01
"(1789, 791)",1,1.01
"(541, 1789)",1,1.01
"(876, 541)",1,1.01
"(409, 136)",1,1.01
"(268, 381)",1,1.01
"(1423, 101)",1,1.01
"(605, 1262)",1,1.01
"(218, 142)",1,1.01
"(69, 96)",1,1.01
"(1537, 354)",1,1.01
"(1521, 89)",1,1.01
"(136, 1521)",1,1.01
"(296, 2348)",1,1.01
"(288, 296)",1,1.01
"(398, 89)",1,1.01
"(1836, 9)",1,1.01
"(363, 1728)",1,1.01
"(2665, 9)",1,1.01
"(1204, 2918)",1,1.01
"(1138, 93)",1,1.01
"(413, 1138)",1,1.01
"(2706, 254)",1,1.01
"(2920, 142)",1,1.01
"(354, 1634)",1,1.01
"(1948, 241)",1,1.01
"(2713, 343)",1,1.01
"(853, 2956)",1,1.01
"(172, 1528)",1,1.01
"(346, 598)",1,1.01
"(101, 1076)",1,1.01
"(241, 2897)",1,1.01
"(2897, 9)",1,1.01
"(2617, 2854)",1,1.01
"(1082, 114)",1,1.01
"(114, 2713)",1,1.01
"(1562, 181)",1,1.01
"(451, 1562)",1,1.01
"(93, 451)",1,1.01
"(198, 1548)",1,1.01
"(64, 218)",1,1.01
"(93, 106)",1,1.01
"(89, 1848)",1,1.01
"(394, 96)",1,1.01
"(1848, 2021)",1,1.01
"(2021, 129)",1,1.01
"(166, 810)",1,1.01
"(129, 139)",1,1.01
"(139, 64)",1,1.01
"(245, 292)",1,1.01
"(1706, 245)",1,1.01
"(163, 1706)",1,1.01
"(104, 132)",1,1.01
"(101, 1621)",1,1.01
"(159, 60)",1,1.01
"(394, 2879)",1,1.01
"(141, 1084)",1,1.01
"(132, 617)",1,1.01
"(1923, 596)",1,1.01
"(302, 578)",1,1.01
"(10, 1186)",1,1.01
"(211, 10)",1,1.01
"(88, 644)",1,1.01
"(247, 172)",1,1.01
"(2025, 843)",1,1.01
"(1232, 75)",1,1.01
"(280, 1232)",1,1.01
"(1805, 102)",1,1.01
"(117, 1805)",1,1.01
"(843, 129)",1,1.01
"(132, 570)",1,1.01
"(129, 1319)",1,1.01
"(545, 181)",1,1.01
"(2228, 545)",1,1.01
"(488, 671)",1,1.01
"(1014, 134)",1,1.01
"(394, 673)",1,1.01
"(531, 394)",1,1.01
"(847, 1651)",1,1.01
"(26, 847)",1,1.01
"(2561, 11)",1,1.01
"(130, 2561)",1,1.01
"(101, 906)",1,1.01
"(201, 932)",1,1.01
"(101, 1093)",1,1.01
"(93, 1923)",1,1.01
"(440, 584)",1,1.01
"(89, 2943)",1,1.01
"(475, 290)",1,1.01
"(106, 56)",1,1.01
"(617, 89)",1,1.01
"(274, 617)",1,1.01
"(267, 1266)",1,1.01
"(423, 267)",1,1.01
"(194, 306)",1,1.01
"(533, 1994)",1,1.01
"(167, 1317)",1,1.01
"(167, 290)",1,1.01
"(404, 72)",1,1.01
"(188, 1728)",1,1.01
"(54, 89)",1,1.01
"(584, 519)",1,1.01
"(1728, 240)",1,1.01
"(1007, 2396)",1,1.01
"(25, 1770)",1,1.01
"(1770, 470)",1,1.01
"(1375, 89)",1,1.01
"(106, 1375)",1,1.01
"(2658, 98)",1,1.01
"(720, 2658)",1,1.01
"(2955, 506)",1,1.01
"(179, 459)",1,1.01
"(2977, 1214)",1,1.01
"(519, 89)",1,1.01
"(127, 1078)",1,1.01
"(388, 218)",1,1.01
"(818, 388)",1,1.01
"(379, 348)",1,1.01
"(54, 2752)",1,1.01
"(10, 874)",1,1.01
"(166, 641)",1,1.01
"(738, 96)",1,1.01
"(847, 738)",1,1.01
"(2740, 9)",1,1.01
"(300, 11)",1,1.01
"(158, 213)",1,1.01
"(740, 261)",1,1.01
"(823, 1097)",1,1.01
"(261, 2711)",1,1.01
"(2711, 106)",1,1.01
"(704, 241)",1,1.01
"(330, 191)",1,1.01
"(213, 704)",1,1.01
"(1860, 9)",1,1.01
"(102, 1860)",1,1.01
"(1780, 102)",1,1.01
"(203, 1780)",1,1.01
"(324, 203)",1,1.01
"(102, 294)",1,1.01
"(573, 2646)",1,1.01
"(892, 2878)",1,1.01
"(450, 159)",1,1.01
"(1273, 89)",1,1.01
"(99, 1539)",1,1.01
"(2752, 127)",1,1.01
"(610, 99)",1,1.01
"(181, 600)",1,1.01
"(1018, 870)",1,1.01
"(101, 1069)",1,1.01
"(2041, 1063)",1,1.01
"(2010, 2041)",1,1.01
"(410, 219)",1,1.01
"(2838, 11)",1,1.01
"(10, 2838)",1,1.01
"(598, 118)",1,1.01
"(832, 1872)",1,1.01
"(348, 832)",1,1.01
"(128, 464)",1,1.01
"(102, 128)",1,1.01
"(2702, 166)",1,1.01
"(181, 1834)",1,1.01
"(218, 489)",1,1.01
"(1427, 1657)",1,1.01
"(1591, 1427)",1,1.01
"(172, 127)",1,1.01
"(544, 172)",1,1.01
"(119, 208)",1,1.01
"(166, 90)",1,1.01
"(2253, 127)",1,1.01
"(442, 2253)",1,1.01
"(2121, 307)",1,1.01
"(427, 89)",1,1.01
"(2054, 228)",1,1.01
"(658, 226)",1,1.01
"(488, 1028)",1,1.01
"(1860, 93)",1,1.01
"(93, 2155)",1,1.01
"(1793, 11)",1,1.01
"(160, 958)",1,1.01
"(388, 630)",1,1.01
"(346, 99)",1,1.01
"(135, 2740)",1,1.01
"(2740, 34)",1,1.01
"(263, 2992)",1,1.01
"(2992, 280)",1,1.01
"(2061, 101)",1,1.01
"(65, 197)",1,1.01
"(25, 1516)",1,1.01
"(227, 25)",1,1.01
"(270, 1361)",1,1.01
"(1361, 519)",1,1.01
"(519, 100)",1,1.01
"(460, 160)",1,1.01
"(975, 340)",1,1.01
"(1002, 975)",1,1.01
"(2201, 1002)",1,1.01
"(227, 2201)",1,1.01
"(1129, 117)",1,1.01
"(198, 1839)",1,1.01
"(573, 98)",1,1.01
"(136, 2181)",1,1.01
"(100, 564)",1,1.01
"(1293, 10)",1,1.01
"(564, 157)",1,1.01
"(577, 191)",1,1.01
"(161, 443)",1,1.01
"(330, 451)",1,1.01
"(105, 93)",1,1.01
"(141, 541)",1,1.01
"(909, 252)",1,1.01
"(442, 1945)",1,1.01
"(104, 518)",1,1.01
"(315, 104)",1,1.01
"(134, 558)",1,1.01
"(558, 197)",1,1.01
"(683, 142)",1,1.01
"(96, 1316)",1,1.01
"(197, 1599)",1,1.01
"(348, 672)",1,1.01
"(117, 646)",1,1.01
"(541, 117)",1,1.01
"(269, 161)",1,1.01
"(524, 88)",1,1.01
"(114, 117)",1,1.01
"(1384, 9)",1,1.01
"(114, 1384)",1,1.01
"(290, 846)",1,1.01
"(2317, 88)",1,1.01
"(846, 1599)",1,1.01
"(290, 524)",1,1.01
"(100, 450)",1,1.01
"(221, 100)",1,1.01
"(91, 221)",1,1.01
"(988, 91)",1,1.01
"(252, 988)",1,1.01
"(111, 88)",1,1.01
"(129, 893)",1,1.01
"(819, 213)",1,1.01
"(2149, 1024)",1,1.01
"(58, 112)",1,1.01
"(371, 1278)",1,1.01
"(200, 350)",1,1.01
"(2580, 200)",1,1.01
"(681, 2580)",1,1.01
"(251, 681)",1,1.01
"(123, 90)",1,1.01
"(309, 2470)",1,1.01
"(547, 314)",1,1.01
"(349, 547)",1,1.01
"(229, 104)",1,1.01
"(1024, 229)",1,1.01
"(559, 270)",1,1.01
"(2650, 271)",1,1.01
"(1059, 58)",1,1.01
"(176, 1059)",1,1.01
"(1503, 176)",1,1.01
"(166, 1225)",1,1.01
"(168, 388)",1,1.01
"(322, 168)",1,1.01
"(442, 322)",1,1.01
"(1225, 963)",1,1.01
"(556, 89)",1,1.01
"(2010, 1035)",1,1.01
"(117, 989)",1,1.01
"(939, 2006)",1,1.01
"(941, 388)",1,1.01
"(204, 2416)",1,1.01
"(1746, 1444)",1,1.01
"(509, 743)",1,1.01
"(406, 126)",1,1.01
"(128, 1716)",1,1.01
"(2463, 1007)",1,1.01
"(103, 980)",1,1.01
"(2894, 348)",1,1.01
"(272, 2894)",1,1.01
"(980, 88)",1,1.01
"(78, 2427)",1,1.01
"(274, 1752)",1,1.01
"(113, 319)",1,1.01
"(573, 2374)",1,1.01
"(9, 1412)",1,1.01
"(1706, 286)",1,1.01
"(2416, 1443)",1,1.01
"(509, 1097)",1,1.01
"(255, 166)",1,1.01
"(116, 1975)",1,1.01
"(88, 1696)",1,1.01
"(98, 28)",1,1.01
"(750, 98)",1,1.01
"(109, 338)",1,1.01
"(338, 26)",1,1.01
"(98, 283)",1,1.01
"(136, 2650)",1,1.01
"(2602, 200)",1,1.01
"(1443, 2602)",1,1.01
"(252, 1793)",1,1.01
"(554, 1928)",1,1.01
"(968, 127)",1,1.01
"(1928, 806)",1,1.01
"(261, 2984)",1,1.01
"(1900, 9)",1,1.01
"(616, 1900)",1,1.01
"(245, 616)",1,1.01
"(97, 245)",1,1.01
"(442, 97)",1,1.01
"(135, 2386)",1,1.01
"(2426, 267)",1,1.01
"(117, 2426)",1,1.01
"(1162, 54)",1,1.01
"(97, 446)",1,1.01
"(1912, 117)",1,1.01
"(66, 835)",1,1.01
"(381, 231)",1,1.01
"(918, 1119)",1,1.01
"(835, 34)",1,1.01
"(2195, 109)",1,1.01
"(163, 2195)",1,1.01
"(237, 163)",1,1.01
"(864, 237)",1,1.01
"(216, 172)",1,1.01
"(188, 216)",1,1.01
"(140, 134)",1,1.01
"(317, 458)",1,1.01
"(34, 529)",1,1.01
"(728, 197)",1,1.01
"(34, 515)",1,1.01
"(2984, 88)",1,1.01
"(126, 335)",1,1.01
"(335, 276)",1,1.01
"(2459, 1708)",1,1.01
"(2832, 2383)",1,1.01
"(1309, 97)",1,1.01
"(421, 877)",1,1.01
"(2383, 258)",1,1.01
"(433, 380)",1,1.01
"(495, 149)",1,1.01
"(155, 421)",1,1.01
"(434, 270)",1,1.01
"(1037, 434)",1,1.01
"(106, 1037)",1,1.01
"(274, 755)",1,1.01
"(274, 113)",1,1.01
"(135, 2459)",1,1.01
"(89, 45)",1,1.01
"(64, 54)",1,1.01
"(224, 64)",1,1.01
"(30, 224)",1,1.01
"(4, 30)",1,1.01
"(1933, 625)",1,1.01
"(1926, 134)",1,1.01
"(134, 2030)",1,1.01
"(171, 272)",1,1.01
"(1299, 103)",1,1.01
"(163, 788)",1,1.01
"(788, 102)",1,1.01
"(1599, 2458)",1,1.01
"(98, 289)",1,1.01
"(109, 2962)",1,1.01
"(2019, 78)",1,1.01
"(310, 483)",1,1.01
"(2201, 662)",1,1.01
"(109, 616)",1,1.01
"(354, 445)",1,1.01
"(2594, 89)",1,1.01
"(64, 229)",1,1.01
"(876, 399)",1,1.01
"(2283, 2301)",1,1.01
"(423, 9)",1,1.01
"(272, 1609)",1,1.01
"(639, 117)",1,1.01
"(382, 91)",1,1.01
"(1244, 188)",1,1.01
"(483, 1298)",1,1.01
"(2880, 102)",1,1.01
"(825, 226)",1,1.01
"(226, 1253)",1,1.01
"(517, 231)",1,1.01
"(1082, 54)",1,1.01
"(147, 1082)",1,1.01
"(1434, 147)",1,1.01
"(166, 216)",1,1.01
"(327, 166)",1,1.01
"(72, 327)",1,1.01
"(1253, 104)",1,1.01
"(303, 127)",1,1.01
"(806, 96)",1,1.01
"(138, 2880)",1,1.01
"(206, 109)",1,1.01
"(170, 2019)",1,1.01
"(10, 56)",1,1.01
"(118, 170)",1,1.01
"(130, 118)",1,1.01
"(2962, 197)",1,1.01
"(1315, 103)",1,1.01
"(314, 1315)",1,1.01
"(197, 240)",1,1.01
"(142, 1386)",1,1.01
"(967, 142)",1,1.01
"(116, 2703)",1,1.01
"(823, 1107)",1,1.01
"(1162, 197)",1,1.01
"(349, 1708)",1,1.01
"(93, 368)",1,1.01
"(475, 191)",1,1.01
"(147, 2250)",1,1.01
"(416, 147)",1,1.01
"(54, 416)",1,1.01
"(437, 132)",1,1.01
"(1876, 113)",1,1.01
"(289, 228)",1,1.01
"(416, 289)",1,1.01
"(1538, 416)",1,1.01
"(895, 97)",1,1.01
"(97, 1050)",1,1.01
"(1949, 197)",1,1.01
"(1050, 206)",1,1.01
"(372, 1360)",1,1.01
"(2790, 11)",1,1.01
"(522, 2398)",1,1.01
"(2126, 1528)",1,1.01
"(458, 109)",1,1.01
"(2767, 160)",1,1.01
"(66, 295)",1,1.01
"(133, 66)",1,1.01
"(519, 133)",1,1.01
"(1672, 319)",1,1.01
"(2636, 67)",1,1.01
"(113, 2201)",1,1.01
"(2563, 89)",1,1.01
"(201, 2563)",1,1.01
"(2201, 93)",1,1.01
"(1669, 98)",1,1.01
"(858, 1669)",1,1.01
"(188, 1984)",1,1.01
"(93, 1119)",1,1.01
"(108, 777)",1,1.01
"(59, 108)",1,1.01
"(412, 67)",1,1.01
"(218, 138)",1,1.01
"(2658, 203)",1,1.01
"(853, 89)",1,1.01
"(119, 853)",1,1.01
"(1119, 191)",1,1.01
"(211, 89)",1,1.01
"(990, 211)",1,1.01
"(34, 98)",1,1.01
"(276, 195)",1,1.01
"(132, 76)",1,1.01
"(352, 576)",1,1.01
"(889, 10)",1,1.01
"(552, 858)",1,1.01
"(304, 2135)",1,1.01
"(117, 1334)",1,1.01
"(1078, 2456)",1,1.01
"(166, 1078)",1,1.01
"(93, 1560)",1,1.01
"(539, 116)",1,1.01
"(397, 539)",1,1.01
"(431, 397)",1,1.01
"(286, 431)",1,1.01
"(2954, 34)",1,1.01
"(1183, 98)",1,1.01
"(858, 1183)",1,1.01
"(1059, 630)",1,1.01
"(2621, 581)",1,1.01
"(597, 258)",1,1.01
"(2528, 93)",1,1.01
"(166, 97)",1,1.01
"(2651, 715)",1,1.01
"(116, 2651)",1,1.01
"(819, 11)",1,1.01
"(488, 142)",1,1.01
"(282, 488)",1,1.01
"(135, 889)",1,1.01
"(1997, 310)",1,1.01
"(858, 1997)",1,1.01
"(54, 127)",1,1.01
"(2993, 10)",1,1.01
"(90, 26)",1,1.01
"(1204, 2303)",1,1.01
"(226, 987)",1,1.01
"(596, 1006)",1,1.01
"(960, 596)",1,1.01
"(2902, 11)",1,1.01
"(130, 2902)",1,1.01
"(254, 319)",1,1.01
"(971, 101)",1,1.01
"(1099, 971)",1,1.01
"(216, 1099)",1,1.01
"(141, 1341)",1,1.01
"(1341, 117)",1,1.01
"(117, 2621)",1,1.01
"(160, 155)",1,1.01
"(367, 286)",1,1.01
"(577, 553)",1,1.01
"(2621, 9)",1,1.01
"(240, 55)",1,1.01
"(191, 711)",1,1.01
"(1666, 191)",1,1.01
"(450, 1666)",1,1.01
"(646, 450)",1,1.01
"(221, 202)",1,1.01
"(202, 941)",1,1.01
"(846, 89)",1,1.01
"(577, 106)",1,1.01
"(941, 254)",1,1.01
"(923, 89)",1,1.01
"(2059, 9)",1,1.01
"(328, 1916)",1,1.01
"(1015, 203)",1,1.01
"(2301, 24)",1,1.01
"(696, 1015)",1,1.01
"(213, 696)",1,1.01
"(631, 127)",1,1.01
"(352, 631)",1,1.01
"(2557, 142)",1,1.01
"(10, 2557)",1,1.01
"(166, 1159)",1,1.01
"(2893, 166)",1,1.01
"(237, 2893)",1,1.01
"(2392, 169)",1,1.01
"(90, 2301)",1,1.01
"(241, 647)",1,1.01
"(323, 444)",1,1.01
"(1916, 103)",1,1.01
"(103, 890)",1,1.01
"(93, 1505)",1,1.01
"(233, 93)",1,1.01
"(296, 76)",1,1.01
"(1052, 296)",1,1.01
"(176, 149)",1,1.01
"(519, 1078)",1,1.01
"(332, 519)",1,1.01
"(149, 690)",1,1.01
"(98, 1272)",1,1.01
"(406, 257)",1,1.01
"(54, 1945)",1,1.01
"(918, 399)",1,1.01
"(572, 2564)",1,1.01
"(229, 96)",1,1.01
"(559, 116)",1,1.01
"(128, 556)",1,1.01
"(539, 54)",1,1.01
"(979, 195)",1,1.01
"(1026, 979)",1,1.01
"(237, 1026)",1,1.01
"(2874, 237)",1,1.01
"(129, 2874)",1,1.01
"(2065, 912)",1,1.01
"(1079, 286)",1,1.01
"(353, 1079)",1,1.01
"(1427, 581)",1,1.01
"(258, 542)",1,1.01
"(117, 1148)",1,1.01
"(66, 1218)",1,1.01
"(147, 1737)",1,1.01
"(9, 1547)",1,1.01
"(1547, 72)",1,1.01
"(223, 949)",1,1.01
"(34, 2701)",1,1.01
"(2626, 350)",1,1.01
"(183, 2626)",1,1.01
"(451, 183)",1,1.01
"(141, 1277)",1,1.01
"(101, 2306)",1,1.01
"(1578, 101)",1,1.01
"(96, 284)",1,1.01
"(468, 2284)",1,1.01
"(556, 131)",1,1.01
"(591, 254)",1,1.01
"(1417, 9)",1,1.01
"(510, 270)",1,1.01
"(349, 106)",1,1.01
"(823, 976)",1,1.01
"(1371, 350)",1,1.01
"(2301, 6)",1,1.01
"(493, 334)",1,1.01
"(203, 1300)",1,1.01
"(348, 1590)",1,1.01
"(1104, 270)",1,1.01
"(372, 1104)",1,1.01
"(2358, 270)",1,1.01
"(117, 622)",1,1.01
"(436, 219)",1,1.01
"(711, 89)",1,1.01
"(109, 183)",1,1.01
"(451, 711)",1,1.01
"(510, 109)",1,1.01
"(73, 1398)",1,1.01
"(1398, 1152)",1,1.01
"(1152, 539)",1,1.01
"(366, 200)",1,1.01
"(2651, 366)",1,1.01
"(114, 2651)",1,1.01
"(1786, 11)",1,1.01
"(973, 1786)",1,1.01
"(34, 973)",1,1.01
"(183, 421)",1,1.01
"(284, 144)",1,1.01
"(144, 426)",1,1.01
"(591, 89)",1,1.01
"(1121, 165)",1,1.01
"(128, 577)",1,1.01
"(922, 882)",1,1.01
"(1550, 191)",1,1.01
"(136, 734)",1,1.01
"(2199, 667)",1,1.01
"(272, 2199)",1,1.01
"(2927, 117)",1,1.01
"(2658, 24)",1,1.01
"(2868, 89)",1,1.01
"(10, 2868)",1,1.01
"(1294, 10)",1,1.01
"(165, 1294)",1,1.01
"(819, 1121)",1,1.01
"(114, 1834)",1,1.01
"(72, 2062)",1,1.01
"(2884, 926)",1,1.01
"(204, 2884)",1,1.01
"(438, 136)",1,1.01
"(2062, 453)",1,1.01
"(453, 290)",1,1.01
"(2002, 258)",1,1.01
"(141, 2002)",1,1.01
"(135, 298)",1,1.01
"(1547, 191)",1,1.01
"(1963, 109)",1,1.01
"(116, 67)",1,1.01
"(577, 385)",1,1.01
"(1101, 9)",1,1.01
"(1923, 422)",1,1.01
"(2568, 350)",1,1.01
"(10, 131)",1,1.01
"(114, 556)",1,1.01
"(201, 1820)",1,1.01
"(218, 431)",1,1.01
"(254, 218)",1,1.01
"(113, 1882)",1,1.01
"(558, 383)",1,1.01
"(451, 558)",1,1.01
"(2789, 142)",1,1.01
"(142, 642)",1,1.01
"(642, 894)",1,1.01
"(116, 2057)",1,1.01
"(149, 319)",1,1.01
"(272, 1851)",1,1.01
"(715, 319)",1,1.01
"(2286, 191)",1,1.01
"(106, 2181)",1,1.01
"(628, 106)",1,1.01
"(1862, 628)",1,1.01
"(1817, 1862)",1,1.01
"(1345, 1817)",1,1.01
"(1745, 190)",1,1.01
"(839, 54)",1,1.01
"(509, 874)",1,1.01
"(348, 96)",1,1.01
"(1851, 348)",1,1.01
"(921, 89)",1,1.01
"(2482, 254)",1,1.01
"(503, 2482)",1,1.01
"(11, 350)",1,1.01
"(101, 1488)",1,1.01
"(399, 163)",1,1.01
"(163, 2537)",1,1.01
"(1983, 290)",1,1.01
"(74, 795)",1,1.01
"(255, 33)",1,1.01
"(213, 394)",1,1.01
"(2262, 213)",1,1.01
"(101, 2262)",1,1.01
"(108, 2054)",1,1.01
"(2054, 2920)",1,1.01
"(847, 208)",1,1.01
"(2357, 54)",1,1.01
"(2920, 75)",1,1.01
"(581, 136)",1,1.01
"(132, 711)",1,1.01
"(102, 1838)",1,1.01
"(102, 2108)",1,1.01
"(2108, 87)",1,1.01
"(2200, 93)",1,1.01
"(959, 116)",1,1.01
"(544, 203)",1,1.01
"(93, 2052)",1,1.01
"(847, 216)",1,1.01
"(32, 2021)",1,1.01
"(605, 1760)",1,1.01
"(218, 605)",1,1.01
"(1225, 310)",1,1.01
"(2099, 605)",1,1.01
"(26, 702)",1,1.01
"(602, 584)",1,1.01
"(26, 11)",1,1.01
"(101, 530)",1,1.01
"(35, 11)",1,1.01
"(147, 4)",1,1.01
"(530, 1549)",1,1.01
"(253, 10)",1,1.01
"(1549, 34)",1,1.01
"(60, 201)",1,1.01
"(341, 60)",1,1.01
"(1259, 341)",1,1.01
"(497, 315)",1,1.01
"(2380, 11)",1,1.01
"(142, 2179)",1,1.01
"(702, 1508)",1,1.01
"(2089, 9)",1,1.01
"(2179, 96)",1,1.01
"(54, 2839)",1,1.01
"(749, 89)",1,1.01
"(104, 64)",1,1.01
"(50, 104)",1,1.01
"(1263, 50)",1,1.01
"(240, 127)",1,1.01
"(764, 1451)",1,1.01
"(33, 764)",1,1.01
"(237, 33)",1,1.01
"(1508, 237)",1,1.01
"(602, 218)",1,1.01
"(2021, 971)",1,1.01
"(1092, 1469)",1,1.01
"(1504, 1262)",1,1.01
"(1841, 147)",1,1.01
"(302, 997)",1,1.01
"(997, 67)",1,1.01
"(531, 160)",1,1.01
"(519, 677)",1,1.01
"(67, 137)",1,1.01
"(137, 101)",1,1.01
"(666, 2791)",1,1.01
"(2010, 1425)",1,1.01
"(1102, 54)",1,1.01
"(883, 219)",1,1.01
"(2052, 25)",1,1.01
"(2191, 1504)",1,1.01
"(991, 889)",1,1.01
"(66, 2191)",1,1.01
"(2517, 2024)",1,1.01
"(201, 679)",1,1.01
"(54, 1584)",1,1.01
"(679, 1612)",1,1.01
"(385, 1088)",1,1.01
"(1981, 270)",1,1.01
"(116, 1981)",1,1.01
"(303, 2181)",1,1.01
"(1612, 210)",1,1.01
"(258, 218)",1,1.01
"(552, 333)",1,1.01
"(131, 56)",1,1.01
"(213, 703)",1,1.01
"(450, 555)",1,1.01
"(101, 642)",1,1.01
"(823, 72)",1,1.01
"(912, 93)",1,1.01
"(464, 707)",1,1.01
"(61, 464)",1,1.01
"(54, 1914)",1,1.01
"(1016, 1883)",1,1.01
"(399, 831)",1,1.01
"(248, 103)",1,1.01
"(268, 1755)",1,1.01
"(803, 71)",1,1.01
"(903, 1300)",1,1.01
"(1755, 102)",1,1.01
"(290, 1443)",1,1.01
"(833, 153)",1,1.01
"(1100, 237)",1,1.01
"(117, 1100)",1,1.01
"(1274, 117)",1,1.01
"(1705, 292)",1,1.01
"(241, 1705)",1,1.01
"(1443, 850)",1,1.01
"(850, 55)",1,1.01
"(450, 3)",1,1.01
"(2640, 11)",1,1.01
"(343, 2640)",1,1.01
"(422, 976)",1,1.01
"(153, 422)",1,1.01
"(2164, 89)",1,1.01
"(350, 258)",1,1.01
"(468, 1245)",1,1.01
"(1886, 2164)",1,1.01
"(2874, 54)",1,1.01
"(97, 2874)",1,1.01
"(97, 122)",1,1.01
"(607, 216)",1,1.01
"(354, 34)",1,1.01
"(686, 1266)",1,1.01
"(594, 96)",1,1.01
"(1007, 2950)",1,1.01
"(1655, 65)",1,1.01
"(197, 1655)",1,1.01
"(216, 202)",1,1.01
"(101, 1067)",1,1.01
"(1808, 89)",1,1.01
"(1871, 1808)",1,1.01
"(1067, 78)",1,1.01
"(504, 76)",1,1.01
"(2996, 504)",1,1.01
"(144, 1504)",1,1.01
"(466, 144)",1,1.01
"(167, 945)",1,1.01
"(54, 153)",1,1.01
"(706, 41)",1,1.01
"(945, 354)",1,1.01
"(339, 1816)",1,1.01
"(550, 339)",1,1.01
"(1871, 89)",1,1.01
"(240, 1871)",1,1.01
"(240, 2788)",1,1.01
"(206, 350)",1,1.01
"(1495, 1231)",1,1.01
"(181, 258)",1,1.01
"(135, 1017)",1,1.01
"(1134, 9)",1,1.01
"(922, 1370)",1,1.01
"(68, 922)",1,1.01
"(953, 919)",1,1.01
"(1806, 953)",1,1.01
"(11, 1816)",1,1.01
"(218, 1472)",1,1.01
"(140, 220)",1,1.01
"(464, 826)",1,1.01
"(97, 1395)",1,1.01
"(609, 72)",1,1.01
"(1804, 451)",1,1.01
"(289, 715)",1,1.01
"(67, 1804)",1,1.01
"(191, 2857)",1,1.01
"(379, 609)",1,1.01
"(220, 270)",1,1.01
"(232, 363)",1,1.01
"(363, 206)",1,1.01
"(874, 161)",1,1.01
"(372, 874)",1,1.01
"(2704, 127)",1,1.01
"(129, 167)",1,1.01
"(2792, 129)",1,1.01
"(109, 2792)",1,1.01
"(354, 298)",1,1.01
"(2840, 137)",1,1.01
"(89, 2840)",1,1.01
"(1607, 89)",1,1.01
"(544, 437)",1,1.01
"(261, 544)",1,1.01
"(2791, 261)",1,1.01
"(1965, 100)",1,1.01
"(1409, 270)",1,1.01
"(114, 1409)",1,1.01
"(1038, 1849)",1,1.01
"(135, 1038)",1,1.01
"(2379, 89)",1,1.01
"(560, 2379)",1,1.01
"(3, 560)",1,1.01
"(2462, 3)",1,1.01
"(4, 2786)",1,1.01
"(135, 469)",1,1.01
"(114, 421)",1,1.01
"(263, 97)",1,1.01
"(283, 1728)",1,1.01
"(315, 313)",1,1.01
"(300, 315)",1,1.01
"(2665, 128)",1,1.01
"(1728, 555)",1,1.01
"(2963, 136)",1,1.01
"(88, 1315)",1,1.01
"(610, 553)",1,1.01
"(113, 610)",1,1.01
"(141, 1953)",1,1.01
"(468, 1965)",1,1.01
"(469, 1496)",1,1.01
"(1400, 89)",1,1.01
"(114, 2029)",1,1.01
"(59, 586)",1,1.01
"(1397, 134)",1,1.01
"(1933, 290)",1,1.01
"(604, 313)",1,1.01
"(127, 874)",1,1.01
"(9, 2343)",1,1.01
"(2342, 258)",1,1.01
"(994, 2342)",1,1.01
"(626, 1010)",1,1.01
"(1250, 581)",1,1.01
"(72, 1250)",1,1.01
"(1932, 270)",1,1.01
"(1102, 102)",1,1.01
"(1496, 145)",1,1.01
"(108, 1102)",1,1.01
"(272, 1804)",1,1.01
"(440, 449)",1,1.01
"(268, 440)",1,1.01
"(1038, 213)",1,1.01
"(241, 1038)",1,1.01
"(1804, 348)",1,1.01
"(1721, 89)",1,1.01
"(2653, 221)",1,1.01
"(10, 2653)",1,1.01
"(816, 10)",1,1.01
"(2480, 350)",1,1.01
"(1929, 116)",1,1.01
"(225, 97)",1,1.01
"(152, 99)",1,1.01
"(2561, 102)",1,1.01
"(541, 69)",1,1.01
"(1676, 541)",1,1.01
"(240, 1676)",1,1.01
"(73, 415)",1,1.01
"(113, 237)",1,1.01
"(658, 118)",1,1.01
"(134, 658)",1,1.01
"(442, 2444)",1,1.01
"(245, 302)",1,1.01
"(4, 214)",1,1.01
"(1567, 9)",1,1.01
"(135, 57)",1,1.01
"(319, 32)",1,1.01
"(394, 302)",1,1.01
"(507, 388)",1,1.01
"(223, 260)",1,1.01
"(134, 388)",1,1.01
"(399, 267)",1,1.01
"(416, 583)",1,1.01
"(134, 48)",1,1.01
"(423, 449)",1,1.01
"(2296, 333)",1,1.01
"(492, 134)",1,1.01
"(833, 144)",1,1.01
"(136, 833)",1,1.01
"(149, 1290)",1,1.01
"(198, 2654)",1,1.01
"(87, 94)",1,1.01
"(94, 1196)",1,1.01
"(163, 1150)",1,1.01
"(102, 2182)",1,1.01
"(992, 155)",1,1.01
"(348, 992)",1,1.01
"(2919, 11)",1,1.01
"(44, 345)",1,1.01
"(100, 1882)",1,1.01
"(55, 2518)",1,1.01
"(2518, 3)",1,1.01
"(73, 511)",1,1.01
"(662, 73)",1,1.01
"(104, 662)",1,1.01
"(99, 104)",1,1.01
"(968, 314)",1,1.01
"(2620, 149)",1,1.01
"(392, 270)",1,1.01
"(949, 134)",1,1.01
"(302, 2058)",1,1.01
"(241, 2785)",1,1.01
"(2058, 577)",1,1.01
"(1556, 195)",1,1.01
"(89, 1011)",1,1.01
"(2848, 89)",1,1.01
"(507, 1073)",1,1.01
"(350, 135)",1,1.01
"(720, 350)",1,1.01
"(939, 132)",1,1.01
"(134, 2604)",1,1.01
"(877, 178)",1,1.01
"(1478, 89)",1,1.01
"(1106, 1478)",1,1.01
"(637, 1086)",1,1.01
"(853, 319)",1,1.01
"(98, 187)",1,1.01
"(939, 280)",1,1.01
"(379, 98)",1,1.01
"(34, 768)",1,1.01
"(2293, 34)",1,1.01
"(2987, 11)",1,1.01
"(147, 2288)",1,1.01
"(118, 147)",1,1.01
"(409, 552)",1,1.01
"(159, 107)",1,1.01
"(1481, 9)",1,1.01
"(622, 267)",1,1.01
"(93, 1307)",1,1.01
"(163, 975)",1,1.01
"(97, 583)",1,1.01
"(830, 113)",1,1.01
"(1106, 2614)",1,1.01
"(103, 523)",1,1.01
"(2614, 1418)",1,1.01
"(135, 541)",1,1.01
"(1906, 203)",1,1.01
"(2984, 225)",1,1.01
"(302, 2829)",1,1.01
"(97, 1355)",1,1.01
"(1355, 227)",1,1.01
"(1307, 109)",1,1.01
"(286, 103)",1,1.01
"(376, 608)",1,1.01
"(1132, 1599)",1,1.01
"(1592, 142)",1,1.01
"(239, 165)",1,1.01
"(501, 64)",1,1.01
"(383, 72)",1,1.01
"(734, 1483)",1,1.01
"(762, 734)",1,1.01
"(2894, 9)",1,1.01
"(179, 598)",1,1.01
"(379, 179)",1,1.01
"(251, 379)",1,1.01
"(93, 251)",1,1.01
"(181, 1902)",1,1.01
"(232, 76)",1,1.01
"(9, 286)",1,1.01
"(1599, 2305)",1,1.01
"(2193, 9)",1,1.01
"(2621, 2193)",1,1.01
"(277, 147)",1,1.01
"(904, 962)",1,1.01
"(2305, 9)",1,1.01
"(1626, 93)",1,1.01
"(1106, 1626)",1,1.01
"(296, 1106)",1,1.01
"(103, 662)",1,1.01
"(181, 841)",1,1.01
"(136, 2683)",1,1.01
"(93, 2561)",1,1.01
"(841, 302)",1,1.01
"(197, 442)",1,1.01
"(360, 630)",1,1.01
"(101, 646)",1,1.01
"(26, 1070)",1,1.01
"(2249, 270)",1,1.01
"(730, 263)",1,1.01
"(263, 992)",1,1.01
"(992, 197)",1,1.01
"(241, 350)",1,1.01
"(9, 685)",1,1.01
"(197, 25)",1,1.01
"(451, 132)",1,1.01
"(191, 319)",1,1.01
"(132, 1056)",1,1.01
"(103, 1921)",1,1.01
"(268, 1883)",1,1.01
"(343, 517)",1,1.01
"(114, 1816)",1,1.01
"(2023, 350)",1,1.01
"(1043, 2023)",1,1.01
"(95, 573)",1,1.01
"(216, 109)",1,1.01
"(68, 216)",1,1.01
"(268, 68)",1,1.01
"(451, 116)",1,1.01
"(170, 334)",1,1.01
"(2671, 170)",1,1.01
"(1134, 2671)",1,1.01
"(1469, 98)",1,1.01
"(646, 455)",1,1.01
"(455, 136)",1,1.01
"(268, 67)",1,1.01
"(1599, 95)",1,1.01
"(544, 197)",1,1.01
"(191, 205)",1,1.01
"(1752, 191)",1,1.01
"(226, 1752)",1,1.01
"(984, 149)",1,1.01
"(241, 984)",1,1.01
"(570, 241)",1,1.01
"(95, 468)",1,1.01
"(2088, 758)",1,1.01
"(55, 216)",1,1.01
"(216, 304)",1,1.01
"(95, 71)",1,1.01
"(54, 1599)",1,1.01
"(302, 216)",1,1.01
"(616, 258)",1,1.01
"(533, 302)",1,1.01
"(302, 529)",1,1.01
"(31, 222)",1,1.01
"(25, 31)",1,1.01
"(1302, 25)",1,1.01
"(460, 1302)",1,1.01
"(2249, 350)",1,1.01
"(112, 1534)",1,1.01
"(102, 874)",1,1.01
"(225, 98)",1,1.01
"(593, 263)",1,1.01
"(2040, 1469)",1,1.01
"(123, 2040)",1,1.01
"(95, 91)",1,1.01
"(836, 93)",1,1.01
"(1387, 1930)",1,1.01
"(955, 9)",1,1.01
"(407, 134)",1,1.01
"(134, 3)",1,1.01
"(493, 100)",1,1.01
"(415, 161)",1,1.01
"(2643, 11)",1,1.01
"(302, 112)",1,1.01
"(941, 166)",1,1.01
"(191, 412)",1,1.01
"(1482, 116)",1,1.01
"(93, 1571)",1,1.01
"(664, 117)",1,1.01
"(103, 133)",1,1.01
"(88, 664)",1,1.01
"(1409, 149)",1,1.01
"(292, 302)",1,1.01
"(2644, 93)",1,1.01
"(117, 2644)",1,1.01
"(302, 1019)",1,1.01
"(1019, 160)",1,1.01
"(709, 96)",1,1.01
"(160, 536)",1,1.01
"(536, 585)",1,1.01
"(585, 11)",1,1.01
"(123, 841)",1,1.01
"(1930, 28)",1,1.01
"(1134, 2842)",1,1.01
"(573, 486)",1,1.01
"(54, 1995)",1,1.01
"(261, 573)",1,1.01
"(1246, 261)",1,1.01
"(347, 1246)",1,1.01
"(116, 25)",1,1.01
"(25, 686)",1,1.01
"(200, 221)",1,1.01
"(334, 200)",1,1.01
"(26, 334)",1,1.01
"(195, 264)",1,1.01
"(6, 195)",1,1.01
"(303, 2561)",1,1.01
"(1787, 155)",1,1.01
"(620, 95)",1,1.01
"(2842, 73)",1,1.01
"(1995, 103)",1,1.01
"(926, 10)",1,1.01
"(1409, 926)",1,1.01
"(350, 54)",1,1.01
"(2669, 93)",1,1.01
"(381, 4)",1,1.01
"(114, 381)",1,1.01
"(2585, 114)",1,1.01
"(1740, 2585)",1,1.01
"(1453, 1740)",1,1.01
"(54, 1453)",1,1.01
"(254, 3)",1,1.01
"(41, 71)",1,1.01
"(163, 820)",1,1.01
"(771, 343)",1,1.01
"(9, 2189)",1,1.01
"(90, 1307)",1,1.01
"(109, 90)",1,1.01
"(377, 118)",1,1.01
"(994, 117)",1,1.01
"(1397, 109)",1,1.01
"(971, 155)",1,1.01
"(2190, 971)",1,1.01
"(102, 2190)",1,1.01
"(91, 258)",1,1.01
"(258, 297)",1,1.01
"(2200, 9)",1,1.01
"(1249, 96)",1,1.01
"(2871, 1249)",1,1.01
"(147, 2871)",1,1.01
"(241, 1006)",1,1.01
"(141, 55)",1,1.01
"(1378, 11)",1,1.01
"(33, 98)",1,1.01
"(98, 163)",1,1.01
"(1729, 2273)",1,1.01
"(2273, 870)",1,1.01
"(95, 1928)",1,1.01
"(870, 127)",1,1.01
"(171, 1724)",1,1.01
"(274, 73)",1,1.01
"(73, 1018)",1,1.01
"(102, 290)",1,1.01
"(1307, 267)",1,1.01
"(89, 914)",1,1.01
"(354, 89)",1,1.01
"(204, 98)",1,1.01
"(98, 351)",1,1.01
"(2316, 113)",1,1.01
"(102, 623)",1,1.01
"(241, 136)",1,1.01
"(489, 1501)",1,1.01
"(56, 2435)",1,1.01
"(640, 11)",1,1.01
"(9, 677)",1,1.01
"(129, 502)",1,1.01
"(193, 451)",1,1.01
"(2775, 102)",1,1.01
"(282, 2775)",1,1.01
"(91, 1838)",1,1.01
"(1717, 640)",1,1.01
"(154, 350)",1,1.01
"(361, 136)",1,1.01
"(573, 283)",1,1.01
"(135, 265)",1,1.01
"(1806, 93)",1,1.01
"(239, 2060)",1,1.01
"(4, 1082)",1,1.01
"(1082, 272)",1,1.01
"(547, 446)",1,1.01
"(2509, 11)",1,1.01
"(88, 2509)",1,1.01
"(90, 485)",1,1.01
"(1823, 155)",1,1.01
"(102, 1994)",1,1.01
"(404, 135)",1,1.01
"(31, 1735)",1,1.01
"(348, 142)",1,1.01
"(1836, 11)",1,1.01
"(163, 226)",1,1.01
"(1537, 60)",1,1.01
"(9, 1981)",1,1.01
"(226, 288)",1,1.01
"(688, 109)",1,1.01
"(102, 107)",1,1.01
"(547, 621)",1,1.01
"(114, 2090)",1,1.01
"(621, 29)",1,1.01
"(1325, 88)",1,1.01
"(297, 104)",1,1.01
"(753, 96)",1,1.01
"(1735, 34)",1,1.01
"(102, 2979)",1,1.01
"(2241, 172)",1,1.01
"(45, 30)",1,1.01
"(326, 948)",1,1.01
"(282, 326)",1,1.01
"(30, 2273)",1,1.01
"(206, 160)",1,1.01
"(166, 1085)",1,1.01
"(979, 1108)",1,1.01
"(93, 139)",1,1.01
"(2841, 93)",1,1.01
"(167, 1854)",1,1.01
"(2984, 2151)",1,1.01
"(135, 1728)",1,1.01
"(2273, 421)",1,1.01
"(160, 245)",1,1.01
"(258, 288)",1,1.01
"(574, 457)",1,1.01
"(872, 502)",1,1.01
"(88, 872)",1,1.01
"(1728, 421)",1,1.01
"(665, 290)",1,1.01
"(2490, 665)",1,1.01
"(1836, 117)",1,1.01
"(823, 60)",1,1.01
"(286, 290)",1,1.01
"(460, 2273)",1,1.01
"(1359, 147)",1,1.01
"(109, 2496)",1,1.01
"(241, 191)",1,1.01
"(163, 241)",1,1.01
"(54, 371)",1,1.01
"(291, 129)",1,1.01
"(28, 95)",1,1.01
"(2351, 142)",1,1.01
"(93, 2351)",1,1.01
"(1677, 93)",1,1.01
"(282, 1677)",1,1.01
"(966, 477)",1,1.01
"(1800, 630)",1,1.01
"(129, 1800)",1,1.01
"(223, 2614)",1,1.01
"(223, 243)",1,1.01
"(2037, 147)",1,1.01
"(377, 797)",1,1.01
"(88, 1570)",1,1.01
"(394, 596)",1,1.01
"(116, 322)",1,1.01
"(2696, 116)",1,1.01
"(596, 1902)",1,1.01
"(555, 420)",1,1.01
"(1902, 93)",1,1.01
"(2038, 468)",1,1.01
"(141, 2038)",1,1.01
"(932, 1307)",1,1.01
"(158, 1529)",1,1.01
"(136, 553)",1,1.01
"(553, 2592)",1,1.01
"(1409, 2679)",1,1.01
"(587, 786)",1,1.01
"(54, 746)",1,1.01
"(1922, 238)",1,1.01
"(197, 116)",1,1.01
"(839, 539)",1,1.01
"(248, 839)",1,1.01
"(786, 96)",1,1.01
"(1095, 555)",1,1.01
"(72, 2018)",1,1.01
"(11, 2297)",1,1.01
"(188, 34)",1,1.01
"(349, 2066)",1,1.01
"(1482, 90)",1,1.01
"(211, 1571)",1,1.01
"(1024, 98)",1,1.01
"(422, 1024)",1,1.01
"(137, 130)",1,1.01
"(188, 2031)",1,1.01
"(1253, 821)",1,1.01
"(1018, 117)",1,1.01
"(1120, 237)",1,1.01
"(1076, 109)",1,1.01
"(91, 1076)",1,1.01
"(596, 102)",1,1.01
"(2646, 307)",1,1.01
"(226, 2646)",1,1.01
"(1163, 226)",1,1.01
"(1840, 117)",1,1.01
"(801, 172)",1,1.01
"(130, 855)",1,1.01
"(353, 609)",1,1.01
"(143, 62)",1,1.01
"(2609, 254)",1,1.01
"(102, 2609)",1,1.01
"(374, 628)",1,1.01
"(96, 481)",1,1.01
"(628, 339)",1,1.01
"(339, 135)",1,1.01
"(1092, 93)",1,1.01
"(1498, 195)",1,1.01
"(695, 1498)",1,1.01
"(2356, 695)",1,1.01
"(135, 113)",1,1.01
"(203, 1262)",1,1.01
"(191, 700)",1,1.01
"(340, 191)",1,1.01
"(268, 556)",1,1.01
"(1550, 127)",1,1.01
"(54, 1550)",1,1.01
"(1249, 11)",1,1.01
"(99, 1249)",1,1.01
"(147, 426)",1,1.01
"(1261, 1148)",1,1.01
"(2351, 93)",1,1.01
"(819, 2351)",1,1.01
"(2094, 819)",1,1.01
"(768, 149)",1,1.01
"(2875, 9)",1,1.01
"(10, 2875)",1,1.01
"(136, 2443)",1,1.01
"(99, 768)",1,1.01
"(1378, 136)",1,1.01
"(141, 1378)",1,1.01
"(149, 149)",1,1.01
"(149, 1269)",1,1.01
"(1511, 96)",1,1.01
"(116, 1511)",1,1.01
"(1269, 25)",1,1.01
"(398, 313)",1,1.01
"(1922, 1614)",1,1.01
"(101, 1922)",1,1.01
"(1724, 73)",1,1.01
"(797, 1724)",1,1.01
"(1716, 310)",1,1.01
"(506, 2227)",1,1.01
"(55, 340)",1,1.01
"(2178, 241)",1,1.01
"(2871, 745)",1,1.01
"(584, 2871)",1,1.01
"(2922, 584)",1,1.01
"(93, 2922)",1,1.01
"(258, 873)",1,1.01
"(2442, 258)",1,1.01
"(1706, 2442)",1,1.01
"(450, 2697)",1,1.01
"(396, 1862)",1,1.01
"(1498, 396)",1,1.01
"(427, 1498)",1,1.01
"(241, 1657)",1,1.01
"(2697, 9)",1,1.01
"(2227, 437)",1,1.01
"(1407, 11)",1,1.01
"(90, 477)",1,1.01
"(1018, 96)",1,1.01
"(109, 1834)",1,1.01
"(1677, 267)",1,1.01
"(1272, 1677)",1,1.01
"(1059, 1272)",1,1.01
"(153, 163)",1,1.01
"(1697, 109)",1,1.01
"(877, 2141)",1,1.01
"(687, 11)",1,1.01
"(237, 713)",1,1.01
"(34, 132)",1,1.01
"(240, 2037)",1,1.01
"(820, 96)",1,1.01
"(66, 202)",1,1.01
"(976, 426)",1,1.01
"(2837, 697)",1,1.01
"(1584, 2437)",1,1.01
"(93, 1584)",1,1.01
"(2321, 106)",1,1.01
"(892, 679)",1,1.01
"(290, 892)",1,1.01
"(2149, 290)",1,1.01
"(1250, 25)",1,1.01
"(90, 2610)",1,1.01
"(109, 268)",1,1.01
"(25, 2672)",1,1.01
"(1441, 25)",1,1.01
"(97, 1441)",1,1.01
"(136, 97)",1,1.01
"(403, 88)",1,1.01
"(128, 60)",1,1.01
"(60, 800)",1,1.01
"(129, 97)",1,1.01
"(11, 46)",1,1.01
"(800, 594)",1,1.01
"(594, 58)",1,1.01
"(772, 319)",1,1.01
"(883, 363)",1,1.01
"(885, 421)",1,1.01
"(626, 399)",1,1.01
"(234, 626)",1,1.01
"(426, 127)",1,1.01
"(127, 1842)",1,1.01
"(297, 1707)",1,1.01
"(56, 594)",1,1.01
"(783, 839)",1,1.01
"(93, 783)",1,1.01
"(102, 299)",1,1.01
"(203, 299)",1,1.01
"(999, 203)",1,1.01
"(98, 625)",1,1.01
"(394, 1503)",1,1.01
"(1114, 255)",1,1.01
"(195, 1114)",1,1.01
"(597, 195)",1,1.01
"(633, 10)",1,1.01
"(594, 633)",1,1.01
"(1503, 63)",1,1.01
"(1707, 388)",1,1.01
"(73, 107)",1,1.01
"(2292, 73)",1,1.01
"(2283, 2292)",1,1.01
"(473, 158)",1,1.01
"(1409, 98)",1,1.01
"(396, 93)",1,1.01
"(98, 396)",1,1.01
"(158, 421)",1,1.01
"(279, 66)",1,1.01
"(2929, 102)",1,1.01
"(66, 221)",1,1.01
"(221, 2321)",1,1.01
"(1721, 555)",1,1.01
"(72, 980)",1,1.01
"(2766, 88)",1,1.01
"(133, 270)",1,1.01
"(104, 268)",1,1.01
"(1441, 104)",1,1.01
"(288, 1088)",1,1.01
"(1088, 421)",1,1.01
"(34, 2087)",1,1.01
"(1745, 135)",1,1.01
"(97, 1745)",1,1.01
"(431, 97)",1,1.01
"(503, 994)",1,1.01
"(219, 503)",1,1.01
"(1314, 350)",1,1.01
"(4, 1314)",1,1.01
"(241, 35)",1,1.01
"(2986, 99)",1,1.01
"(1003, 258)",1,1.01
"(227, 1003)",1,1.01
"(109, 363)",1,1.01
"(241, 2950)",1,1.01
"(1118, 241)",1,1.01
"(163, 1118)",1,1.01
"(93, 385)",1,1.01
"(289, 1859)",1,1.01
"(97, 56)",1,1.01
"(1963, 35)",1,1.01
"(2136, 67)",1,1.01
"(54, 557)",1,1.01
"(268, 2986)",1,1.01
"(149, 268)",1,1.01
"(93, 2766)",1,1.01
"(2748, 149)",1,1.01
"(2915, 93)",1,1.01
"(777, 2915)",1,1.01
"(519, 72)",1,1.01
"(426, 519)",1,1.01
"(833, 426)",1,1.01
"(425, 1027)",1,1.01
"(1027, 99)",1,1.01
"(296, 319)",1,1.01
"(801, 296)",1,1.01
"(1257, 421)",1,1.01
"(198, 325)",1,1.01
"(57, 126)",1,1.01
"(204, 2748)",1,1.01
"(379, 916)",1,1.01
"(108, 147)",1,1.01
"(127, 363)",1,1.01
"(237, 519)",1,1.01
"(1837, 437)",1,1.01
"(268, 1837)",1,1.01
"(431, 213)",1,1.01
"(2380, 9)",1,1.01
"(1409, 2380)",1,1.01
"(135, 1409)",1,1.01
"(333, 237)",1,1.01
"(97, 333)",1,1.01
"(98, 379)",1,1.01
"(839, 666)",1,1.01
"(202, 10)",1,1.01
"(160, 240)",1,1.01
"(2099, 106)",1,1.01
"(1693, 9)",1,1.01
"(398, 1693)",1,1.01
"(1557, 428)",1,1.01
"(1848, 109)",1,1.01
"(463, 117)",1,1.01
"(88, 504)",1,1.01
"(1537, 504)",1,1.01
"(54, 1537)",1,1.01
"(315, 1192)",1,1.01
"(300, 485)",1,1.01
"(354, 628)",1,1.01
"(2509, 258)",1,1.01
"(903, 2509)",1,1.01
"(292, 332)",1,1.01
"(1143, 292)",1,1.01
"(272, 1143)",1,1.01
"(1407, 272)",1,1.01
"(136, 1981)",1,1.01
"(360, 270)",1,1.01
"(865, 94)",1,1.01
"(93, 865)",1,1.01
"(135, 428)",1,1.01
"(499, 135)",1,1.01
"(353, 126)",1,1.01
"(2273, 350)",1,1.01
"(376, 2273)",1,1.01
"(1534, 376)",1,1.01
"(191, 1668)",1,1.01
"(1668, 432)",1,1.01
"(432, 155)",1,1.01
"(149, 662)",1,1.01
"(1130, 142)",1,1.01
"(128, 1130)",1,1.01
"(99, 2606)",1,1.01
"(351, 2089)",1,1.01
"(78, 351)",1,1.01
"(324, 101)",1,1.01
"(93, 1382)",1,1.01
"(1738, 93)",1,1.01
"(54, 1738)",1,1.01
"(340, 2803)",1,1.01
"(1618, 237)",1,1.01
"(67, 445)",1,1.01
"(445, 93)",1,1.01
"(149, 1848)",1,1.01
"(1729, 1443)",1,1.01
"(1442, 149)",1,1.01
"(700, 109)",1,1.01
"(1443, 874)",1,1.01
"(149, 60)",1,1.01
"(2473, 577)",1,1.01
"(547, 149)",1,1.01
"(160, 598)",1,1.01
"(573, 160)",1,1.01
"(2200, 2181)",1,1.01
"(288, 1489)",1,1.01
"(69, 218)",1,1.01
"(1123, 270)",1,1.01
"(117, 2875)",1,1.01
"(1854, 350)",1,1.01
"(791, 116)",1,1.01
"(2737, 772)",1,1.01
"(9, 2737)",1,1.01
"(2855, 101)",1,1.01
"(1647, 719)",1,1.01
"(719, 421)",1,1.01
"(486, 893)",1,1.01
"(147, 486)",1,1.01
"(39, 96)",1,1.01
"(1211, 172)",1,1.01
"(2464, 642)",1,1.01
"(359, 2464)",1,1.01
"(116, 359)",1,1.01
"(164, 364)",1,1.01
"(1343, 1647)",1,1.01
"(104, 992)",1,1.01
"(463, 104)",1,1.01
"(364, 350)",1,1.01
"(128, 145)",1,1.01
"(1143, 116)",1,1.01
"(1407, 1143)",1,1.01
"(420, 1407)",1,1.01
"(127, 253)",1,1.01
"(103, 206)",1,1.01
"(253, 1787)",1,1.01
"(1787, 2099)",1,1.01
"(88, 2339)",1,1.01
"(203, 1277)",1,1.01
"(2131, 54)",1,1.01
"(903, 171)",1,1.01
"(1759, 252)",1,1.01
"(9, 412)",1,1.01
"(412, 1968)",1,1.01
"(1968, 388)",1,1.01
"(2383, 34)",1,1.01
"(388, 2748)",1,1.01
"(822, 117)",1,1.01
"(26, 2046)",1,1.01
"(136, 749)",1,1.01
"(2748, 258)",1,1.01
"(1275, 539)",1,1.01
"(865, 1275)",1,1.01
"(252, 865)",1,1.01
"(1234, 1759)",1,1.01
"(1653, 2509)",1,1.01
"(78, 1234)",1,1.01
"(127, 1593)",1,1.01
"(218, 2056)",1,1.01
"(332, 350)",1,1.01
"(1806, 332)",1,1.01
"(4, 1816)",1,1.01
"(2686, 89)",1,1.01
"(2432, 394)",1,1.01
"(195, 77)",1,1.01
"(77, 106)",1,1.01
"(89, 749)",1,1.01
"(2509, 89)",1,1.01
"(113, 753)",1,1.01
